:0200000460009A
:100000004643464200000156000000000103030081
:1000100000000000000000000000000000000000E0
:1000200000000000000000000000000000000000D0
:1000300000000000000000000000000000000000C0
:1000400000000000010408000000000000000000A3
:100050000000800000000000000000000000000020
:100060000000000000000000000000000000000090
:100070000000000000000000000000000000000080
:10008000EB04180A063204260000000000000000FD
:10009000050404240000000000000000000000002F
:1000A0000000000000000000000000000000000050
:1000B0000604000000000000000000000000000036
:1000C0000000000000000000000000000000000030
:1000D00020041808000000000000000000000000DC
:1000E0000000000000000000000000000000000010
:1000F0000000000000000000000000000000000000
:10010000D8041808000000000000000000000000F3
:100110000204180804200000000000000000000095
:1001200000000000000000000000000000000000CF
:10013000600400000000000000000000000000005B
:1001400000000000000000000000000000000000AF
:10015000000000000000000000000000000000009F
:10016000000000000000000000000000000000008F
:10017000000000000000000000000000000000007F
:10018000000000000000000000000000000000006F
:10019000000000000000000000000000000000005F
:1001A000000000000000000000000000000000004F
:1001B000000000000000000000000000000000003F
:1001C000000100000010000001000000000000001D
:1001D000000001000000000000000000000000001E
:1001E000000000000000000000000000000000000F
:1001F00000000000000000000000000000000000FF
:10020000FFFFFFFFFFFFFFFFFFFFFFFFFFFFFFFFFE
:10021000FFFFFFFFFFFFFFFFFFFFFFFFFFFFFFFFEE
:10022000FFFFFFFFFFFFFFFFFFFFFFFFFFFFFFFFDE
:10023000FFFFFFFFFFFFFFFFFFFFFFFFFFFFFFFFCE
:10024000FFFFFFFFFFFFFFFFFFFFFFFFFFFFFFFFBE
:10025000FFFFFFFFFFFFFFFFFFFFFFFFFFFFFFFFAE
:10026000FFFFFFFFFFFFFFFFFFFFFFFFFFFFFFFF9E
:10027000FFFFFFFFFFFFFFFFFFFFFFFFFFFFFFFF8E
:10028000FFFFFFFFFFFFFFFFFFFFFFFFFFFFFFFF7E
:10029000FFFFFFFFFFFFFFFFFFFFFFFFFFFFFFFF6E
:1002A000FFFFFFFFFFFFFFFFFFFFFFFFFFFFFFFF5E
:1002B000FFFFFFFFFFFFFFFFFFFFFFFFFFFFFFFF4E
:1002C000FFFFFFFFFFFFFFFFFFFFFFFFFFFFFFFF3E
:1002D000FFFFFFFFFFFFFFFFFFFFFFFFFFFFFFFF2E
:1002E000FFFFFFFFFFFFFFFFFFFFFFFFFFFFFFFF1E
:1002F000FFFFFFFFFFFFFFFFFFFFFFFFFFFFFFFF0E
:10030000FFFFFFFFFFFFFFFFFFFFFFFFFFFFFFFFFD
:10031000FFFFFFFFFFFFFFFFFFFFFFFFFFFFFFFFED
:10032000FFFFFFFFFFFFFFFFFFFFFFFFFFFFFFFFDD
:10033000FFFFFFFFFFFFFFFFFFFFFFFFFFFFFFFFCD
:10034000FFFFFFFFFFFFFFFFFFFFFFFFFFFFFFFFBD
:10035000FFFFFFFFFFFFFFFFFFFFFFFFFFFFFFFFAD
:10036000FFFFFFFFFFFFFFFFFFFFFFFFFFFFFFFF9D
:10037000FFFFFFFFFFFFFFFFFFFFFFFFFFFFFFFF8D
:10038000FFFFFFFFFFFFFFFFFFFFFFFFFFFFFFFF7D
:10039000FFFFFFFFFFFFFFFFFFFFFFFFFFFFFFFF6D
:1003A000FFFFFFFFFFFFFFFFFFFFFFFFFFFFFFFF5D
:1003B000FFFFFFFFFFFFFFFFFFFFFFFFFFFFFFFF4D
:1003C000FFFFFFFFFFFFFFFFFFFFFFFFFFFFFFFF3D
:1003D000FFFFFFFFFFFFFFFFFFFFFFFFFFFFFFFF2D
:1003E000FFFFFFFFFFFFFFFFFFFFFFFFFFFFFFFF1D
:1003F000FFFFFFFFFFFFFFFFFFFFFFFFFFFFFFFF0D
:10040000FFFFFFFFFFFFFFFFFFFFFFFFFFFFFFFFFC
:10041000FFFFFFFFFFFFFFFFFFFFFFFFFFFFFFFFEC
:10042000FFFFFFFFFFFFFFFFFFFFFFFFFFFFFFFFDC
:10043000FFFFFFFFFFFFFFFFFFFFFFFFFFFFFFFFCC
:10044000FFFFFFFFFFFFFFFFFFFFFFFFFFFFFFFFBC
:10045000FFFFFFFFFFFFFFFFFFFFFFFFFFFFFFFFAC
:10046000FFFFFFFFFFFFFFFFFFFFFFFFFFFFFFFF9C
:10047000FFFFFFFFFFFFFFFFFFFFFFFFFFFFFFFF8C
:10048000FFFFFFFFFFFFFFFFFFFFFFFFFFFFFFFF7C
:10049000FFFFFFFFFFFFFFFFFFFFFFFFFFFFFFFF6C
:1004A000FFFFFFFFFFFFFFFFFFFFFFFFFFFFFFFF5C
:1004B000FFFFFFFFFFFFFFFFFFFFFFFFFFFFFFFF4C
:1004C000FFFFFFFFFFFFFFFFFFFFFFFFFFFFFFFF3C
:1004D000FFFFFFFFFFFFFFFFFFFFFFFFFFFFFFFF2C
:1004E000FFFFFFFFFFFFFFFFFFFFFFFFFFFFFFFF1C
:1004F000FFFFFFFFFFFFFFFFFFFFFFFFFFFFFFFF0C
:10050000FFFFFFFFFFFFFFFFFFFFFFFFFFFFFFFFFB
:10051000FFFFFFFFFFFFFFFFFFFFFFFFFFFFFFFFEB
:10052000FFFFFFFFFFFFFFFFFFFFFFFFFFFFFFFFDB
:10053000FFFFFFFFFFFFFFFFFFFFFFFFFFFFFFFFCB
:10054000FFFFFFFFFFFFFFFFFFFFFFFFFFFFFFFFBB
:10055000FFFFFFFFFFFFFFFFFFFFFFFFFFFFFFFFAB
:10056000FFFFFFFFFFFFFFFFFFFFFFFFFFFFFFFF9B
:10057000FFFFFFFFFFFFFFFFFFFFFFFFFFFFFFFF8B
:10058000FFFFFFFFFFFFFFFFFFFFFFFFFFFFFFFF7B
:10059000FFFFFFFFFFFFFFFFFFFFFFFFFFFFFFFF6B
:1005A000FFFFFFFFFFFFFFFFFFFFFFFFFFFFFFFF5B
:1005B000FFFFFFFFFFFFFFFFFFFFFFFFFFFFFFFF4B
:1005C000FFFFFFFFFFFFFFFFFFFFFFFFFFFFFFFF3B
:1005D000FFFFFFFFFFFFFFFFFFFFFFFFFFFFFFFF2B
:1005E000FFFFFFFFFFFFFFFFFFFFFFFFFFFFFFFF1B
:1005F000FFFFFFFFFFFFFFFFFFFFFFFFFFFFFFFF0B
:10060000FFFFFFFFFFFFFFFFFFFFFFFFFFFFFFFFFA
:10061000FFFFFFFFFFFFFFFFFFFFFFFFFFFFFFFFEA
:10062000FFFFFFFFFFFFFFFFFFFFFFFFFFFFFFFFDA
:10063000FFFFFFFFFFFFFFFFFFFFFFFFFFFFFFFFCA
:10064000FFFFFFFFFFFFFFFFFFFFFFFFFFFFFFFFBA
:10065000FFFFFFFFFFFFFFFFFFFFFFFFFFFFFFFFAA
:10066000FFFFFFFFFFFFFFFFFFFFFFFFFFFFFFFF9A
:10067000FFFFFFFFFFFFFFFFFFFFFFFFFFFFFFFF8A
:10068000FFFFFFFFFFFFFFFFFFFFFFFFFFFFFFFF7A
:10069000FFFFFFFFFFFFFFFFFFFFFFFFFFFFFFFF6A
:1006A000FFFFFFFFFFFFFFFFFFFFFFFFFFFFFFFF5A
:1006B000FFFFFFFFFFFFFFFFFFFFFFFFFFFFFFFF4A
:1006C000FFFFFFFFFFFFFFFFFFFFFFFFFFFFFFFF3A
:1006D000FFFFFFFFFFFFFFFFFFFFFFFFFFFFFFFF2A
:1006E000FFFFFFFFFFFFFFFFFFFFFFFFFFFFFFFF1A
:1006F000FFFFFFFFFFFFFFFFFFFFFFFFFFFFFFFF0A
:10070000FFFFFFFFFFFFFFFFFFFFFFFFFFFFFFFFF9
:10071000FFFFFFFFFFFFFFFFFFFFFFFFFFFFFFFFE9
:10072000FFFFFFFFFFFFFFFFFFFFFFFFFFFFFFFFD9
:10073000FFFFFFFFFFFFFFFFFFFFFFFFFFFFFFFFC9
:10074000FFFFFFFFFFFFFFFFFFFFFFFFFFFFFFFFB9
:10075000FFFFFFFFFFFFFFFFFFFFFFFFFFFFFFFFA9
:10076000FFFFFFFFFFFFFFFFFFFFFFFFFFFFFFFF99
:10077000FFFFFFFFFFFFFFFFFFFFFFFFFFFFFFFF89
:10078000FFFFFFFFFFFFFFFFFFFFFFFFFFFFFFFF79
:10079000FFFFFFFFFFFFFFFFFFFFFFFFFFFFFFFF69
:1007A000FFFFFFFFFFFFFFFFFFFFFFFFFFFFFFFF59
:1007B000FFFFFFFFFFFFFFFFFFFFFFFFFFFFFFFF49
:1007C000FFFFFFFFFFFFFFFFFFFFFFFFFFFFFFFF39
:1007D000FFFFFFFFFFFFFFFFFFFFFFFFFFFFFFFF29
:1007E000FFFFFFFFFFFFFFFFFFFFFFFFFFFFFFFF19
:1007F000FFFFFFFFFFFFFFFFFFFFFFFFFFFFFFFF09
:10080000FFFFFFFFFFFFFFFFFFFFFFFFFFFFFFFFF8
:10081000FFFFFFFFFFFFFFFFFFFFFFFFFFFFFFFFE8
:10082000FFFFFFFFFFFFFFFFFFFFFFFFFFFFFFFFD8
:10083000FFFFFFFFFFFFFFFFFFFFFFFFFFFFFFFFC8
:10084000FFFFFFFFFFFFFFFFFFFFFFFFFFFFFFFFB8
:10085000FFFFFFFFFFFFFFFFFFFFFFFFFFFFFFFFA8
:10086000FFFFFFFFFFFFFFFFFFFFFFFFFFFFFFFF98
:10087000FFFFFFFFFFFFFFFFFFFFFFFFFFFFFFFF88
:10088000FFFFFFFFFFFFFFFFFFFFFFFFFFFFFFFF78
:10089000FFFFFFFFFFFFFFFFFFFFFFFFFFFFFFFF68
:1008A000FFFFFFFFFFFFFFFFFFFFFFFFFFFFFFFF58
:1008B000FFFFFFFFFFFFFFFFFFFFFFFFFFFFFFFF48
:1008C000FFFFFFFFFFFFFFFFFFFFFFFFFFFFFFFF38
:1008D000FFFFFFFFFFFFFFFFFFFFFFFFFFFFFFFF28
:1008E000FFFFFFFFFFFFFFFFFFFFFFFFFFFFFFFF18
:1008F000FFFFFFFFFFFFFFFFFFFFFFFFFFFFFFFF08
:10090000FFFFFFFFFFFFFFFFFFFFFFFFFFFFFFFFF7
:10091000FFFFFFFFFFFFFFFFFFFFFFFFFFFFFFFFE7
:10092000FFFFFFFFFFFFFFFFFFFFFFFFFFFFFFFFD7
:10093000FFFFFFFFFFFFFFFFFFFFFFFFFFFFFFFFC7
:10094000FFFFFFFFFFFFFFFFFFFFFFFFFFFFFFFFB7
:10095000FFFFFFFFFFFFFFFFFFFFFFFFFFFFFFFFA7
:10096000FFFFFFFFFFFFFFFFFFFFFFFFFFFFFFFF97
:10097000FFFFFFFFFFFFFFFFFFFFFFFFFFFFFFFF87
:10098000FFFFFFFFFFFFFFFFFFFFFFFFFFFFFFFF77
:10099000FFFFFFFFFFFFFFFFFFFFFFFFFFFFFFFF67
:1009A000FFFFFFFFFFFFFFFFFFFFFFFFFFFFFFFF57
:1009B000FFFFFFFFFFFFFFFFFFFFFFFFFFFFFFFF47
:1009C000FFFFFFFFFFFFFFFFFFFFFFFFFFFFFFFF37
:1009D000FFFFFFFFFFFFFFFFFFFFFFFFFFFFFFFF27
:1009E000FFFFFFFFFFFFFFFFFFFFFFFFFFFFFFFF17
:1009F000FFFFFFFFFFFFFFFFFFFFFFFFFFFFFFFF07
:100A0000FFFFFFFFFFFFFFFFFFFFFFFFFFFFFFFFF6
:100A1000FFFFFFFFFFFFFFFFFFFFFFFFFFFFFFFFE6
:100A2000FFFFFFFFFFFFFFFFFFFFFFFFFFFFFFFFD6
:100A3000FFFFFFFFFFFFFFFFFFFFFFFFFFFFFFFFC6
:100A4000FFFFFFFFFFFFFFFFFFFFFFFFFFFFFFFFB6
:100A5000FFFFFFFFFFFFFFFFFFFFFFFFFFFFFFFFA6
:100A6000FFFFFFFFFFFFFFFFFFFFFFFFFFFFFFFF96
:100A7000FFFFFFFFFFFFFFFFFFFFFFFFFFFFFFFF86
:100A8000FFFFFFFFFFFFFFFFFFFFFFFFFFFFFFFF76
:100A9000FFFFFFFFFFFFFFFFFFFFFFFFFFFFFFFF66
:100AA000FFFFFFFFFFFFFFFFFFFFFFFFFFFFFFFF56
:100AB000FFFFFFFFFFFFFFFFFFFFFFFFFFFFFFFF46
:100AC000FFFFFFFFFFFFFFFFFFFFFFFFFFFFFFFF36
:100AD000FFFFFFFFFFFFFFFFFFFFFFFFFFFFFFFF26
:100AE000FFFFFFFFFFFFFFFFFFFFFFFFFFFFFFFF16
:100AF000FFFFFFFFFFFFFFFFFFFFFFFFFFFFFFFF06
:100B0000FFFFFFFFFFFFFFFFFFFFFFFFFFFFFFFFF5
:100B1000FFFFFFFFFFFFFFFFFFFFFFFFFFFFFFFFE5
:100B2000FFFFFFFFFFFFFFFFFFFFFFFFFFFFFFFFD5
:100B3000FFFFFFFFFFFFFFFFFFFFFFFFFFFFFFFFC5
:100B4000FFFFFFFFFFFFFFFFFFFFFFFFFFFFFFFFB5
:100B5000FFFFFFFFFFFFFFFFFFFFFFFFFFFFFFFFA5
:100B6000FFFFFFFFFFFFFFFFFFFFFFFFFFFFFFFF95
:100B7000FFFFFFFFFFFFFFFFFFFFFFFFFFFFFFFF85
:100B8000FFFFFFFFFFFFFFFFFFFFFFFFFFFFFFFF75
:100B9000FFFFFFFFFFFFFFFFFFFFFFFFFFFFFFFF65
:100BA000FFFFFFFFFFFFFFFFFFFFFFFFFFFFFFFF55
:100BB000FFFFFFFFFFFFFFFFFFFFFFFFFFFFFFFF45
:100BC000FFFFFFFFFFFFFFFFFFFFFFFFFFFFFFFF35
:100BD000FFFFFFFFFFFFFFFFFFFFFFFFFFFFFFFF25
:100BE000FFFFFFFFFFFFFFFFFFFFFFFFFFFFFFFF15
:100BF000FFFFFFFFFFFFFFFFFFFFFFFFFFFFFFFF05
:100C0000FFFFFFFFFFFFFFFFFFFFFFFFFFFFFFFFF4
:100C1000FFFFFFFFFFFFFFFFFFFFFFFFFFFFFFFFE4
:100C2000FFFFFFFFFFFFFFFFFFFFFFFFFFFFFFFFD4
:100C3000FFFFFFFFFFFFFFFFFFFFFFFFFFFFFFFFC4
:100C4000FFFFFFFFFFFFFFFFFFFFFFFFFFFFFFFFB4
:100C5000FFFFFFFFFFFFFFFFFFFFFFFFFFFFFFFFA4
:100C6000FFFFFFFFFFFFFFFFFFFFFFFFFFFFFFFF94
:100C7000FFFFFFFFFFFFFFFFFFFFFFFFFFFFFFFF84
:100C8000FFFFFFFFFFFFFFFFFFFFFFFFFFFFFFFF74
:100C9000FFFFFFFFFFFFFFFFFFFFFFFFFFFFFFFF64
:100CA000FFFFFFFFFFFFFFFFFFFFFFFFFFFFFFFF54
:100CB000FFFFFFFFFFFFFFFFFFFFFFFFFFFFFFFF44
:100CC000FFFFFFFFFFFFFFFFFFFFFFFFFFFFFFFF34
:100CD000FFFFFFFFFFFFFFFFFFFFFFFFFFFFFFFF24
:100CE000FFFFFFFFFFFFFFFFFFFFFFFFFFFFFFFF14
:100CF000FFFFFFFFFFFFFFFFFFFFFFFFFFFFFFFF04
:100D0000FFFFFFFFFFFFFFFFFFFFFFFFFFFFFFFFF3
:100D1000FFFFFFFFFFFFFFFFFFFFFFFFFFFFFFFFE3
:100D2000FFFFFFFFFFFFFFFFFFFFFFFFFFFFFFFFD3
:100D3000FFFFFFFFFFFFFFFFFFFFFFFFFFFFFFFFC3
:100D4000FFFFFFFFFFFFFFFFFFFFFFFFFFFFFFFFB3
:100D5000FFFFFFFFFFFFFFFFFFFFFFFFFFFFFFFFA3
:100D6000FFFFFFFFFFFFFFFFFFFFFFFFFFFFFFFF93
:100D7000FFFFFFFFFFFFFFFFFFFFFFFFFFFFFFFF83
:100D8000FFFFFFFFFFFFFFFFFFFFFFFFFFFFFFFF73
:100D9000FFFFFFFFFFFFFFFFFFFFFFFFFFFFFFFF63
:100DA000FFFFFFFFFFFFFFFFFFFFFFFFFFFFFFFF53
:100DB000FFFFFFFFFFFFFFFFFFFFFFFFFFFFFFFF43
:100DC000FFFFFFFFFFFFFFFFFFFFFFFFFFFFFFFF33
:100DD000FFFFFFFFFFFFFFFFFFFFFFFFFFFFFFFF23
:100DE000FFFFFFFFFFFFFFFFFFFFFFFFFFFFFFFF13
:100DF000FFFFFFFFFFFFFFFFFFFFFFFFFFFFFFFF03
:100E0000FFFFFFFFFFFFFFFFFFFFFFFFFFFFFFFFF2
:100E1000FFFFFFFFFFFFFFFFFFFFFFFFFFFFFFFFE2
:100E2000FFFFFFFFFFFFFFFFFFFFFFFFFFFFFFFFD2
:100E3000FFFFFFFFFFFFFFFFFFFFFFFFFFFFFFFFC2
:100E4000FFFFFFFFFFFFFFFFFFFFFFFFFFFFFFFFB2
:100E5000FFFFFFFFFFFFFFFFFFFFFFFFFFFFFFFFA2
:100E6000FFFFFFFFFFFFFFFFFFFFFFFFFFFFFFFF92
:100E7000FFFFFFFFFFFFFFFFFFFFFFFFFFFFFFFF82
:100E8000FFFFFFFFFFFFFFFFFFFFFFFFFFFFFFFF72
:100E9000FFFFFFFFFFFFFFFFFFFFFFFFFFFFFFFF62
:100EA000FFFFFFFFFFFFFFFFFFFFFFFFFFFFFFFF52
:100EB000FFFFFFFFFFFFFFFFFFFFFFFFFFFFFFFF42
:100EC000FFFFFFFFFFFFFFFFFFFFFFFFFFFFFFFF32
:100ED000FFFFFFFFFFFFFFFFFFFFFFFFFFFFFFFF22
:100EE000FFFFFFFFFFFFFFFFFFFFFFFFFFFFFFFF12
:100EF000FFFFFFFFFFFFFFFFFFFFFFFFFFFFFFFF02
:100F0000FFFFFFFFFFFFFFFFFFFFFFFFFFFFFFFFF1
:100F1000FFFFFFFFFFFFFFFFFFFFFFFFFFFFFFFFE1
:100F2000FFFFFFFFFFFFFFFFFFFFFFFFFFFFFFFFD1
:100F3000FFFFFFFFFFFFFFFFFFFFFFFFFFFFFFFFC1
:100F4000FFFFFFFFFFFFFFFFFFFFFFFFFFFFFFFFB1
:100F5000FFFFFFFFFFFFFFFFFFFFFFFFFFFFFFFFA1
:100F6000FFFFFFFFFFFFFFFFFFFFFFFFFFFFFFFF91
:100F7000FFFFFFFFFFFFFFFFFFFFFFFFFFFFFFFF81
:100F8000FFFFFFFFFFFFFFFFFFFFFFFFFFFFFFFF71
:100F9000FFFFFFFFFFFFFFFFFFFFFFFFFFFFFFFF61
:100FA000FFFFFFFFFFFFFFFFFFFFFFFFFFFFFFFF51
:100FB000FFFFFFFFFFFFFFFFFFFFFFFFFFFFFFFF41
:100FC000FFFFFFFFFFFFFFFFFFFFFFFFFFFFFFFF31
:100FD000FFFFFFFFFFFFFFFFFFFFFFFFFFFFFFFF21
:100FE000FFFFFFFFFFFFFFFFFFFFFFFFFFFFFFFF11
:100FF000FFFFFFFFFFFFFFFFFFFFFFFFFFFFFFFF01
:10100000D10020434D1600600000000000000000E9
:10101000201000600010006000340260000000003A
:10102000000000600040020000000000FFFFFFFF22
:10103000FFFFFFFFFFFFFFFFFFFFFFFFFFFFFFFFC0
:10104000FFFFFFFFFFFFFFFFFFFFFFFFFFFFFFFFB0
:10105000FFFFFFFFFFFFFFFFFFFFFFFFFFFFFFFFA0
:10106000FFFFFFFFFFFFFFFFFFFFFFFFFFFFFFFF90
:10107000FFFFFFFFFFFFFFFFFFFFFFFFFFFFFFFF80
:10108000FFFFFFFFFFFFFFFFFFFFFFFFFFFFFFFF70
:10109000FFFFFFFFFFFFFFFFFFFFFFFFFFFFFFFF60
:1010A000FFFFFFFFFFFFFFFFFFFFFFFFFFFFFFFF50
:1010B000FFFFFFFFFFFFFFFFFFFFFFFFFFFFFFFF40
:1010C000FFFFFFFFFFFFFFFFFFFFFFFFFFFFFFFF30
:1010D000FFFFFFFFFFFFFFFFFFFFFFFFFFFFFFFF20
:1010E000FFFFFFFFFFFFFFFFFFFFFFFFFFFFFFFF10
:1010F000FFFFFFFFFFFFFFFFFFFFFFFFFFFFFFFF00
:10110000FFFFFFFFFFFFFFFFFFFFFFFFFFFFFFFFEF
:10111000FFFFFFFFFFFFFFFFFFFFFFFFFFFFFFFFDF
:10112000FFFFFFFFFFFFFFFFFFFFFFFFFFFFFFFFCF
:10113000FFFFFFFFFFFFFFFFFFFFFFFFFFFFFFFFBF
:10114000FFFFFFFFFFFFFFFFFFFFFFFFFFFFFFFFAF
:10115000FFFFFFFFFFFFFFFFFFFFFFFFFFFFFFFF9F
:10116000FFFFFFFFFFFFFFFFFFFFFFFFFFFFFFFF8F
:10117000FFFFFFFFFFFFFFFFFFFFFFFFFFFFFFFF7F
:10118000FFFFFFFFFFFFFFFFFFFFFFFFFFFFFFFF6F
:10119000FFFFFFFFFFFFFFFFFFFFFFFFFFFFFFFF5F
:1011A000FFFFFFFFFFFFFFFFFFFFFFFFFFFFFFFF4F
:1011B000FFFFFFFFFFFFFFFFFFFFFFFFFFFFFFFF3F
:1011C000FFFFFFFFFFFFFFFFFFFFFFFFFFFFFFFF2F
:1011D000FFFFFFFFFFFFFFFFFFFFFFFFFFFFFFFF1F
:1011E000FFFFFFFFFFFFFFFFFFFFFFFFFFFFFFFF0F
:1011F000FFFFFFFFFFFFFFFFFFFFFFFFFFFFFFFFFF
:10120000FFFFFFFFFFFFFFFFFFFFFFFFFFFFFFFFEE
:10121000FFFFFFFFFFFFFFFFFFFFFFFFFFFFFFFFDE
:10122000FFFFFFFFFFFFFFFFFFFFFFFFFFFFFFFFCE
:10123000FFFFFFFFFFFFFFFFFFFFFFFFFFFFFFFFBE
:10124000FFFFFFFFFFFFFFFFFFFFFFFFFFFFFFFFAE
:10125000FFFFFFFFFFFFFFFFFFFFFFFFFFFFFFFF9E
:10126000FFFFFFFFFFFFFFFFFFFFFFFFFFFFFFFF8E
:10127000FFFFFFFFFFFFFFFFFFFFFFFFFFFFFFFF7E
:10128000FFFFFFFFFFFFFFFFFFFFFFFFFFFFFFFF6E
:10129000FFFFFFFFFFFFFFFFFFFFFFFFFFFFFFFF5E
:1012A000FFFFFFFFFFFFFFFFFFFFFFFFFFFFFFFF4E
:1012B000FFFFFFFFFFFFFFFFFFFFFFFFFFFFFFFF3E
:1012C000FFFFFFFFFFFFFFFFFFFFFFFFFFFFFFFF2E
:1012D000FFFFFFFFFFFFFFFFFFFFFFFFFFFFFFFF1E
:1012E000FFFFFFFFFFFFFFFFFFFFFFFFFFFFFFFF0E
:1012F000FFFFFFFFFFFFFFFFFFFFFFFFFFFFFFFFFE
:10130000FFFFFFFFFFFFFFFFFFFFFFFFFFFFFFFFED
:10131000FFFFFFFFFFFFFFFFFFFFFFFFFFFFFFFFDD
:10132000FFFFFFFFFFFFFFFFFFFFFFFFFFFFFFFFCD
:10133000FFFFFFFFFFFFFFFFFFFFFFFFFFFFFFFFBD
:10134000FFFFFFFFFFFFFFFFFFFFFFFFFFFFFFFFAD
:10135000FFFFFFFFFFFFFFFFFFFFFFFFFFFFFFFF9D
:10136000FFFFFFFFFFFFFFFFFFFFFFFFFFFFFFFF8D
:10137000FFFFFFFFFFFFFFFFFFFFFFFFFFFFFFFF7D
:10138000FFFFFFFFFFFFFFFFFFFFFFFFFFFFFFFF6D
:10139000FFFFFFFFFFFFFFFFFFFFFFFFFFFFFFFF5D
:1013A000FFFFFFFFFFFFFFFFFFFFFFFFFFFFFFFF4D
:1013B000FFFFFFFFFFFFFFFFFFFFFFFFFFFFFFFF3D
:1013C000FFFFFFFFFFFFFFFFFFFFFFFFFFFFFFFF2D
:1013D000FFFFFFFFFFFFFFFFFFFFFFFFFFFFFFFF1D
:1013E000FFFFFFFFFFFFFFFFFFFFFFFFFFFFFFFF0D
:1013F000FFFFFFFFFFFFFFFFFFFFFFFFFFFFFFFFFD
:10140000814205D051F8043B40F8043B8242F9D8B0
:10141000704700BF044A05494FF0000342F8043BFF
:101420009142FBD8704700BFC09A002060F10020B5
:101430002DE98848BFF34F8F00BF00BF00BF00BF3A
:1014400000F042F9684B0822C3F8542100BF00BFE6
:1014500000BF00BF00BF00BF00BF00BF00BF00BF94
:1014600000BF00BF00BF00BF00BF00BF5F4A6049B0
:101470006048FFF7C5FF604A60496148FFF7C0FF59
:10148000604CFFF7C7FF4FF470004FF0E0210023DE
:101490005D4AC1F8880D44F823200133B02BFAD1FE
:1014A0005A4B80215A4A03F8011B9342FBD14FF05B
:1014B000E0254D4E4FF08039DFF884B1DFF884A18C
:1014C0004FF0FF31C5F8084D0027C6F80491C6F863
:1014D00000B1C6F8F490C6F8F0A0D5F8243DDFF8C6
:1014E000688143F4E0234B4AC5F8243DD8F81C300A
:1014F00023F07F0343F04003C8F81C30D8F82430B1
:1015000023F07F0343F04003C8F824309166D1668E
:101510001167516700F0E0F83F4B4049A363404B2F
:10152000E36363236B610323AF612B613D4BC5F81C
:10153000203DD5F8FC3D43F08073C5F8FC3D3A4BA7
:101540001A6842F001021A605B680B6000F00EFB43
:10155000C6F804913548C6F800B1C6F8F490C6F84C
:10156000F0A000F085FCD8F86C10314B314A41F402
:101570004051C8F86C101F60C3F80871C3F81871A7
:10158000C3F82871C3F83871936BDB0708D442F6AF
:101590001563294951651365936B43F00103936308
:1015A000244A264C936843F00113936000F01CF921
:1015B00000F060F800F060FC00F006FB00F086F838
:1015C0002368132BFCD900F097FB2368B3F5967FB3
:1015D000FBD300F07FF800F07BF800F031FC00F066
:1015E0003FFC30BFFDE700BF00800D407878010070
:1015F000C01F006000000000C09A00203C980160FD
:1016000000000020009800202595000000E400E084
:10161000A0E400E000C00A40DDA90000E4F00020E2
:10162000E1A9000000002020001000E080D1F008B7
:101630000040084000400D400000C056E8F0002087
:101640001B1018200C0D111300C00F40054B4FF458
:101650002A01054A05485A641864054A9963954663
:10166000FFF7E6FE00C00A40BFAAAAAA07002000B2
:1016700000800620104BA020104AD96E41F4403162
:1016800010B4D96640F23764D96E41F44071D9661E
:1016900054649064936C1B06FCD4094A40F2376191
:1016A000A02351649364936C13F08003FBD1054A2B
:1016B00013705DF8044B704700C00F4000400C40B1
:1016C00000800C401EF10020704700BF704700BF33
:1016D000704700BF00BF704710B44FF0E0230021F7
:1016E00010243148C3F8941DC3F89C4D1124C3F84D
:1016F000A00D2E48C3F89C4D1224C3F8A00D2C4811
:10170000C3F89C4D2B4AC3F8A00D2B4C42F0150298
:101710002A48C3F89C4DC3F8A00D294C2948C3F8AA
:101720009C4DC3F8A00D284CC3F89C2D2748284A8F
:10173000C3F8A04DC3F89C0DC3F8A02D02F5A0225C
:10174000244C0C322448C3F89C4DC3F8A02D234AE6
:10175000C3F89C0D224CC3F8A02D02F14062C3F8DF
:101760009C4D2048C3F8A02D0C32C3F89C0DC3F843
:10177000A02D00BF00BF00BF00BF00BF0122C3F803
:10178000942DBFF34F8FBFF36F8FC3F8501FBFF37C
:101790004F8FBFF36F8FD3F8142D5DF8044B42F4D5
:1017A0004032C3F8142D70473F0000102500080791
:1017B0000900100060F10020130020002100020742
:1017C0001400002025000813090000101600202036
:1017D00027000B1317000040180000602F000B07B4
:1017E000190000701A000080F0B5B84B1822B84EEE
:1017F0000120B84F83B0C3F85C62B749C3F8607288
:10180000B64DC3F86462A6F53046B54CC3F86862BD
:10181000C3F86C52C3F87052C3F87452C3F87852CC
:1018200048F20C75DA661A675A679A67DA67C3F87E
:101830008020C3F88420C3F88820C1F82C03A94A6B
:10184000C1F83003C1F83403C1F83803C1F83C03D0
:10185000C1F85003A169A44B0A40A448A44913430A
:10186000A44AA361D4F8843043F00C03C4F8843054
:101870004FF0FF34036843F00203036003682B401A
:101880004FF400551A439C4B026044608A689B4C9D
:1018900013409B4A43F000538360C36823F07803EE
:1018A000C360036A134023430362036A1340954AEB
:1018B0002343954C43628262C2620022D1F8B83061
:1018C00023F03F0343F00103C0F8B830D1F8BC3037
:1018D0008E4923F03F0343F00103C0F8BC3040F2CF
:1018E0000563026105660467C0F880304566446799
:1018F0000224C0F88430036823F00203036081618E
:10190000834B8449C46143F8042B8B42FBD1774A53
:10191000136843F001031360136813F00103FBD154
:101920007A48022140F2F564906140F29940D16119
:1019300040F26641C2F8004242F20144C2F810127D
:101940007549C2F82002C2F8301240F2354173489E
:10195000C2F83442C2F84012714CC2F8500242F24E
:1019600001207049C2F854120121C2F86042C2F845
:1019700064025E48C2F8A030C2F8A430C2F8B010C9
:101980004369DA07FCD5012300244FF4803257491C
:101990004361C0F8A040C0F8A420C0F8B0304B6943
:1019A000DB07FCD5012300244FF400304F4A4B6184
:1019B000C1F8A040C1F8A400C1F8B0305369DF07F6
:1019C000FCD501230024584848495361C2F8A0407F
:1019D000C2F8A400C2F8B0304B69DE07FCD5D1F8DC
:1019E000003145F60D5221209BB24861934265D1EA
:1019F00000244FF4802201233C48C1F8A040C1F8E4
:101A0000A420C1F8B0304369DD07FCD501234FF4B1
:101A100000040021354A4361C0F8A040C0F8A4107A
:101A2000C0F8B0305369DC07FCD501234FF4000443
:101A30004FF480302D495361C2F8A040C2F8A40091
:101A4000C2F8B0304B69D807FCD501234FF400042D
:101A50004FF40030254A4B61C1F8A040C1F8A40002
:101A6000C1F8B0305369D907FCD501234FF4000405
:101A70002D481E495361C2F8A040C2F8A400C2F824
:101A8000B0304B69DA07FCD5D1F8003145F60D527C
:101A900021209BB24861934250D008254FF40004A6
:101AA00022490020224B234A009015705A1A012324
:101AB0002148224400F0D8F903B0F0BD1E4B0022AB
:101AC000C3E90022C3E9022203B0F0BD00801F4039
:101AD000F9B00100F910010000841F40F970010005
:101AE00000C00F40FFFCFF1F000300A000402A4081
:101AF00000802A401200FFFFFF37F70040000080FF
:101B000000FFF07CFF000F8363000200F05AF05AE0
:101B100000422A4000432A409F041830EB06180A6E
:101B20003806180A0632012604000300000000707F
:101B3000000000701FF10020A4EF00204FF400040B
:101B40004FF4802201230848C1F8A040C1F8A42026
:101B5000C1F8B0304369DB07FCD5012310254FF0F5
:101B6000807443619CE700BF00402A40F0B4154AEE
:101B700040274FF480314FF480564FF400554FF416
:101B8000404443F24200136913F0020F0ED113F4E4
:101B9000005F0FD013F4805F0ED0002BF3DA13F444
:101BA000803F0BD15B060BD5F0BC7047946151614F
:101BB0009061E8E75561E6E75661E4E79161E2E7A5
:101BC0005761E0E700800D403F4A03203F49F3EEB4
:101BD000095AD2F880304FF0000C9FED3D6A23F097
:101BE00001039FED3C5A30B4C2F88030C2F8900037
:101BF000D1F8E010384DCBB2384C39482B6007EEA5
:101C0000903A0B0DC1F30B21F8EEE77A06EE903A0D
:101C100007EE101A334BB8EEC77A2160F8EEE66A89
:101C2000314937EEC66A37EEC55A76EEC76A77EEA7
:101C3000E57A26EE266AC3ED006A25EE265AD2F82A
:101C4000803067EEA64AC0ED007AC6EE275A2748D4
:101C500085EE276AC4EEA76A75EE875AFCEEE55A50
:101C600036EE076A15EE904ABCEEC66A43EA0453A4
:101C700076EE877AC2F8803016EE103AD2F89041AC
:101C8000FCEEE77A01EA0341214317EE903AC2F8ED
:101C90009011C3F30B03D2F890110B431449C2F80F
:101CA0009031D2F8803043F00203C2F88030114BFB
:101CB00080F840C0C1F840314FF0E023012230BC31
:101CC000C3F80821704700BF00810D4000441F4049
:101CD0000000AA420000B44254F0002050F000205E
:101CE00058F000205CF000200000FF0F00E400E04E
:101CF000009800200D970000314B40F6617210B53E
:101D0000C3F8202140F2044400F09EF82D4A2E49E9
:101D1000D2F880302D4843F00303C2F880302C4BBA
:101D2000C1F8604102681A4203D1D1F8A8319A077C
:101D30001BD0254A4FF00041244B5963D2F8403163
:101D400043F00203C2F84031D2F840319B07FBD484
:101D50004FF400304FF0E0211C4B4FF00042C1F82F
:101D60008C0219209A6300F077F8184A4FF08040EF
:101D7000154C002190630A20164B11604FF420721D
:101D8000C4F8A801184600F063F84FF48002034637
:101D90004FF4810040F243111860C4F858311A64BE
:101DA0000D4B0E4AC4F84811C3F804224FF0E0224C
:101DB0004FF400310123C2F80C11C4F8403110BDBA
:101DC00000800D4000C00F4000002E4000900D40EC
:101DD000001C1E000000002000980020F598000064
:101DE00008B50E4B1B6E9B0700D4FBBE72B60C4BA6
:101DF00000200C4AC3F8400103F160430A49A3F5EF
:101E00005F2311649D46BFF34F8F4FF400130748C3
:101E1000074ADB6902609B68984700BF00441F4087
:101E200000002E4000C00A40030020000080202057
:101E3000000012EBF8B500BFF8BC08BC9E46704726
:101E40005FF800F019F400005FF800F065A00000F2
:101E50005FF800F031E800005FF800F0E58A00006C
:101E60005FF800F08D9000005FF800F071AA0000AC
:101E70005FF800F0F58700005FF800F03194000093
:101E800045000000D1010000751F0000B5220000D0
:081E9000652500004578000003
:101E980016035500530042002000530065007200ED
:101EA800690061006C0000001803540065006500BB
:101EB8006E00730079006400750069006E006F00A1
:101EC8000403090409026200030100C032080B0080
:101ED80002020201000904000001020201000524B7
:101EE800001001052401010104240206052406004E
:101EF800010705820310001009040100020A00000E
:101F0800000705030240000007058402400000099D
:101F180004020002FF6AFF00070581024000010772
:101F2800050102400001000009026200030100C02F
:101F380032080B000202020100090400000102023B
:101F480001000524001001052401010104240206F2
:101F58000524060001070582031000050904010095
:101F6800020A0000000705030200020007058402B8
:101F78000002000904020002FF6AC7000705810287
:101F88000002010705010200020100000A06000222
:101F9800EF02014001000000005EBCE2613FDD830A
:101FA800C29C7E20A3FD1F41009D23BE46DB65F831
:081FB8008C11AF32CA57E97425
:101FC0000000000000000000000000000000000011
:101FD0000000000000000000000000000000000001
:101FE0000548064B1B1AD90F01EBA301491002D07B
:101FF000034B03B118477047C09A0020C09A0020D5
:102000000000000008B5054B1BB105490548AFF3BA
:102010000080BDE80840FFF7E3BF00BF00000000FC
:10202000B4EF002000400260704700BF08B583682D
:1020300003B19847044AD3889BB243F48043D380CA
:10204000BFF34F8F08BD00BF00800B4008B5836809
:1020500003B19847034A137803F0F7031370BFF3F3
:102060004F8F08BD00400B400B4B186888B10368C8
:102070000A4A1B6893420DD1836810B503B1984793
:10208000074AD3889BB243F48043D380BFF34F8F7A
:1020900010BD7047184700BFA8D600206D00000093
:1020A00000800B4038B5094A0025094B04461560ED
:1020B0001D7001F0E7FA2560102106480AF014FBB4
:1020C0000548BDE8384008F043B800BF7CA00020B8
:1020D00000900020BC070020C08B002038B5224CA7
:1020E000054623781BBB6378002B2AD1A378002BED
:1020F0002ED1E378002B32D11C4B00241C4A1968E6
:102100001C48116004701C4918681A681B4B086051
:102110001B481A6004F092FA0123102119482B6021
:102120000AF0E2FA1848BDE8384008F011B8012179
:10213000022008F00BFD154B01221A706378002B6A
:10214000D4D00121042008F001FDA378002BD0D0C9
:102150000121032008F0FAFCE378002BCCD0012108
:10216000292008F0F3FCC7E77CA00020E8F000205D
:1021700088B0002018F1002078A00020609E002088
:10218000D4EF0020A8070020C08B00200090002082
:1021900070B508F07DFD1F4806F09AFC20211E480E
:1021A00005F090FF1D4E21211D4805F08BFF1D4CB1
:1021B00027211D4805F086FF1C4D29221C49304669
:1021C00006F060F822461B4930460AF073FC1A49B3
:1021D000284603F053FC2246184928460AF06AFCB8
:1021E000174D184B0021184A2846C3E9002108F072
:1021F00029F82246154928460AF05CFC144804F0E8
:10220000EFF9144B14491868144A1B6808601360EE
:1022100070BD00BF9C9F00206C9F002078C60020EE
:1022200028EB00202090002098E80020E0E8002023
:10223000B08D0020F5620000D08B00206900000006
:1022400060EB002004F100208810002021830000B2
:10225000D4EF0020E8F0002078A00020609E00204D
:102260002DE9F04301218BB02320C64D08F0AAFCD4
:1022700000212220C44C08F0A5FC01210220C34FFC
:1022800008F0A0FC01210420DFF88C9308F09AFCF0
:102290000121032040F2EE2808F094FC01210520E2
:1022A00008F090FC0021162008F08CFC01211E2073
:1022B00008F088FC01211D2008F084FC0121242065
:1022C00008F080FC0121252008F07CFC002126205C
:1022D00008F078FC0121092008F074FC012102209B
:1022E00008F034FC0121042008F030FC0021052016
:1022F00008F02CFC0121032008F028FC01211E20FD
:1023000008F024FC01211D2008F020FC01212020E0
:1023100008F01CFC0021092008F018FC2E680AF0C7
:1023200061FA2378002B00F098813B78DA0740F1BE
:1023300094812B68D9F800209B1A0E2B40F28D81D6
:1023400093490024934805F055FF9349934805F0BD
:1023500051FF9349934805F04DFF07A89249054660
:1023600007F070FF914904A807F08AFA04A92846EB
:1023700008F084F801468E4807F0C4FE8C4807F048
:10238000E7FE04A807F0ACFF284607F0A9FF894B39
:102390009E88079406F002062046013408F09CFC53
:1023A00005F8010B042CF7D10798431C00F06B8152
:1023B000002E40F06E8102F02BF8079A7E4900242F
:1023C0007B4807F0E1FE7D4A7D49136C7D4843F46C
:1023D00000138C607C4D1364426F764B42F44032A4
:1023E00042672960794A7A497A48C2F8B01146F2C0
:1023F000A0124FF416511A8041F210321A8044F2A2
:102400000A02DA801A8892B242F06C021A804FF007
:10241000E0221C814FF08053C2F80831224607F0B9
:1024200039FB4FF480526C496A4807F0A1FC4FF425
:1024300016516A48302207F02DFB22464FF4165100
:10244000674807F027FB22464FF4E131654807F063
:1024500021FB6549634840F2044207F089FC2246AB
:102460004FF4E131614807F015FB41F2D0126049A9
:102470005E4807F097FC0C2008F028F9202008F0AF
:1024800055F907A807F0E2F99DF820309DF82110D2
:102490000293BDF82030574C5BBA9DF81F20039182
:1024A00023809DF81E3054494148CDE900329DF803
:1024B0001D309DF81C2007F067FE504922883C48DB
:1024C00007F062FE4E4806F05FFA4E494E4807F0AC
:1024D000DDF8002840F0CF8015214C480AF004F9BF
:1024E000334807F035FE0921474807F047F84849C7
:1024F000454807F07BF84FF47A7008F0D3FA254886
:1025000005F0FCFD234805F019FE002800F0E180ED
:10251000224805F0F3FD214805F010FE002800F0E8
:10252000D080204805F0EAFD1E4805F007FE00288F
:1025300000F0BF8007A8324905F0D0FE07A91C486B
:10254000002407F0DFFD1A4807F002FE07A807F095
:10255000C7FE304907A807F075FE04A8284905F012
:10256000C7FE04A907A807F089FF0146104807F035
:10257000C9FD0F4807F0ECFD04A807F0B1FE07A85D
:102580004CE000BFE8F0002028F1002027F10020F7
:10259000B8D6002098E80020C0D6002028EB002004
:1025A000ACD600206C9F00207C86002098860020FE
:1025B000C08B002000800B400C87002000C00A4028
:1025C00004F1002000C00F40A8D600200098002091
:1025D000A9000000908C002088A00020308C0020F2
:1025E000508D0020F08C002098B00020D08B00206F
:1025F000A0B4002010F1002024870020488700208C
:1026000078C6002000A1BC33989C00205887002089
:1026100090D0030034880020F8F0002007F060FE1E
:102620003049314807F06EFD2F4807F091FD2146F3
:10263000092008F039FE2D4A2D4B14601C7001F062
:1026400021F82C4B10212C481C600AF04DF826482C
:102650000BB0BDE8F04307F07BBD2B6822789B1BD5
:1026600032B1B3F5FA6F3FF66BAE0AF0BBF856E63F
:102670004345FAD964E61C2120480AF035F81A4887
:1026800007F066FD2FE7002318460793002E3FF45E
:1026900092AE013004220021079007A808F0C6FC82
:1026A0006B2117480AF020F80F4807F051FD0798F2
:1026B00081E6372113480AF017F80B4807F048FD68
:1026C00038E7342110480AF00FF8074807F040FDBA
:1026D00027E733210D480AF007F8034807F038FDD3
:1026E00016E700BF78C60020C08B00207CA0002029
:1026F000009000206CEB0020BC07002070870020B9
:10270000A0860020FC870020C4870020908700203E
:10271000984B45F255514AF6AA222DE9F04F964CB6
:10272000964E974FDFF8E0B2DFF8E092954DDFF874
:102730008C822DED028B5980D5B05A8000F014FEAA
:1027400084ED000A00F0EAFD86ED000A00F032FE9A
:1027500087ED000A00F048FE8BED000A00F060FEF5
:10276000894B8A4A8A498B4889ED000A00F078FE35
:1027700006E007F003F901464046C9B206F07CFCCA
:10278000284607F0A9F803462846002BF1DC824DC5
:10279000284602F0D5FF012800F0B480022823D19A
:1027A00011217E4809F0A0FF002395F82C120A227F
:1027B0007B4807F0F7FC7A4807F0CAFC95F82D3201
:1027C0000321002B40F0CE80764809F08DFF74483D
:1027D00007F0BEFC95F82C320A2B05D195F82D3266
:1027E00013B1714B00221A60684BDFF89C8108938B
:1027F000674B6E4D0993674B0A936D4B04936D4B7A
:1028000005936D4B0C936D4B07936D4B0B936D4B79
:102810000693DFF8FCA105202B68D4ED000A96EDA5
:10282000001A9AED008A0F93CDED0E0A8DED0D1A68
:1028300008F0B6F9B8EE488A011E0F9B9FED620AB8
:1028400018BF012118469DED0D1A88EE000ADDED36
:102850000E0A01F015FE0B9B97ED002A98ED005A29
:102860000093089B94ED001AD3ED004A099B96ED66
:10287000000A93ED004A0A9B99ED003AD3ED003A25
:10288000049BDBED000AD3ED002A059B4F49D3EDF5
:10289000001A0C9B1888079B01934D4B2A6801F086
:1028A0004FFE069B4B4A00934B494C4B3F4800F070
:1028B0009FFF2F68012F17D0022F1ED097B32B2117
:1028C000474809F011FF364807F042FC02231B215C
:1028D00044482B6009F008FF314855B0BDEC028B2D
:1028E000BDE8F04F07F034BC3F49DAF800300A6821
:1028F0009B1AB3F57A7F80F08D8055B0BDEC028BCA
:10290000BDE8F08F29784B1E082B00F2F984DFE830
:1029100013F0AE02F4003001410147028402B70116
:1029200035029602049B314A00930192214B3049B3
:102930003048314A00F0D4FE304BD4ED001A93ED0C
:10294000002A2F4B96ED001AD3ED000A059B1C4977
:102950001F4893ED000A55B0BDEC028BBDE8F04F67
:1029600000F0D0BE274809F0BFFE0D4807F0F0FB8D
:1029700030E700BF00800B40B0D6002074C60020B6
:1029800058EB0020908C00205CEB002018EB00201E
:1029900094E80020B4D60020E0E800201484002051
:1029A000C08B00202C84002090B000206CEB002015
:1029B000B8D60020ACD6002010F100209C9F00204B
:1029C0008CB00020148E002000007A4498860020ED
:1029D00080A00020009000207CA0002094B0002067
:1029E000808400207C04002078A00020C0D6002035
:1029F00098E800206C9F002028EB0020108E00201B
:102A0000F88F002028840020A4D60020BCD6002007
:102A1000E8F00020069B1868049B01280093DAF870
:102A20000030B8BF01209B1AAA4AA2FB03624FF4F0
:102A30007A76920906FB00F8A74806FB1233DAF80B
:102A40000020A64ED31AA64A0B60A64BA6490193B6
:102A5000A64B00F045FE0022A54932A805F070FD06
:102A60009DF8C830A348069301F0C2FAA249A348D2
:102A700001F004FFA24801F0D5FD337823B9079B8C
:102A80001B78002B40F03C8294ED000A9D4801F039
:102A900053FA059B93ED000A9B4BD3ED000A00F01F
:102AA0000DFE9A4ADAF8003011680B905B1A9845CF
:102AB00040F26A82964B1B68002B3FF41EAF95498B
:102AC0004FF47A70DAF80020096800FB03F3521A19
:102AD0009A42FFF412AF18218F4809F005FE8F4883
:102AE00007F036FB00248E4A864B14601C7000F001
:102AF000C9FD10218B482C60ECE619218A48DFF8CB
:102B000074A209F0F1FD854807F022FBDAF80020F5
:102B1000AAB94FF02608854D114605E0511C7729CA
:102B2000CAF8001000F2E883814B2622284608FBF1
:102B3000013101F06BFBDAF800200028EED17D496D
:102B4000764807F021FBDAF80030002B00F075839F
:102B500003EBC3027649784803EB420341F2D012FB
:102B60005B009BB201F046FF0A21734802F002FAB3
:102B70003AE601220321704801F0F0FF26216F4858
:102B800009F0B2FD654807F0E3FA42F6E06007F0AD
:102B900089FF29E60DF147030DF145050DF1460AC0
:102BA000DFF86481029312AB00951FA90393002301
:102BB000CDF804A08DF847302B708AF800308DF8DE
:102BC0004830D8F800305E4A1593514B06921B6886
:102BD00059481F93136832AA329315AB02F054FF81
:102BE000002800F024831F9A002A40F077830122F6
:102BF0000421514801F0B2FF1721524809F074FD39
:102C0000464807F0A5FA1F9A414B06991A60329B75
:102C100042480B604C4907F0B7FA95F900509AF911
:102C20000000003D9DF947109DF9482018BF01257F
:102C300000383B4B18BF012000391D7018BF01211F
:102C4000003A587018BF012299704048DA70159BFD
:102C5000C8F80030FFF742FA3D4BDFF81C810893BB
:102C60003C4B3A4D09933C4B0A933C4B04931F4B0E
:102C700005933B4B0C933B4B07933B4B0B93C8E5A6
:102C80003A4D334B29462C48089302F0B9FE0721F0
:102C90000246294801F062FFDFF8DC80D5ED007ABA
:102CA00033492C4BB7EEE77A1C4809932A4B274D42
:102CB0000A932A4B04930D4B0593294B0C93294BF4
:102CC0000793294B0B931E4B069353EC172B07F0DE
:102CD0005BFA9EE5D34D62106C9F002018F1002036
:102CE00028EB0020C0D6002098E80020ACD60020B9
:102CF00078C60020C8E800201CEB002060EB002014
:102D000070EB002000900020F88F0020609E0020D3
:102D100094B0002088B0002064840020C08B002084
:102D20007CA00020BC070020E082002000002020C2
:102D3000C4D60020FC820020E0E80020248300208C
:102D4000148E0020AC840020C48400206CEB002092
:102D500018EB002094E80020B4D60020B8D600205C
:102D600010F100209C9F00208CB0002014900020C7
:102D7000DC83002090B000205CEB0020674D684BA6
:102D800029466848089302F03BFE08210246654840
:102D900001F0E4FEDFF8EC81D5ED007A624980E7CE
:102DA000DFF8B08132A95F48D8F80030329302F0E2
:102DB000B7FE054605215B482A4601F0CFFE002DEF
:102DC0003FF412AD1721594809F08EFC584807F01E
:102DD000BFF9329B4FF0000A564DC8F80030564BF1
:102DE000DFF8A081C3F800A0544B83F800A000F0E6
:102DF00049FC10215248C5F800A009F075FC4C4868
:102E000007F0A6F9464B08934E4B09934E4B0A9395
:102E10004E4B04934E4B0593F3E44E4D404B2946E5
:102E20004048089302F0ECFD062102463D4801F0BF
:102E300095FEDFF85081D5ED007A474931E701F082
:102E4000F3FA32A93290374802F0FCFC054600281C
:102E500040F040822A460921324801F07FFE01F00D
:102E6000E3FA3E490246324807F08EF9BCE41821E5
:102E70003B4809F039FC2E4807F06AF9394B3A4AC9
:102E800032A81B6897ED002A94ED001A96ED000A0F
:102E90000093136835490193214BDFF8E880D3EDA7
:102EA000004A0893274B234D93ED004A0993264B84
:102EB00098ED005AD3ED003A0A93244B0B92D3EDD0
:102EC000002A0493224B0C91D3ED001A0593284B52
:102ED00099ED003A029307930988DBED000A2B680D
:102EE000244A01F0B3FA3299002900F007820D4814
:102EF00002F022FE32A807F0F3F91F4B069388E494
:102F00001B4806F021F91D4B194883ED000B06F014
:102F100037F91B4B377083ED000BB5E5108E0020A1
:102F200018EB0020E0E80020EC830020B0830020B4
:102F3000C08B00206CEB00207CA0002000900020C3
:102F4000BC07002094E80020B4D60020B8D60020AA
:102F5000ACD60020F88F0020C88300200084002019
:102F6000C482002080A000208CB0002010F100203E
:102F70009C9F002098860020148E0020809C0020BA
:102F8000889C00205CEB0020DAF800305B1AC04916
:102F90000868B3FBF8F108FB1133DAF80010CB1A1C
:102FA000DAF800101360091ABA4BBB48A3FB0131D1
:102FB000890903F04FFB079AB748D2F8843007EE2F
:102FC000903A0C930023B8EEE77B82F87D309FEDBA
:102FD000AC6B87EE060BB7EEC00B03F03FFB33780C
:102FE000002B40F03B819FEDA80BAB4803F040FB6A
:102FF0003378002B40F029819FEDA30BA64803F006
:1030000047FB079E0023A44896F8941086F88D305D
:1030100003F04EFB3378002B00F01581B36BDAF828
:103020000010C91A9B4BA3FB013189099B4F9A4899
:1030300003F044FB9A4EB988974803F043FBB989E3
:10304000954803F041FB3188934803F03FFBB1689A
:10305000914803F043FB71688F4803F045FB069BE2
:10306000002B00F0CF808C489DED340BB7EEC00BE9
:1030700003F040FB88489DED3A0BB7EEC00B03F020
:1030800049FB85489DED360BB7EEC00B03F04EFBB8
:103090009DED380BB7EEC00B824E7F4803F054FB1A
:1030A00096ED000A7C4803F05FFB96ED010A7A4832
:1030B00003F066FB96ED020A774803F06FFB96ED8E
:1030C000030A754803F078FBF988734803F082FB24
:1030D0003989714803F080FB79896F4803F07EFBE2
:1030E000398A6D4803F07CFB798A6B4803F07AFBE0
:1030F000F989694803F078FB069B002B00F0948067
:103100009DED500BB7EEC00B634803F06FFB664BB1
:10311000614893ED040A03F07DFB96ED080A5E48D2
:1031200003F086FB96ED090A5B4803F089FB96EDF8
:103130000A0A594803F08CFB96ED0B0A564803F037
:103140008FFB099B544893ED000A03F091FB0A9B07
:10315000514893ED000A03F099FB99ED000A4E489F
:1031600003F0A2FB089B4C4893ED000A03F0AAFB76
:103170009BED000A484803F0B3FB059B464893EDDE
:10318000000A03F0BDFB494B434893ED000A03F0EE
:10319000C7FB049B404893ED000A03F0D1FB94ED7C
:1031A000000A3D4803F0DCFB0B993B4803F0E8FBC9
:1031B00039493F4800F0EEFF002858D0364803F068
:1031C00041FA00F0EDFA00283FF474AC15A926226C
:1031D000314804F045FC1FA803F002FA262215A985
:1031E0001FA803F0D3FB12A81FA904F0C9F912A964
:1031F000304806F087FF2F4806F0AAFF12A807F014
:103200006FF857E49FED2C0A234803F073FA9FED03
:103210002A0A214803F07EFA9FED270A1E4803F090
:1032200085FA9FED250A37E79FED230A6CE70246F2
:103230000421224801F092FC0EE50B211F4801F009
:103240003DFDFFF7D1BA1E49F0E61E4805F098FF94
:103250001D4B93ED007B30EE470BCFE6194805F090
:1032600073FF1A4B93ED007B30EE470BBDE6332125
:10327000174809F039FA0F4806F06AFF9EE700BFC9
:1032800000000000000059400000000000000000A5
:1032900088B00020D34D6210D4EF0020C8E8002091
:1032A0001CEB002070EB002000900020C0D6002016
:1032B00000002020C08B002000000000E0E800207B
:1032C000378941009C9F0020889C0020809C002022
:1032D00030840020329801F0A1F8BBE5329B9A427D
:1032E0003FF785AC591C09480091094906F04CFF8D
:1032F000329B01331F937AE40A4620E40549F6E540
:103300000022054801F02AFCFFF76EBAC08B0020AE
:103310004C830020408A0020E0E8002038B5642477
:103320000025172007F07AF9013C0544F9D107EE92
:10333000905ADFED095A9FED096AF8EEE77ADFED62
:10334000086A9FED080A87EEA57A67EE067A67EEAF
:10335000A67A87EE800A38BD80F3C74833335340DE
:1033600033333B41295CAF3F38B56424002513203B
:1033700007F054F9013C0544F9D107EE905ADFED0E
:10338000095A9FED096AF8EEE77ADFED086A9FEDCA
:10339000080A87EEA57A67EE067A67EEA67A87EEC8
:1033A000800A38BD80F3C748333353400AD74741BA
:1033B000295C1F4038B564240025162007F02EF93B
:1033C000013C0544F9D107EE905ADFED056A9FED07
:1033D000057AF8EEE77A87EEA60A20EE070A38BDEE
:1033E00080F3C7483333534038B5642400251B208D
:1033F00007F014F9013C0544F9D107EE905ADFEDCE
:10340000066A9FED067AF8EEE77A87EEA60A20EEC6
:10341000070A30EE000A38BD80F3C7483333534003
:1034200038B564240025122007F0F8F8013C054463
:10343000F9D107EE905A9FED076ADFED076AF8EEC3
:10344000E77A9FED060A87EE867A27EE267A27EE40
:10345000000A38BD80F3C7483333534000007A4434
:103460002DE9F047824C8946824F01218246062091
:1034700090461E4607F06AFB7F4B61683A68A3FBE3
:1034800002326423920C03FB02F263685B1A9A42D5
:10349000FBD80021242007F059FB0021252007F04C
:1034A00055FB754B60683A687149A3FB02324FF4D3
:1034B0007A73920C03FB02F24B681B1A9A42FBD8F8
:1034C00064240025262007F0A9F8013C0544F9D121
:1034D00007EE905A9FED694ADFED694A2420F8EE25
:1034E000E77A01219FED5E6B87EE847A9FED5E5B4C
:1034F00027EE247AB7EEC77A27EE067B87EE056BB8
:10350000B7EEC66B8AED006A07F020FB2146252046
:103510004FF47A7407F01AFB5549574B48683A68DC
:10352000A3FB0232920C04FB02F24B681B1A9A4274
:10353000FBD864240025262007F070F8013C0544E0
:10354000F9D107EE905A9FED4D4ADFED4D4A2146E5
:10355000F8EEE77A24209FED426B87EE847A9FEDA8
:10356000425B27EE247AB7EEC77A27EE067B87EE1A
:10357000056BB7EEC66B89ED006A07F0E7FA01212B
:10358000252007F0E3FA3A493B4B48683A68A3FB29
:1035900002324FF47A73920C03FB02F24B681B1A4F
:1035A0009A42FBD864240025262007F037F8013C16
:1035B0000544F9D107EE905A9FED304ADFED304ACD
:1035C0000121F8EEE77A24204FF47A7487EE847AAA
:1035D0009FED236B9FED245B27EE247AB7EEC77A2D
:1035E00027EE067B87EE056BB7EEC66B88ED006AAB
:1035F00007F0ACFA0121252007F0A8FA1C491E4B60
:1036000048683A68A3FB0232920C04FB02F24B6852
:103610001B1A9A42FBD864240025262006F0FEFFE0
:10362000013C0544F9D107EE905A9FED144ADFEDB5
:10363000144AF8EEE77A9FED0A6B87EE847A9FEDE5
:103640000A5B27EE247AB7EEC77A27EE067B87EE71
:10365000056BB7EEC66B86ED006ABDE8F08700BF6C
:103660000000000000F084400000000000C0924014
:10367000001000E06C8B002083DE1B4380F3C74802
:1036800000404E4508B50021022007F05FFA0021F6
:10369000032007F05BFA0021042007F057FA00210D
:1036A000292007F053FA0021052007F04FFA0021E6
:1036B0000920BDE8084007F0F7BD00BFF6EE007A2C
:1036C000052010B570EEE70AF4EEC00AF1EE10FA2C
:1036D000CCBF01240024214607F038FA204610BD53
:1036E000F8B5069F0D4614461946079E04F082FD64
:1036F0003946284604F07EFD31462046BDE8F840B4
:1037000004F078BDF2EE0A7A0B680133B4EEE71AE2
:103710000B60F1EE10FA23DDF4EEC21AF1EE10FAAE
:103720001EDBF6EE007A10B52DED028B30EEE78A47
:103730000446F0EE408A0520B4EEC80AF1EE10FA15
:103740004CBF0121002107F001FAF4EEC88AF1EE26
:1037500010FA02D5236801332360BDEC028B10BD43
:10376000704700BF037A9A0700D470470021C368EE
:1037700001601970037A23F001029B070272F4D5ED
:10378000C26830B4046845681319A54206D002EB3C
:10379000050C1A46013363451170FAD130BC7047ED
:1037A000014B1878704700BF19F1002010B40B4688
:1037B000046829B113F8012B002AFBD15B1A013BE5
:1037C0009C4203D000205DF8044B7047C26802EBB6
:1037D000040C944508D04B1E12F8011B13F8010F7E
:1037E0008842EFD19445F7D101205DF8044B704732
:1037F0002DE9F04FC04CADF5017DCDE902232368E2
:1038000013F00103CDE9040100F07682DFF808A38C
:1038100008F000FFF8B108F041FFDAF80030C0B25C
:103820000A281CD0A0F10D02B2FA82F25209B2B9F4
:10383000DAF804108B42EBD0DAF80C105C1CCAF8F2
:103840000040C854DAF80C10DAF80030CA5408F016
:10385000E1FE0028DFD10DF5017DBDE8F08F002BE2
:10386000F9D0DAF80C4018AA08210DF1200B2344F6
:1038700000264FF0200817929C42CBF800608BF88E
:103880000860CBF804808BF81060CDE915120CAA03
:10389000CBF80C2000F08780013C03F1FF3935465E
:1038A00015E0DBF80430B3420ED00AF083FFDBF8FA
:1038B0000C30721CCBF800209855DBF80C20DBF89C
:1038C0000030D754DBF800604C4500F0DA8014F883
:1038D000010F202806D0A0F12C07B7FA87F77F093F
:1038E000002FDED0002EEFD0179E33465E4543F802
:1038F000105BC6F804803572F36021D09BF8082075
:10390000DBF80070019202F002021F2FDBF80C10AE
:103910003574009240F21381184620220CF0ECFE20
:10392000202FC6F8008086F8305000F00E81012369
:10393000009A002A40F0F28033729B0700F1F18078
:10394000179BCBF8005034331793DBF80C301D7005
:103950009BF8083023F001029E078BF80820B1D5B0
:10396000DBF80C10DBE90062B24201EB0603ABD0DE
:1039700011441D7001338B42FBD1A3E743F00203D6
:103980002372E168D4E90020904201EB020305D0E4
:1039900001440020187001338B42FBD1179B343354
:1039A0001793DAF80C300021CAF8001019709AF851
:1039B000083023F0010298078AF808200DD5DAF8BC
:1039C0000C00DAE90024944200EB020305D0204405
:1039D0001A46013383421170FAD1DDE91645AC4233
:1039E00000F0DC8145492046FFF7E0FE002840F06A
:1039F0000C8143492046FFF7D9FE002800F0AF8034
:103A0000029A40491378404883F0010313703F4AFB
:103A1000002B18BF0A463E4906F0B6FB9BF808305B
:103A20009D0700F1D380DDE91616B1423FF4F0AEF8
:103A3000343100240A4605E08E4202F134023FF49C
:103A4000E7AE343112F82C3C9807F5D552F8283CF3
:103A500042F8344C1C7012F82C3C23F001009B07F8
:103A600002F82C0CE8D552F8285C52E90D07874281
:103A700005EB0003E0D03D441C700133AB42FBD1A9
:103A8000DAE7002E8DD0234ADDE91634E31A9B10C5
:103A900002FB03F3159A9A4283D023460025202285
:103AA0005C4543F8105B2572E36062603FF476AFDB
:103AB0009BF80820DBF80C1012F00108DBF800700E
:103AC00002F00206257400F0F980202F184628BF66
:103AD00020273A460CF010FE2760C555237A43F0A4
:103AE0000103002E7FF44AAF9D0723723FF549AFD3
:103AF000179B3433179354E7D49C0020A004002074
:103B0000C004002098040020C08B00209C040020EA
:103B10003C060020C54EECC4D4EB002043F0020369
:103B20003372F168D6E90020904201EB02033FF4C2
:103B300007AF01441D7001338B42FBD100E73A46C9
:103B400018460CF0D9FD3760C555019B13F0010FE5
:103B5000337A14BF43F0010303F0FE03E8E6BB49E8
:103B60002046FFF723FE0646002840F0B980B849FA
:103B70002046FFF71BFE002840F0CE80B5492046C6
:103B8000FFF714FE002840F08780B3492046FFF776
:103B90000DFE002840F04581B0492046FFF706FEA3
:103BA000002840F0D880AE492046FFF7FFFD0028EE
:103BB00000F03B812D1B342D00F2968100F040FC7B
:103BC000A8490246A84806F0DFFA27E70021DBF8FB
:103BD0000C30CBF8001019709BF8083023F001026C
:103BE0009C078BF808207FF51EAFDBF80C00DBE9A3
:103BF0000024944200EB02033FF415AF20441A4620
:103C0000013398421170FAD10DE70921974808F065
:103C10006BFD954806F09CFA1121954808F064FD6B
:103C2000914806F095FA1321924808F05DFD8E4800
:103C300006F08EFA1F21904808F056FD8A4806F0DB
:103C400087FA4B218D4808F04FFD874806F080FA2F
:103C500020218B4808F048FD834806F079FA392185
:103C6000884808F041FD804806F072FA3321864802
:103C700008F03AFD7C4806F06BFA3221834808F0E0
:103C800033FD794806F064FA2F21814808F02CFDB5
:103C9000754806F05DFAC1E6039B2D1B1E68342DA6
:103CA0008A9B1F6849D8002E64D0B74262DB3B462E
:103CB000324678496C4806F067FAAFE6202F3D4659
:103CC000184628BF20252A460CF016FD202F256017
:103CD00000F805803FF602AF237A03F0FE0300E709
:103CE00011216D4808F000FD5F4806F031FA42F6F8
:103CF000E06006F0D7FE91E66848694A0360037207
:103D0000037480236749436000F11003C3600123FB
:103D1000236008F0CFFE79E50422314607A8079614
:103D200007F084F9304600F073FB14215E4808F078
:103D3000DBFC4D4806F00CFA70E6206C0AF036FD0C
:103D40000646DDE916239B1A682BACD9506F0AF0A2
:103D50002DFD0746A7E75548554C0378554A83F093
:103D6000010355490370002B18BF22463E4806F058
:103D70000BFA53E6039A8A9B166050491F603B4634
:103D80001268394806F000FA0123059A0498D370A6
:103D9000937053701370FEF7A1F93FE69BF808305B
:103DA00099077FF558AD0020DBF80C30CBF8000008
:103DB00018709BF8083023F001028BF808209A074E
:103DC00000F18280DDE91616B1423FF444AD343192
:103DD00000240A4605E0B14202F134023FF43BAD53
:103DE000343112F82C3C9B07F5D552F8283C42F8A8
:103DF000344C1C7012F82C3C23F001009F0702F891
:103E00002C0CE8D552F8285C52E90D07874205EBE7
:103E10000003E0D03D4418460133AB420470FAD1B0
:103E2000D9E70498FEF73EF9F8E525492046FFF763
:103E3000BDFC002864D02D1B342D67D800F0F4FAA7
:103E400020490246084806F09FF9E7E548060020A9
:103E5000600600207C060020C0060020C40600206A
:103E6000F0120020E4060020C08B0020A4040020F3
:103E7000B0040020C4040020D8040020F80400206E
:103E80004405002068050020A4050020D805002076
:103E90000C060020800600204C060020D4EB0020F9
:103EA00020900020A51700006406002019F10020D2
:103EB000980400209C040020C8060020C484002030
:103EC0002C07002030070020DBE90041DBF80C2044
:103ED000A14202EB04033FF475AF0A4419460133D3
:103EE00093420870FAD16DE7206C0AF05FFC0090F5
:103EF00000F0A0FA009A0B490B4806F045F98DE551
:103F0000E2680A49084806F03FF987E5206C0AF0A4
:103F10004DFC009000F082FA009A0549024806F034
:103F200033F97BE504070020C08B00207C070020CC
:103F30005407002006F0ACBE017800294DD00021C6
:103F400070B5064609202DED028BB0EE408A07F0D1
:103F5000ABF92349234A244B48681268A3FB023279
:103F60006423920C03FB02F24B681B1A9A42FBD8A3
:103F700064240025282006F051FB013C0544F9D1BA
:103F800007EE905A9FED195AB3EE026A96ED017A48
:103F9000F8EEE77AD6ED026AB0EE480A0920C7EEDD
:103FA000855AD6ED037AF8EEE77AA5EEC60A30EE2A
:103FB000477A86ED040AE6EEC77AFDEEE77A17EE59
:103FC000901A81F30801F16007F06EF90A20BDEC48
:103FD000028BBDE8704006F065BD092007F064B9AA
:103FE000001000E06C8B002083DE1B4380F3C74889
:103FF0002DE9F0415B4CA2B007462368DB0740F196
:104000008680594D594E09E005F0B8FC044630460B
:10401000E4B2214606F022FA0A2C06D0284605F022
:104020005BFC03462846002BEED14F4805F0F0FC20
:104030004E49886810B922B0BDE8F08108460023D7
:10404000402212A906F044FA494912A808AD0CF022
:1040500031FD0124464E8046314600200CF02AFDF9
:10406000002860D0013445F8040F0A2CF4D14049EF
:1040700000200CF01FFD70B120213E4808F034FBF9
:104080003D4806F065F83D49384806F083F90020C0
:1040900022B0BDE8F08140460AF088FB034609984B
:1040A0003B600AF07FFB03460A98BB800AF07AFB6C
:1040B00003460B98FB800AF075FB03460C983B8186
:1040C0000AF070FB03460D987B810AF06BFB0346F8
:1040D0000E98BB810AF066FB03460F98FB810AF03D
:1040E00061FB034610983B820AF05CFB0346119883
:1040F0007B820AF057FB3875FFF752FBD0B91F4996
:104100001A4806F047F9012022B0BDE8F0811B49AA
:10411000164806F097F80123194A1A4913482360F4
:1041200008F0C8FC6DE723460A221749124806F03A
:104130002BF8A8E73A7D7B8A388AF989CDE90632DF
:10414000BA897B89CDE904103889F988CDE9023232
:10415000BB883A68CDE900100C49074806F014F80E
:10416000CDE700BFD89C0020308C002068EC0020F8
:104170001C08002050080020C08B0020D88300209D
:1041800020900020218300002008002074080020D7
:10419000704700BFD0E90232F0B59A428BB00446B6
:1041A00006D008462622694603F05AFC064618B98E
:1041B000002630460BB0F0BD2268262123696D46EB
:1041C00008AF01FB023EAC460EF1100E1035BCE804
:1041D0000F00BC454EF8100C4EF80C1C4EF8082C85
:1041E0004EF8043CEFD12868CEF800003046AB888A
:1041F000AEF804302368D4E90221013301328B4246
:1042000008BF0023A26023600BB0F0BD83680BB130
:10421000252A01D800207047844642682620DCF811
:10422000103000FB023330B503F120051C68103359
:1042300053F80CEC103153F8080C53F8042CAB4233
:1042400041F8104C41F80CEC41F8080C41F8042CF2
:10425000ECD11A6801200A609B888B80DCF80C1076
:10426000DCE901320344013A8B4208BF0023CCE968
:10427000013230BD08480023084A094930B441F2F0
:10428000883500F114048360C0E90354C0E90033A9
:1042900030BC08F00FBC00BF0000202020900020A0
:1042A000D1210000000000002DE9F04304468846BB
:1042B0001746002138221E462DED0A8B83B0B0EE42
:1042C00041CAB0EE61BAF0EE42BA159DF0EE62AAB4
:1042D0008DED010AB0EE43AA9DF85090F0EE639A7E
:1042E000B0EE449AF0EE648AB0EE458AF0EE60CA11
:1042F0000CF07EFA4146204601F032FC3946204659
:1043000001F00AFD2046F1B2002601F02BFC3E4BE5
:104310002046197801F028FC3C4B2046198901F011
:1043200025FC9DED010A204601F022FCB0EE6C0A4E
:10433000204601F029FCB0EE4C0A204601F030FC8A
:104340004946204601F038FCB0EE6B0A204601F0E9
:1043500039FCB0EE4B0A204601F040FCB0EE6A0A90
:10436000204601F04BFCB0EE4A0A204601F056FC14
:10437000B0EE690A204601F059FCB0EE490A204629
:1043800001F05CFCB0EE680A204601F05FFCB0EE84
:10439000480A204601F062FC284604F0D5FE20467B
:1043A00001F066FC284604F0EBFE204601F080FC9C
:1043B000D5ED217A204685F87D60B8EEE77B9FED4C
:1043C000106B87EE060BB7EEC00B01F08FFC95F873
:1043D0009410204685F88D6001F090FC296C2046F1
:1043E00085F83D6001F090FC2046296D85F84D6010
:1043F00001F08EFC204603B0BDEC0A8BBDE8F083D3
:104400000000000000005940A0EB00200000202028
:10441000014B1860704700BFA0EB0020014B1860F3
:10442000704700BFFC8F0020014B1868704700BF29
:10443000FC8F0020014B1860704700BF70C6002041
:10444000014B1868704700BF70C6002030B591B0AE
:104450000446159838B14FF0640C149D0CFB05FC14
:10446000BCFBF0F0C0B2169DCDE9000502A8FFF735
:104470001BFF204602A901F0DFFF204611B030BD2E
:104480001D4B1B68002B36D0B0EE607AF0B51B4C8C
:1044900089B01B4E22781B4D4AB92F683268DFF86D
:1044A00080C0D21BACFB0272B3EB921F1FD83368E3
:1044B00002282B604FF0000323701AD8124B53F8D8
:1044C00020201248B7EEC00A114BB7EEC77AB7EEFC
:1044D000C11A002908BF03460E490F4806938DED07
:1044E000041B8DED027B8DED000B05F04DFE09B038
:1044F000F0BD0A4AE5E7704770C600201796002015
:10450000E8F000209CB40020480400209C04002017
:1045100098040020D8070020C08B0020D00700207E
:10452000D34D6210034B04491868044A1B680860A5
:1045300013607047E8F0002084A000209CB40020A5
:104540002DE9F043304CADB09C46304F2378DDF878
:10455000D0902F4E63B92F4B3568D3F800803B685D
:10456000DFF8BCE05B1BAEFB03E3B8EB931F3FD867
:104570003B68336000232370D9F80040002C3AD107
:10458000134600940A46002401463598019010A86D
:10459000CCF80040C9F80040FFF786FE2A2205A9A2
:1045A00010A803F0DBFC21461B4805F0F3F82A2293
:1045B00005A9194804F032FF2146174804F0EAFE25
:1045C000382221461EA80CF013F92A2205A91EA89C
:1045D00001F0AEFB02A81EA901F02EFF02A90F48B0
:1045E00005F090FD0D4805F0B3FD02A805F078FE3A
:1045F0002DB0BDE8F083DCF80030642606FB03F341
:10460000B3FBF4F3DCB2BBE716960020E8F0002021
:1046100084A00020FC8F0020989C0020C08B0020EC
:10462000D34D62102DE9F041894C05462368DB0724
:104630002DED048BC2B040F1AD80864C864E08E073
:1046400005F09CF901463046C9B20A2908D005F0A8
:1046500005FF204605F040F903462046002BEFDC1D
:104660007D49886820B942B0BDEC048BBDE8F0817B
:1046700008460023802222A905F02AFF774922A8B4
:1046800016AE0CF017FA0124744F8046394600200C
:104690000CF010FA002800F08980013446F8040F6D
:1046A0000C2CF3D16D4900200CF004FA80B12221CA
:1046B0006B4808F019F86B4805F04AFD6A496648EE
:1046C00005F068FE002042B0BDEC048BBDE8F0812F
:1046D00040460AF063F8B7EEC00B179885ED000A64
:1046E0000AF05CF8B7EEC00B189885ED010A0AF0E5
:1046F00055F8B7EEC00B199885ED020A0AF04EF88E
:10470000B7EEC00B1A9885ED030A0AF047F8B7EE2A
:10471000C00B1B9885ED040A0AF040F8B7EEC00BF9
:104720001C9885ED050A0AF039F8B7EEC00B1D9804
:1047300085ED060A0AF032F8FDEEC07B1E9817EEF2
:10474000903A2B770AF02AF8B7EEC00B1F9885ED48
:10475000080A0AF023F8B7EEC00B209885ED090A85
:104760000AF01CF8B7EEC00B219885ED0A0A0AF092
:1047700015F8B7EEC00B85ED0B0AFFF711F8E0B99D
:104780003949354805F006FE012042B0BDEC048BE6
:10479000BDE8F0813449304805F054FD0123334A27
:1047A00033492D48236008F085F946E723460C225B
:1047B00030492C4805F0E8FC80E795ED099A95ED25
:1047C0000B8A95ED0A1AB7EEC99AB7EEC88A95ED2D
:1047D000080AB7EEC11A95ED062A95ED053AB7EE2F
:1047E000C00A95ED044AB7EEC22A95ED035AB7EE1A
:1047F000C33A95ED026AB7EEC44A95ED017AB7EE79
:10480000C55AB7EEC66A1C49B7EEC77A15488DED92
:10481000109B8DED148B95ED008A8DED121BB7EE7C
:10482000C81A8DED0E0B95F91C4053EC112B0C940E
:104830008DED0A2B8DED083B8DED064B8DED045B68
:104840008DED026B8DED007B05F09EFC98E700BFBF
:10485000DC9C0020F08C002074EC00201C08002060
:104860003C090020C08B0020D8830020209000202D
:10487000218300000C0900206009002070B5054666
:1048800086B00A200E4606F00DF93B4928463B4CFF
:1048900005F080FD06E005F071F801462846C9B232
:1048A00005F0DCFD204605F017F803462046002BF6
:1048B000F1DCAB681BB90024204606B070BD0622AF
:1048C0002F492E4805F0F6FB2C4805F0A1F8AB68FF
:1048D000132BF0D10021284605F0ECFD0378232BA3
:1048E000E9D103A804230122294605F031FE0398EB
:1048F00000283ED0102200210BF064FD034603A8DF
:10490000338005F0EDFC03A80B230522294605F0B2
:104910001FFE039858B3102200210BF053FD0346ED
:1049200003A8736005F0DCFC0C22122329460DEB72
:10493000020005F00DFE0398B8B1102200210BF023
:1049400041FD034603A8B36005F0CAFCFEF728FF4B
:10495000044608B90124AFE7D6E901313288094895
:104960000091094905F010FCA6E70848E5E707486B
:10497000D1E70648BEE700BFD8830020508D002055
:10498000D4080020C08B0020DC080020408A0020D2
:1049900007F040BE07F082BE07F01ABE084607F0D7
:1049A0008DBE00BF70B584220E46002104460BF078
:1049B0001FFF842200250021A0180BF019FF2946B3
:1049C000862204F59070C4E94255C4E94455C4E90F
:1049D00046550BF00DFF8622294604F5D3700BF0E7
:1049E00007FF2046C4F82C5284F83052C4F83462D1
:1049F00070BD00BFC0F81C11A0F81821A0F8163136
:104A0000704700BF2DE9F0411C4E04460D4690460C
:104A10001B4F33689D4209D9D4F8340203681B69DF
:104A2000BB4221D107F0F6FD0028F2D0D4F83402C1
:104A3000144A03685B6993421DD107F02FFE431CA3
:104A400016D094F82F32C0B294F830220344A8EB69
:104A50000000DBB2B0FA80F01A44400984F82F322B
:104A600084F83022BDE8F08198470028D1D0DDE7F6
:104A70000020BDE8F0819847E1E700BFE8F00020A2
:104A8000D1290000D52900002DE9F04182B00B4664
:104A90000421002401AE144A05460DEB01000194E7
:104AA0000AF056FBDFF844803718D5F8342216F8A0
:104AB000014B136820461B68434511D107F0FEFDEA
:104AC00095F82F22B74295F830321444E4B22344CB
:104AD00085F82F4285F83032E7D102B0BDE8F08189
:104AE000104621469847EBE7500A0020DD290000D8
:104AF0002DE9F04182B000240B46164A6E46054669
:104B0000062168460094ADF804400AF021FBDFF866
:104B100048803718D5F8342216F8014B1368204620
:104B20001B68434511D107F0C9FD95F82F22B74204
:104B300095F830321444E4B2234485F82F4285F8C6
:104B40003032E7D102B0BDE8F081104621469847E7
:104B5000EBE700BF500A0020DD2900002DE9F041FD
:104B600000230446D0F834020F4684F82F3216464C
:104B700084F830320368504D1B68AB4240F08580AA
:104B80003F2007F09BFD94F82F32204694F8302206
:104B900039463F33DBB284F82F32134484F8303285
:104BA000FFF772FFD4F8340203681B68AB426FD181
:104BB0002C2007F083FD94F82F3294F830222C3308
:104BC000D4F83402DBB21A4484F82F3284F830224D
:104BD00003681B687EB1AB4267D1312007F06EFDE0
:104BE00094F82F2294F830323132D2B2134484F840
:104BF0002F22DBB20EE0AB425AD1302007F05EFD2F
:104C000094F82F2294F830323032D2B2134484F820
:104C10002F22DBB2D4F8340284F8303203681B68E8
:104C2000AB423FD13B2007F049FD94F82F122046BC
:104C300094F830323B31C9B20B4484F82F12DBB206
:104C400043EA012184F83032FFF752FFD4F83402EE
:104C500003681B68AB4222D13B2007F02FFD94F87C
:104C60002F3294F830223B33D4F83402DBB21A44AA
:104C700084F82F3284F8302203681B68AB420AD1D3
:104C80000A20BDE8F04107F019BD3F2198477AE7B7
:104C90002C2198478FE70A21BDE8F04118473B21B6
:104CA0009847DCE73B219847BFE73121984797E7D2
:104CB00030219847A4E700BFDD2900002DE9F0412D
:104CC00000230446D0F834020D4684F82F3284F8CD
:104CD00030320368444F1B68BB4278D1232007F071
:104CE000EDFC94F82F32294694F8302220462333E5
:104CF000DBB21A4484F82F3284F83022FFF7C4FE66
:104D000094F886301BB304F1870812E007F0D6FC54
:104D100094F82F12863E94F830320D4494F8862091
:104D2000361BEDB2B2422B4484F82F5284F8303255
:104D30000DDDD4F83422464618F8015F1368284682
:104D40001B68BB42E2D0294610469847E0E7D4F8FA
:104D5000340203681B68BB4242D13B2007F0AEFC23
:104D600094F82F12204694F830323B31C9B20B44EC
:104D700084F82F12DBB243EA012184F83032FFF7C6
:104D8000B7FED4F8340203681B68BB4225D13B2030
:104D900007F094FC94F82F3294F830223B33D4F887
:104DA0003402DBB21A4484F82F3284F830220368CC
:104DB0001B68BB420ED10A2007F080FC0023A4F838
:104DC000843084F8863084F88830BDE8F08123216F
:104DD000984786E70A219847F0E73B219847D9E7AB
:104DE0003B219847BCE700BFDD290000F8B5002350
:104DF0000446D0F834020D4684F82F3284F830325D
:104E000003685B4F1B68BB4240F09E80212007F087
:104E100055FC94F82F32204694F83022294621334D
:104E2000DBB21A4484F82F3284F83022FFF72CFECC
:104E3000D4F8340203681B68BB4240F095802C20F4
:104E400007F03CFC94F82F32204694F830222C33A3
:104E5000B4F81611DBB21A4484F82F3284F83022E9
:104E6000FFF746FED4F8340203681B68BB4278D1D2
:104E70003B2007F023FC94F82F3294F830223B3388
:104E8000B4F81611DBB21A4484F82F3284F83022B9
:104E900009B3002611E007F011FC94F82F12013637
:104EA00094F830320D44B4F81621EDB296422B44FA
:104EB00084F82F5284F830320DDAD4F83422D4F842
:104EC0001C1113688D5D1B682846BB42E3D0294640
:104ED00010469847E1E7D4F8340203681B68BB42E8
:104EE0003CD13B2007F0EAFB94F82F12204694F8BF
:104EF00030323B31C9B20B4484F82F12DBB243EAA3
:104F0000012184F83032FFF7F3FDD4F8340203684E
:104F10001B68BB421FD13B2007F0D0FB94F82F3217
:104F200094F830223B33D4F83402DBB21A4484F8CC
:104F30002F3284F8302203681B68BB4207D10A2055
:104F400007F0BCFB0120F8BD2121984761E70A2149
:104F500098470120F8BD3B219847DFE73B21984760
:104F6000C2E73B21984786E72C2198476AE700BFB4
:104F7000DD290000D0F81C310BB1FFF737BF184610
:104F8000704700BF2DE9F041002384B0DFF8BC80FA
:104F900004462B4E0D462B4FADF80C30CDE90133B6
:104FA00033689D4221D9019B042B1ED8D4F83402CA
:104FB00003689B69BB4226D107F00AFB431CEFD074
:104FC000C3B23B2B11D0D4F8340203685B6943456C
:104FD0001BD107F063FB019B5A1C10336B440192F9
:104FE00003F8080C33689D42DDD8D4F83402036816
:104FF0005B69434521D107F051FB3B2807D00020D6
:1050000004B0BDE8F0819847D8E79847E3E701AAE4
:105010000D4902A80BF0E4F90128F0D1019BB3F58A
:10502000803FECD2B4F82F0240BA80B2C01AB0FA76
:1050300080F0400904B0BDE8F0819847DDE700BF8B
:10504000E8F00020D9290000500A0020D5290000EE
:105050002DE9F041002382B0524D8046524E0C465D
:10506000524FCDE900332B689C4233D9019B022B70
:1050700030D8D8F8340203689B69B3423BD107F0BB
:10508000A7FA431CEFD0C3B22C2B23D03B2B21D04B
:10509000D8F8340203685B69BB422ED107F0FEFAF0
:1050A000421CE0D0019AC0B298F82F3202F1010CF4
:1050B0000832034498F830126A44CDF804C0DBB2D9
:1050C00002F8080C88F82F325A182B6888F830221A
:1050D0009C42CBD8D8F8340203689B69B3424FD1C5
:1050E00007F076FAC0B22C2809D03B2807D0002060
:1050F00002B0BDE8F0819847C3E79847D0E701AA1E
:105100002B4968460BF06CF90128F0D1019BFF2B6D
:10511000EDD8264E88F800302B689C42E7D9D8F8A5
:10512000340203685B69B34228D107F0B7FAC2B210
:105130000130F1D098F82F323B2A98F830121344FE
:10514000DBB2194488F82F3288F830121AD02C2A92
:1051500004D198F80130013388F8013098F8023012
:10516000591C434488F802101A712B689C42BED91E
:10517000D8F8340203685B69B342D6D09847D6E7C3
:105180009847AFE798F80230002221464046434452
:105190001A7188F80220FFF7F5FE0346012088F80F
:1051A0000330A5E7E8F00020D9290000D529000048
:1051B000500A002000232DE9F043474F83B00446F6
:1051C0001D460E46DFF81881DFF81891CDE900334F
:1051D0003B689E422FD9019B022B2CD8D4F8340275
:1051E00003689B69434532D107F0F2F9421CEFD0C6
:1051F000C5B22C2D1FD0D4F8340203685B694B452F
:1052000027D107F04BFA411CE2D0C5B2019A94F8BD
:105210002F32501C08322B4494F830126A4401900B
:10522000DBB202F8085C84F82F325A183B6884F825
:1052300030229E42CFD82C2231462046FFF7E2FB97
:10524000804640B90025284603B0BDE8F083984762
:10525000CCE79847D7E701AA204968460BF0C0F889
:105260000128EFD1019BFF2BECD8DFF8789084F870
:105270002C323B689E4215D9D4F8340203685B692E
:105280004B4524D107F00AFA431CF2D094F82F3290
:10529000C5B294F830222B44DBB21A4484F82F3282
:1052A00084F83022302D14D0312DCBD13B22314621
:1052B000204684F82D82FFF7A5FB05460028C1D0C3
:1052C00031462046FFF75EFE84F82E02BBE7984782
:1052D000DAE74FF00008E9E7E8F00020500A002084
:1052E000D9290000D52900002DE9F041002384B020
:1052F000D0F8102100930293ADF80C300193A0F880
:105300000A3180F80831002A50D080460C467D4D85
:105310007D4E7E4F2B689C4231D9019B022B2ED8AB
:10532000D8F8340203689B69B34235D107F050F9CD
:10533000411CEFD0C3B22C2B21D0D8F83402036823
:105340005B69BB422AD107F0A9F9431CE2D0019A5C
:10535000C0B298F82F3202F1010C1032034498F8D1
:1053600030126A44CDF804C0DBB202F8100C88F8A1
:105370002F325A182B6888F830229C42CDD82B68DF
:105380009C420DD8D8F8340200250368DB689847A2
:10539000284604B0BDE8F0819847C9E79847D4E7AC
:1053A0002C2221464046FFF72DFB20B90025284638
:1053B00004B0BDE8F08101AA554968460BF010F829
:1053C0000128F3D1019BFF2BF0D888F80831002386
:1053D0004D4E4E4F01932B689C4232D9019B042BBA
:1053E0002FD8D8F8340203689B69B34240F0838019
:1053F00007F0EEF8431CEED0C0B23B2821D0D8F81D
:10540000340203685B69BB4277D107F047F9421C5D
:10541000E1D0C0B298F82F3298F830120344019AC4
:10542000DBB288F82F320B4488F83032531C0193DA
:1054300002F110030DEB03022B689C4202F8080CEA
:10544000CCD82B689C429DD93B2221464046FFF791
:10545000D9FA0028AAD001AA2D4902A80AF0C0FF53
:105460000128A3D1019BB3F5803F9FD29BB2B8F82E
:105470000C219A42A8F80A3184D30023234E0193C9
:105480002B689C4223D9B8F80A21019B9A421ED965
:10549000D8F8340203685B69B34230D107F0FEF8F4
:1054A000C2B20130ECD098F82F3298F83012134481
:1054B000DBB288F82F320B44D8F8101188F830325C
:1054C000019B581C0190CA542B689C42DBD82B6866
:1054D0009C427FF657AF3B2221464046FFF792FAA7
:1054E000054600283FF462AF21464046FFF74AFDDB
:1054F00088F80E015BE798477CE7984787E798476D
:10550000CEE700BFE8F00020D9290000D52900002F
:10551000500A00202DE9F041002384B0844D8046DC
:10552000844E0C46844F00930293ADF80C300193E7
:10553000A0F8223180F820312B689C4231D9019BA0
:10554000022B2ED8D8F8340203689B69B34235D1B8
:1055500007F03EF8411CEFD0C3B22C2B21D0D8F875
:10556000340203685B69BB422AD107F097F8431CF9
:10557000E2D0019AC0B298F82F3202F1010C103239
:10558000034498F830126A44CDF804C0DBB202F844
:10559000100C88F82F325A182B6888F830229C4259
:1055A000CDD82B689C420DD8D8F83402002503686A
:1055B000DB689847284604B0BDE8F0819847C9E702
:1055C0009847D4E72C2221464046FFF71BFA0028D3
:1055D00000F0A38001AA594968460AF001FF01289A
:1055E00040F09B80019BFF2B00F2978088F82031D0
:1055F0000023504E504F01932B689C4232D9019B9F
:10560000042B2FD8D8F8340203689B69B34240F0CA
:10561000898006F0DDFF431CEED0C0B23B2821D0CC
:10562000D8F8340203685B69BB427DD107F036F8D5
:10563000421CE1D0C0B298F82F3298F830120344DF
:10564000019ADBB288F82F320B4488F83032531CB1
:10565000019302F110030DEB03022B689C4202F848
:10566000080CCCD82B689C429ED93B222146404650
:10567000FFF7C8F9002850D001AA304902A80AF063
:10568000AFFE012849D1019B4FF6FE72934244D8E8
:105690000022294EA8F8223101922B689C4225D97C
:1056A000019BB8F822219A4220D97E2B1ED8D8F827
:1056B000340203685B69B34238D106F0EFFFC2B22F
:1056C0000130EAD098F82F3298F830121344DBB248
:1056D00088F82F320B4488F83032019B591C434420
:1056E00083F825212B6801919C42D9D82B689C42D4
:1056F0007FF65AAF019B00213B224046434483F88A
:1057000025112146FFF77EF9054630B12146404676
:10571000FFF738FC88F824014CE70025284604B040
:10572000BDE8F081984776E7984781E79847C6E754
:10573000E8F00020D9290000D5290000500A0020F7
:105740002DE9F84300230446D0F834022380A370E7
:1057500023710368384A1B69934249D106F05AFF06
:10576000002842D0DFF8D8800027D8F80050D8F8B9
:10577000003005F1640984F82F7284F8307299457D
:1057800033D92E4ED4F8340203685B69B34250D14A
:1057900006F084FFC2B2013027D094F82F3294F87B
:1057A00030121344213ADBB284F82F320B4484F8D0
:1057B00030321E2A11D8DFE802F01D262E101010FC
:1057C00010101010101010101010101010101010D9
:1057D00010101010101010103400D8F8003084F899
:1057E0002F72994584F83072CCD80020BDE8F88338
:1057F0009847B5E705F57A712046FFF775FD002853
:10580000F3D00320F2E749462046FFF783FE8000ED
:10581000C0B2BDE8F88349462046BDE8F843FFF72B
:1058200017BC49462046FFF7C5FC4000C0B2BDE8A2
:10583000F8839847AEE700BFD1290000D5290000C2
:10584000E8F0002030B590F802C00C4685B0002288
:105850000CF1010300EB0C010092DBB283700979BB
:105860002C29CDE90122CDF80B201FD10CF10A0C17
:105870005FFA8CFC63452BD811460DF1040E1546DA
:10588000C21801331279DBB22C2A1DD0E2B1634574
:1058900005F101054FF0010183700EF8012BEFD9DE
:1058A0001844009502792C2A03D012B1002005B0CB
:1058B00030BD6A46084901A80AF092FD0128F5D1D9
:1058C000009B236005B030BD0029ECD00095EAE7CD
:1058D00018440279E7E700BF500A002070B58278CB
:1058E0000D4684B00024531C81180294DBB28DF85D
:1058F0000C400194837009792C291CD1111DC9B267
:105900008B422DD80DF1080C2646C21801331279AE
:10591000DBB22C2A20D0FAB18B4206F101064FF0FF
:10592000010483700CF8012BEFD918440196027919
:105930002C2A03D012B1002004B070BD01AA0A497C
:1059400002A80AF04DFD0128F5D1019B03F1800268
:10595000FF2AF0D82B70EFE7002CE9D00196E7E79B
:1059600018440279E4E700BF540A002030B590F8EB
:1059700002C00C4685B000220CF1010300EB0C01C3
:105980000092DBB20392837009792C29CDE90122C0
:105990001FD10CF10B0C5FFA8CFC63452BD8114620
:1059A0000DF1040E1546C21801331279DBB22C2A10
:1059B0001DD0E2B1634505F101054FF0010183708F
:1059C0000EF8012BEFD91844009502792C2A03D048
:1059D00012B1002005B030BD6A46084901A80AF09E
:1059E000FFFC0128F5D1009B236005B030BD0029E4
:1059F000ECD00095EAE718440279E7E7540A002062
:105A000010B5002386B090F802C0002204930593DD
:105A1000019200EB0C02CDE902330CF10103DBB281
:105A2000837012792C2A18D10CF10F0C0C465FFAF6
:105A30008CFC63450CD802A9C21801331279DBB281
:105A40002C2A0DD032B16345837001F8012BF3D9B4
:105A5000184402792C2A03D012B1002006B010BDE0
:105A600001AA054902A80AF0BBFC0128F5D1019B57
:105A7000236006B010BD00BF580A002010B50446D0
:105A8000FEF790FF204610BDF0B585B00E460746E4
:105A9000154601A91C46FFF769FF10B9002005B0A3
:105AA000F0BD02A93846FFF761FF0028F6D003A930
:105AB0003846FFF7A5FF0028F0D069463846FFF7C3
:105AC0000DFF0028EAD00DF101013846FFF706FF6F
:105AD0000028E3D00DF102013846FFF7FFFE002851
:105AE000DCD00DF103013846FFF7F8FE0028D5D0D1
:105AF000019B039A3360029B9DF801102B6022608A
:105B00009DF800300A9A0B9C137021709DF80220BA
:105B10000C999DF803300A700D9A1370BFE700BF0F
:105B200010B582B00C4601A9FFF76AFF08B1019BCE
:105B3000236002B010BD00BF10B582B00446084615
:105B400001910BF07DFC83B2019920461A46FEF7C5
:105B500051FF0C21204602B0BDE81040FFF70ABA01
:105B60000180704781707047C170704781807047B5
:105B7000F2EE047A20EE270AFDEEC07A17EE903A94
:105B800083F3080383717047F2EE047A20EE270A4C
:105B9000FDEEC07A17EE903A83F30803C3717047A5
:105BA000F2EE047A20EE270AFDEEC07A17EE903A64
:105BB00083F30803037270476429A8BF642141720C
:105BC000704700BFF3EE047A20EE270AFDEEC07A9C
:105BD00017EE903A83F3070383727047DFED067A7E
:105BE00030EE270A30EE000AFDEEC07A17EE903A4A
:105BF00083F30903838170470000C842DFED067A12
:105C000030EE270A30EE000AFDEEC07A17EE903A29
:105C100083F30903C38170470000C842FDEEC07AD8
:105C200017EE903A83F30C0303827047FDEEC07ABF
:105C300017EE903A83F30C0343827047FDEEC07A6F
:105C400017EE903A83F30C0383827047FDEEC07A1F
:105C500017EE903A83F30C03C3827047FDEEC07ACF
:105C600017EE903A83F30C030383704700000000A3
:105C70009FED096B9FED0A7B0B4A30EE060B20EE81
:105C8000070BFDEEC07B17EE903A9342A8BF134678
:105C900023EAE373C36170470000000000805640B0
:105CA000000000000088C34040771B000000000097
:105CB0009FED096B9FED0A7B0B4A30EE060B20EE41
:105CC000070BFDEEC07B17EE903A9342A8BF134638
:105CD00023EAE3730362704700000000008066401F
:105CE000000000000088C34080EE3600FDEEC07A60
:105CF00017EE903A83F31003838470471F29A8BFDF
:105D00001F2180F82610704781F3130181627047CC
:105D100081F31901C1627047002300F1300C036365
:105D2000436319B1072260460AF060BE704700BFA6
:105D3000292A01D8002070474FF0000C04232DE9D8
:105D4000F0430646E646102001279842054611F822
:105D50000C2028BF1D465B1B07FA05F4082DA0EB9D
:105D6000050042FA03F204F1FF34C0B204EA02046F
:105D700018BFE2B213F0FF0302FA00F202D10CF1F5
:105D8000010C08234EEA02021FFA82FE0028DCD131
:105D900004240127A6F800E09C42A64611F80C2036
:105DA00028BF9E46A3EB0E0307FA0EF5BEF1080FBF
:105DB000A4EB0E0442FA03F205F1FF35E4B205EA62
:105DC000020518BFEAB213F0FF0302FA04F202D18F
:105DD0000CF1010C08230243D0B2002CDCD1B070CE
:105DE000012708209842864611F80C2028BF9E46BD
:105DF000A3EB0E0307FA0EF5BEF1080FA0EB0E00A1
:105E000042FA03F205F1FF35C0B205EA020518BFF8
:105E1000EAB213F0FF0302FA00F202D10CF1010C16
:105E200008232243D4B20028DCD1F4704FF0010ED5
:105E300010249C42274611F80C2028BF1F46DB1B6C
:105E40000EFA07F5082FA4EB070442FA03F205F156
:105E5000FF35E4B205EA020518BFEAB213F0FF030A
:105E600002FA04F202D10CF1010C0823024390B2B1
:105E7000002CDED1B080012708209842864611F818
:105E80000C2028BF9E46A3EB0E0307FA0EF5BEF1C9
:105E9000080FA0EB0E0042FA03F205F1FF35C0B285
:105EA00005EA020518BFEAB213F0FF0302FA00F296
:105EB00002D10CF1010C08232243D4B20028DCD11A
:105EC000B471012708249C42A64611F80C2028BF73
:105ED0009E46A3EB0E0307FA0EF5BEF1080FA4EBE6
:105EE0000E0442FA03F205F1FF35E4B205EA0205B9
:105EF00018BFEAB213F0FF0302FA04F202D10CF168
:105F0000010C08230243D0B2002CDCD1F071012730
:105F100008209842864611F80C2028BF9E46A3EB25
:105F20000E0307FA0EF5BEF1080FA0EB0E0042FAC1
:105F300003F205F1FF35C0B205EA020518BFEAB267
:105F400013F0FF0302FA00F202D10CF1010C082356
:105F50002243D4B20028DCD13472012707249C42AA
:105F6000A64611F80C2028BF9E46A3EB0E0307FAA5
:105F70000EF5BEF1080FA4EB0E0442FA03F205F190
:105F8000FF35E4B205EA020518BFEAB213F0FF03D9
:105F900002FA04F202D10CF1010C08230243D0B240
:105FA000002CDCD17072012707209842864611F838
:105FB0000C2028BF9E46A3EB0E0307FA0EF5BEF198
:105FC000080FA0EB0E0042FA03F205F1FF35C0B254
:105FD00005EA020518BFEAB213F0FF0302FA00F265
:105FE00002D10CF1010C08232243D4B20028DCD1E9
:105FF000864601270920B4729842054611F80C2004
:1060000028BF1D465B1B07FA05F4082DA0EB050011
:1060100042FA03F204F1FF34C0B204EA020418BFEA
:10602000E2B213F0FF0302FA00F202D10CF1010C0C
:1060300008234EEA02021FFA82FE0028DCD109245E
:106040000127A6F80CE09C42A64611F80C2028BFB8
:106050009E46A3EB0E0307FA0EF5BEF1080FA4EB64
:106060000E0442FA03F205F1FF35E4B205EA020537
:1060700018BFEAB213F0FF0302FA04F202D10CF1E6
:10608000010C0823024390B2002CDCD1F0814FF0C8
:10609000010E0C209842074611F80C2028BF1F461D
:1060A000DB1B0EFA07F5082FA0EB070042FA03F2FC
:1060B00005F1FF35C0B205EA020518BFEAB213F0D8
:1060C000FF0302FA00F202D10CF1010C0823224373
:1060D00094B20028DED1348201270C249C42A646CB
:1060E00011F80C2028BF9E46A3EB0E0307FA0EF50D
:1060F000BEF1080FA4EB0E0442FA03F205F1FF35DE
:10610000E4B205EA020518BFEAB213F0FF0302FA8F
:1061100004F202D10CF1010C0823024390B2002CCE
:10612000DCD170824FF0010E0C209842074611F826
:106130000C2028BF1F46DB1B0EFA07F5082FA0EB2B
:10614000070042FA03F205F1FF35C0B205EA020585
:1061500018BFEAB213F0FF0302FA00F202D10CF109
:10616000010C0823224394B20028DED1B482012717
:1061700004460C209842864611F80C2028BF9E4603
:10618000A3EB0E0307FA0EF5BEF1080FA0EB0E000D
:1061900042FA03F205F1FF35C0B205EA020518BF65
:1061A000EAB213F0FF0302FA00F202D10CF1010C83
:1061B0000823224394B20028DCD1864601270C2014
:1061C000F4829842054611F80C2028BF1D465B1B3F
:1061D00007FA05F4082DA0EB050042FA03F204F1DA
:1061E000FF34C0B204EA020418BFE2B213F0FF03A6
:1061F00002FA00F202D10CF1010C08234EEA02026D
:106200001FFA82FE0028DCD10746A6F818E0152008
:106210004FF0010E9842044611F80C2028BF1C468E
:106220001B1B0EFA04F5082CA0EB040042FA03F243
:1062300005F1FF35C0B2D2B218BF2A4013F0FF03F8
:1062400002FA00F202D10CF1010C082317430028D6
:10625000E0D104464FF0010E1620F7619842054642
:1062600011F80C2028BF1D465B1B0EFA05F7082D00
:10627000A0EB050042FA03F207F1FF37C0B2D2B239
:1062800018BF3A4013F0FF0302FA00F202D10CF1FA
:10629000010C082314430028E0D1346201271024A4
:1062A0009C42A64611F80C2028BF9E46A3EB0E0385
:1062B00007FA0EF5BEF1080FA4EB0E0442FA03F242
:1062C00005F1FF35E4B205EA020518BFEAB213F0A2
:1062D000FF0302FA04F202D10CF1010C082302437D
:1062E00090B2002CDCD1B08401270520984286466C
:1062F00011F80C2028BF9E46A3EB0E0307FA0EF5FB
:10630000BEF1080FA0EB0E0042FA03F205F1FF35D3
:10631000C0B205EA020518BFEAB213F0FF0302FAA1
:1063200000F202D10CF1010C08232243D4B2002860
:10633000DCD107464FF0010E132086F82640984224
:10634000044611F80C2028BF1C461B1B0EFA04F54E
:10635000082CA0EB040042FA03F205F1FF35C0B2AD
:10636000D2B218BF2A4013F0FF0302FA00F202D1A2
:106370000CF1010C082317430028E0D119244FF039
:10638000010EB7629C42254611F80C2028BF1D461D
:106390005B1B0EFA05F7082DA4EB050442FA03F285
:1063A00007F1FF37E4B2D2B218BF3A4013F0FF034F
:1063B00002FA04F202D10CF1010C08231043002C64
:1063C000E0D1F06206F1370706F12F0001254FF00A
:1063D000000808249C42A14611F80C2028BF9946C9
:1063E000A3EB090305FA09FEB9F1080FA4EB0904B0
:1063F00042FA03F20EF1FF3EE4B20EEA020E18BFBB
:106400005FFA8EF213F0FF0302FA04F202D10CF1EC
:10641000010C082348EA02025FFA82F8002CD9D165
:1064200000F8018F8742D2D1012086F83740BDE8BD
:10643000F08300BF0000000010B52DED068B8B78B7
:10644000FEB00446022B00F2B480614A52F82330B9
:1064500091ED077AF2EE046A8A7AB3EE046AB8EE36
:10646000474B07EE902A0A7AF6EE000A07EE102A4A
:10647000F8EEE77A8A89B8EEC77A87EE862A02EEC6
:10648000902ACA8907EE902A0A8B87EE266A09EEBF
:10649000102A9FED507ACA8A08EE102A8A8AF8EEEE
:1064A000E77AB8EE499B0AEE102AF8EEE22AB0EE3F
:1064B000470AA7EEA07AB8EE488BA2EEA00AB8EE83
:1064C0004AABB7EEC22A9FED3C3B8DED1A9B4A8A40
:1064D000B7EEC77A84EE035B09EE102AB8EE499B4B
:1064E000B7EEC00A8DED188B0A8A9FED351B08EEBA
:1064F000102A8DED16AB8DED149BB8EE488B4A7AC1
:106500008DED107BB7EEC67A0A9201F130028DED67
:106510000E0B8DED0C2B8DED087B8DED128B9FED11
:106520002A4B35EE415B8DED1C5BD1ED087A888CF2
:10653000B8EE675B85EE037B05EE100AB8EE455BAF
:106540008DED205BC86A2490886A239091F826001C
:10655000229037EE447B8DED1E7BC87901938B79B9
:1065600007EE100A009226A807EE903AB8EEC77A16
:106570000B88F8EEE77A8A8887EE266AC978039254
:1065800002914FF4AF71144A87EEA67AB7EEC66A4D
:106590008DED066BB7EEC77A8DED047B08F0D8FD64
:1065A00026A9204603F04EFE20467EB0BDEC068BA9
:1065B00010BD0A4B4CE700BF000000000088C3403C
:1065C000000000000080564000000000008066408F
:1065D000C41000200000C8C2680C0020D0070020B2
:1065E0000022028042808280C280028142818281B8
:1065F000C281028242828282C28202834283828379
:10660000C28380F82020428480F82420C28402853E
:1066100042858285C285028642868286C28602873C
:1066200042878287C287A0F84020A0F84220A0F8C5
:106630004420A0F8462080F848207047002380F8C6
:106640002430704790F82430013303F0070380F8BA
:106650002430704781F3100101807047FDEEC07A4D
:1066600017EE903A83F31003438070470000000058
:106670009FED057B20EE070BFDEEC07B17EE903AF9
:1066800003F30F038380704700000000006AE840B6
:106690009FED057B20EE070BFDEEC07B17EE903AD9
:1066A00003F30F03C380704700000000006AE84056
:1066B0000F29A8BF0F210172704700BF81F30401A9
:1066C00041727047418170478181704740F6FF7386
:1066D0009942A8BF1946C181704700BF81F31801D4
:1066E00009120182704700BF81F31801091241822B
:1066F000704700BFDFED067A30EE270A20EE270A4A
:10670000FDEEC07A17EE903A83F310038382704750
:106710000000C842F2EE047A20EE270AFDEEC07AAD
:1067200017EE903A83F31003C3827047DFED057ACA
:1067300020EE270AFDEEC07A17EE903A83F310039D
:10674000038370470000C842DFED067A30EE270A67
:1067500020EE270AFDEEC07A17EE903A83F310037D
:10676000438370470000C842F2EE047A20EE270A05
:10677000FDEEC07A17EE903A83F30A0383837047E5
:10678000DFED057A20EE270AFDEEC07A17EE903A8B
:1067900083F30C03C38370470000C842F2EE047A0F
:1067A00020EE270AFDEEC07A17EE903A83F3080335
:1067B00080F82030704700BFDFED057A20EE270A11
:1067C000FDEEC07A17EE903A83F30A0343847047D4
:1067D00000007A44C1847047018570474185704745
:1067E00081857047C185704701867047DFED087A63
:1067F00048F6A04220EE270AFDEEC07A17EE903A46
:106800009342A8BF134623EAE3734386704700BF51
:106810000000C842DFED057A20EE270AFDEEC07ABF
:1068200017EE903A83F310038386704700007A4492
:10683000FDEEC07A17EE903A83F31003C3867047DB
:10684000FDEEC07A17EE903A83F31003038770478A
:10685000FDEEC07A17EE903A83F31003438770473A
:10686000FDEEC07A17EE903A83F3100383877047EA
:10687000F5EE007A20EE270AFDEEC07A17EE903A88
:1068800083F3080380F83E30704700BFF5EE007ACE
:1068900020EE270AFDEEC07A17EE903A83F3080344
:1068A00080F83F30704700BFF5EE007A20EE270AEF
:1068B000FDEEC07A17EE903A83F3080380F840307B
:1068C000704700BFF5EE007A20EE270AFDEEC07A91
:1068D00017EE903A83F3080380F84130704700BF09
:1068E000DFED067A20EE270AFDEEC07A17EE903A29
:1068F00083F3080380F84230704700BF000048422D
:10690000DFED067A30EE270AFDEEC07A17EE903AF8
:1069100083F3080380F84330704700BF0000C8428B
:10692000DFED067A30EE270AFDEEC07A17EE903AD8
:1069300083F3080380F84430704700BF0000C8426A
:10694000DFED067A30EE270AFDEEC07A17EE903AB8
:1069500083F3080380F84530704700BF0000C84249
:10696000DFED067A20EE270AFDEEC07A17EE903AA8
:1069700083F30C03A0F84630704700BF0000C84204
:106980000F29A8BF0F2180F848107047252A01D889
:10699000002070472DE9F04101228646087808233F
:1069A0000027102400F00F0016468EF824009C42A9
:1069B000A04611F802C028BF9846A3EB080306FAC8
:1069C00008F5B8F1080FA4EB08044CFA03FC05F134
:1069D000FF35E4B205EA0C0518BF5FFA85FC13F039
:1069E000FF030CFA04FC01D10132082347EA0C0C26
:1069F0001FFA8CF7002CDAD1AEF8007010250127B1
:106A00009D42A84611F802C028BF9846A3EB080390
:106A100007FA08F6B8F1080FA5EB08054CFA03FCD5
:106A200006F1FF36EDB206EA0C0618BF5FFA86FCE7
:106A300013F0FF030CFA05FC01D10132082344EAEC
:106A40000C0C1FFA8CF4002DDAD1AEF802400127AD
:106A500010249C42A04611F802C028BF9846A3EB20
:106A6000080307FA08F6B8F1080FA4EB08044CFA7B
:106A700003FC06F1FF36E4B206EA0C0618BF5FFA23
:106A800086FC13F0FF030CFA04FC01D10132082349
:106A900045EA0C0C1FFA8CF5002CDAD1AEF8045044
:106AA000012710259D42A84611F802C028BF98462C
:106AB000A3EB080307FA08F6B8F1080FA5EB0805E1
:106AC0004CFA03FC06F1FF36EDB206EA0C0618BFDD
:106AD0005FFA86FC13F0FF030CFA05FC01D10132CA
:106AE000082344EA0C0C1FFA8CF4002DDAD1AEF81E
:106AF0000640012704249C42A04611F802C028BF8A
:106B00009846A3EB080307FA08F6B8F1080FA4EBC0
:106B100008044CFA03FC06F1FF36E4B206EA0C0660
:106B200018BF5FFA86FC13F0FF030CFA04FC01D1D6
:106B30000132082345EA0C0C5FFA8CF5002CDAD1FF
:106B40008EF80850012704259D42A84611F802C07E
:106B500028BF9846A3EB080307FA08F6B8F1080F18
:106B6000A5EB08054CFA03FC06F1FF36EDB206EA88
:106B70000C0618BF5FFA86FC13F0FF030CFA05FC45
:106B800001D10132082344EA0C0C5FFA8CF4002D89
:106B9000DAD18EF80940012710249C42A04611F852
:106BA00002C028BF9846A3EB080307FA08F6B8F11D
:106BB000080FA4EB08044CFA03FC06F1FF36E4B21C
:106BC00006EA0C0618BF5FFA86FC13F0FF030CFA06
:106BD00004FC01D10132082345EA0C0C1FFA8CF5A4
:106BE000002CDAD1AEF80A50012710259D42A846A4
:106BF00011F802C028BF9846A3EB080307FA08F66D
:106C0000B8F1080FA5EB08054CFA03FC06F1FF36B6
:106C1000EDB206EA0C0618BF5FFA86FC13F0FF031C
:106C20000CFA05FC01D10132082344EA0C0C1FFACE
:106C30008CF4002DDAD1AEF80C40012710249C42D0
:106C4000A04611F802C028BF9846A3EB080307FA34
:106C500008F6B8F1080FA4EB08044CFA03FC06F19F
:106C6000FF36E4B206EA0C0618BF5FFA86FC13F0A2
:106C7000FF030CFA04FC01D10132082345EA0C0C95
:106C80001FFA8CF5002CDAD1AEF80E500127102532
:106C90009D42A84611F802C028BF9846A3EB0803FE
:106CA00007FA08F6B8F1080FA5EB08054CFA03FC43
:106CB00006F1FF36EDB206EA0C0618BF5FFA86FC55
:106CC00013F0FF030CFA05FC01D10132082344EA5A
:106CD0000C0C1FFA8CF4002DDAD1AEF8104001270D
:106CE00010249C42A04611F802C028BF9846A3EB8E
:106CF000080307FA08F6B8F1080FA4EB08044CFAE9
:106D000003FC06F1FF36E4B206EA0C0618BF5FFA90
:106D100086FC13F0FF030CFA04FC01D101320823B6
:106D200045EA0C0C1FFA8CF5002CDAD1AEF81250A3
:106D3000012710259D42A84611F802C028BF984699
:106D4000A3EB080307FA08F6B8F1080FA5EB08054E
:106D50004CFA03FC06F1FF36EDB206EA0C0618BF4A
:106D60005FFA86FC13F0FF030CFA05FC01D1013237
:106D7000082344EA0C0C1FFA8CF4002DDAD1AEF88B
:106D80001440012710249C42A04611F802C028BFDD
:106D90009846A3EB080307FA08F6B8F1080FA4EB2E
:106DA00008044CFA03FC06F1FF36E4B206EA0C06CE
:106DB00018BF5FFA86FC13F0FF030CFA04FC01D144
:106DC0000132082345EA0C0C1FFA8CF5002CDAD1AD
:106DD000AEF81650012710259D42A84611F802C0B2
:106DE00028BF9846A3EB080307FA08F6B8F1080F86
:106DF000A5EB08054CFA03FC06F1FF36EDB206EAF6
:106E00000C0618BF5FFA86FC13F0FF030CFA05FCB2
:106E100001D10132082344EA0C0C1FFA8CF4002D36
:106E2000DAD1AEF81840012710249C42A04611F890
:106E300002C028BF9846A3EB080307FA08F6B8F18A
:106E4000080FA4EB08044CFA03FC06F1FF36E4B289
:106E500006EA0C0618BF5FFA86FC13F0FF030CFA73
:106E600004FC01D10132082345EA0C0C1FFA8CF511
:106E7000002CDAD1AEF81A50012725460A249C428C
:106E8000A04611F802C028BF9846A3EB080307FAF2
:106E900008F6B8F1080FA4EB08044CFA03FC06F15D
:106EA000FF36E4B206EA0C0618BF5FFA86FC13F060
:106EB000FF030CFA04FC01D10132082345EA0C0C53
:106EC0001FFA8CF5002CDAD1AEF81C5001270C25E6
:106ED0009D42A84611F802C028BF9846A3EB0803BC
:106EE00007FA08F6B8F1080FA5EB08054CFA03FC01
:106EF00006F1FF36EDB206EA0C0618BF5FFA86FC13
:106F000013F0FF030CFA05FC01D10132082344EA17
:106F10000C0C1FFA8CF4002DDAD1AEF81E400127BC
:106F200008249C42A04611F802C028BF9846A3EB53
:106F3000080307FA08F6B8F1080FA4EB08044CFAA6
:106F400003FC06F1FF36E4B206EA0C0618BF5FFA4E
:106F500086FC13F0FF030CFA04FC01D10132082374
:106F600045EA0C0C5FFA8CF5002CDAD18EF8205033
:106F700001270A259D42A84611F802C028BF98465D
:106F8000A3EB080307FA08F6B8F1080FA5EB08050C
:106F90004CFA03FC06F1FF36EDB206EA0C0618BF08
:106FA0005FFA86FC13F0FF030CFA05FC01D10132F5
:106FB000082344EA0C0C1FFA8CF4002DDAD1AEF849
:106FC000224007284AD8DFE810F00800560298024D
:106FD0001402D2019001EE004C000027102501267A
:106FE0009D422C46885C28BF1C462D1B1B1B082C71
:106FF000EDB240FA03F004D006FA04F4013C20405C
:10700000C0B2A84013F0FF0340EA070001D10132EB
:10701000082387B2002DE3D1AEF826701026012791
:107020009E423446885C28BF1C46361B1B1B082C1E
:10703000F6B240FA03F004D007FA04F4013C204011
:10704000C0B2B04013F0FF0340EA050001D10132A5
:10705000082385B2002EE3D1AEF828500120BDE808
:10706000F081082601279E423446885C28BF1C46D2
:10707000361B1B1B082CF6B240FA03F004D007FAAB
:1070800004F4013C2040C0B2B04013F0FF0340EADA
:10709000050001D101320823C5B2002EE3D1082436
:1070A00001278EF843509C422546885C28BF1D4628
:1070B000641B5B1B082DE4B240FA03F004D007FA0E
:1070C00005F5013D2840C0B2A04013F0FF0340EA9F
:1070D000060001D101320823C6B2002CE3D10825F5
:1070E00001278EF844609D422E46885C28BF1E46CC
:1070F000AD1B9B1B082EEDB240FA03F004D007FA3B
:1071000006F6013E3040C0B2A84013F0FF0340EA4B
:10711000040001D101320823C4B2002DE3D18EF85E
:10712000454001270C249C422646885C28BF1E4609
:10713000A41B9B1B082EE4B240FA03F004D007FA0C
:1071400006F6013E3040C0B2A04013F0FF0340EA13
:10715000050001D10132082385B2002CE3D10426B9
:107160000127AEF846509E423546885C28BF1D4632
:10717000761B5B1B082DF6B240FA03F004D007FA29
:1071800005F5013D2840C0B2B04013F0FF0340EACE
:10719000040001D101320823C4B2002EE3D1012042
:1071A0008EF848405BE7082601279E423446885CFB
:1071B00028BF1C46361B1B1B082CF6B240FA03F0F6
:1071C00004D007FA04F4013C2040C0B2B04013F0F0
:1071D000FF0340EA050001D101320823C5B2002EA9
:1071E000E3D1082401278EF83E509C422546885C56
:1071F00028BF1D46641B5B1B082DE4B240FA03F058
:1072000004D007FA05F5013D2840C0B2A04013F0B4
:10721000FF0340EA060001D101320823C6B2002C68
:10722000E3D1082501278EF83F609D422E46885CF9
:1072300028BF1E46AD1B9B1B082EEDB240FA03F083
:1072400004D007FA06F6013E3040C0B2A84013F061
:10725000FF0340EA040001D101320823C4B2002D2B
:10726000E3D18EF84040012708249C422646885CE2
:1072700028BF1E46A41B9B1B082EE4B240FA03F055
:1072800004D007FA06F6013E3040C0B2A04013F029
:10729000FF0340EA050001D101320823C5B2002CEA
:1072A000E3D1082601278EF841509E423546885C7E
:1072B00028BF1D46761B5B1B082DF6B240FA03F073
:1072C00004D007FA05F5013D2840C0B2B04013F0E4
:1072D000FF0340EA040001D101320823C4B2002EAA
:1072E000E3D101208EF84240B9E60027102501269F
:1072F0009D422C46885C28BF1C462D1B1B1B082C5E
:10730000EDB240FA03F004D006FA04F4013C204048
:10731000C0B2A84013F0FF0340EA070001D10132D8
:10732000082387B2002DE3D1AEF83A70102601276A
:107330009E423446885C28BF1C46361B1B1B082C0B
:10734000F6B240FA03F004D007FA04F4013C2040FE
:10735000C0B2B04013F0FF0340EA050001D1013292
:10736000082385B2002EE3D1AEF83C5076E6002724
:10737000102501269D422C46885C28BF1C462D1BEB
:107380001B1B082CEDB240FA03F004D006FA04F4FB
:10739000013C2040C0B2A84013F0FF0340EA0700C0
:1073A00001D10132082387B2002DE3D1AEF8367047
:1073B000102601279E423446885C28BF1C46361B97
:1073C0001B1B082CF6B240FA03F004D007FA04F4B1
:1073D000013C2040C0B2B04013F0FF0340EA05007A
:1073E00001D10132082385B2002EE3D1AEF8385026
:1073F00034E60027102501269D422C46885C28BFD4
:107400001C462D1B1B1B082CEDB240FA03F004D0C8
:1074100006FA04F4013C2040C0B2A84013F0FF0378
:1074200040EA070001D10132082387B2002DE3D1E1
:10743000AEF83270102601279E423446885C28BF81
:107440001C46361B1B1B082CF6B240FA03F004D076
:1074500007FA04F4013C2040C0B2B04013F0FF032F
:1074600040EA050001D10132082385B2002EE3D1A4
:10747000AEF83450F2E50027102501269D422C4637
:10748000885C28BF1C462D1B1B1B082CEDB240FA44
:1074900003F004D006FA04F4013C2040C0B2A84036
:1074A00013F0FF0340EA070001D10132082387B23D
:1074B000002DE3D1AEF82A70102601279E423446F3
:1074C000885C28BF1C46361B1B1B082CF6B240FAF2
:1074D00003F004D007FA04F4013C2040C0B2B040ED
:1074E00013F0FF0340EA050001D10132082385B201
:1074F000002EE3D1AEF83050B0E50027102501266C
:107500009D422C46885C28BF1C462D1B1B1B082C4B
:10751000EDB240FA03F004D006FA04F4013C204036
:10752000C0B2A84013F0FF0340EA070001D10132C6
:10753000082387B2002DE3D1AEF82C701026012766
:107540009E423446885C28BF1C46361B1B1B082CF9
:10755000F6B240FA03F004D007FA04F4013C2040EC
:10756000C0B2B04013F0FF0340EA050001D1013280
:10757000082385B2002EE3D1AEF82E506EE500BF91
:10758000B1F84630F1EE003A9FEDAD3AF2EE044A22
:1075900006EE103ADFEDAB7A9FEDAB4AB8EEC66A65
:1075A0008A8F10B52DED0A8B91F84230ADF5A36DA1
:1075B00006EE903A8B8E01EE903A91F84530F8EE57
:1075C000E66A07EE103A4B8EF8EEE11A02EE103A38
:1075D00091F84430C6EE832A06EE903A91F8433093
:1075E00009EE103A91F8413081EE843A08EE103AF3
:1075F00091F8403000EE103A91F83F30C6EE271A6D
:1076000001EE103A91F83E30B8EE477AB8EEC22A51
:10761000F8EE666A37EE677A82EE276A02EE103A73
:107620004B8FB7EEC7AA07EE102AB8EE499A874AE1
:1076300076EEE76AB7EEE1BA39EE679AB8EEC88A35
:10764000B8EEC00AB8EEC22AB8EEC11A28EE238AF4
:1076500020EE230A22EE232A21EE231AB7EEC99A3E
:10766000B7EEC88AB7EEC00AB7EEC11AB7EEC33A92
:107670008DED40AB91F84840B8EE47AB07EE103ABD
:1076800044940446088F0CEE100AB8EE4CCB9FEDE4
:107690006A5B8DED2CCBC88E8DED42BBB7EEE6BAA2
:1076A0000CEE100AB7EEC66A46A8B8EE4CCB8DEDCC
:1076B0003EBB8DED3C9BB7EEE2BAB8EE479BB7EE12
:1076C000C22A8DED388B8DED360B8DED341B8DED93
:1076D000322B8DED2ACB8DED30AB8DED3ABB8DEDA0
:1076E0002E9B8DED283B8DED266B0B8E2493CB8D41
:1076F00023938B8D22934B8D21930B8D2093CB8CD9
:107700001F9391F824301E934B8C07EE103A91F89A
:10771000203006EE903ACB8BB8EEC77A06EE103AE0
:107720008B8BF8EEE66A87EE048A07EE103A4B8BF5
:1077300086EEA40A06EE903A0B8B04EE103ACB8A42
:10774000B8EEC77AB8EEC66AF8EEE66A87EE242A83
:1077500007EE103A8B8A86EE271A86EEA76A06EEA7
:10776000903A4B8A0C93B8EEC44AB8EEC77AF8EE5A
:10777000E66A84EE273A87EE244A86EEA77A36EE4A
:10778000676AB7EEC00AB7EEC11AB7EEC22AB7EE03
:10779000C66AB7EEC88AB7EEC44AB7EEC33A8DEDF3
:1077A0001A0B8DED181B37EE677A8DED162BB7EEA1
:1077B000C77A8DED146B8DED104B8DED123B8DED79
:1077C0001C8B8DED0E7B0B8A0B93CB890A938B89D7
:1077D00009934B8908934B7A07930B7A0693B1F977
:1077E000063004EE103AB1F9043006EE103AB8EE65
:1077F000C44B4B88B8EEC66B84EE053B07EE103ADF
:107800000B884FF4806186EE054BB8EE477B8DED1B
:10781000007B8DED043B8DED024B07F099FC46A9F2
:10782000204602F00FFD20460DF5A36DBDEC0A8B3E
:1078300010BD00BFAFF3008000000000006AE84008
:10784000000048420000C84200007A44880D002031
:107850002DE9F041082A058940F2D243044610463A
:1078600028BF08209D4282B057D0002A36D04FF062
:10787000010C00254FF0080EA67A8642324628BF3A
:107880000246082EA0EB02000CFA02F3A6EB020758
:10789000C0B203F1FF3303FA00F303EA010343FA32
:1078A00000F303FA07F3DBB202D12668E768F55567
:1078B000E668276817F8068043EA0803BB55A37AF1
:1078C0009B1ADBB2A37223B9E36884F80AE00133A0
:1078D000E36023699B1A23610028CDD1A369CBB152
:1078E000E268BAB1204650F8141B0A440091694678
:1078F000019298476368A27ADB00236142B1236852
:10790000E2689A5C1A702369A27A083B13442361E7
:107910000023E36002B0BDE8F0814B004D0803F0A6
:10792000AA0305F055010B4399089B0001F03301B0
:1079300003F0CC030B43190941EA0311C0F108031A
:10794000C9B21941C9B290E72DE9F041102A058961
:1079500040F2D2430446104628BF10209D4282B018
:1079600057D0002A36D04FF0010C00254FF0080EFA
:10797000A67A8642324628BF0246082EA0EB0200B5
:107980000CFA02F3A6EB0207C0B203F1FF3303FACD
:1079900000F303EA010343FA00F303FA07F3DBB24F
:1079A00002D12668E768F555E668276817F806806B
:1079B00043EA0803BB55A37A9B1ADBB2A37223B92F
:1079C000E36884F80AE00133E36023699B1A2361CA
:1079D0000028CDD1A369CBB1E268BAB1204650F8F6
:1079E000141B0A4400916946019298476368A27A81
:1079F000DB00236142B12368E2689A5C1A70236954
:107A0000A27A083B134423610023E36002B0BDE87F
:107A1000F081114D45F2555303EA510305EA410146
:107A20004CF6CC450B4343F2333101EA93019B0002
:107A30001D4041EA050340F60F71084D01EA13119C
:107A400005EA03139BB21943C0F1100349BA89B286
:107A5000194189B285E700BFAAAAFFFFF0F0FFFF36
:107A6000252A01D800207047F0B50B4626278BB099
:107A70000446002118463A46102508F0B9FE0426AF
:107A8000002141F2E1024FF496730570ADF8142025
:107A90003246069107938DF81660CDE90307CDE9CC
:107AA000081103A894F82410FFF7D2FE2A46218873
:107AB00003A8FFF749FF2A46618803A8FFF744FFA0
:107AC0002A46A18803A8FFF73FFF2A46E18803A8BA
:107AD000FFF73AFF3246217A03A8FFF7B9FE324694
:107AE000617A03A8FFF7B4FE2A46618903A8FFF76D
:107AF0002BFF2A46A18903A8FFF726FF2A46E18922
:107B000003A8FFF721FF2A46218A03A8FFF71CFFDD
:107B10002A46618A03A8FFF717FF2A46A18A03A80D
:107B2000FFF712FF2A46E18A03A8FFF70DFF2A4656
:107B3000218B03A8FFF708FF2A46618B03A8FFF7F4
:107B400003FF0A22A18B03A8FFF7FEFE0C22E18BA4
:107B50000DEB0200FFF7F8FE082294F8201003A8AE
:107B6000FFF776FE0A22618C03A8FFF7EDFE94F87A
:107B70002430072B48D8DFE813F008003F0112013A
:107B8000E500B8008B006B004A00E18C102203A8CE
:107B90000025FFF7D9FE1022218D03A8FFF7D4FEA0
:107BA000082214469DF816309342194628BF114604
:107BB000082BA2EB0102D2B204D1069B0398C55454
:107BC0009DF816305B1A0698DBB201308DF816303E
:107BD00013B906908DF81640079B5B1A0793002A8D
:107BE000E0D1099B83B1069A72B1039C01A908A850
:107BF0002244CDE901429847049B9DF81620DB0002
:107C00000793002A40F0258101200BB0F0BD082227
:107C100094F8431003A8FFF71BFE082294F84410C1
:107C200003A8FFF715FE082294F8451003A8FFF7F4
:107C30000FFE0C22B4F846100DEB0200FFF784FE95
:107C400003A8042294F84810FFF702FE0120DCE7A5
:107C5000082294F83E1003A8FFF7FAFD082294F8D2
:107C60003F1003A8FFF7F4FD082294F8401003A882
:107C7000FFF7EEFD082294F8411003A8FFF7E8FD96
:107C800003A8082294F84210FFF7E2FD0120BCE7A8
:107C9000618F102203A80025FFF756FE1022A18F46
:107CA00003A8FFF751FE082214469DF816309342B0
:107CB000194628BF1146082BA2EB0102D2B204D10B
:107CC000069B0398C5549DF816305B1A0698DBB2E4
:107CD00001308DF8163013B906908DF81640079BC9
:107CE0005B1A0793002AE0D17BE7E18E102203A8FC
:107CF0000025FFF729FE1022218F03A8FFF724FE9D
:107D0000082214469DF816309342194628BF1146A2
:107D1000082BA2EB0102D2B204D1069B0398C554F2
:107D20009DF816305B1A0698DBB201308DF81630DC
:107D300013B906908DF81640079B5B1A0793002A2B
:107D4000E0D14EE7618E102203A80025FFF7FCFD6D
:107D50001022A18E03A8FFF7F7FD082214469DF814
:107D6000163011469A4228BF1946082BA2EB010291
:107D7000D2B204D1069B0398C5549DF816305B1A05
:107D80000698DBB201308DF8163013B906908DF8E5
:107D90001640079B5B1A0793002AE0D121E7A18DCB
:107DA000102203A80025FFF7CFFD1022E18D03A8C4
:107DB000FFF7CAFD082214469DF8163011469A4274
:107DC00028BF1946082BA2EB0102D2B204D1069BB0
:107DD0000398C5549DF816305B1A0698DBB2013043
:107DE0008DF8163013B906908DF81640079B5B1A74
:107DF0000793002AE0D1F4E6618D102203A8002544
:107E0000FFF7A2FD1022218E03A8FFF79DFD082297
:107E100014469DF8163011469A4228BF1946082B81
:107E2000A2EB0102D2B204D1069B0398C5549DF87F
:107E300016305B1A0698DBB201308DF8163013B994
:107E400006908DF81640079B5B1A0793002AE0D135
:107E5000C7E6039B069A9A5C1A70D5E62DE9F041B5
:107E6000202A058940F2D2430446104628BF20202C
:107E70009D4282B057D0002A36D04FF0010C002529
:107E80004FF0080EA67A8642324628BF0246082ED8
:107E9000A0EB02000CFA02F3A6EB0207C0B203F15A
:107EA000FF3303FA00F303EA010323FA00F303FAB2
:107EB00007F3DBB202D12668E768F555E668276864
:107EC00017F8068043EA0803BB55A37A9B1ADBB276
:107ED000A37223B9E36884F80AE00133E3602369FD
:107EE0009B1A23610028CDD1A369CBB1E268BAB156
:107EF000204650F8141B0A440091694601929847A5
:107F00006368A27ADB00236142B12368E2689A5C6D
:107F10001A702369A27A083B134423610023E360AB
:107F200002B0BDE8F0814B08490003F0553301F081
:107F3000AA3119438B08890003F0333301F0CC31A7
:107F40000B4319091B0101F00F3103F0F033194302
:107F5000C0F1200309BAD9408DE700BF292A01D812
:107F600000207047F0B50B462A2789B0044600214F
:107F700018463A46042608F03BFC1025002141F241
:107F8000E1024FF4A6730570ADF80C202A4601906B
:107F90000DEB06000491059302978DF80E60CDE974
:107FA00006112188FFF7D0FCA17832460DEB0600C0
:107FB000FFF74EFCE1780DEB06000822FFF748FCC6
:107FC0002A46A1880DEB0600FFF7BEFCA179082226
:107FD0000DEB0600FFF73CFCE17908220DEB0600F3
:107FE000FFF736FC217A08220DEB0600FFF730FC84
:107FF000617A07220DEB0600FFF72AFCA17A07221F
:108000000DEB0600FFF724FCA18909220DEB060009
:10801000FFF79AFCE18909220DEB0600FFF794FCBB
:10802000218A0C220DEB0600FFF78EFC618A0C22E0
:108030000DEB0600FFF788FCA18A0C220DEB060071
:10804000FFF782FCE18A0C220DEB0600FFF77CFCB7
:10805000218B0C220DEB0600FFF776FCE16915225F
:108060000DEB0600FFF7FAFE216A0DEB0600162263
:10807000FFF7F4FE2A46A18C0DEB0600FFF764FC27
:1080800094F8261005220DEB0600FFF7E1FBA16A2C
:1080900013220DEB0600FFF7E1FE04F12F05E16A64
:1080A000373419220DEB0600FFF7D8FE15F8011F33
:1080B000082201A8FFF7CCFBA542F7D1012009B0A7
:1080C000F0BD00BF002340F2EE22C9B210B5044655
:1080D000037580F82730C0E90A3204F0F1FC012270
:1080E00004F11F01204604F06FFE204604F064FEF8
:1080F000FA2002F0D7FC204610BD00BF70B505463F
:108100000C4E10210C4805F11E04263504F0ECFA43
:10811000202004F0D3FA14F8011F00231022304667
:1081200002F040F8A542F3D10248BDE8704002F0E9
:108130000FB800BFC08B0020700A002010B50446A5
:1081400007211F3004F0E4FE94F82630834201D169
:10815000012010BD1121044804F0C6FA034801F0C3
:10816000F7FF002010BD00BF5C0A0020C08B00207C
:1081700010B504460821163004F0CAFEA37F8342DE
:1081800001D1012010BD1C21034804F0ADFA0348C1
:1081900001F0DEFF002010BD840A0020C08B00200B
:1081A00070B5054604F0A6FC284605F1150404F058
:1081B000E5FD0022BE21284605F11E0604F0AAFDB9
:1081C000284604F0CBFD04F8010FB442F8D128464C
:1081D000FFF7CEFF48B195F91720AB7D43EA0223A4
:1081E00000EE103ABAEECE0A70BD9FED010A70BDE6
:1081F00000C079C470B590F827300446012B06D032
:10820000022B25D073B1002380F8273070BD1C4BA2
:10821000D0E90A121B685B1A9342F7D3022380F855
:10822000273070BD012580F8275004F063FC2046FC
:1082300004F0A4FD20462A46442104F06BFD104BB7
:1082400040F2EE201B68A362BDE8704002F02ABC39
:108250000D460126FFF7A4FF204685ED000A84F8AD
:10826000276004F047FC204604F088FD3246442194
:10827000204604F04FFD024B1B68A36270BD00BF97
:10828000E8F0002070B50E4609490446154601F095
:10829000D9FF41F2140000212044C4E9036501F034
:1082A000D1FF002104F5815001F0CCFF204670BDC4
:1082B000F00A002010B504460021007C02F046FCC4
:1082C00004F5815002F00CF841F21400204402F051
:1082D00007F8204602F004F8204610BD0B4641F294
:1082E000140110B50446194401F0CAFF204610BD20
:1082F00010B5044601F5815101F0C2FF204610BDC2
:10830000D1ED177A10B52DED108BB8EEE78BD1EDCE
:10831000187A86B00C46B8EEE7FBD1ED137AB0EED2
:10832000480BB8EEE7EBD1ED147AB0EE4F1BB8EE88
:10833000E7CBD1ED167AB8EEE7BBD1ED157AB8EE02
:10834000E7DB04F083FF28EE086B2FEE0FFBB0EEA7
:10835000409BB1EE4B8B36EE0F0BB5EE400BF1EEC2
:1083600010FA00F19480B1EEC01BB0EE480B8DED19
:10837000046B04F06BFFB0EE40AB05F065F98DEDDA
:10838000000BB0EE490B05F0ABF9B0EE408BB0EE50
:108390004A0B05F0A5F928EE0C1B2DEE488B21EEBB
:1083A000001B9DED007B8DED020BB0EE490BA7EE9F
:1083B0000E1B8DED001B05F047F9A0EE0C8B20EE97
:1083C0000D0B9DED025B9DED001BA5EE001BB1EEBC
:1083D000480B04F03BFF9FED327B9FED335B9DED3F
:1083E000046B20EE070B80EE057BB5EEC07BF1EE53
:1083F00010FA03D59FED2E5B37EE057BABEE0B6BD2
:108400009FED274B9FED285B84ED1E7B2AEE04AB8E
:1084100029EE049B8AEE057B89EE054B3FEE06FBB9
:10842000B5EE40FBF1EE10FA84ED1C7B84ED1A4BA7
:1084300026D4B1EECF7BB7EE005B9FED1F4B37EE3E
:10844000447BB0EEC76B86EE047B35EE477BB5EE22
:10845000C07BF1EE10FA0BD4B4EE457BF1EE10FACE
:1084600035FE077B84ED207B06B0BDEC108B10BD84
:108470009FED137B84ED207B06B0BDEC108B10BD0F
:10848000B0EE4F0B04F0B4FFB0EE407BD3E78DEDC0
:10849000006B04F0ADFFB0EE401B9DED006B64E798
:1084A0000000000000806640182D4454FB21094064
:1084B00000000000008076400000000000408F4077
:1084C000000000000000000030B5054685B00C46F5
:1084D000FAB9E16801A800230D2201F077FEE068F7
:1084E0000322154903685B689847E0680122134935
:1084F00003685B68984701A9284601F0DDFE01A8E2
:1085000001F0EEFE284605B030BDE06803685B6907
:108510009847E06803681B6998470028F5D1E06830
:108520000322054903685B689847E0680122034914
:1085300003685B689847CCE7E00A0020E40A002063
:108540002DE9F04F1446BDB08B46882200218146AC
:1085500008F04EF92246594603A8FFF7B5FF059BE0
:10856000002B00F04F810DF124083CAF444620461B
:108570000C34002101F066FEBC42F8D12C2103A886
:1085800001F06CFF00222C2103A801F0BDFF421C6A
:10859000034600F08A8006AC0022461C03A9204650
:1085A0000DF1CC0A01F0D4FF2146404601F0DCFE7B
:1085B000204601F095FE32462C2103A801F0A4FFCD
:1085C0000CAA034615460192B3F1FF3F324603A9B8
:1085D000204603F1010668D001F0BAFF2146284683
:1085E0000C3501F0C1FE204601F07AFE32462C2106
:1085F00003A801F089FF55450346E5D10123404614
:1086000089F8003001F0FAFFC9F80400019801F080
:10861000FBFFB7EEC00A0FA889ED020B01F0F4FFD3
:10862000B7EEC00A12A889ED040B01F0EDFFB7EE1A
:10863000C00A15A889ED060B01F0E6FFB7EEC00AE7
:1086400018A889ED080B01F0DFFFB7EEC00A1BA8E0
:1086500089ED0A0B01F0D2FFC9F830001EA801F025
:10866000CDFFC9F8340021A801F0CEFFB7EEC00A53
:1086700024A889ED0E0B01F0C7FFB7EEC00A27A8AA
:1086800089ED100B01F0BAFFC9F848002AA801F0E3
:10869000B5FFC9F84C002DA801F0B0FFC9F8500093
:1086A00030A801F0ABFFC9F8540000222C2103A828
:1086B00001F02AFF421C034600F0AB8006AC00220A
:1086C000461C03A9204601F043FF2146404601F025
:1086D0004BFE204601F004FE32462C2103A801F097
:1086E00013FF0CAA034615460192B3F1FF3F324631
:1086F00003A9204603F1010600F08B8001F028FF5A
:10870000214628460C3501F02FFE204601F0E8FDF9
:1087100032462C2103A801F0F7FEBD420346E4D106
:108720000123404639AC89F8003001F067FFC9F8F1
:108730000400019801F068FFB7EEC00A0FA889EDA8
:10874000020B01F061FFB7EEC00A12A889ED040B1D
:1087500001F05AFFB7EEC00A15A889ED060B01F02B
:1087600053FFB7EEC00A18A889ED080B01F04CFFC3
:10877000B7EEC00A1BA889ED0A0B01F03FFFC9F84C
:1087800030001EA801F03AFFC9F8340021A801F01A
:108790003BFFB7EEC00A24A889ED0E0B01F034FFB1
:1087A000B7EEC00A27A889ED100B01F027FFC9F822
:1087B00048002AA801F022FFC9F84C002DA801F0BA
:1087C0001DFFC9F8500030A801F018FFC9F8540087
:1087D00033A801F013FFC9F8580036A801F00EFFC6
:1087E000C9F85C00204601F009FFC9F8600058464E
:1087F0004946FFF785FD204601F072FD4445A4F18E
:108800000C040BD103A801F06BFD48463DB0BDE858
:10881000F08F99F8003039AC002BE8D1204601F0F8
:108820005FFD4445A4F10C04F8D1EBE72DE9F043DA
:10883000064691B00D4601E05B699847E868036819
:108840001B6998470446E8680368002CF4D15B680C
:10885000032245499847E868012244490368444F88
:108860005B689847E868DFF818810368DFF81491BF
:10887000DB6898472146304601F0E4FC00230D22D6
:10888000E96801A801F0A2FC01A801F08BFE039B9E
:1088900033B3394604A801F0D5FC04A901A801F0BE
:1088A000F5FD68B104A801F01BFD01A9404601F0E7
:1088B00029FC404601F04CFC01A801F011FDDDE768
:1088C000494607A801F0BEFC07A901A801F0DEFD9A
:1088D00080B107A801F004FD04A801F001FDE4E760
:1088E00001A801F0FDFC304601F05CFE304611B0FD
:1088F000BDE8F0831F490AA801F0A4FC0AA901A859
:1089000001F0C4FD48B10AA801F0EAFC07A801F093
:10891000E7FC04A801F0E4FCC7E717490DA801F043
:1089200091FC0DA901A801F0B1FD04460DA801F0CC
:10893000D7FC0AA801F0D4FC07A801F0D1FC04A8D8
:1089400001F0CEFC002CB0D1B3683BB901A9304690
:1089500001F072FD01A801F0C3FC8FE70749304622
:1089600001F06EFDF2E700BFB40A0020E40A002027
:10897000B80A0020C40A0020D00A0020DC0A002027
:10898000C08B0020C00A0020F0B50446C06887B044
:10899000002203684DF67C5102264A4FDB69984756
:1089A0004FF49673E0684FF4006204F114018360A1
:1089B00001F0DEF94FF4006204F61401E06801F002
:1089C000F1F90121207C02F0FDF80021207C02F069
:1089D000BDF8642002F066F80121207C02F0B6F8B0
:1089E0004FF47A7002F05EF800230D22E1686846C9
:1089F00001F0ECFB394603A801F024FC03A968460A
:108A000001F094FD054603A801F06AFC01356846B3
:108A10004ED101F065FC012E04D047E0E068036808
:108A20005B699847E06803681B6998470028F5D19F
:108A30004FF47A7004F5815502F034F8214603A80A
:108A4000FFF7F4FE03A9284601F08EFC03A801F00D
:108A500047FC04F580539B6A7BB9214603A8FFF7C6
:108A6000E5FE03A9284601F07FFC03A801F038FCCD
:108A700003E0E06803685B699847E06803681B6986
:108A800098470028F5D1E06803220F4903685B6826
:108A90009847E06801220D4903685B689847E068E1
:108AA0000368DB6807B0BDE8F040184701269BE784
:108AB00041F214006946204401F04EFC684601F082
:108AC0000FFCAFE7E80A0020E00A0020E40A0020DB
:108AD0004E2100224FF0300C80F836100221028027
:108AE0008280826002730282426102768283026225
:108AF00080F824200285C26280F8302080F834C0DB
:108B000082870264A0F84C200265A0F85C204266CF
:108B1000A0F86C204267A0F87C20C0F88420A0F860
:108B20008C20C0F89420A0F89C20C0F8A42080F8E5
:108B3000BD10A0F8BE2080F8C020C0E93122C0E9F5
:108B40003322C0E93522A0F8AC2080F8AE2070476F
:108B500038B5057804462D2D08BF0134204605F0B0
:108B600025FE6422237802FB00F0A3F13002092ADB
:108B700005D814F8013FA3F13002092AF9D92E2BA8
:108B800003D02D2D08BF404238BD6378303B092B00
:108B9000F7D8A27803EB8303303A00EB4300092AAD
:108BA00098BF80182D2D08BF404238BD70B50D46C6
:108BB000044605F0FBFD1B4B6422A3FB00135B097D
:108BC00002FB13002B802278174BA2F1300100FB2F
:108BD00003F3092905D814F8012FA2F1300109295E
:108BE000F9D92E2A0AD003EB8303104A002101335E
:108BF0002972A2FB03235B086B6070BD60780134AF
:108C0000A0F130010929EED8074A094EA6FB02025D
:108C100014F8010FD20802FB0133A0F13001092939
:108C2000F4D9E0E71F85EB5180969800ABAAAAAA79
:108C3000CDCCCCCC2DE9F04190F8AD60044656B3D4
:108C400090F8AE30A3F14102052A6FD9A3F1610279
:108C5000052A94BF573B303B94F8AF201B01A2F18B
:108C60004101DBB2052940F2F980A2F16101052939
:108C700094BF573A303A134494F8AC20DBB29A428E
:108C800000F0B680D4F8D43000260133C4F8D430D4
:108C90003046BDE8F08190F8BE3033B390F8BD2087
:108CA000022A03D090F8AE10002941D1D4F8C85060
:108CB000002DEDD02B4604F1AE0704E02D6B002D06
:108CC000E6D0D4F8C830996AA86A08F0BDF900283F
:108CD000DED1EA6A94F8BE309A42D9DCEED10F2296
:108CE0003946284607F082FEE8E790F8AE30472B79
:108CF00000F0CB800223D4F8C45084F8BD30C4F80F
:108D0000C850002DC4D004F1AE0704E02D6BC4F8A8
:108D1000C850002DBCD0A86A394608F095F9002843
:108D2000F4DBB5D00023C4F8C830B1E7373B93E794
:108D300043EA4213013B2B2BB8D801A252F823F08F
:108D4000C96F0000BD6F0000AD6F0000A16F000093
:108D5000916F0000DF6F0000D36F000031700000E2
:108D600025700000ED6C0000ED6C0000ED6C000063
:108D7000ED6C0000ED6C0000ED6C0000ED6C00008F
:108D8000ED6C0000ED6C0000ED6C0000ED6C00007F
:108D9000ED6C0000ED6C0000ED6C0000ED6C00006F
:108DA000ED6C0000ED6C0000ED6C0000ED6C00005F
:108DB000ED6C0000ED6C0000ED6C0000ED6C00004F
:108DC000C96F000015700000BD6F0000AD6F00009E
:108DD000A16F0000916F00000B7000000170000097
:108DE000F76F0000ED6C0000ED6C0000F16F00000B
:108DF000D4F8D83094F8C0200133C4F8D8307AB30E
:108E0000D4F8D03094F8BD200133C4F8D030002A13
:108E100000F0FD80012A4BD0D4F8C850002D3FF45B
:108E200037AF2B46DFF8408240F201170BE008F025
:108E300075FAD8F80030AF842B622D6B002D3FF40B
:108E400027AFD4F8C830996AA86A08F0FDF803463D
:108E5000294605F11000002BE9D019E7373A0AE757
:108E600094F8BD30002B57D0012BD5D140F2011220
:108E70007D4B616CA287A4F84C202164626D196857
:108E80001B68A1642265A365C6E790F8AF10774818
:108E900007F000FD00283FF42DAF04F1B005744940
:108EA000284608F0D1F8002840F0A880012322E7E6
:108EB0006D4A40F20113616C206A21641168A06060
:108EC000A164616DE06A21651168A387A165E1690C
:108ED000A4F84C30616094F8241060612173A16A99
:108EE000216194F83010217694F8351084F834100C
:108EF00094F8371084F8361011682380A163A16EAE
:108F0000616611682166A16F1268A4F85C30A4F84C
:108F10006C30C4E91C217FE7534B40F20110626DB5
:108F20001968A4F84C00A1652265186840F2011286
:108F30001B68D4F89810C4F8A030D4F8A830A4F86E
:108F40008C20A4F89C20C4F8A430C4E9240163E771
:108F5000A1F15701B1FA81F1490980F83010A5E675
:108F600000F12801AE30FFF721FE9FE6A1F1530189
:108F7000B1FA81F1490980F8241097E600F11C014B
:108F8000AE30FFF713FE91E6AE30FFF7E1FD60650E
:108F90008CE6AE3005F00AFCC4F8980086E630296D
:108FA00080F8351094BF0023012380F8C0307DE69F
:108FB00080F837107AE6AE3005F0F8FB606475E6AD
:108FC000AE30FFF7C5FDA06770E6AE30FFF7C0FD1D
:108FD000A0666BE6A1F14101B1FA81F1490980F87F
:108FE000C01063E6AE30FFF7B3FDC4F888005DE65D
:108FF000AE30FFF7ADFDC4F8A80057E61D4928467E
:1090000008F022F8003818BF0120430073E6164B21
:1090100040F20112616DA4F84C2021651968A4F892
:109020007C20A165E169616094F824102173A16A34
:10903000216194F83010217694F8351084F83410BA
:1090400094F8371084F8361019682280D4F88820F4
:10905000A163C4F884201A68C4F88020226AA26040
:10906000E26A626161E700BFE8F00020A40A002024
:10907000AC0A0020B00A002038B5D0F8CC30A1F1FD
:109080000A0204460D460133C0F8CC30222A2ED8FD
:10909000DFE802F0182D2D182D2D2D2D2D2D2D2D25
:1090A0002D2D2D2D2D2D2D2D2D2D2D2D2D2D412DDC
:1090B0002D2D2D2D182D120090F8AC3083F02C039F
:1090C00080F8AC3094F8BF300E2B30D90020A5F1D9
:1090D0002A0194F8BE300022B1FA81F1013384F8FC
:1090E000BF20490984F8BE3084F8AD1038BD90F82F
:1090F000BF300D2B05D85A1C034480F8BF2083F8DD
:10910000AE1094F8AD00D0B994F8AC3085EA030104
:1091100084F8AC1038BD002302221846A4F8AC3005
:1091200084F8BD20A4F8BE3084F8C03038BD234494
:109130000022204683F8AE20FFF77CFDC7E7002021
:1091400038BD00BF0000000090ED026A0022838855
:10915000B8EE466B427007EE103A037B9FED065B5C
:10916000B8EEC77B86EE050B30EE070B0BB1B1EE08
:10917000400B7047AFF300800000000065CDCD418B
:1091800090ED056A0022038AB8EE466B427007EE46
:10919000103A037E9FED065BB8EEC77B86EE050BAB
:1091A00030EE070B0BB1B1EE400B7047AFF3008010
:1091B0000000000065CDCD410020704700B5036878
:1091C00083B08C4601220DF107015B688DF807C062
:1091D000984703B05DF804FB704700BF30B482B01D
:1091E0000C4602AB03E90600C37C002B30D072B6FC
:1091F000C37CDA0708D54FF0E0214569D1F880211A
:109200002A408262C1F880219D0708D54FF0E021F5
:109210008569D1F884212A40C262C1F884215907A6
:1092200008D54FF0E021C569D1F888212A400263B2
:10923000C1F888211A0708D54FF0E021056AD1F856
:109240008C212A404263C1F88C21DB062FD462B600
:1092500083689C4235D0224B84609B69214AC3F3CA
:109260000111C3F3826352F821100133B1FBF3F211
:10927000CCB1944227D8B2FBF4F3B2FBF3F29442A0
:109280002CD3B3F5817F20D3174CC460036803222D
:109290000020019918615A6201221C6419661A6142
:1092A00002B030BC70479942EFD3531CE9E74FF04E
:1092B000E022416AD2F890310B408363C2F89031CA
:1092C000C5E7C468E2E70024DFE7022BFBD9023BD5
:1092D0005A08140244EA02441C43D6E71A46E4E75B
:1092E00000C00F40B4100020FF7F7F00F8B5044697
:1092F0000F46007F0021164601F028FC04F1100300
:10930000A06993E80600FFF769FFA5692B685F660F
:10931000D96D11F4F81FFBD05A6F5E66DA6D12F446
:10932000F81FFBD05E6FEB7CF6B213B3DF0704D5FA
:10933000A96A4FF0E022C2F80011980704D5E96A43
:109340004FF0E022C2F80411590704D5296B4FF001
:10935000E022C2F808111A0704D5696B4FF0E02229
:10936000C2F80C11DB0604D5AA6B4FF0E023C3F85A
:109370001021207F012101F0E9FB3046F8BD00BF3C
:1093800010B5044600221321FFF7B0FFE36AC01AAC
:1093900010BD00BF10B5044661B1836B1BB1402204
:1093A000C021FFF7A3FF832281212046FFF79EFF04
:1093B000012010BD83228121FFF798FF01E003F017
:1093C00011FA002212212046FFF790FF0307F6D57D
:1093D000082292212046FFF789FF012010BD00BF1F
:1093E00010B5002201210446FFF780FF00F00303BF
:1093F000032B10D0002212212046FFF777FF10F038
:10940000080301D1184610BD082292212046FFF71B
:109410006DFF002010BD012010BD00BF2DE9F041FF
:1094200017460C46002222210546FFF75FFF00EB9E
:109430000708B8F1FF0F03D9C0F1FF074FF0FF088D
:109440004FB1013CE61914F8012F80212846FFF79F
:109450004DFFB442F7D15FFA88F2A2212846FFF708
:1094600045FF3846BDE8F08103680D4A1B69934209
:1094700010B504460FD100221321FFF737FFE36A2E
:10948000C01A50B1E36A0022204601331146E3625C
:10949000FFF72CFF10BD9847F3E74FF0FF3010BDEA
:1094A000C173000038B503680446114A1B69934232
:1094B00019D100221321FFF719FFE36AC01AA0B1E6
:1094C00000220D212046FFF711FF0022054620460D
:1094D0001146FFF70BFF2A4605468D212046FFF770
:1094E00005FF284638BD9847E9E74FF0FF3038BD03
:1094F000C173000070B500221D210446FFF7F6FE7F
:10950000C0F30710092823D81B4B00221E2153F853
:1095100020602046FFF7EAFE05460022262120466D
:10952000C5F30715FFF7E2FE01230246AB4096FBA9
:10953000F3F64FF47A7393FBF6F3102B13DD40F040
:109540000800A621C2B22046BDE87040FFF7CEBE9B
:1095500000221E212046FFF7C9FE002226212046B8
:10956000FFF7C4FE0246204602F0F702A621BDE83E
:109570007040FFF7BBBE00BF54040020052938B57A
:10958000054626DD0C2921DC062922D009014CB232
:10959000C322B1212846FFF7A9FE0A22B721284697
:1095A000FFF7A4FE00221E212846FFF79FFE034678
:1095B0009E21284603F00F0344EA0302D2B2FFF7CC
:1095C00095FE2846BDE83840FFF794BF6FF03F0492
:1095D000DEE7C522B12128466024FFF787FE0C2272
:1095E000B7212846FFF782FEDCE700BF38B541F619
:1095F00078630446994205DD42F6A003994216DCE1
:10960000102500E0002500221D212046FFF76EFEF8
:1096100003469D21204603F00F0345EA0302D2B220
:10962000FFF764FE2046BDE83840FFF763BF43F60E
:10963000F04399421ADD45F24013994218DD47F68E
:109640001223994216DD4AF2E423994214DD4FF2C7
:109650002443994212DD0B4B994211DD0A4B99428A
:10966000D4BF6FF07F056FF06F05CCE72025CAE708
:109670003025C8E74025C6E75025C4E76025C2E786
:109680007025C0E748E8010090D0030038B50446D3
:109690000D46007F012101F095FA207F012101F0A4
:1096A00055FA206A431C13D00121C0B201F08AFA96
:1096B000002194F8200001F049FA0A2001F0F2F9A3
:1096C00094F82000012101F041FA0A2001F0EAF9A2
:1096D000A06903F0A1FC002242212046FFF706FE0C
:1096E000122801D0002038BD802281212046FFF7BA
:1096F000FDFD0023E917A562254AE804C90441EAF3
:10970000553104F0C5FE054686212046C5F30742C3
:10971000FFF7ECFDC5F3072287212046FFF7E6FDA2
:109720008821EAB22046FFF7E1FD00228E21204683
:10973000FFF7DCFD00228F212046FFF7D7FD002236
:109740000C212046FFF7D2FD02468C21204642F034
:109750000302D2B2FFF7CAFD0422A6212046FFF77A
:10976000C5FD8422CD212046FFF7C0FD2B228B2191
:109770002046FFF7BBFD8F2289212046FFF7B6FD6B
:10978000812220461146FFF7B1FD012038BD00BF00
:109790000048E80170B504460E46FFF721FE08B107
:1097A000002070BD8122054620461146FFF79EFD30
:1097B000D6B101232A461D2120462363FFF796FDDB
:1097C00002469D21204642F00102D2B2FFF78EFDF3
:1097D00000228D212046FFF789FD0022A22120468C
:1097E000FFF784FD012070BD32461D21204626630F
:1097F000FFF77CFD02469D21204602F0FE02FFF7A6
:1098000075FDE5E70D4B07200D49002210B40D4C06
:1098100019610D491C600A241A735A609A60C3E9E1
:10982000050109200221C3E90740C3E909125DF8D7
:10983000044BC3E90B22C3E90D227047989C00201A
:1098400000127A0098100020708B00200B4BD3F888
:109850003022120A0270D3F830224270D3F820224C
:10986000120E8270D3F82022120CC270D3F820227C
:10987000120A0271D3F820324371704700441F402E
:1098800010B590B0044602A8FFF7E0FFBDF80C3019
:10989000074A04A85BBA009130219BB205F058FC3E
:1098A00004A9204600F0CEFC204610B010BD00BF39
:1098B0001408002001207047B0F84630B0F8482066
:1098C0009BB292B2934202D2013AD01A7047416BD6
:1098D00001390A44D01A7047016972B6B0F84A20BB
:1098E000B0F84C3092B29BB29A423CBF806B1218D7
:1098F000C86AD31A62B6C0F302601844704700BF4A
:10990000B0F84A100246B0F84C3089B29BB2994286
:1099100010B4046914D00133906B116B984298BF56
:109920000023994206D85B1A526AD05CC0B25DF837
:10993000044B7047126A5DF8044BD05CC0B27047AC
:1099400072B6B0F84A0080B2814201D062B6E2E756
:10995000E36A13F0E06F03D14FF0FF3062B6E6E741
:10996000E36901200024116AA2F84A00C3F3090048
:10997000DBB2A2F84C404B70F0E700BFB0F84A10E1
:109980000246B0F84C3089B29BB2994230B40469B7
:1099900025D00133946B9C4216D9106B1FFA83FCBF
:1099A000984217D9106AC05CC0B2956DA2F84CC03D
:1099B00045B199421CD3CB1AD16B994202D3D36DD6
:1099C000C5F8883030BC70474FF0000C106B634610
:1099D0009842E7D8181A556A285CC0B2E5E70846ED
:1099E00072B6B2F84A1089B2884204D062B6D0E7A3
:1099F0000C44E31AE0E7E36A13F0E06F03D14FF0A1
:109A0000FF3062B6DEE7E069C0F30900F9E700BFA6
:109A100090F8443043B110B5044602F0E3FE94F8E8
:109A20004430002BF9D110BD704700BF38B5D0E9E4
:109A30000453D3E903120968114228D090F8442056
:109A4000044632B102F0CEFE94F84430002BF9D136
:109A5000636900210E4AA961207E03EB0010007D9E
:109A600002EB0010456805202860657E03EB0513B6
:109A700093F8343002EB0312A36D52681060A4F81F
:109A80004A10A4F84C1013B1E26DC3F8842038BD1D
:109A90001C7F002007EE901A9FED9A7A0421B6EE03
:109AA000005AF8EE677A9FED986A41F6FF7CC7EEA0
:109AB000275A2DE9F0478E460569012407EE901AD2
:109AC000F8EEE77A85EEA77A77EE057AFDEEE77A8B
:109AD00017EE903A6345A8BF6346012BB8BF012338
:109AE00007EE903AF8EEE76A76EEC76AC6EE877A36
:109AF000F5EEC07AF1EE10FA48BFF1EE677AF4EEB7
:109B0000C67AF1EE10FA03D8B0EE676A8E461C46AC
:109B100001312129D2D10021436902F40076A0F855
:109B20004A10B3F85AC08E42A0F84C10B3F85860EF
:109B3000A0F84610A0F8481080F84410816BDF6848
:109B4000A1EB0606A1EB0C01C0E90F6139681E69A3
:109B500041EA0601396014BF01210021817640F0FD
:109B6000AC80017E694E03EB0118DFF8C09198F8D4
:109B70001470D8F81CA006EB0717B968C1F800905C
:109B80007968D8F818700F60BAF1000F03D0D8F8D0
:109B90002010CAF80010477ED92103EB071898F867
:109BA00034C006EB0C1CDCF808703960DCF80410DB
:109BB000D8F838700F60417E03EB0111CF6B0FB105
:109BC000096C39600EF1FF31BEF1080F4FEA0161F7
:109BD000CCBF4FF0000E4FF0010E01F0F85144EAF7
:109BE0004E4421435C682961597801F1100300213A
:109BF000E960474941F8234041694FF0010E454C67
:109C000002F0030C4F7891F85610434B39554FF042
:109C100002174469617803EB511301F01F019B00A7
:109C20000EFA01F11960EF62AB6A43F08803AB6290
:109C300053073ED44CF4701302F00F01042908BFFF
:109C400043F0804397062ED5817E43F08053002950
:109C50003AD11607AB6103D52B6943F000532B6152
:109C60006B69D10623F0805348BF43F080536B618A
:109C7000D30503D52B6943F400532B61A36883B14B
:109C8000264E3478002C3AD0611E254DC9B22B1FC8
:109C900005EB810101E0994225D053F8042F904251
:109CA000F9D1BDE8F087817E0029D2D043F0A0032E
:109CB000CFE71C4B4CEA0303BEE7477E4FF2D901C6
:109CC000124E03EB07186AE7417E43F0A00304EB52
:109CD000011191F8341006EB0116B668316821F4D1
:109CE00040413160B5E7631CDBB20F4A3370137833
:109CF00045F8240043F002031370BDE8F087012308
:109D0000074DF2E7001BB74BEC78AD601C7F0020DD
:109D10000098002000E400E0403800381BF10020EB
:109D2000B4EB002010003C002BF1002038F00100C3
:109D3000EFF31380B8B9EFF310834BB9EFF305825B
:109D40003AB94FF48073EFF3118050B1984208D2C2
:109D500070470F2AF7D9054B9B5CEFF31180002861
:109D6000F4D1184670474FF0FF30F1E7F0E300E020
:109D700010B4416299B1036B1A44446900218263B3
:109D8000B4F85830B4F85A40D31AA0F84A10121B4D
:109D9000A0F84C105DF8044BC0E90F327047026B1D
:109DA000EBE700BF816241B1C36A1A4400234263FA
:109DB000A0F84630A0F848307047C26AF6E700BF06
:109DC000036D2DE9F04104460F46066913B1426D5B
:109DD000C3F88420A37E2BB172B6B36943F000535D
:109DE000B36162B6B4F84650636BADB20135AB42B5
:109DF0004CD84FF000084546B4F848309BB29D421D
:109E000019D028E073691B0210D5B4F84830626B92
:109E10009BB201339A4236D99AB2E16A99422DD95E
:109E2000E169CB5CDBB2F361A4F84820B4F84830B8
:109E30009BB2AB420FD1FFF77BFF6369B3F856309B
:109E40008342DFDAFF28F1DD02F0CCFCB4F84830C1
:109E50009BB2AB42EFD0E36AAB421AD9FFB2E369DF
:109E60005F5572B6012084F84400A4F84680B369B7
:109E700043F40003B36162B6BDE8F0815B1AA16AE6
:109E8000CB5CDBB2CFE700221346C6E71FFA85F8AA
:109E9000B2E7ED1AFFB2A36A5F55E2E7FFF790BFA2
:109EA0000269536913F4401F70B543D0D36A13F0AD
:109EB000E06FC3F3026E3AD0B0F84A50B0F84C608D
:109EC000ADB2B6B207E0016A01F803C00EF1FF338C
:109ED00013F0FF0E1DD0D1696B1C846BB0F84CC021
:109EE000C1F309019C4298BF00231FFA8CFC9C45DA
:109EF000ECD0046B5FFA81FC1D469C42A3EB04048A
:109F0000E1D8436A03F804C00EF1FF3313F0FF0EEB
:109F1000E1D1ABB2A0F84A30836D43B1B54254D31E
:109F2000AD1B016CA94202D8C16DC3F884105369FE
:109F3000D90245D49669330228D553691D0225D527
:109F4000B0F84650B0F84830ADB29BB206E0C169F7
:109F5000C95CC9B2D161D16A4C0512D4AB4238D0C8
:109F6000446B0133C16A9C4298BF00239942A3EB22
:109F70000104ECD8816A095DC9B2D161D16A4C058E
:109F8000ECD599B2AB42A0F8481025D0710216D595
:109F900053695B0213D50021036D80F8441013B19F
:109FA000416DC3F88810837E2BB172B6936923F09C
:109FB0000053936162B6936923F48003936170BD8B
:109FC000536943F480135361B4E7816B891B0D44DB
:109FD000A7E79BB2A0F84830936923F4000393618C
:109FE000936943F480039361D0E700BF0148FFF712
:109FF00057BF00BFD08B00200148FFF751BF00BF03
:10A00000308C00200148FFF74BBF00BF908C002030
:10A010000148FFF745BF00BFF08C00200148FFF763
:10A020003FBF00BF508D00200148FFF739BF00BF80
:10A03000B08D0020012A70B508BF0A228AB091B302
:10A040004FF0210E01E05FFA86FE0EF1FF36B1FB04
:10A05000F2F502FB15145FFA84FC092C0CF13704AD
:10A060000CF1300C98BF5FFA8CF40EF1280C88BF0D
:10A07000E4B29142EC4429460CF8244CE3D24BB1B3
:10A080000EF1FF3E2D225FFA8EFE0EF128036B4487
:10A0900003F8242C036801A9CEF122025B68714405
:10A0A00098470AB070BD30224FF0210E8DF8252060
:10A0B000E5E700BF2DE9F0410C46D1B1EAB1804699
:10A0C0008E1800250E4F04E002F0F8FAB442054461
:10A0D0000CD0D8F8003014F8010B1B68BB42F3D049
:10A0E000014640469847B4420544F2D12846BDE8AF
:10A0F000F0810D462846BDE8F0811546F6E700BF21
:10A10000DD2900002DE9F0418C688AB0DCB1002522
:10A11000884606462F462B46212201A9404600F0DC
:10A12000D7F9202C2246336828BF202201A93046C7
:10A130005B68A41A154498470744002CEBD13846B5
:10A140000AB0BDE8F081274638460AB0BDE8F08184
:10A1500000B5036883B040F60D2C022201A95B68AC
:10A16000ADF804C0984703B05DF804FB054B022826
:10A1700088BF034610B41C68184663685DF8044B3A
:10A18000184700BFC08B00200EB400B582B003AAF0
:10A1900052F8041B019206F07DFA02B05DF804EB60
:10A1A00003B070475AB90368C9B2074A1B689342A3
:10A1B00000B506D108465DF804EB02F07FBAFFF760
:10A1C00039BF5DF804EB1847DD2900002DE9F84F91
:10A1D00000278B4681469246394603F1FF38174CDB
:10A1E000174E00F02FF825680BE002F057FA002810
:10A1F00010DA02F0F7FA2368DBF808205B1B9342C1
:10A2000015D2DBF800305B69B342EED05846984770
:10A210000028EEDB08D0824506D00137C1B248469F
:10A2200000F01CF94745DED94846BDE8F88F012308
:10A2300048468BF80C30BDE8F88F00BFE8F00020EE
:10A24000D5290000F8B500260446C0E900668660FE
:10A2500029B108460D4607F0F3F8074608B920462D
:10A26000F8BD013004F0B0FA0028F8D02946067095
:10A270002060C4E9017707F051F82046F8BD00BF1F
:10A28000F8B588424FF0000504468560C0E90055E6
:10A2900002D08E680F680EB92046F8BD701C04F01D
:10A2A00093FA0028F8D0394605702060C4E90166A9
:10A2B00007F034F82046F8BD00238842C0E9003397
:10A2C00083600CD010B4D1E90042C1E90033C0E989
:10A2D00000428A685DF8044B8B608260704770476B
:10A2E00010B50446006804F077FA204610BD00BFA0
:10A2F000F8B50446154632B9036803B11A70002355
:10A300002046A360F8BD43680E469A421CD9511CF2
:10A31000006804F025FD074660B1A368C4E90005A4
:10A320000BB90370276831463846A56006F0F6FF82
:10A330002046F8BD206810B104F04EFA27600023D3
:10A340002046C4E90133F8BD07683146A5603846A8
:10A3500006F0E4FFECE700BF814203D08A68096899
:10A36000FFF7C6BF704700BF884238B505460ED01C
:10A3700000680C4608B104F02FFAA0680023D4E965
:10A380000012A860C5E90012C4E90033A3602846A2
:10A3900038BD00BF38B505460C4649B1084607F040
:10A3A0004FF8214602462846FFF7A2FF284638BD4F
:10A3B0002846A96038BD00BF2DE9F843044600686F
:10A3C0000D4616468842A36809D8C218914206D2A3
:10A3D0000F1A4FF0010936B92046BDE8F8834FF057
:10A3E0000009002EF8D003EB0608626890450CD9EE
:10A3F00008F1010104F0B4FC0028EDD0A368C4E921
:10A40000000813B903702068A368B9F1000F08D1E0
:10A410002946184406F082FF2046C4F80880BDE8AB
:10A42000F8833246C119184400F018FE2368002250
:10A4300003F80820F0E700BF8A680968FFF7BCBF8F
:10A4400038B5054641B10C46084606F0F9FF02460C
:10A4500021462846FFF7B0FF284638BD10B582B028
:10A460000023044601228DF8041001A98DF805305F
:10A47000FFF7A2FF204602B010BD00BF10B5044692
:10A480008A680968FFF798FF204610BD8A6808B5FA
:10A490008368934209D3006830B1096839B106F086
:10A4A0005FFAB0FA80F0400908BD002008BD0846F8
:10A4B00008BD00BF83688B4203D9006808B1084417
:10A4C0007047024B002218461A7070471DF1002099
:10A4D000C2B170B5B1FA81F60C46760919B185683A
:10A4E0009D4201D80E7070BDED1A02F1FF3C01686B
:10A4F00020466545194428BF65462A4606F076FA87
:10A50000665570BD704700BF8368934207D910B588
:10A510000468A01806F0BEF920B1001B10BD4FF072
:10A52000FF3070474FF0FF3010BD00BF836843B16C
:10A53000096810B50468204606F056FC20B1001BDF
:10A5400010BD4FF0FF3070474FF0FF3010BD00BF1F
:10A550009A422DE9F04105460E4602D911461A46A7
:10A560000B460021A960B7689742C5E9001114D3D2
:10A570009F4228BF1F46336813F80780D9553368B8
:10A580009C180DD0204606F05BFF21460246284667
:10A59000FFF7AEFE336803F807802846BDE8F08178
:10A5A000AC60F8E72DE9F04107680646E7B184683A
:10A5B000D4B1B846454618F8010B04F0E7F8002876
:10A5C000F8D1013C3C4402E0A54205D8013C20788A
:10A5D00004F0DCF80028F7D1621CAF42A2EB0502C0
:10A5E000B26004D30023BB543046BDE8F081384646
:10A5F000294600F033FD3768B268F3E7006808B118
:10A6000004F0D4B8704700BF006810B1002105F015
:10A6100033BD9FED010A7047000000002A2849D889
:10A62000F8B5254F04463B78E3B9244B1B5DFF2B5F
:10A6300029D0234A02EB041291680A6802F44050C0
:10A64000B0F5805F30D01C061FD41E4C2360236AF7
:10A65000D80704D402F0C6F8236AD907FAD5194BF3
:10A66000586AF8BD174D184E01E002F0BBF8AB6C0C
:10A670001B06FAD4B36C13F08003F6D13B700F4B7A
:10A680001B5DFF2BD5D10020F8BD0F4C03F07F03DD
:10A690002360236ADA0704D402F0A4F8236ADB07F4
:10A6A000FAD5094B586AF8BD22F480521C060A609C
:10A6B000EBD4CAE7002070471EF10020748500200B
:10A6C0001C7F002000400C4000800C40082830B463
:10A6D00022D00A280CBF4FF405714FF44671104C7C
:10A6E000104D636C626C2B400F4802F003021A435A
:10A6F000636C03F0E00313430B436364436C426CED
:10A700002B4002F003021A43436C03F0E0031343AF
:10A71000194330BC416470474FF44071DFE700BF1C
:10A7200000400C4000FCFFFF00800C4010B41F4CA8
:10A730001F281F49A36C23F02003A364626C8B6C59
:10A7400022F4404223F020038B644B6C23F44043FB
:10A7500012D942F4404243F4404362644B641349CB
:10A76000134A8B6C5DF8044B43F020038B64936CAD
:10A7700043F02003936470470F2808D942F4004245
:10A7800043F4004309480A4942644B64E7E7072859
:10A7900004D942F4804243F48043F3E7032862641F
:10A7A0004B64DCD85DF8044B704700BF00400C40A0
:10A7B00000800C40A249A34B88422DE9F047A24CEF
:10A7C0005E699A69D4F80C801BD9A04B984240F27C
:10A7D0000281C31A9E491B0AA1FB031340F22761A1
:10A7E000DB0903EB830303EB830303F2E2438B42B6
:10A7F00028BF0B46A3F54877964BA3FB0737FF0806
:10A8000004E0954FB8428CBF0E2706278D4908F00B
:10A810001F09D1F88030B94543F0C003C1F880303A
:10A820000CD228F01F08A1F5F82148EA0708C1F862
:10A830000C800B68002BFCDA08F01F0916F000737F
:10A8400024D186490C698649A14300F0EA8082F44C
:10A85000805134464FF4805514F0605F04D026F0E8
:10A8600060561E43774B5E6111F4405F07D022F4BF
:10A87000405274492A438A618B6C1A07FCD446F013
:10A880000076704A5661936C9B06FCD4754CA042CE
:10A8900000F2CE804FF0010C0146634603FB01122B
:10A8A00003F1010E0CF10105A24218D8BEF1080F08
:10A8B0004FF0010340F08D80BCF1040F00F2918055
:10A8C0000A18A24200F2A48005FB00F1AC4603F195
:10A8D000010E03FB01120CF10105A242E6D90CF1B5
:10A8E000FF318C0286EA81215F4810445F4A904222
:10A8F0007FD9DFF8A4A16C225D48584DB0FBFEF073
:10A90000D5F800E0B0FBFCF0DFF890C10EEA0C0CCB
:10A91000D44509D042F400524FF4805CC5F800C021
:10A920002A602A68002AFCDA464A156905F00705FC
:10A930009D4203D01361936CDD03FCD411F4E05FFE
:10A9400009D026F4E05604F4E0543E4A264356610A
:10A95000936C9907FCD44749474A014491423CD83B
:10A96000464BC909A3FB0131090B4B1E1B0286EAAA
:10A97000030212F4407F06D026F4407603F44073BD
:10A98000304A334353612F4A536923F000735361B4
:10A99000936C9B06FCD43A4B4F45A3FB00234FF02E
:10A9A000FF324FEA9343B0FBF1F1B2FBF3F3354AC8
:10A9B0001060354A1160354A136008D228F01F082C
:10A9C000214A48EA0707D7601368002BFCDABDE884
:10A9D000F087734662E7122718E74FF440730421AB
:10A9E000C5E70CF1FF31204807238C02104486EAAA
:10A9F0008121274ADFF8A8A0A2FB0020020D2548EC
:10AA0000362A38BF362202FB00F042EA0A0A74E70F
:10AA10004FEA8C24002386EA8C214FF0010EAC46CD
:10AA200062E71D4686F0C05411464FF0C05313E74D
:10AA300000244FF0010C024631462346E64653E718
:10AA400000A4781F00C00F40000008400046C32348
:10AA500023B24C001F85EB5100366E0100800D4083
:10AA600040300080FFB19F26808D5B00FF7EF64D59
:10AA700000643F4D7FD1F0087F17B42C9F10E50094
:10AA800083DE1B436C8B0020688B002060F000206D
:10AA9000819F5E16001BB7006C2000807F30018014
:10AAA0000020008000B970472DE9F84F0121814650
:10AAB000214C224D224E54E8003F2A68306844E879
:10AAC0000013002BF7D11F494B684FF47A7BDFF856
:10AAD00078A01B1A01270BFB02F8DAF80020A3FB71
:10AAE00002325A4594BF9044D84454E8003F2A6843
:10AAF000306844E80073002BF7D14B68DAF800C0E7
:10AB00001B1A0BFB02F2A3FB0C3CBCF57A7F94BF33
:10AB1000624402F57A72A2EB0802B2F57A7F06D39C
:10AB2000B9F1010908F57A78DFD1BDE8F88F01F0B5
:10AB300059FE0449D9E700BFECF00020E8F00020FE
:10AB4000E4F00020001000E060F00020362816D865
:10AB50000201104B03EB00109B5810B4C2685C68F4
:10AB6000144205D061B95DF8044BC3F888207047E2
:10AB7000836851B1084A5DF8044B1A60704770470A
:10AB80005DF8044BC3F884207047044A5DF8044B19
:10AB90001A6070471C7F002038F001003830010037
:10ABA00036280BD8064B020103EB00109A58C368F5
:10ABB00092681A4214BF012000207047002070479D
:10ABC0001C7F0020362829D8164B0201012903EBEF
:10ABD00000109A5810B45368C4680ED004290CD0E1
:10ABE00023EA040353608368A9B1022917D003291B
:10ABF0000CBF0D4A0D4A1A6007E023430129536038
:10AC0000836808D040F638021A60436815225DF860
:10AC1000044B1A60704738221A60F6E77047044AFE
:10AC20001A60F2E71C7F0020383001003800010074
:10AC300038F0010030B4124A0020124B0121124DAD
:10AC4000124CC2F8F032C2F8F402C2F8B810C2F8DE
:10AC5000A000C2F8A450C2F8B0105369DB07FCD5BD
:10AC600051612378DB07F0D41368054943F00103F1
:10AC700013600B68DB07FCD462B630BC704700BFC2
:10AC800000802A400504012401000F0000812A40B1
:10AC900070B50E4C4FF6FF7E0D4E04F17E05A6F505
:10ACA0008053002102E0B34281B204D21A88481CCA
:10ACB00002337245F7D124F8021FAC4206F58056E4
:10ACC000EDD1044B01221A7070BD00BF62F000206C
:10ACD00000107C6020F1002041F2BB0398422FD885
:10ACE000184B10B51B7804463BB3A008164B04F074
:10ACF0000301164CA3FB0023C21A03EB5203144AB0
:10AD00005B09C3EB831E9C46A0EB0E0341EA8C015A
:10AD1000FF2034F813C01A444FEA4C0C13030CEB19
:10AD2000023CBCEB023F07D91A880233D4B28C42F2
:10AD300008BF100A9C45F7D810BDFFF7A9FFD4E75C
:10AD4000FF20704720F100200541100464F000202E
:10AD5000C0070600F8B50F46164672B6344B40F2EF
:10AD60000641344A9A610222DA610022C3F8A02027
:10AD7000C3F8F012C3F8F422C3F8F822C3F8FC2297
:10AD80004FF47022C3F8A4200122C3F8B02020F0B1
:10AD90001F038219BFF34F8F4FF0E024C4F85C3FCC
:10ADA00020339A42FAD8BFF34F8FBFF36F8F204DF5
:10ADB0006B69DA07FCD501231F49B2B220F07F404E
:10ADC0006B6142F47022C5F8F01242F20121184C76
:10ADD000C5F8F412C5F8BC30C5F8A000C5F8A42029
:10ADE000C5F8B030154D01E05B0609D4636913F076
:10ADF0000100F9D041236361BDE8F840FFF71ABFB5
:10AE0000082E0AD836B13246394637440646284617
:10AE100000F024F940236361E8E7A6F10800082662
:10AE20003946324637440646284600F017F9F1E71E
:10AE300000802A40F05AF05A3204180880812A40D3
:10AE400010B472B6284B0221284C00229C614FF4AA
:10AE50007024D96140F20641C3F8F0120121C3F811
:10AE6000F422C3F8F822C3F8FC22C3F8A020A2F50C
:10AE70008052C3F8A4400240C3F8B010BFF34F8F14
:10AE800002F5805102F120034FF0E02C994234BFCB
:10AE90000121802102EB41118B42CCF85C2F1A4634
:10AEA00003F12003F8D1BFF34F8FBFF36F8F0E4A2A
:10AEB0005369D907FCD501240D490E4B5461034059
:10AEC000C2F8F0124FF470200749C2F8A030C2F85F
:10AED000A400C2F8B0404B69DB07FCD501235DF844
:10AEE000044B4B61FFF7A6BE00802A40F05AF05A8F
:10AEF0002004180800F0FF0041F2BB03984200F262
:10AF00008980464B2DE9F0471B78C2B0054689463B
:10AF1000002B7CD0AB08424E05F00305414FA6FB49
:10AF200003269A1B06EB5206760945EA8605C6EB10
:10AF300086169E1B3C4B37F81640334460004FEAA0
:10AF4000033800EB0330B0EB033F64D943464FF0C6
:10AF5000FF0C1A880233D1B2A94208BF4FEA122C63
:10AF60009842F6D8E14541D0B4F5006F41D302AC28
:10AF70004FF48072FF21204605F03AFC08F580501E
:10AF800008F102034246984234BF01204FF40060AA
:10AF900008EB4000134602321B888242D9B24FEAC6
:10AFA00013236354F6D104F805900DF107090DF24F
:10AFB000071A00254C464046FFF742FF14F801CF20
:10AFC00008EB450002220DF10601631EBCF1FF0FE4
:10AFD000A3EB090306D043EA0C230135ADF8063094
:10AFE000FFF7B8FEA245E9D127F8165042B0BDE8F8
:10AFF000F08745EA092502A902220134ADF808507C
:10B00000FFF7A8FE27F8164042B0BDE8F087FFF72B
:10B010003FFE7FE770474FF0FF0CA3E720F10020D1
:10B020000541100464F00020C007060062B170B54D
:10B0300005460C468E182046013415F8011BFFF713
:10B040005BFFB442F7D170BD704700BF08B5F7F79A
:10B0500007F9F7F75DFB01F0C5FBFAE7844641EA23
:10B06000000313F003036DD1403A41D351F8043B80
:10B0700040F8043B51F8043B40F8043B51F8043BD2
:10B0800040F8043B51F8043B40F8043B51F8043BC2
:10B0900040F8043B51F8043B40F8043B51F8043BB2
:10B0A00040F8043B51F8043B40F8043B51F8043BA2
:10B0B00040F8043B51F8043B40F8043B51F8043B92
:10B0C00040F8043B51F8043B40F8043B51F8043B82
:10B0D00040F8043B51F8043B40F8043B51F8043B72
:10B0E00040F8043B51F8043B40F8043B403ABDD2E1
:10B0F000303211D351F8043B40F8043B51F8043B83
:10B1000040F8043B51F8043B40F8043B51F8043B41
:10B1100040F8043B103AEDD20C3205D351F8043B11
:10B1200040F8043B043AF9D2043208D0D2071CBFDD
:10B1300011F8013B00F8013B01D30B880380604606
:10B14000704700BF082A13D38B078DD010F003037C
:10B150008AD0C3F10403D21ADB071CBF11F8013BEC
:10B1600000F8013B80D331F8023B20F8023B7BE73B
:10B17000043AD9D3013A11F8013B00F8013BF9D266
:10B180000B7803704B7843708B7883706046704700
:10B1900001F1FF3C70B56646002400E00134B0FBCD
:10B1A000F2F502FB1503092B03F1370E03F130030F
:10B1B0005FFA8EFE98BF5FFA83FE9042284606F83B
:10B1C00001EFEBD2631C0022C818CA547CB162465E
:10B1D0001CF8015F10F8016DA1EB0C0302328CF832
:10B1E0000060013B521A057023449A42EFDB084687
:10B1F00070BD00BF4FF0010C0CFA01FC01EB4101E6
:10B2000000EB411170B5B1F80EE01FFA8CF5254C3A
:10B210001FFA8EFE24782E010EFB033306F0F00693
:10B22000E340B0F888417345A4B228BF7346344365
:10B23000012AA0F888410DD0022A28D0C2B10CF012
:10B240000F02B0F888C11FFA8CFC4CEA020CA0F87F
:10B2500088C170BD9BB20CF00F022D02CB82B0F8FA
:10B26000803105F470659BB22B43A0F88031E8E78C
:10B27000AEEB030E0CF00F021FFA8EFEA1F80AE0EF
:10B28000B0F880319BB21343A0F88031D9E79BB26C
:10B290000CF00F02CB83B0F880319BB21E43A0F8B4
:10B2A0008061CEE71896002036284BD8F8B52A4D95
:10B2B000044615F8202005EB8005012A2DD0022A2E
:10B2C0003FD16B78C3F3011003283ED0234A02EB31
:10B2D000803203F0030C224889B2634602EB4C1C17
:10B2E0000678BCF806E05801BCF810301FFA8EFE54
:10B2F000CEF1011E1EFA83F303F1FF3E0EFB01F1B6
:10B30000F1408E4523D95B1AC3F101039BB289B288
:10B310000244ACF8063011820DE06A78C2F30113E2
:10B32000032B10D00F4800EB83308BB202F00301E7
:10B33000AA78FFF75FFF0C4BEA7803EB04135B6816
:10B340001A60F8BD70470948EFE7094AC1E7991E3E
:10B350004FF6FF73DBE700BFA085002000C01D4053
:10B360001896002000C03D401C7F002000803E4019
:10B3700000801E4000230F2248F2B82C194610B559
:10B380004FF470444FF4806EA0F88C414FF4604449
:10B39000A0F88E210A46A0F89031B0F888319BB20F
:10B3A00043F0F003A0F8883101EB4103013100EBD9
:10B3B000431304299C80A3F806E05A841A865A8015
:10B3C0005A81A3F80EC05A82DA825A83DA83EBD10B
:10B3D000B0F888319BB243F00F03A0F88831B0F881
:10B3E00088319BB243F47063A0F8883110BD00BF70
:10B3F000374B384A996F384841F47F0170B59967E7
:10B4000041F20106D3F8801045F6C05543F22604F8
:10B410000A43C3F88020FFF7ADFF00F58040FFF737
:10B42000A9FF00F58040FFF7A5FF00F58040FFF77A
:10B43000A1FF0022A0F503104FF00F0E114600EB04
:10B4400042134FEA421C01329981042A5981A3F820
:10B450000EE09E82DD8020F80C1019829C81EED1D6
:10B4600000221E484FF00F0E41F20106114645F62C
:10B47000C05543F2260400EB42134FEA421C01324E
:10B480009981042A5981A3F80EE09E82DD8020F87C
:10B490000C1019829C81EED1002211480F2641F236
:10B4A0000105114645F6C05443F2260E00EB421347
:10B4B0004FEA421C01329981042A5981DE819D8222
:10B4C000DC8020F80C101982A3F80CE0EED170BDDE
:10B4D00000C00F40000003FC00C03D4000001E40C3
:10B4E00000401E4072B6EFF30583524CC4F884301E
:10B4F0001EF0040F0CBFEFF30882EFF309824FF048
:10B50000E0234D4E4D4DD3F8280DD3F82C1DC4E942
:10B510002201D3F8341DD3F8383DC4E924139369CC
:10B52000C4F89830D369C4F89C3000F0D1F884EDA9
:10B53000280A01F045FA0B214FF0FF32C4F8A400AD
:10B540000B46C4F880103E49301D5A40202402F0BA
:10B550000103013C01FB03F383EA5202F7D1A84245
:10B5600002D073680646EFE7324BC3F8A820BFF35A
:10B570004F8F4FF0E0233049324AC3F8701FC3F8B1
:10B58000702FBFF34F8FBFF36F8F2F4A02252F48C5
:10B59000D36E2F4943F44053D3660560D3692D48D9
:10B5A00023F07F0343F04003D3610B6883423DD80F
:10B5B000264D00214FF0E0234FF0FF322960012695
:10B5C000C5F808112449C5F80011C5F80861C3F889
:10B5D0008021C3F88421C3F88821C3F88C21C3F8E3
:10B5E000902101E000F066F9D5F80C31002BF9D07C
:10B5F0000134C5F80C614F2CF4D9184B02201849BE
:10B600004FF00042C1F840015A63D5F80C313BB904
:10B61000144815490D4A0163D2F80C31002BFAD0B9
:10B620004FF0E023114AC3F80C2DFEE7FFF7C2F8F4
:10B63000BEE700BF00FF272080FF2720A8FF2720AC
:10B640002083B8EDA0FF272000C00F400040084035
:10B650006C8B0020803DCD0B009F240000900D409E
:10B6600000002E4000800F40F100AD0B0400FA05F1
:10B670000A490A6838B108B513180948834204D842
:10B6800010460B6008BD1046704705F0D3FC0C2334
:10B690004FF0FF320360104608BD00BF1C90002031
:10B6A00000002820002070474FF0FF30704700BF97
:10B6B0004FF4005300204B60704700BF01207047DB
:10B6C0004FF0FF30704700BF30BFFDE7FFF70ABF04
:10B6D000124AD2F880305B07FBD5D2F88030104890
:10B6E000C3F30B230F4990ED007A07EE903A91EDEA
:10B6F000006AB8EE477A0C4AF8EEE77A0B4BD2EDC7
:10B70000006A77EEC77A93ED007AB8EE477A67EE73
:10B71000867A87EEA60A37EE400A704700810D4010
:10B7200050F0002058F000205CF0002054F0002081
:10B73000836BF0B41BB1536843F40043536072B69B
:10B74000446B3CB31A4B2260D3F8B0410C421DD17C
:10B75000184E776804E07468E41BB4F5166F0BD2DA
:10B76000D3F8404144F48044C3F84041D3F8B85181
:10B77000D3F840416404EED50D4007D10C4CC0E92C
:10B780000225D4F8B0310B43C4F8B031426362B63D
:10B79000F0BC7047064DC0E90224D5F8B0310B4328
:10B7A000C5F8B0310263426362B6F0BC704700BFB7
:10B7B00000002E40001000E070B5056B9DB10646FC
:10B7C0002A46002403E012680134012A0CD0536891
:10B7D00013F08003F7D032632CB12846B36B2D6889
:10B7E0009847013CF9D170BDC6E90C33F4E700BFBE
:10B7F00030B4D9B91F4C204B0021204A01254FF00D
:10B80000011099601D60C4E9023180245C60C2F8B7
:10B81000BC01D2F8B0311A482B43C2F8B0310160F4
:10B82000D2F8B031002BFBD130BC70470904154B66
:10B83000104C012541F080019860104A596000F5D4
:10B8400080511D60D96000F50051A364196100F5B5
:10B85000405100F58040596100219861E164D2F8BF
:10B86000B03143F48033C2F8B031D2F8B031002B9C
:10B87000FBD1C0E700000020C09A002000002E404D
:10B8800098EF0020E09A0020084901220B7802FA84
:10B8900000F023EA0000087030B9054AD2F84831B8
:10B8A00023F08003C2F84831704700BF23F1002025
:10B8B00000002E402DE9F04F974C83B0D4F844712E
:10B8C000FB07C4F8447153D5D4F8AC21002A4AD000
:10B8D000924EDFF860A2DFF87492DFF874B2DFF8FE
:10B8E0007482C4F8AC21D6E90A20D4F8403143F47C
:10B8F0000053C4F84031D4F840319D04F5D5D4F854
:10B90000403123F40053C4F840314FF00113C4F820
:10B91000B431D4F8B45115F00115FAD193B284467C
:10B92000CAF80050B3F5086F00F0CF8100F2DB8059
:10B9300040F202318B4200F0E78100F29A80822BC4
:10B9400000F0CB81B3F5817F40F08A8010F0780F52
:10B9500083B200F003824FF00113C4F8C031D4F871
:10B96000AC21002ABDD16C4AD2F8BC31002B42D1A7
:10B970007E0616D5684BD3F8AC21C3F8AC21D3F8BA
:10B98000BC21C3F8BC21D3F8B041002CFBD14FF04F
:10B99000FF32C3F8B421D3F8843100F027FD604BA7
:10B9A0001C60FC0103D55F4B1B6803B19847B801CD
:10B9B00003D55D4B1B6803B19847790708D5564BF3
:10B9C000D3F8843113F4007347D0584B01221A7016
:10B9D000514BD3F848311A060AD53B0608D5544ACC
:10B9E00013782BB1013BDBB21370002B00F0728295
:10B9F00003B0BDE8F08F4F49C2F8BC31086803427C
:10BA000040F0D181464A14681C40B1D05FEA144826
:10BA100010D0424E4FF0010998FAA8F5B5FA85F515
:10BA200006EBC51009FA05F54030FFF7C5FE38EA08
:10BA30000508F1D1A4B2002C9AD0384E4FF001087D
:10BA400094FAA4F5B5FA85F506EBC51008FA05F5E4
:10BA5000FFF7B2FEAC43F3D18AE7344A1370B7E77D
:10BA6000802B7FF478AF344802210580FFF7C0FEB9
:10BA700075E7B3F5A06F00F00B81A3F5D063012B40
:10BA80003FF669AF2D4B5D68002D3FF464AF1FFAA0
:10BA90008CFC4FEA124E04E01D690C33002D3FF47C
:10BAA0005AAF1A887245F7D15A886245F4D14FEAE5
:10BAB0001E22032A00F0A5811A89000C824228BFA9
:10BAC0000246BEF5007F40F0A181184B1C49187852
:10BAD0001C4B0192002818BF19461B48FFF7BEFAFD
:10BAE000194D019AE1E142F221218B427CD033D9F8
:10BAF00042F221318B4200F081804FF6C0018B422F
:10BB00007FF429AF10F47F4F83B27FF424AF43F466
:10BB10006E4363F30F0CB5E700002E4000000020D9
:10BB20009CEF0020FCF0002000F1002029F1002013
:10BB30002AF1002098EF0020CCEF00209C89002003
:10BB4000CC1E0060301F006060E6222090EF0020D5
:10BB50005DCFC6B8C0012E40B3F5106F66D042F27B
:10BB600021018B427FF4F7AE030C072B7FF4F3AE79
:10BB7000B24BB349F560D960B249B360C3F80890DD
:10BB8000C1E9002001221A60AF4A5A60AF4A1A6127
:10BB9000D4F8B01141F00101C4F8B01102F58051A0
:10BBA00002F5005259619A61D4F8B031002BFBD1F3
:10BBB000A74AF36493600123B264136048F28003E0
:10BBC00053604FF00113C4F8BC31D4F8B03143F4E2
:10BBD0008033C4F8B0314FF48033CAF80030D4F861
:10BBE000B031002BFBD1BAE680B238B9994BC2F321
:10BBF00007421968984B1960984B1A70944B0022B1
:10BC00009A60F2640122B3641A6080225A604FF095
:10BC10000113C4F8BC31D4F8B03143F48033C4F814
:10BC2000B031D4F8B031002BFBD198E6C2F3074213
:10BC30008B4B1A708B4BC4F8C8318B4BC4F8CC318A
:10BC40008A4BC4F8D03100F0D3FB802229468848C3
:10BC500004F0CEFD874B8022C6F8A0B0C6F8E030D5
:10BC60007B4BF5645A600122B3649D601A604FF00B
:10BC70000113C4F8BC31D4F8B03143F48033C4F8B4
:10BC8000B031CAF80050D4F8B031002BFBD166E6D1
:10BC90006F4B0121F564196080219D60B364596088
:10BCA0004FF00113C4F8BC31D4F8B03143F4803301
:10BCB000C4F8B031D4F8B031002BFBD1130C5B06C3
:10BCC00043F08073C4F8543149E6654B01216A485A
:10BCD0001B780370FFF78CFD41E683B210F078000B
:10BCE0007FF439AE03F07F0258F82210624A1080C8
:10BCF000180600F19E80CB0701D5012313700221A5
:10BD00005D48FFF775FD2AE610F0780F83B27FF4E7
:10BD100022AE03F07F0213F0800F58F8223014BFD8
:10BD200043F4803343F0010348F822300022484BAB
:10BD3000F2649A600122B3641A6080225A604FF064
:10BD40000113C4F8BC31D4F8B03143F48033C4F8E3
:10BD5000B031D4F8B031002BFBD100E603F07F0204
:10BD600013F0800F58F8223014BF23F4803323F0EF
:10BD7000010348F822300022354BF2649A60012218
:10BD8000B3641A6080225A604FF00113C4F8BC31CA
:10BD9000D4F8B03143F48033C4F8B031D4F8B031C2
:10BDA000002BFBD1DBE50020086026490C884868A1
:10BDB00042F221018C427FF425AE80B200287FF44C
:10BDC00021AE2E492E4C03C9A18086284FEA11418D
:10BDD0002060A1717FF416AE72B62A48017841F056
:10BDE00008010170D2F848110D0605D480200143E6
:10BDF000C2F84401C2F8481162B6234A50211170BA
:10BE000000E6000C2A78824228BF0246BEF5E06FA9
:10BE100044D11E4B1E4D18781E491F4B019200281D
:10BE200018BF19462846FFF719F907236B70019AC6
:10BE30003BE0C9033FF561AF61E700BFE09A002036
:10BE400090FF0020909C002080000700900F0120B0
:10BE5000C09A0020E8F00020F8F0002027F1002030
:10BE600028F100200200CC00C80002000200C80037
:10BE7000800000201993D574CCEF002090EF0020B3
:10BE8000F0F0002023F100202AF1002029F1002009
:10BE900060E62220301F0060CC1E00602946104D55
:10BEA00001922846FFF7DAF8019A25F01F0315449E
:10BEB000BFF34F8F4FF0E021C1F8703F20339D4218
:10BEC000FAD8BFF34F8FBFF36F8F05481146FFF7C6
:10BED0008FFC44E50320FFF7D7FC0DF0A1FC00BF69
:10BEE00060E622202DE9F0471F46831E022B01D970
:10BEF000BDE8F087DFF84C9015460C463C2209EB74
:10BF0000C01806464FEAC01A002108F104002404B4
:10BF100004F06EFCB5FA85F20123520944EA42743A
:10BF200049F80A40C8F83870C8F80830002FDFD048
:10BF3000034AB34011680B431360BDE8F08700BFAC
:10BF40009CEF0020000000202DE9F0470D46811EE7
:10BF5000022901D9BDE8F087C701DFF84C9092466D
:10BF6000044640373C2200211E4609EB07082D04F9
:10BF700008F1040004F03CFCBAFA8AF2520945EADE
:10BF8000427249F807200122C8F83860C8F8082032
:10BF9000002EDFD0034B10341968A2400A431A6008
:10BFA000BDE8F0879CEF00200000002012048160B3
:10BFB000C36101F5405342F0800210B40124426095
:10BFC00001F50052046001F5805401F58041C46020
:10BFD00081615DF8044BC0E904237047831E0A4663
:10BFE000022B00D97047064B00F110014FF0010CF5
:10BFF00003EBC0100CFA01F14030FFF799BB00BF12
:10C0000000000020831E0A46022B00D97047012140
:10C01000024B814003EBC010FFF78ABB00000020F9
:10C0200040687047124A134BD2F8200220F07F403C
:10C03000984210B584B002D200EB800040000E4C54
:10C0400001A90A22FFF7A4F801A90023204611F84C
:10C05000012B01333AB10A2B20F8022FF7D1162316
:10C06000237004B010BD5B00DBB2237004B010BDC0
:10C0700000441F40809698000096002000F0D6BA39
:10C0800000F066BB00F03CBB0846114600F02CBB3C
:10C09000F8B5144C4FF0E025134E4FF4003204EB8A
:10C0A0004024124F06EB40160346C5F88C2121466A
:10C0B0003A883046FFF77AFF3B882344BFF34F8F1F
:10C0C000C5F85C4F2034A342FAD8BFF34F8FBFF3BB
:10C0D0006F8F03203146FFF795FF4FF40033C5F80B
:10C0E0000C31F8BDE0E62220009B002012F1002078
:10C0F000244B2DE9F0411C884368C569C3F30E4306
:10C10000E41A002C24DD204920480A780078D3B2B4
:10C110001F4E82421F4807D010F8038036F818706F
:10C12000C7F50072944218D90133002226F8154051
:10C13000082B194E88BF134626F8152098BFDAB28F
:10C14000C554164B0A701A6814441C60BDE8F0818F
:10C150002846BDE8F041FFF79BBF07EB4820104998
:10C1600022462744084401EB4521FEF777FF0B4A9E
:10C17000284626F8187013682344BDE8F041136080
:10C18000FFF786BF12F1002021F1002022F10020EC
:10C1900024F0002044F0002034F0002020F00020A3
:10C1A000E0E622201D4B1A78002A36D102F0FF0368
:10C1B0001B4A12788AB32DE9F0411A4D2A8852B3EE
:10C1C000194EC2F50068194F3278194C07EB421727
:10C1D00004EBC224424638462146FFF7E7FE04EB53
:10C1E0000802BFF34F8F4FF0E023C3F8704F2034A5
:10C1F000A242FAD8BFF34F8FBFF36F8F04203946A6
:10C20000FFF7ECFE33780133DBB2032B88BF00234A
:10C21000337000232B80BDE8F081704726F10020A9
:10C2200028F1002014F1002025F10020009C0020BE
:10C23000E0F622202DE9F04F85B0CDE9011000296C
:10C2400000F0BF800023604CDFF89881DFF898A1F0
:10C250005E4F009301235E4A23705E4B1978B8F855
:10C26000003002EB4119002B40F0A7801E461D460E
:10C270009B464846FFF7D4FE10F0800000F08C800B
:10C28000BFF34F8F9AF8003084F800B005B93E68CC
:10C29000002B7DD13B689B1B782B00F287804E4B97
:10C2A0001B78002B74D000F09DFA0122B8F8003002
:10C2B00015462270002BDCD0464AC3F50060117889
:10C2C0001A4600EBC120454DC9022844019D954204
:10C2D00017D20393DDE901512A46FEF7BFFE039B07
:10C2E0004FF040425B1BA8F800303D4BC3F8842060
:10C2F000BFF34F8F009800232844237005B0BDE89A
:10C30000F08F364BCD180299FEF7A8FE00234FF4AC
:10C31000006229464846FFF749FEBFF34F8F05F1FB
:10C32000200205F50063934234BF012340234FF000
:10C33000E02205EB4313C2F8705F2035AB42FAD11F
:10C34000BFF34F8FBFF36F8F04204946FFF746FEC0
:10C35000204A13780133DBB2032B84BF00231D4A2C
:10C360001370B8F80030019AD11A009A1A4401915A
:10C370000092029A1A4400230292194AA8F8003047
:10C38000C2F88430BFF34F8F237000297FF462AF6F
:10C39000009805B0BDE8F08F4FF400620D4B8AF8AD
:10C3A000000019781346A8F800208AE701230098B6
:10C3B0008AF8003005B0BDE8F08F1A46C3F500607A
:10C3C0007FE70198E5E700BF26F10020E8F00020B4
:10C3D000009C002025F1002028F10020E0F622201A
:10C3E00000002E4014F1002024F10020704700BF0F
:10C3F0002D4B002180222D4870B51B7800242C4D38
:10C400008B422C4E0CBF40234FF400732B803380A3
:10C4100004F0EEF9284A2146284B14704FF480723C
:10C4200027481C8004F0E4F9264A1021264B0220FC
:10C43000C2E90044C2E90244244AC3E9004414703A
:10C44000234AC3E90244234B1C702346146022464E
:10C45000FFF77AFD2246318803201F4BFFF742FD8C
:10C460002346012229880420FFF76EFD204601346F
:10C47000FFF70EFE082CF9D1184B00214A2218486C
:10C48000184C0460C3F88410C3F88020D3F8482106
:10C49000154942F08072C3F8482121B1134A13783C
:10C4A00043F00103137070BD29F10020009C0020AF
:10C4B00016F1002012F1002025F1002014F10020D7
:10C4C000009B002024F0002034F0002021F1002007
:10C4D00020F0002022F1002031A1000000002E40B9
:10C4E000FCF00020E5A10000000000002BF100207E
:10C4F0002DE9F04F4FF0E0234FF40032DFF8C8A0F1
:10C5000083B0C3F88C218B469AF8004000294FD0A5
:10C510008046E4B20027DFF8B490264BABEB07026D
:10C5200025491B78A34204F101043FD0092C234B79
:10C53000404628BF00241E5D39F816C00CEB462388
:10C5400019441F4B33F81650A5EB0C05AA421CD218
:10C550000CEB462C18491B4C61440192FEF77EFD02
:10C56000216839F816505846019AA1EB0B012A446C
:10C57000394429F8162021604FF0E0234FF40032AF
:10C58000C3F80C2103B0BDE8F08F2A462F44FEF714
:10C5900065FD0C49E3B230460A68A844521B0A60A4
:10C5A0008AF80030FFF774FDBB45B6D83846E3E79C
:10C5B0000846E1E721F10020E0E6222044F00020D7
:10C5C00024F0002020F0002022F1002034F0002090
:10C5D0000B4B0C4A12781978D3B28A420DD0013332
:10C5E00009480A4A092B0A4928BF0023C35C31F8CD
:10C5F000131002EB4323585C70474FF0FF30704735
:10C6000021F1002022F1002044F00020E0E6222069
:10C6100034F00020044B10B51C680CB1204610BD4E
:10C6200000F0E0F8204610BD20F000202DE9F84F82
:10C63000144E154D33782A78934221D0DCB2DFF8BE
:10C640005090DFF850B0DFF85080104F0134082CC4
:10C650005FFA84FA01D90024A24619F80400DBF835
:10C66000003038F8102037F81010521A9B1ACBF807
:10C670000030FFF70DFD86F800A02B78A342E5D12E
:10C68000BDE8F88F22F1002021F1002034F00020D5
:10C6900044F0002020F0002024F0002000B583B0FA
:10C6A00001210DF10700FFF723FF20B19DF80700DE
:10C6B00003B05DF804FB4FF0FF30F9E7094B00B51C
:10C6C00083B01B788DF807003BB101210DF1070005
:10C6D000FFF7B0FD03B05DF804FB03F0FF0003B00B
:10C6E0005DF804FB28F10020044B1B7803F0FF02E7
:10C6F0000BB1FFF79FBD1046704700BF28F1002027
:10C700002DE9F0410024DFF8448001230D4D274638
:10C710000D4E88F80030337828462035A34204F1C6
:10C72000010405D0FFF77CFC030658BF07F500673E
:10C73000042CF0D1BFF34F8F0023384688F8003027
:10C74000BDE8F081009C002025F1002026F10020AA
:10C750002DE9F8431D4B1B7813B11D4D2A880AB9EA
:10C76000BDE8F8831B4EC2F500691B4933784A4681
:10C770001A4C01EB43181A4F04EBC3240123404623
:10C780003B7021460023FFF711FC04EB0902BFF3C5
:10C790004F8F4FF0E023C3F8704F2034A242FAD8F5
:10C7A000BFF34F8FBFF36F8F04204146FFF716FC96
:10C7B00033780133DBB2032B88BF002333700023AF
:10C7C0002B80BFF34F8F3B70BDE8F88328F100202A
:10C7D00014F1002025F10020009C0020E0F622202A
:10C7E00026F100202DE9F8432D4B1E7866B12D4F20
:10C7F0003B784BB90123F1073B7043D4B20726D4F1
:10C8000000233B70730701D4BDE8F883264B1A68F8
:10C81000002AF9D0EFF30582002AF5D1EFF3108555
:10C8200072B61868002834D0204C2178002930D105
:10C830000122227042691A60002A2ED0916105B946
:10C8400062B600258368457798472570DCE7DFF8F6
:10C85000648098F80030002BD2D00025DFF8589083
:10C860002B4659F823400135236820461B69984719
:10C8700010B163699B68984798F80020EBB29A4220
:10C88000EFD8BDE7FFF7C6FE0028B7D0AFF30080B2
:10C89000B4E7002DB8D162B6B6E7054B1A60CEE713
:10C8A0002BF100201CF10020A4EB00201AF1002045
:10C8B000B0EB00201BF10020B4EB0020EFF310825E
:10C8C00072B6437F5BB9017F012930B40BD00329D5
:10C8D00013D00123437702B962B630BC70470AB95E
:10C8E00062B670477047124C2168B1B1114943617B
:10C8F0000B68086083615861EBE70F4D0F492C68A6
:10C900008CB143610B68836158614FF0E0234FF0B5
:10C9100080540860C3F8044DDBE7064B20601860C4
:10C92000C0E90511D5E7C0E905442860EDE700BF7F
:10C93000A4EB0020B0EB0020ACEB0020A8EB002023
:10C9400090F81CC04160BCF1020FC26001D1836845
:10C950001847FFF7B3BF00BF70B5EFF3108272B690
:10C960000C4C206880B10C4E00254369236073B1E4
:10C970009D6102B962B6836845779847EFF31082EC
:10C9800072B620680028F0D102B962B670BD33607B
:10C99000EFE700BFACEB0020A8EB0020FFF7DCBF07
:10C9A0000449054A4968054B19601368013313604F
:10C9B000704700BF001000E0E8F00020E4F0002025
:10C9C000074A506A936A19468446506A936A9942A4
:10C9D000F9D18445F7D1DB0B43EA4040704700BFF3
:10C9E00000400D4008B5D0E900325BB1BAB10F4B41
:10C9F000A3FB0213DB0803EB4303B2EB83030AD16F
:10CA0000012008BD094BA3FB0213DB0803EB430322
:10CA1000B2EB830301D0D21A4260F02AF0D804F0BE
:10CA200009FB1C22034600201A6008BDABAAAAAA73
:10CA300070B5044638B319B1B2FA82F67609A2B9D4
:10CA4000206800B36268F2B1184B194902FB03F386
:10CA5000B1EBB30F17D3A368E3B90022012322601F
:10CA60006260A260E260184670BD1D46049BC0E98A
:10CA70000012C360FFF7B6FF03460028F3D06DB97C
:10CA80000123184670BD04F0D5FA16220023026077
:10CA9000184670BD002103F0ABFEDEE76268314648
:10CAA0002068A56003F0A4FE0123DCE7ABAAAAAAD4
:10CAB0005555551503460846194604F077BA00BF88
:10CAC00038B50D46044600212846FEF77BF8084B92
:10CAD0002A0103EB051599580023EA68A360E37364
:10CAE0002382A374C4F80B30C4E9002138BD00BF11
:10CAF0001C7F0020F0B5D0E9005C72B6DCF8043091
:10CB0000EF4323EA0503CCF8043062B67C20DFF85B
:10CB1000C0E02D492D4E4C68DEF80020A6FB023205
:10CB2000920C52004B681B1B9A42FBD8DCF8083071
:10CB30002B4204D1431E13F0FF00ECD1F0BD72B6BE
:10CB4000CCF88850DCF804302B43CCF8043062B6C3
:10CB50001E4B4868DEF800201B49A3FB0232920CF2
:10CB6000C2EB021252014B681B1A9A42FBD872B6F2
:10CB7000DCF804301F40154BCCF804704868DEF830
:10CB800000201149A3FB02324623920C03FB02F260
:10CB90004B681B1A9A42FBD8DCF808302B420CBFBA
:10CBA0000120002062B6094B4C684FF4CD71DEF8CD
:10CBB0000020A3FB0232920C01FB02F202494B68F7
:10CBC0001B1B9A42FBD8F0BD001000E083DE1B4324
:10CBD0006C8B0020CB0770B4D0E9004028D572B62A
:10CBE000C0F888404368254D234325494360254BC1
:10CBF0006E680A68A3FB0232920C02EB82025200BA
:10CC00006B689B1B9A42FBD8C0F8844062B61D4BF0
:10CC100068680A681949A3FB0232920CC2EBC2038E
:10CC2000C2EBC3024B681B1A9A42FBD870BC704718
:10CC300072B6C0F888404368104D234310494360E2
:10CC4000104B6E680A68A3FB0232920C02EB821250
:10CC50006B689B1B9A42FBD8C0F8844062B6094BB4
:10CC600068680A680549A3FB0232920C02EB820253
:10CC70004B681B1A9A42FBD870BC7047001000E04A
:10CC80006C8B002083DE1B4370B4D0E9004172B688
:10CC90004B681D4823431D4D4B60C1F888401C4B19
:10CCA00046682A68A3FB0232920C02EB42024368F8
:10CCB0009B1B9A42FBD84B68134E23EA04034B603C
:10CCC000134B40682A68A3FB0232920C02EB8202EB
:10CCD000520073681B1A9A42FBD88B68234214BF18
:10CCE0000120002062B60A4B352174682A68A3FB34
:10CCF0000232920C01FB02F203494B681B1B9A4261
:10CD0000FBD870BC704700BF001000E06C8B0020A7
:10CD100083DE1B432DE9F041082506460F46904669
:10CD20000124274230464FEA440414BF0121002168
:10CD3000FFF750FF013DE4B2F3D1B8F1000F0AD183
:10CD400072B6D6E900135A6822EA01025A603268C4
:10CD5000C3F8882062B6BDE8F08100BFF8B50824AA
:10CD60000027012506463046FFF78EFF6B0000B115
:10CD70002F43013CDDB2F6D13846F8BD70B5082529
:10CD80000124064614F0CC0F30464FEA440414BF89
:10CD900001210021FFF71EFF013DE4B2F2D172B67E
:10CDA000D6E900135A6822EA01025A603268C3F8D1
:10CDB000882062B670BD00BF00238360C373038206
:10CDC0008374C0F80B307047837C2DE9F04704462C
:10CDD0002BB1002318462382A374BDE8F08789464F
:10CDE0001546FFF787FE0028F3D00826002D45D012
:10CDF000012515F0F00F20464FEA450514BF01212B
:10CE00000021FFF7E7FE013EEDB2F2D172B6D4E9A0
:10CE100000135A6822EA01025A602268C3F8882087
:10CE200062B601264FF000083746C2462046FFF79B
:10CE30002BFF05462046FFF727FF012D01D10128D2
:10CE400047D085422ED0012D04EB080325D01A7A55
:10CE500022EA06021A727600294620460137FFF7B9
:10CE6000B9FE16F0FF06FFB2E0D108F101085FFA43
:10CE700088F8B8F1080F2CD00126D7E7012515F066
:10CE8000EC0F20464FEA450514BF01210021FFF7B2
:10CE9000A1FE013EEDB2F2D1B8E71A7A0125324384
:10CEA0001A72D8E7237CBB420DD904EB08031A7A27
:10CEB000164214BF01250025002DEED1082F24D8DD
:10CEC000BA466774C3E70CBF0125002504EB0803CD
:10CED000F2E7402F7FF67DAF84F810A0BAF1000F83
:10CEE00001D10123A374227A002A3FF472AF09F121
:10CEF000FF33083409F1070901E014F8012F03F8A2
:10CF0000012F4B45F9D1012067E7BA469FE700BFE3
:10CF100081B100EB010C084B002110F8012B5140AE
:10CF2000604501F00F0203EB11119A5C097C81EA64
:10CF30000201F2D108467047A01F0060324B33490E
:10CF400030B5D3E911542079C8771A6C95F804C02C
:10CF500081F81CC0087752B1B2F5004F23D32C4999
:10CF600011442A4A1964D07682F81BC030BD196872
:10CF70000F24D86C8C6540F20134CA610C614FF407
:10CF80007C544C6103210468246883F83D10214BD4
:10CF90009C4226D1037F4260022BC26026D1836867
:10CFA000BDE8304018472D68E98B090422D492B2BD
:10CFB000EA832168EC8BA4B2EC82CC8B240405D5E7
:10CFC000CC8BC2F3080204F47E442243CA83CA8B8A
:10CFD00092B2CA8200210D4A1964D07682F81BC031
:10CFE00030BD23461146BDE830401847BDE830400B
:10CFF000FFF764BCE98BC2F3080E92B201F47E41E4
:10D0000041EA0E01E983D4E7708B002000800E40D6
:10D010000180FFFF81A9000043682DE9F04FD3E9AB
:10D020000041814D4FF0B80A22684FF0020822EA11
:10D0300001027E492260AA6911407D4A0A43AA6121
:10D0400090F810E07B4A03EB0E0603EB8E0E317C6A
:10D0500002EB01118968C1F800A090F811C003EB40
:10D060000C050CF10A0C95F8241002EB01118968EB
:10D07000C1F800A0817C03EB010903EB810199F861
:10D0800038B002EB0B1BDBF808B0CBF800A0D4F8EB
:10D0900000A05F684AEA070AC4F800A0347CDEF802
:10D0A00014E002EB04146468C4F800E095F824402E
:10D0B00053F82CC002EB04146468C4F800C0C96BB8
:10D0C00099F8384002EB0412526811609A6C99F892
:10D0D000441011601A6A317F5B6B116095F8302043
:10D0E0001A600F220368C3F810809A65C27C002A78
:10D0F00031D072B6C37CDC0708D54FF0E02144691B
:10D10000D1F8802122408262C1F88021990708D598
:10D110004FF0E0218469D1F884212240C262C1F835
:10D1200084215A0708D54FF0E021C469D1F888213D
:10D1300022400263C1F888211F0708D54FF0E02183
:10D14000046AD1F88C2122404263C1F88C21DE06AA
:10D1500055D462B60368384C8268A24259D0324A2C
:10D16000846092693549C2F30116C2F38262344D7C
:10D1700051F826100132B1FBF2F2AA4231D8002256
:10D18000C260002403211C610724596201211A6432
:10D190001C661961C37C13B3DD0704D5816A4FF0A7
:10D1A000E022C2F800119C0704D5C16A4FF0E022CA
:10D1B000C2F80411590704D5016B4FF0E022C2F800
:10D1C00008111A0704D5416B4FF0E022C2F80C1188
:10D1D000DB0604D5826B4FF0E023C3F81021BDE8D5
:10D1E000F08F1849A1FB0251090DB2FBF1F2A242E6
:10D1F00088BF0131B1F5817F0DD3134AC0E74FF0ED
:10D20000E022416AD2F890310B408363C2F890313A
:10D210009FE7C268B5E70229B1D902394C0822025A
:10D2200042EA04420A43ABE700C00F40CFFFFFE3EE
:10D23000100000081C7F002000093D00B4100020F1
:10D24000FF083D0083DE1B43FF7F7F0000F000B836
:10D250002DE9F04151EC110B4342614C21F00046A5
:10D26000034346EAD37382B0A3428DED000B3CD852
:10D27000DDE900E7CEF1000343EA0E0327F00048A2
:10D2800048EAD373A34230D801F1404303F5801339
:10D29000034311EE102A3DD08D1705F0020558EA20
:10D2A0000E0E45EAD77529D0324338D0A64244D075
:10D2B000A04534D0A8EB0608B8F1747F4FEA285394
:10D2C00038DA002945DA3C3343DA9FED370B012D7C
:10D2D00053D0022D48D075B19FED356B9FED367B55
:10D2E00030EE460B30EE470B05E09DED006B41EC58
:10D2F000170B37EE060B02B0BDE8F081022D16D0F9
:10D300009DED007B9FED2E0B032D00FE070B02B061
:10D31000BDE8F08102B0BDE8F04100F08DB89FEDAE
:10D320002A0B9FED2B7B002F20FE070BE3E79FEDE1
:10D33000220BE0E79FED240BC9E7B04505F1FF356F
:10D3400024D0022D2AD8274B03EBC50393ED000B05
:10D35000D1E79DED007B41EC160B87EE060B00F04C
:10D36000B3F900F069F8B2E79FED116B9FED127B06
:10D3700030EE460B37EE400BBDE710EE901A53EC43
:10D38000102B01F1004343EC102BB4E7022D08D819
:10D39000154B03EBC50393ED000BACE79FED020BC0
:10D3A000A9E79FED0D0BA6E70000000000000000BC
:10D3B000075C143326A6A13C182D4454FB210940D8
:10D3C000182D4454FB2109C0182D4454FB21F93F6A
:10D3D000182D4454FB21F9BF182D4454FB21E93F7B
:10D3E0000000F07F98020020800200200000000072
:10D3F00008B52DED048BB0EE408B00F0B1F9B4EE22
:10D40000488BF1EE10FA06D69FED099BB4EEC98B5E
:10D41000F1EE10FA02D4BDEC048B08BD03F00AFE55
:10D4200089EE090BBDEC048B2123036008BD00BF0E
:10D43000000000000000000038B5B0EE407B17EEA1
:10D44000905A794B25F000449C422DED0C8B16DD53
:10D45000764B9C420EDC09D09FED577B9FED580B1D
:10D46000002D37FE000BBDEC0C8B38BD10EE103AD2
:10D47000002BF1D037EE070BBDEC0C8B38BD6C4B9D
:10D480009C425CDCA3F1DE739C424CDD4FF0FF3329
:10D490009FED4DAB27EE075B25EE056B9FED4C8BAB
:10D4A0009FED4D1BA6EE0A8B9FED4D3BA8EE061B94
:10D4B0009FED4DBBA1EE063B9FED4DDBA3EE06BB02
:10D4C0009FED4D9BABEE06DB2DEE05DB9FED4C0B90
:10D4D0009FED4D2BA6EE090B9FED4D4BA0EE062BBD
:10D4E0009FED4DCBA2EE064B5A1CA4EE06CB2CEEC4
:10D4F00006CB39D03DEE0CDB4E494F4A01EBC30160
:10D5000002EBC30391ED006B93ED000B9DEE076BF7
:10D5100036EE477B002D30EE470BA4DAB1EE400B20
:10D52000BDEC0C8B38BD9FED3E6BB7EE005B30EE73
:10D53000066BB4EEC56BF1EE10FAA7DD93E700F0D1
:10D54000C3F83E4B9C4218DCA3F550239C4229DCD7
:10D55000B0EE007BBFEE006B30EE075BA0EE076B1A
:10D56000002386EE057B93E73DEE0CDBADEE477BBB
:10D57000BDEC0C8BB0EE470B38BD314B9C420BDA47
:10D58000B7EE087BB7EE006B30EE475BA0EE076BA3
:10D59000022385EE067B7BE7BFEE006B032386EE5E
:10D5A000007B75E7B7EE007B012330EE475B30EE82
:10D5B000070B85EE007B6BE7182D4454FB21F93FE8
:10D5C000182D4454FB21F9BF11DA22E33AAD903F04
:10D5D000EB0D76244B7BA93F513DD0A0660DB13FAA
:10D5E0006E204CC5CD45B73FFF8300922449C23F12
:10D5F0000D5555555555D53F2F6C6A2C44B4A2BFD7
:10D600009AFDDE522DDEADBF6D9A74AFF2B0B3BF9E
:10D61000711623FEC671BCBFC4EB98999999C9BF16
:10D620009C7500883CE4377EFFFF0F440000F07FCC
:10D63000FFFFDB3F00040020E0030020FFFFF23F7C
:10D640000080034000000000B0EE407B17EE903AEF
:10D650001B4A23F0004393421BDD1A4A934202DD2A
:10D6600030EE400B704700B585B0684600F07CF89E
:10D6700000F0030001289DED021B9DED000B0CD076
:10D68000022812D070B1012000F09AFD05B05DF8BB
:10D6900004FB9FED091B00F0FBBC00F091FDB1EE17
:10D6A000400BF3E700F0F4FCF0E700F0F1FCB1EE22
:10D6B000400BEBE7AFF3008000000000000000002B
:10D6C000FB21E93FFFFFEF7F51EC100B10EE102A1A
:10D6D00021F0004343EC102B704700BF0000000016
:10D6E000B0EE407B17EE903A1B4A23F00043934282
:10D6F0001CDD1A4A934202DD30EE400B704700B544
:10D7000085B0684600F030F800F0030001289DED78
:10D71000021B9DED000B0ED0022813D070B100F05B
:10D72000B7FCB1EE400B05B05DF804FB9FED081BA4
:10D73000002000F045BD00F0ABFCF4E7012000F054
:10D740003FFDF0E7012000F03BFDB1EE400BEAE7C2
:10D750000000000000000000FB21E93FFFFFEF7F19
:10D76000B1EEC00B704700BF70B553EC102B9C4955
:10D7700023F000458D4288B004466ADD99498D4208
:10D780001E461BDC002B9FED867B40F3EB8030EECA
:10D79000477BA1F51B21A1F5F0618D426AD09FED79
:10D7A000826B012037EE465B37EE457B84ED005BF4
:10D7B00037EE467B84ED027B08B070BD8A498D420E
:10D7C00060DD8A498D424DDC2A1510EE100AA2F266
:10D7D0001642A5EB025141EC170B9FED755BBDEEB8
:10D7E000C76BB8EEC66B37EE467B27EE057BFDEECA
:10D7F000C74B8DED026BB8EEE46B37EE467B27EE40
:10D80000057BB5EE407BF1EE10FA8DED046B8DEDEE
:10D81000067B40F0968014EE903A002B0CBF01235B
:10D820000223734901910221009102A8214600F0D0
:10D83000E7F8002EC0DA94ED006B94ED027BB1EEB8
:10D84000466BB1EE477B84ED006B84ED027B40427A
:10D85000B2E700200021C4E90201002084ED000BA2
:10D8600008B070BD30EE407B002084ED027B84ED7B
:10D87000007BA1E79FED505B9FED516B37EE457B41
:10D8800001208FE7FFF720FFB6EE007B9FED4E5B98
:10D89000A0EE057BFDEEC77B9FED413B17EE900AA6
:10D8A0009FED416B1F28B8EEE75BB1EE454BA5EE4F
:10D8B000430B25EE067B1CDC4E4B421E53F82230F8
:10D8C000AB4216D030EE476B84ED006B30EE460B6A
:10D8D00030EE470B002E84ED020BBFF66DAFB1EEBC
:10D8E000466BB1EE400B84ED006B84ED020B4042C1
:10D8F00062E730EE476B16EE903AC3F30A53C3EB80
:10D900001553102B4FEA2552DEDDB0EE403B9FED64
:10D910002A6B9FED2B2BA4EE063B30EE437BA4EE4F
:10D92000067B95EE027B33EE476B16EE903AC3F31F
:10D930000A53D21A312A06DCB0EE430B84ED006B99
:10D94000C4E703236DE79FED226BB0EE430B9FED21
:10D95000222BA4EE060B33EE407BA4EE067B95EE65
:10D96000027BAFE7244930EE077B8D420ED09FED5E
:10D970000E6B4FF0FF3037EE065B37EE457B84EDE4
:10D98000005B37EE067B84ED027B15E79FED0A5BBB
:10D990009FED0B6B37EE057B4FF0FF30EBE700BFE1
:10D9A00000004054FB21F93F3163621A61B4D03D5D
:10D9B00000000000000070410000601A61B4D03D1A
:10D9C0007370032E8A19A33B83C8C96D305FE43F8F
:10D9D0000000002E8A19A33BC14920259A837B3978
:10D9E000FB21E93F7BD90240FB213941FFFFEF7F5B
:10D9F00094880020E8840020FB21F93F000000000B
:10DA00002DE9F04F2DED088BADF5157D1C460493E7
:10DA10000791AB4BA69912F1140F53F8215082468F
:10DA200004F1FF38C0F29982A649D31E81FB03019D
:10DA3000DB17C3EBA10303930133A3EB8303DB00E9
:10DA4000D3180693039B15EB0801A3EB08031AD424
:10DA500001319FED956BA79819441CAA0AE050F874
:10DA6000234007EE904A0133B8EEE77B8B42A2ECED
:10DA7000027B08D0002BF2DAB0EE467B01338B42FA
:10DA8000A2EC027BF6D1002DC0F2C982049B1CAA35
:10DA900002EBC3046CAE4FEAC30C4046EF180AEB2E
:10DAA000C301B8F1000F9FED807B09DB224653468E
:10DAB000B3EC025B32ED026B8B42A5EE067BF7D135
:10DAC0000130B842A6EC027B04F10804E9D108AFAA
:10DAD00007EB85039FED769B9FED778B043BDDF88D
:10DAE00018B005930AEB0C0407EB85096CAE2946C8
:10DAF000019594AB03EBC103002913ED280B16DD50
:10DB000006EBC1033A4620EE097B33ED025BB0EE33
:10DB1000406BBDEEC77BB342B8EEC77BA7EE486B48
:10DB2000BDEEC66B37EE050BA2EC016AEBD1584691
:10DB3000029100F09DFBB0EE40ABB4EE000B2AEE7C
:10DB4000000B00F01DFCB2EE007BA0EE47ABBDEE7B
:10DB5000CABBBBF1000FB8EECB7B02993AEE47ABE4
:10DB600074DD01F1FF3ECBF1180357F82E2042FA85
:10DB700003FC0CFA03F3D21ACBF117001BEE103A98
:10DB800042FA00F56344002D47F82E200BEE103AC0
:10DB900064DCB5EE40ABF1EE10FA40F0C480019BBE
:10DBA00001F1FF3E73450DDC4FEA810C07EB810369
:10DBB000002053F8042D4B4540EA0200F9D100281B
:10DBC00040F0F280019B013B57F82330002B40F0DE
:10DBD000E680059B012553F8042D0135002AFAD073
:10DBE00001F1010E0D447046049B1944039B03EBA5
:10DBF0000E0C0CF1804CA79B0CF1FF3C03EB8C0C42
:10DC00001CAB06EBCE0E03EBC1019CED017AB8EE26
:10DC1000C77BB8F1000F81ED007B0CF1040C0A46C4
:10DC20009FED216B01F1080109DB534601E032ED64
:10DC3000027BB3EC025BA342A5EE076BF7D1013088
:10DC4000A842AEEC026BE0DD294652E740F09D8031
:10DC50004B1E57F82350ED15002D9ADD1BEE103AA0
:10DC6000002903F101030BEE103A40F38C813A686E
:10DC7000002A40F0828001292DD03B46012053F834
:10DC8000042F002A7CD0431CC2F18072994247F8CD
:10DC900020201FDD57F8232007EB810C07EB8303BF
:10DCA0006FF07F4011E000BF0000000000000000A6
:10DCB000000000000000703E000000000000704105
:10DCC000B4820020ABAAAA2A1A68821A43F8042B4D
:10DCD0006345F9D10122BBF1000F0DDDBBF1010F4E
:10DCE00000F03381BBF1020F06D1481E57F82030F7
:10DCF000C3F3150347F82030022D7FF44AAFB7EE87
:10DD0000000B30EE4AAB002A3FF443AF5846029175
:10DD100000F0AEFA3AEE40ABB5EE40ABF1EE10FAE1
:10DD200002993FF43CAF069CB0EE4A0B6042A84615
:10DD30008B46019D00F09CFA9FEDC16BB4EEC60BC3
:10DD4000F1EE10FAC0F247819FEDBF7B20EE077B1A
:10DD5000BDEEC77B0BF10102B8EEC75BA5EE460B2B
:10DD6000BDEEC00B183410EE103A47F82B3017EE0A
:10DD7000103A069447F822302AE00123002083E776
:10DD8000013088427FF47BAFA5E7B6EE007BB4EEAE
:10DD9000C7ABF1EE10FA80F2E5800025F9E601F15B
:10DDA000010E704675461FE7069BA3F1180157F850
:10DDB0002E300691A8467246019D4BB9ACF1040382
:10DDC0003B4453F8040D013A18390028F9D0069164
:10DDD0000698B7EE000B019200F04AFA019A002A69
:10DDE000C0F221819FED986B02F1010C6CA907EB49
:10DDF0008C034FEACC0E01EBCC0133ED017ABB4230
:10DE0000B8EEC77B27EE007B20EE060B21ED027BF0
:10DE1000F3D19FED8F4BAEF108036CA9CE1800240F
:10DE200044AF002D9FED8C7B10DBB0EE446B8C4833
:10DE30003146002303E09C4208DBB0EC026BB1ECFE
:10DE4000025B01339D42A5EE067BF4DA07EBC403C7
:10DE5000944283ED007B4FEAC40104F10103A6F173
:10DE6000080601D01C46DCE7A69B022B1DDC002B1C
:10DE700000F38B800FD19FED787BBE443EED026BAB
:10DE8000774537EE067BF9D143460BB1B1EE477BC0
:10DE9000079B83ED007B1BEE103A03F007000DF5A6
:10DEA000157DBDEC088BBDE8F08FA69B032BF2D14E
:10DEB000002A00F0E38002F1005307EBC20030EDCE
:10DEC000026BB0EE475B874237EE067B36EE476B60
:10DED00080ED007B36EE056B80ED026BEFD1012A01
:10DEE00040F3CC80394491ED006BDA0046A907EB92
:10DEF000C30333ED027BB0EE465B994236EE076B0F
:10DF000037EE467B83ED006B37EE057B83ED027BBE
:10DF1000EFD19FED517B02F108033B4407F1100262
:10DF200033ED026B9A4237EE067BF9D14346002B64
:10DF300059D1D7E90001D7E90223079C84ED047B7E
:10DF4000C4E90001C4E90223A5E7481E57F82030C0
:10DF5000C3F3160347F82030CEE600216FF0170315
:10DF600003916DE51BEE103A002903F101030BEE5E
:10DF7000103AC8BF02253FF77AAEB7EE007B37EE06
:10DF80004AAB022505E60022A5E69FED337B07EBB1
:10DF9000CC0C3CED026B674537EE067BF9D143466E
:10DFA00097ED006B8BBB079B002A83ED007B36EE61
:10DFB000477B0CDD46A90123B1EC026B01339A4289
:10DFC00037EE067BF8DA43460BB1B1EE477B079B91
:10DFD00083ED027B5FE7BDEEC00B5A4610EE103AB0
:10DFE00047F82B30F4E697ED005BB1EE477B97EDF9
:10DFF000026BB1EE455B079BB1EE466B83ED005BB8
:10E0000083ED026B83ED047B45E7079BB1EE475B35
:10E01000002A83ED005B36EE477BCBDCD5E7049B23
:10E020004FEAC30C53E5A69B022B1BDC002B21DC23
:10E030007FF431AF9FED087B26E700BFAFF3008090
:10E040000000000000007041000000000000703E71
:10E0500000000040FB21F93F00000000000000002C
:10E06000B8020020A69B032B7FF415AF9FED067B23
:10E0700044AF5BE79FED047B44AF90E79FED027BED
:10E0800054E700BFAFF30080000000000000000074
:10E0900010EE903A23F00043B3F1795F2DED028B3F
:10E0A0002EDAFDEEC07B17EE903A002B65D020EE05
:10E0B000004B9FED358B9FED362B9FED373BA4EE4C
:10E0C000082B9FED375BA4EE023B9FED376BA4EE70
:10E0D000035B9FED377BA4EE056BA4EE067B24EE7D
:10E0E000077B21EE401BB6EE006BA4EE071BB7EEDC
:10E0F000000B94EE061BBDEC028B30EE410B70471B
:10E100009FED218B20EE004B9FED212B9FED223BBD
:10E11000A4EE082B9FED225BA2EE043B9FED226B49
:10E12000A3EE045B9FED227BA5EE046B224AA6EED4
:10E13000047B934227EE047BD3DD204A934217DC15
:10E14000B7EE006B0020A3F5001141EC150B36EE85
:10E15000456B21EE401BB6EE003BA4EE071B94EE90
:10E16000035BBDEC028B35EE410B36EE400B704786
:10E17000B6EE076BB5EE025BEBE7B7EE000BBDEC5E
:10E18000028B7047AFF30080D43888BEE9FAA8BD8F
:10E19000C4B1B4BD9EEE213EAD529C804F7E92BE76
:10E1A0009015CB19A001FA3E7751C1166CC156BF2C
:10E1B0004C5555555555A53F3233D33F0000E93FE7
:10E1C00010EE903A23F00043B3F1795F04DAFDEEEC
:10E1D000C07B17EE903A5BB320EE007B9FED162BD1
:10E1E0009FED173B9FED184BA7EE023B9FED185B91
:10E1F000A3EE074B9FED186BA4EE075BA5EE076B34
:10E2000020EE075B30B99FED164BA7EE064BA4EE50
:10E21000050B70479FED144B26EE456BB6EE003BA9
:10E22000A1EE036B96EE071BA5EE041B30EE410B2F
:10E23000704700BFAFF300807CD5CF5A3AD9E53D97
:10E24000EB9C2B8AE6E55ABE7DFEB157E31DC73E27
:10E25000D561C119A0012ABFA6F810111111813F83
:10E26000495555555555C5BF495555555555C53F42
:10E2700053EC102B10B4C3F30A54194674BB23F0AB
:10E280000041114327D09FED307B3B4920EE077BB7
:10E29000884253EC172B43DBC3F30A541946363C30
:10E2A0004CF2503C604522DC204440F2FE74A04217
:10E2B0001DDC002829DC10F1350F38DB21F0FF418F
:10E2C000363021F4E0019FED227B41EA005343EC1C
:10E2D000102B20EE070B5DF8044B704740F2FF7CDB
:10E2E0006445DDD130EE000B5DF8044B70479FEDC7
:10E2F0001A7B9FED1B5BB0EE470B002B5DF8044BC8
:10E3000027FE057B27EE000B704721F0FF4121F42B
:10E31000E00141EA005343EC102B5DF8044B7047D9
:10E320009FED110B5DF8044B27EE000B70479FED3E
:10E330000E7B9FED0F5BB0EE470B002B27FE057B9E
:10E3400027EE000BC7E700BF0000000000005043AD
:10E35000000000000000903C9C7500883CE4377E83
:10E360009C7500883CE437FE59F3F8C21F6EA50186
:10E3700059F3F8C21F6EA581B03CFFFF00000000FA
:10E3800010B582B08DED000B01990098C1F30A52CF
:10E39000A2F2FF33132B844631DC002B21DB3A4AF7
:10E3A0001A4101EA020404438E462DD09FED347BCE
:10E3B0009DED006B36EE077BB5EEC07BF1EE10FAFB
:10E3C00009DD002904DA4FF4801141FA03F39E4479
:10E3D0002EEA020100200B46024643EC102B02B04D
:10E3E00010BD9FED277B30EE077BB5EEC07BF1EED5
:10E3F00010FAF0DD002928DB00200146EBE7332B83
:10E4000006DDB3F5806F1BD09DED000B02B010BD93
:10E41000A2F213424FF0FF3E2EFA02F21042F3D066
:10E420009FED177B9DED006B36EE077BB5EEC07B55
:10E43000F1EE10FACFDD002913DB2CEA0200CAE767
:10E440009DED007B37EE070BE0E721F00041014333
:10E450000E4B00294FF000000CBF4FF00041194651
:10E46000B9E7142B09D00124C3F1340304FA03F3F0
:10E470009C44604588BF0919DFE70131DDE700BF33
:10E480009C7500883CE4377EFFFF0F000000F0BF62
:10E4900053B94AB9002908BF00281CBF4FF0FF310B
:10E4A0004FF0FF3000F070B9ADF1080C6DE904CE0B
:10E4B00000F006F8DDF804E0DDE9022304B070475F
:10E4C0002DE9F047089E0D4604460F46002B4AD121
:10E4D0008A42944665D9B2FA82F343B102FA03FC48
:10E4E000C3F120029F4020FA02F217439C404FEAFA
:10E4F0001C4E1FFA8CF5B7FBFEF1220C0EFB1177B8
:10E5000042EA074201FB05F090420AD91CEB0202E5
:10E5100001F1FF3780F01C81904240F219810239ED
:10E520006244121AA4B2B2FBFEF00EFB102244EABF
:10E53000024400FB05F5A5420AD91CEB040400F1D6
:10E54000FF3280F00781A54240F204816444023822
:10E5500040EA0140641B00211EB1DC400023C6E9F3
:10E560000043BDE8F0878B4208D9002E00F0ED8013
:10E570000021C6E900050846BDE8F087B3FA83F13B
:10E58000002949D1AB4202D3824200F2F880841ABA
:10E5900065EB030201201746002EE2D0C6E90047D2
:10E5A000DFE702B9FFDEB2FA82F3002B40F0908081
:10E5B0008A1A4FEA1C471FFA8CFE0121B2FBF7F5BD
:10E5C00007FB1520220C42EA00420EFB05F09042A8
:10E5D00008D91CEB020205F1FF3802D2904200F28A
:10E5E000CB804546121AA4B2B2FBF7F007FB10220B
:10E5F00044EA02440EFB00FEA64508D91CEB0404C5
:10E6000000F1FF3202D2A64500F2BB801046A4EB17
:10E610000E0440EA05409FE7C1F120078B4022FA33
:10E6200007FC4CEA030C05FA01F420FA07F3FD405D
:10E630004FEA1C492343B5FBF9F81FFA8CFE09FB8E
:10E6400018551C0C44EA054408FB0EF5A54202FAD5
:10E6500001F200FA01F00BD91CEB040408F1FF3AB7
:10E6600080F08880A54240F28580A8F102086444C9
:10E67000641B9DB2B4FBF9F309FB134445EA04445F
:10E6800003FB0EFEA64508D91CEB040403F1FF357D
:10E690006CD2A6456AD9023B644443EA0843A3FB13
:10E6A0000295A4EB0E04AC42C846AE4656D353D0F6
:10E6B00056B1B0EB080264EB0E0404FA07F7CA4047
:10E6C000CC401743C6E9007418460021BDE8F08726
:10E6D000C3F1200102FA03FC20FA01F225FA01F14C
:10E6E0009D402A434FEA1C471FFA8CFEB1FBF7F00E
:10E6F00007FB1015110C41EA054100FB0EF58D4298
:10E7000004FA03F408D91CEB010100F1FF382FD201
:10E710008D422DD902386144491B92B2B1FBF7F505
:10E7200007FB151142EA014205FB0EF1914208D99F
:10E730001CEB020205F1FF3816D2914214D9023DBA
:10E740006244521A45EA004138E73146304608E74C
:10E750003946E6E61046FBE64845A9D2B9EB020881
:10E7600065EB0C0E013BA3E74546EAE72B4694E731
:10E770004046D1E7D0467BE7023D624432E7084697
:10E780000AE76444023842E7704700BF024B18446E
:10E79000407800F008007047FC120020002101F0D2
:10E7A00059BC00BF0A22002101F05CBD0A220021F1
:10E7B00001F058BD034B1B5C03F00303012B08BFA2
:10E7C00020307047FD120020024B0146186800F00F
:10E7D0000BB800BFAC950020024B0146186802F050
:10E7E00041BF00BFAC9500202DE9F04F01F10B06B1
:10E7F000162E83B0044624D8102900F2BA8000F007
:10E80000A3FA102618220220B54F3A44A2F10801BB
:10E8100053688B4200F0BA805A68D96822F003022C
:10E820001A449D68E9608D60516841F001012046FD
:10E83000516003F1080500F08DFA284603B0BDE8E9
:10E84000F08F36F0070600F19480B14200F291801B
:10E8500000F07AFAB6F5FC7FC0F09A81730A00F0F6
:10E860008F80042B00F26F81B30903F1390003F1AB
:10E87000380CC3009A4F3B44A3F108055B689D42E6
:10E8800006D10CE0002980F22781DB689D4206D08A
:10E890005A6822F00302911B0F29F3DD60463D699F
:10E8A000DFF850C265457CD06A6822F00302931BF2
:10E8B0000F2B00F37B81002BC7E904CC80F26C8125
:10E8C000B2F5007F80F01A81D308796801334FEAEE
:10E8D000521E012202FA0EF20A4357F833E0C5F83D
:10E8E00008E007EBC3010839E9607A6047F8335064
:10E8F000CEF80C50831001219940914257D8114213
:10E9000006D120F003004900114200F10400FAD0C2
:10E9100007EBC0094D468646D5F80C80454508D121
:10E920001DE1002B80F22481D8F80C80454500F0D1
:10E930001681D8F8042022F00302931B0F2BF0DD80
:10E940002046D8E9025408EB060146F00106C8F853
:10E950000460EC60A56043F00104C7E90411C1E95B
:10E9600002CC4C6048F8023000F0F4F908F10805D8
:10E9700002E00C2323600025284603B0BDE8F08F99
:10E980004FF4007340204FF03F0C73E7D3689A4276
:10E9900008BF02307FF440AF3D69DFF858C16545DC
:10E9A00082D17A688310012199409142A7D9BD682C
:10E9B0006B6823F003094E4503D8A9EB06030F2B20
:10E9C0007ADCDFF834B1474BDBF800201B680132FA
:10E9D000334405EB090A00F0338103F580530F330C
:10E9E00023F47F6828F00F084146204602F0FAFA27
:10E9F000411C024600F0F380824500F2EE803A4B63
:10EA0000196841441960084600F04E81DBF8001097
:10EA1000019301311BBFA2EB0A010918CBF80020BA
:10EA2000196012F0070B00F01781CBF108010A44BE
:10EA3000CBF5805190440831A1EB0801C1F30B0ADA
:10EA400051462046009202F0CDFA421CDDE9002337
:10EA500000F04F81801A00EB0A081968BA6048F08C
:10EA600001005144BD425060196000F02981B9F1A4
:10EA70000F0F40F227816868A9F10C0C2CF0070CED
:10EA800000F0010040EA0C0068604FF0050E05EB55
:10EA90000C00BCF10F0FC0E901EE00F232815068AA
:10EAA0001546124B1A688A4238BF1960104B1A6813
:10EAB0008A4238BF196094E0AA1943F0010346F076
:10EAC00001066E602046BA60536000F043F90835D5
:10EAD000284603B0BDE8F08FD9681A44A1E600BF0C
:10EAE0009091002050EE002020EE002048EE002003
:10EAF0004CEE00209891002098950020B2F5206FF0
:10EB00004FEA522363D3142B00F2B78003F15C0168
:10EB1000C9005B3307EB010E7958AEF1080E8E4544
:10EB200000F091804B6823F00303934202D9896877
:10EB30008E45F7D1D1F80CE07A68C5E9021ECEF80F
:10EB40000850CD60D6E6142B59D9542B00F29D8085
:10EB5000330B03F16F0003F16E0CC3008AE60EF174
:10EB6000010E1EF0030F05F108057FF4D5AE51E04C
:10EB7000424445465368D8F80C1043F001035360F3
:10EB800055F8083F2046D9608B6000F0E3F8F3E6C3
:10EB9000F00806F1080237E62A442046536843F09D
:10EBA00001035360083500F0D5F8E5E6A9192046C1
:10EBB00046F0010643F001046E60C7E90411C1E9A3
:10EBC00002CC4C60AB5000F0C5F80835D4E6930990
:10EBD00003F13901C90038339CE7BD425FD0BD68FD
:10EBE000686820F003084645A8EB060302D80F2BFF
:10EBF0003FF762AF204600F0ADF80025BCE603F118
:10EC00005C0003F15B0CC30034E659F808394B454E
:10EC100040F0968010F0030F00F1FF30F5D17B68D3
:10EC200023EA01037B60490099423FF6C0AE19B95F
:10EC3000BDE649000EF1040E1942FAD0704667E6AF
:10EC400003F11008D0E69A104FF001087B6808FA2B
:10EC500002F21A437A6070E702EB08014942C1F3FD
:10EC60000B0A51462046009202F0BCF9431CDDE934
:10EC700000237FF4EFAEDA46EFE6542B25D8130BD2
:10EC800003F16F01C9006E3344E7B3F5AA7F25D8BD
:10EC9000F30B03F1780003F1770CC300EAE5294B8D
:10ECA000186840441860B1E6CAF30B0CBCF1000FC1
:10ECB0007FF4ACAEBD68C84448F001006860F0E67F
:10ECC0001546EEE60123536094E7B3F5AA7F23D8F7
:10ECD000D30B03F17801C90077331BE740F254529C
:10ECE000934223D8B30C03F17D0003F17C0CC300E5
:10ECF000C0E5ABF1080BD844A8EB02084FF0000ABE
:10ED0000ABE605F108012046009302F0ABFCBD68BC
:10ED1000009B68681968C4E640F254518B420BD8D6
:10ED2000930C03F17D01C9007C33F3E64FF47E734D
:10ED30007F204FF07E0C9DE54FF47E717E23E9E647
:10ED40007B6870E720EE0020014802F06DBB00BF39
:10ED500018EE0020014802F069BB00BF18EE002049
:10ED600010B4044C03460A4620685DF8044B19466B
:10ED700000F002B8AC9500202DE9F84F17460029A5
:10ED800000F098800C4607F10B058046FFF7DCFF8A
:10ED9000162D54F8041C5BD810252A46AF425CD8C7
:10EDA00021F003069642A4F1080962DABC4BD3F8BD
:10EDB00008C009EB0600844500F09780D0F804C035
:10EDC0002CF0010303445B68DB0768D42CF0030CD0
:10EDD00006EB0C03934247DACB0710D454F8083CF7
:10EDE000A9EB030ADAF8043023F003018C44B4449D
:10EDF000944580F211817318934280F2E88039467D
:10EE00004046FFF7F1FC0746E0B154F8043C23F01C
:10EE100001034B44A0F10802934200F0D280321F5C
:10EE2000242A00F2F580132A00F2AC800346224621
:10EE3000116819605168596092689A60214640468D
:10EE400002F010FC4046FFF785FF3846BDE8F88F1A
:10EE500025F00705002D2A46A0DA0C23C8F800305B
:10EE600000273846BDE8F88F1E46D0E90223D3605C
:10EE70009A60731B0F2B22D8D9F8043003F00103DA
:10EE800033434E44C9F80430736843F001037360A0
:10EE900040462746FFF75EFF3846BDE8F88FC907B2
:10EEA000ADD454F8083CA9EB030ADAF8041021F0B9
:10EEB0000301A0E7BDE8F84F1146FFF795BCD9F86C
:10EEC000042009EB050102F001024E4443F0010366
:10EED0002A43C9F804204B60736843F001030831EA
:10EEE0007360404602F0BEFBD2E7DCF8040020F07D
:10EEF000030B06EB0B0C05F1100084454DDAC90736
:10EF00003FF57DAF54F8081CA9EB010ADAF80410AC
:10EF100021F003018B44B34458453FF76CAF57468B
:10EF2000DAF80C1057F8080F321F242AC1608860E5
:10EF300000F2DB80132A40F2D6802168CAF808105C
:10EF40006168CAF80C101B2A00F2DF8008340AF14D
:10EF500010022168116061685160A16891600AEB3C
:10EF60000501ABEB050242F0010299604A60DAF854
:10EF7000043003F001032B434046CAF80430FFF786
:10EF8000E9FE6EE723680360636843601B2A68D864
:10EF900004F1080200F108034AE709EB05029A6050
:10EFA000ACEB050343F00103536054F8043C03F059
:10EFB00001032B43404644F8043CFFF7CBFE2746B1
:10EFC0004FE750F8043C23F003031E4451E7574633
:10EFD000DAF80C1057F8080F321F242AC160886035
:10EFE0004CD8132A48D92168CAF808106168CAF8B1
:10EFF0000C101B2A56D808340AF110021E4623684A
:10F00000136063685360A3689360D1463C4630E761
:10F01000214601F071FB11E7D0E902135746CB609E
:10F02000996057F8081FDAF80C30CB60321F242A99
:10F0300099602DD8132A29D92368CAF80830636843
:10F04000CAF80C301B2A42D808340AF1100322688F
:10F050001A6062685A60A2689A606646D1463C4669
:10F0600007E7A3688360E368C360242A26D004F11D
:10F07000100200F11003DBE63A46BFE721463846AE
:10F080001E46D14601F038FB3C46F2E63B46DEE741
:10F09000214638466646D14601F02EFB3C46E8E65E
:10F0A00090910020A168CAF81010E168CAF8141005
:10F0B000242A20D010340AF118029FE72369036143
:10F0C0006169416104F1180200F11803B0E6A36818
:10F0D000CAF81030E368CAF81430242A21D010345A
:10F0E0000AF11803B3E73A4633E72146384601F000
:10F0F00003FB164B33E72269CAF818206269CAF885
:10F100001C2018340AF1200278E7A168CAF8101010
:10F11000E168CAF81410242A0DD010340AF118023C
:10F1200017E72369CAF818306369CAF81C30183425
:10F130000AF120038BE72269CAF818206269CAF82D
:10F140001C2018340AF1200203E700BF9091002030
:10F150000CB410B51F4B00291C689CB035DB4FF474
:10F160000273ADF81430029006901FAB18D001392D
:10F170004FF6FF7204910791ADF8162002A91E9A6E
:10F180000193204602F09CFF421C01DA8B2323608E
:10F19000029B00221A701CB0BDE8104002B07047FC
:10F1A0004FF6FF7204910791ADF8162002A91E9A3E
:10F1B0000193204602F084FF431C01DA8B23236075
:10F1C0001CB0BDE8104002B070478B2323604FF0A5
:10F1D000FF30F5E7AC9500202DE9F04F2DED108BB9
:10F1E00097B08A4600210792129100220021CDE9B2
:10F1F00004128046514611910F4611F8012B2D2A19
:10F200005ED801A050F822F0E9D3000001D300003D
:10F2100001D3000001D3000001D3000001D300009E
:10F2200001D3000001D3000001D3000037D2000059
:10F2300037D2000037D2000037D2000037D20000AA
:10F2400001D3000001D3000001D3000001D300006E
:10F2500001D3000001D3000001D3000001D300005E
:10F2600001D3000001D3000001D3000001D300004E
:10F2700001D3000001D3000001D3000001D300003E
:10F2800001D3000001D3000037D2000001D30000F9
:10F2900001D3000001D3000001D3000001D300001E
:10F2A00001D3000001D3000001D3000001D300000E
:10F2B00001D3000023DA000001D300000FDA0000C0
:10F2C00000210991302A7DD0002308932F2A14466B
:10F2D00040F2CD844FF0000938464E464D4612E0CC
:10F2E0000130082D1190C8BF09EB89090478C6BF09
:10F2F00002EB4902A2F13009A3F130062F2C05F1EF
:10F30000010522466FDD06EB8603392C02EB430331
:10F31000E6DD9F49012201F023FB002837D1119B34
:10F320001A46013311935478002D40F04385302C58
:10F3300040F02485C3F101029818013311931C7821
:10F34000302CF9D0A4F13103082B00F20183119F76
:10F35000431CA4F1300B0B930125BC464FF0000E6B
:10F3600006EB86060BEB460600200CF10103119319
:10F370009CF80140A4F13001092900F2BB82013060
:10F380008B46002940F04F84DDF844C0EDE70020B3
:10F39000652CAE460B90844601D0452C30D1002D13
:10F3A0006BD1089B034367D1079B9FED778B13B10C
:10F3B000079BC3F800A0B0EE480B17B0BDEC108B54
:10F3C000BDE8F08F7A7802F0DF02582A00F00C8452
:10F3D000013711973A78302AFAD0002A00F0B78026
:10F3E0000123089372E76A49012201F0B9FA002863
:10F3F00000F0C080AE464FF0000CCDF82CC0604647
:10F400004FF0000B002D7ED007EE906A0B9BB8EEFC
:10F41000677BABEB0303BEF1000F08BFAE46102DB8
:10F420000A932B46A8BF1023092D8DED047B0CDD1C
:10F43000584A02EBC30212ED125B06EE909AB8EE48
:10F44000666BA7EE056B8DED046B0F2D00F3A880A6
:10F450000A9A002A00F0E4830A9A40F33C83162AB1
:10F4600040F398840A99C5F125028A4280F2A68465
:10F470000A9AEB1A134499E00025DDF844A00AF13A
:10F48000010311939AF801402B2C00F05E822D2C81
:10F4900000F0F78100230A93A4F13003092B00F256
:10F4A000EB81302C05D1119B013311931C78302C4A
:10F4B000FAD0A4F13103082BA2D8119A0C92531C54
:10F4C0001193A4F1300B54782F2C07DCDEE30133C9
:10F4D00011934C782F2CA2F1300B06DD0BEB8B0235
:10F4E000392C194604EB4202F1DD0C9A9B1A082BC9
:10F4F00040F3CC8344F61F6B0A9B002B82D0CBF1E8
:10F50000000B002D80D1089B034320D1BCF1000FDC
:10F510007FF44AAF692C00F0CF8300F3F382492CCB
:10F5200000F0CA834E2C7FF43FAF1B4911A802F0B4
:10F53000BBFC00283FF438AF119B1B78282B00F050
:10F54000F284164802F030F8B0EE408B01E09FEDF7
:10F550000E8B079A0AB1119B1360099B002B3FF495
:10F560002AAFB1EE488BB0EE480B17B0BDEC108B54
:10F57000BDE8F08F119B0B905A1C11925C78AE463F
:10F58000F8E600BFAFF300800000000000000000BC
:10F59000881400201803002098140020D88300202D
:10F5A0000A9AEB1A1344002B40F3B08213F00F01B8
:10F5B0000AD0C34A02EBC1029DED046B92ED007BC1
:10F5C00027EE067B8DED047B33F00F0240F038828E
:10F5D0000023089300962B4672463946404605F0B4
:10F5E000BBFF8146002800F0E1820B9BA3EB0B0BD5
:10F5F0000A9B9FEDA9EB002B9FEDA9CB9FEDAADB0A
:10F600009FEDABBBB4BF5A4600224FF0000A23EA7D
:10F61000E3730B920C935446D9F80410404605F05E
:10F6200019FF0646002800F00E81D9F810209DED44
:10F63000048B0232920009F10C010C30FBF70EFD35
:10F64000B0EE480B14AA13A9404606F041FB1290F5
:10F65000002800F0E4800121404606F025F8044629
:10F66000002800F0F080139A002AC0F2DE800B9B85
:10F670000C9F02EB030B089B149DD21A2A44914B5A
:10F68000013A9A42C5F1360580F29880991A1F29ED
:10F69000A5EB010500F3E380012202FA01F30D93CB
:10F6A00000230E932F44089B5D44AB455A461F44EC
:10F6B000A8BF2A46BA42A8BF3A46002A03DDAD1ABF
:10F6C000BF1AABEB020B0B9B002B00F38880002DC5
:10F6D00000F39C800A9B002B00F3B780002F00F3FF
:10F6E000A980BBF1000F08DD21465A46404606F0CE
:10F6F00017F90446002800F0A680129932464046C9
:10F7000006F0A8F98246002800F09D800023C56815
:10F71000C360214606F07CF90028C0F2C78300F0E0
:10F7200061832146504606F03DFBB0EE007BB4EE0F
:10F73000C70BF1EE10FA46D8002D00F0CB80B7EEE3
:10F74000009B0598604B00226049DFF884C100EA05
:10F750000107674500F0D480089959B1B7F1D46F1B
:10F7600008D8B4EECB9BF1EE10FA40F2568103F1CB
:10F77000D661CB1BB0EE480B43EC1A2B06F014FA03
:10F78000AAEE008B8DED048B18EE903A089A22B900
:10F790004E4A1A40974200F0E4801299404605F024
:10F7A0007FFE3146404605F07BFE2146404605F08F
:10F7B00077FE5146404605F073FE2DE701230021F8
:10F7C000CDE90D316EE7B6EE009B20EE099B002DD2
:10F7D0005FD1B1EE497B059853EC172BB4E7214676
:10F7E0001A46404606F03CF8044660B30146129AB9
:10F7F000404605F087FF30B30F901299404605F060
:10F800004FFE0F9A1292002D7FF764AF12992A468D
:10F81000404606F085F8129000287FF45BAF222363
:10F820009FED258BC8F80030BCE00C9BDDF82CB0B8
:10F830009F1A20E731463A46404606F071F80646E0
:10F8400000287FF44EAF1298E9E731460C9A404603
:10F8500006F006F8064600287FF440AFF3E7C2F151
:10F860007F4202F57F0202F57B420121E23201FA7A
:10F8700002F3CDE90D1315E7CDF844A04FF0000BCE
:10F88000C0E501230A930AF1020311939AF802409A
:10F8900002E6B0EE497B9EE79535A094FFFFCF3F8F
:10F8A0009535A094FFFFDF3F35E5AF350000E03F21
:10F8B0000000C0FFFFFFDF41000000000000F07FFC
:10F8C0001803002002FCFFFF0000F03F0000F07F63
:10F8D0000000E07FDDE90412002900F08580DDE909
:10F8E0000412012900F0D8811046B74BB7EE009BF7
:10F8F000002229E7652C4FF0010C3FF4BEAD4CE52A
:10F9000043EC1A2BA0F1547305939DED04FBB0EE6C
:10F910004F0B06F049F9AD49AAEE00FB1FEE903AF5
:10F92000AB4A194091428DED04FB72D9A94B18EEF8
:10F93000902A9A4203D118EE103A013383D0A54A97
:10F940004FF0FF33CDE9043227E700230A939AE70B
:10F95000652C00F0D080452C00F0CD804FF0010CDC
:10F96000D1E551EC190B0D9309F01EFF09F0EEFEE5
:10F97000049B1D430D9B41EC170BC3F313031D4365
:10F9800039EE479B00F0A080B4EECC9BF1EE10FA6C
:10F9900005D4B4EECD9BF1EE10FA7FF7FEAE9DEDEF
:10F9A000048B12980146404605F07AFD31464046E8
:10F9B00005F076FD2146404605F072FD4946404679
:10F9C00005F06EFD5146404605F06AFDC1E5012295
:10F9D0000992791C11917A78002A3FF4E5AC0F4620
:10F9E00070E400220992F4E7C2F313031046002BDF
:10F9F0007FF47BAFB7EE007BB4EEC70BF1EE10FAED
:10FA000000F1D381B6EE009B20EE099BB1EE497B5D
:10FA1000E2E603F154730593B8E6BCEEC99B19EE18
:10FA2000103A012B38BF012309EE103AB8EE499B7A
:10FA3000002D40F03E81B1EE497B53EC172B96E64A
:10FA4000B2F59A7F00F3B280102A4FEA221340F3F6
:10FA50008682614C9DED047B00202246014613F016
:10FA6000010F01F101014FEA630304D092ED006B35
:10FA7000012027EE067B012B02F10802EFD108B12D
:10FA80008DED047B059BA3F15473059304EBC10436
:10FA90009DED046B94ED007B4C4B27EE067B17EE3F
:10FAA000902A4E4913408B428DED047B7ED8A1F500
:10FAB00080118B4240F2D681464C4FF0FF33CDE9A6
:10FAC00004340023089385E5B4EECE9BF1EE10FAE2
:10FAD0007FF563AE63E71632FFF662AD0B9BA3EBD7
:10FAE0000B0B3F4B03EBCB0393ED007B9DED046BC6
:10FAF00086EE078B2DE54FF0000ECDF82CE04FF091
:10FB0000010C4EE46E2C3FF410AD4DE43FF460ADBB
:10FB10005B4213F00F010AD0314A02EBC1029DEDA6
:10FB2000046B92ED007B86EE077B8DED047B1B1151
:10FB30003FF44EAD1F2B33DC13F0100218BF6A22C6
:10FB40009DED047B0892274A0021D80704D592ED49
:10FB5000006B012127EE067B5B1002F10802F4D155
:10FB600009B18DED047B089B93B1DDE90401C1F37C
:10FB70000A52C2F16B03002B0ADD1F2B40F32F82C8
:10FB80000020342B049040F340824FF05C730593C7
:10FB90009DED047BB5EE407BF1EE10FA7FF41AADDB
:10FBA00022239FED058BC8F80030D2E422239FED7D
:10FBB000048BC8F80030CCE4000000000000000016
:10FBC000000000000000F07F0000F0BF0000F07FA8
:10FBD000FFFF9F7CFFFFEF7FF00200200000A07C72
:10FBE00018030020200400200293099B019312AB0C
:10FBF0000093A74A13AB11A9404601F08BFE10F009
:10FC00000F0504463FF4A3AC062D74D1079B9FED6E
:10FC10009A8B0137002B3FF4CEAB1F60FFF7CBBBB5
:10FC20009DED048B95E40B9BDDF844C003440B93DE
:10FC3000012805F101031A4614D02844441E03E0AC
:10FC400046009C420DD001332A46082A1D4606EB89
:10FC50008600F5D9102BDCBF09EB89094FEA490969
:10FC6000EFE70232082D3CDC1546FFF779BB8949E6
:10FC70000122384600F074FE002800F082804FF028
:10FC8000000EF14676467546FFF7B5BB44F61F6396
:10FC90009B45A8BF9B462FE4DDE904231846002BB3
:10FCA0007FF423AE22239FED748B1298C8F80030A6
:10FCB00078E6B0EE497BC0E6774911A802F0F4F887
:10FCC00000283FF471AB119B7449013B11A81193BB
:10FCD00002F0EAF810B9119B013311939FED688B84
:10FCE00037E4102ADCBF09EB890901EB4909154605
:10FCF0000020FFF73ABB129A3AB1352114A806F05A
:10FD000083F81299404605F0CBFB013D139B042D6F
:10FD100000F28F81DFE805F0032D2A1F0300149AFB
:10FD2000049203F23342159B23F4801343EA0253F7
:10FD30000593E50502D543F000430593584A1A4060
:10FD40009DED048B002A7FF404AC01F073F92223AB
:10FD50000360FFF7FEBB4FF0FF336FF00046CDE9C5
:10FD60000436E3057FF55CAF059BE4E74C4B059358
:10FD7000F7E7149B0493159B0593DAE70020FFF740
:10FD8000E1BA119B1A460133119354780646814615
:10FD9000FFF7CDBA434B03EBC20393ED008B9DED10
:10FDA000047B28EE078BFFF7D4BBBEEE007BB6EEDC
:10FDB000009B11E5AE460B90FFF7DCBA394BC5F15D
:10FDC0000F054A1B03EBC50503EBC20395ED008B42
:10FDD00093ED007B9DED046B28EE068B28EE078BE0
:10FDE000FFF7B7BB002D00F09580DDE904BC2E4B7A
:10FDF000CCF313019942624600F0D2800E9B002B97
:10FE000000F0A580DDE90412134217461AD0B0EEC7
:10FE1000480B002D00F0A68005F0C6FE089B7BB1C4
:10FE2000C7F30A53C3F16B03002B09DD1B0503F174
:10FE30007F51002001F5401141EC170B20EE070B1C
:10FE400038EE008B089B5BB19FED0F7B144B28EEC7
:10FE5000078B18EE902A134013B92223C8F80030FC
:10FE600012989FE502F15473059300230893FFF75E
:10FE7000B1BB00BFAFF30080000000000000000035
:10FE8000000000000000F07F00000000000050397A
:10FE90008C820020881400208C14002090140020F4
:10FEA0000000F07F18030020FFFF0F00DDE90412BF
:10FEB0000D43C7D1C2F313031746002BC2D122F062
:10FEC00000431B0D1B05B3F1D66FBBD9DAF8143014
:10FED0001BB9DAF81030012BB4DD5146012240463F
:10FEE00005F01EFD2146824605F092FD0028A9DDA1
:10FEF000089B002B7ED1504B3B40A3F580136FEA4B
:10FF000013536FEA035305934FF0FF3304939DEDB2
:10FF1000048B97E7DDE90412C2F313030B43174682
:10FF20007FF46CAFE4E7454911A814AA01F0D8FFAB
:10FF300005287FF406AB159B43F0FF4343F4E00331
:10FF40000593149B04939DED048BFFF702BBDDE941
:10FF500004010D9B03423FF475AF0F4657E7384C41
:10FF600000218FE505F020FE089B002B55D0C7F33C
:10FF70000A53C3F16B03002B09DD1B0503F17F510D
:10FF800001F54011284641EC170B20EE070B38EE27
:10FF9000408BB5EE408BF1EE10FA7FF455AF81E661
:10FFA000089B04991BB3244B1340B3F1D46F1ED8A4
:10FFB0001B0DC3F16B034FF0FF3000FA03F39942BE
:10FFC0007FF41CAF1F4B9A4230D01B4B134003F5FC
:10FFD00080130593002304939DED048B32E74FF0CB
:10FFE000FF3202FA03F3049A1A400492D0E54FF06C
:10FFF000FF33E4E7104B3B40B3F1D66F3FF77DAFE3
:02000004600199
:10000000B3F15C7F3FF720AF4CE6C2F14B024FF0FB
:10001000FF3393400B400593BAE538EE408BB5EEC5
:10002000408BF1EE10FA7FF41BAF3BE60131CCD1EF
:1000300009E400237DE600BF0000F07FA0820020DD
:10004000F0020020FFFFEF7F014BFFF7C5B800BFB4
:100050002490002010B4054C054B84460A462068C5
:100060005DF8044B6146FFF7B7B800BFAC950020C0
:10007000249000200000000010B5234C234B844640
:100080000A4620686146FFF7A7F8B4EE400BF1EE90
:1000900010FA27D6F7EEC07B9FED1D7AF0EEE76AE7
:1000A000F4EE476AF1EE10FA0EDDB0EEC05B9FEDA4
:1000B000146BB4EE465BF1EE10FA05DC23682222E5
:1000C0001A60B0EE670A10BD17EE903A13F0FF4FBA
:1000D000F7D1104B10EE902A1340002BEED1B0EE6A
:1000E000670A10BD10EE903A002B0B4804DA01F0BD
:1000F00063FAF1EE407AE4E7BDE8104001F05CBA43
:10010000FFFFFFFFFFFFEF7FAC9500202490002052
:10011000FFFF7F7F0000F07FD8830020012B2DE9B7
:10012000F84F40D0242B98463DD84C4D8E4676460D
:100130001EF801BB15F80B4014F00804F7D1BBF111
:100140002D0F72D0BBF12B0F08BF9EF800B06FF0DF
:10015000004908BF06F1020E002B42D0102B57D0E9
:10016000B9FBF8F700252E4608FB179A05E033D0B7
:1001700008FB06C601251EF801BBABF1300CBCF133
:10018000090F06D9ABF1410CBCF1190F12D8ABF134
:10019000370C634517DDB5F1FF3FECD0B742E6D22F
:1001A0004FF0FF35E7E700F045FF1623036000201E
:1001B000BDE8F88FABF1610CBCF1190F03D8ABF1BE
:1001C000570C6345E7DC6B1C27D08CB90AB1A5BB83
:1001D00011603046BDE8F88FE245C9DA4FF0FF35CF
:1001E000C9E7BBF1300F05D04FF00A084346B7E727
:1001F0007642EBE79EF8003003F0DF03582B21D165
:100200004FF010089EF801B043460EF1020EA7E72A
:10021000BBF1300F1AD09846A2E72223036072B1D7
:100220000EF1FF314E461160D3E79EF800B04FF05B
:10023000004906F1020E01248EE7B146F0E74E4672
:100240003046C7E74FF00808434689E79EF800505C
:1002500005F0DF05582DD3D0984681E7FD12002028
:10026000FFF75CBF10B4054C8446134620685DF868
:10027000044B0A466146FFF751BF00BFAC95002012
:100280002DE9F04707464C480E46354616F801EB77
:1002900010F80EC01CF0080CF7D1BEF12D0F5AD08B
:1002A000BEF12B0F03BF96F800E06446AE1C644617
:1002B0005BB1102B54D04FF0FF38B8FBF3F803FBC1
:1002C00008FA6FEA0A0A994608E0BEF1300F5AD0E0
:1002D0000A23DFF8E8804FF0050A994600252846F2
:1002E00005E02CD009FB00C0012516F801EBAEF1AA
:1002F000300CBCF1090F06D9AEF1410CBCF1190F5D
:100300000BD8AEF1370C634510DDB5F1FF3FECD0F3
:100310004045E6D94FF0FF35E7E7AEF1610CBCF19F
:10032000190F03D8AEF1570C6345EEDC6B1C0BD0F4
:1003300004B140420AB165B91160BDE8F087D44507
:10034000D0DD4FF0FF35D0E722233B602846002A5E
:10035000F3D0711EF0E796F800E00124AE1CA7E789
:10036000BEF1300F21D1307800F0DF00582816D1CF
:100370004FF0100996F801E04FF00F0A02366FF0C7
:1003800070484B46AAE7337803F0DF03582BEFD0D1
:1003900008234FF0070A6FF0604899469EE7994698
:1003A0006FF070484FF00F0A98E74FF00F0A6FF0A8
:1003B0007048994692E700BFFD120020999999195B
:1003C000FFF75EBF10B4054C8446134620685DF805
:1003D000044B0A466146FFF753BF00BFAC950020AF
:1003E0000EB410B59FB021AC4FF4017154F8042B3A
:1003F0000192ADF81C100490089001F021F80590CE
:1004000009900B480B490C9100234FF6FF7C109389
:100410001593019A0068ADF81EC0234604A9039401
:1004200003F0F0FB1FB0BDE8104003B0704700BF01
:10043000AC9500209DE4000010B50C46B1F90E10FB
:1004400000F0BAFD002803DB236D0344236510BDD3
:10045000A38923F48053A38110BD00BF00207047FF
:100460002DE9F0410C46B1F90C101F46CB050546AD
:1004700016460BD421F48051A1813B46B4F90E10ED
:1004800032462846BDE8F04100F0BEBDB4F90E107A
:100490000223002200F074FDB4F90C10EAE700BF5B
:1004A00010B50C46B1F90E1000F06AFDA389421C8C
:1004B0000EBF23F4805343F480532065A38110BD05
:1004C000B1F90E1000F04ABD024A0349034800F09A
:1004D000EFB800BFA0950020093F0100488A002026
:1004E0000C4B4168994210B5044601D005F0ECFC74
:1004F000A168094B994202D0204605F0E5FCE1686D
:10050000064B994204D02046BDE8104005F0DCBC03
:1005100010BD00BF54EE0020BCEE002024EF0020F0
:100520002DE9F8432A4C2B4B2B48DFF8C090DFF81D
:10053000C0802A4F1860002504230822294604F1B0
:100540005C00274E6566C4E90253C4E90055C4E95E
:100550000455A56100F04CF9224B63670822294637
:1005600004F1C400C4E90749C4E90987C4E91A557C
:10057000C4E91E55C4F8CC502567C4F88050E66223
:1005800000F036F9184BC4F8DC30294604F1680352
:10059000082204F59670C4F88430C4E92298C4E9AE
:1005A0002476C4E93455C4E93855C4F83451C4F844
:1005B000D850C4F8E85000F01BF904F1D003C4E9A6
:1005C0003C98C4E93E76C4F8EC30BDE8F88300BF3F
:1005D00054EE00208CEF002009E50000E1E400006B
:1005E00001E50000090001001200020079E40000AA
:1005F000A1E4000010B504460A4800F015FF636B43
:1006000023B9094B094A1B68626323B1BDE8104056
:10061000044800F00BBFFFF783FFBDE8104001481E
:1006200000F004BF1CEE00208CEF002021E500004C
:10063000014800F0F9BE00BF1CEE0020014800F0A8
:10064000F5BE00BF1CEE0020F0B5ADF5057D04AF92
:10065000009313464FF400720E460392394603AAE4
:10066000054600F0F5F988B104460246039B314681
:10067000284600F0C9FCBC42039004D0284621461D
:1006800000F0F0FF03980DF5057DF0BD4FF0FF3051
:10069000F9E700BF10B4054C8446134620685DF8A6
:1006A000044B0A466146FFF7CFBF00BFAC95002060
:1006B0002DE9F84380460F4616464FF00009D6E96B
:1006C0000154013D11D4A389012B05F1FF3508D94F
:1006D000B4F90E300133214603D04046B84749EA09
:1006E00000096B1C04F16804EDD13668002EE6D1D8
:1006F0004846BDE8F88300BF88420DD98B18834275
:100700000AD900EB020CBAB1624613F801CD02F827
:1007100001CD9942F9D170470F2A0ED8034602F154
:10072000FF3C4AB10CF1010C013B8C4411F8012B48
:1007300003F8012F6145F9D1704740EA01039B0797
:1007400050D1A2F1100370B501F1200C23F00F0578
:1007500001F1100E00F11004AC441B095EF8105CAE
:1007600044F8105C5EF80C5C44F80C5C5EF8085CC5
:1007700044F8085C5EF8045C44F8045C0EF1100E6A
:10078000E64504F11004E9D1013312F00C0F01EB3E
:10079000031102F00F0400EB031327D0043C24F0F4
:1007A00003064FEA940C1E441C1F8E465EF8045B41
:1007B00044F8045FB442F9D10CF1010402F00302E1
:1007C00003EB840301EB840102F1FF3C4AB10CF11D
:1007D000010C013B8C4411F8012B03F8012F6145FA
:1007E000F9D170BD02F1FF3C03469BE72246EBE7DF
:1007F000830730B548D0541E002A3FD0CAB2034602
:1008000001E0013C3AD303F8012B9D07F9D1032CF9
:100810002DD9CDB245EA05250F2C45EA054536D937
:10082000A4F1100222F00F0C03F1200EE6444FEA6F
:10083000121C03F1100242E9045542E9025510323C
:100840007245F8D10CF1010214F00C0F03EB021207
:1008500004F00F0C13D0ACF1040323F003030433B2
:10086000134442F8045B9342FBD10CF003042CB117
:10087000C9B21C4403F8011B9C42FBD130BD644645
:100880001346002CF4D1F9E703461446BFE71A4695
:10089000A446E0E711F0FF01034644D0820732D1BD
:1008A00010B5046841EA012E4EEA0E4E8EEA0402AB
:1008B000A2F1013323EA0203A4F1013222EA040285
:1008C000134313F0803F0FD150F8044F84EA0E0C0D
:1008D000A4F10133ACF1013223EA040322EA0C0251
:1008E000134313F0803FEFD0037823B936E010F8BC
:1008F000013F002B32D09942F9D110BD8A4211D06C
:100900009A071846CCD0184613F8012B002AF5D1C7
:10091000104670479907184607D0184601330278E9
:10092000002AF7D170478207F7D10268A2F101339C
:1009300023EA020313F0803F08D150F8042FA2F1FC
:10094000013323EA020313F0803FF6D00378002B33
:10095000E8D010F8013F002BFBD17047184610BDBE
:10096000002A3ED040EA01039B0730B584462FD1D0
:10097000032A2DD90B4608E0043A8446194625D0AF
:100980001EF0803F22D1032A22D90468194653F869
:10099000045BA4F1013EAC4284462EEA040E00F151
:1009A0000400E9D09CF800000C78A0421BD1E64678
:1009B00068B11EF8010F11F8014FA2EB0E03A0421F
:1009C00003F1FF330FD11CEB0303F1D1002030BD45
:1009D0009CF800000C78844205D1012AF6D0E64646
:1009E000E6E710467047001B30BD00BF40EA010338
:1009F0009B0730B501D1032A0FD8844601F1FF3E91
:100A000007E01EF8011F03F8011B541EC1B19C46EC
:100A100022466346002AF4D130BD0B46844619466F
:100A200053F8045BA5F1013424EA050414F0803F77
:100A3000E4D1043A032A4CF8045B1946EFD8DDE709
:100A40009444002CE8D003F8011B6345FBD130BD72
:100A500030B5146815469BB01A4609B1002C19D15F
:100A600000214FF42273ADF80C30009104914FF641
:100A7000FF7302910591ADF80E3069461E9B01F09F
:100A80001FFB002813DB009B286000221A700498CB
:100A90001BB030BD4FF4C16300910491ADF80C3030
:100AA0002146E4DA8B23036000201BB030BD002018
:100AB000EEE700BF024A12680123503200F002B88C
:100AC000AC950020F0B4074610B33E468C4616F8AD
:100AD000010B01E0A04216D01CF8014B002CF9D10B
:100AE000D8B116F8015B0C4601E0002BF9D014F8E0
:100AF000013B9D42F9D14DB1002306F8013C16603F
:100B00003846F0BC70475BB13746DEE72E46F6E765
:100B10001768002FD9D13846F3E7F0BC1060704752
:100B2000166038463B70ECE701292DE9F0415BD9AE
:100B30004FF00108C64600244FF0FF35434608E059
:100B4000A3EB05081C464FF0010E04EB0E038B428D
:100B500010D200EB0E0CC75C1CF80560B742EFD357
:100B600032D04FF001082546C646444404EB0E033C
:100B70008B42EED30127C2F80080BE4600244FF01E
:100B8000FF363B4607E09F1B1C464FF0010E04EB6F
:100B90000E038B4210D200EB060C10F803801CF8F9
:100BA0000EC0E045EFD817D001272646BE463C448C
:100BB00004EB0E038B42EED30136681C864201D350
:100BC00017603046BDE8F081C6450ABF74440EF197
:100BD000010E4FF0010EB8E7BE450ABF74440EF196
:100BE000010E4FF0010ED2E701270026E8E700BF13
:100BF0002DE9F04F9246ADF21C4D05AA81460F46F5
:100C0000504619461D46FFF78FFF134683460DF2E7
:100C1000144243F8045F9342FBD1002D00F0DF80C3
:100C20006C1E06AE0AF1FF320AEB0400009612F8C1
:100C3000011FAB1A013B5344824246F82130F6D1E2
:100C400005995A465144504605F0D6FA00286FD10E
:100C50000BF1FF330393CBF101038046064601936A
:100C600009EB060E009A1EF8043052F82330DBB16F
:100C7000B8F1000F03D0059A9A4200D9AB1A1E446E
:100C80004FF000087B1B9E42EAD909EB070045F4B0
:100C9000006105F0E1FA07447B1B9E42E0D9002089
:100CA0000DF21C4DBDE8F08FC3455B4638BF43468F
:100CB000A34210D2591EF21851444A4402E00133B3
:100CC000A34208D212F8010B11F801CF8445F6D0E7
:100CD000019A1644D3E7C345039B7ED906EB0B026A
:100CE0004A440AEB0B01029602E0434515D0034645
:100CF00012F8010D11F8016D864203F1010C03F1A8
:100D0000FF30F2D0029E634608F1010898450AD8E8
:100D1000059B1E44A5EB0308B4E7434608F1010810
:100D20009845029EF4D970460DF21C4DBDE8F08F37
:100D3000A5EB0B035B4538BF5B46013305930BF115
:100D4000FF330193CBF101030026029345F40068C1
:100D500009EB0601009A0B5D52F823306BB11E447B
:100D60007B1BB342F4D209EB0700414605F074FA4D
:100D700007447B1BB342EBD291E7A34514D2019BFE
:100D80000BEB06020AEB030C4A445B4602E001331C
:100D9000A34209D212F8010B1CF801EF8645F6D0E8
:100DA000029A16441E44DBE7BBF1000F10D00BEB98
:100DB000060048440AEB0B0201E0534508D012F844
:100DC00001ED10F801CDE6451346F6D0059BC6E7C8
:100DD00008460DF21C4DBDE8F08F5B4694E706AB6C
:100DE0004FF0FF3400932BE72DE9F0410D460978D1
:100DF00090B00446002954D06A78002A00F083801D
:100E0000AB78002B51D0E8782E68002800F0828063
:100E10002B79002B57D0284600F012FB064640F4F1
:100E20000071204605F018FA86425BD8FE2E00F2CB
:100E30008680801B27184022711C6846FFF7D8FC6B
:100E40007EB16A1E5FFA86FC901912F8013F03F02A
:100E50003F0340336B44A91A6144824203F8401CAB
:100E6000F3D1013CA35D03F03F0340336B4413F81F
:100E7000403C1C44A74203D239E04444A74236D345
:100E800014F806C00CF03F0C0CF140030DEB030C02
:100E90002046324629461CF8408C05F0ADF9002862
:100EA000EBD1204610B0BDE8F081007842EA014263
:100EB00000E00C4640EA0343611C98B19A42607816
:100EC000F7D1013CEDE7227862B131BA01E09942F5
:100ED0001ED042EA0323204614F8012F002AF6D13F
:100EE000994215D00024204610B0BDE8F081BB5DCA
:100EF000B819002BF6D04FF4006105F0ADF90744A6
:100F0000BC42AED9EEE710B0BDE8F041FFF7C2BC7D
:100F1000C41EC6E7120442EA016242EA03232178B2
:100F2000024600E02C4641EA0200651C020200294C
:100F3000D8D0B3EB002F6178F4D1023CB1E7014681
:100F400033462A46204610B0BDE8F041FFF750BEB8
:100F5000014B93F8280170472490002038B5074DC5
:100F60000022044608462A60FAF79EFB431C00D084
:100F700038BD2B68002BFBD0236038BDA0EF0020CC
:100F800038B50C46084D8446114620461A460023C3
:100F90002B606446FAF794FB431C00D038BD2B68E5
:100FA000002BFBD0236038BDA0EF002013460A467B
:100FB0000146022000F0B2BA38B50C46084D84460E
:100FC000114620461A4600232B606446FAF76AFB56
:100FD000431C00D038BD2B68002BFBD0236038BDEC
:100FE000A0EF002038B5074D0022044608462A60CD
:100FF000FAF73EFB431C00D038BD2B68002BFBD01A
:10100000236038BDA0EF002038B50C46084D84465B
:10101000114620461A4600232B606446F9F7A6F8CD
:10102000431C00D038BD2B68002BFBD0236038BD9B
:10103000A0EF0020014B1868704700BFAC9500205E
:10104000A2EB0300704700BF02780B78012A28BF8B
:101050009A42F5D16DE9044540EA0104CDE9026701
:101060006FF0000C4FEA447212B380EA010414F0EE
:10107000070F6AD100F0070420F0070004F0030511
:1010800021F007014FEAC505F0E8042314F0040F2E
:10109000F1E804670CFA05F462EA040266EA040661
:1010A0000AD063EA0403624667EA0407664603E07F
:1010B000F0E80423F1E8046782FA4CF582EA0604BA
:1010C000A4FA8CF46CBB83FA4CF583EA0705A5FA05
:1010D0008CF595B950E9022351E9026782FA4CF583
:1010E00082EA0604A4FA8CF483FA4CF583EA070535
:1010F000A5FA8CF52543DBD09CB92DBAB5FA85F459
:1011000024F0070427FA04F1DDE9026723FA04F367
:1011100003F0FF0001F0FF01FDE80445A0EB010032
:10112000704724BAB4FA84F424F0070426FA04F1D0
:10113000DDE9026722FA04F202F0FF0001F0FF018C
:10114000FDE80445A0EB0100704714F0030F3CD10B
:1011500010F0030428D150F8082B51F8083B82FA0C
:101160004CF582EA0305A5FA8CF55DB950F8042C1C
:1011700051F8043C82FA4CF582EA0305A5FA8CF595
:10118000002DE8D02DBAB5FA85F424F0070423FA2F
:1011900004F122FA04F202F0FF0001F0FF01FDE881
:1011A0000445A0EB010070474FEAC40420F003009F
:1011B00050F8082B21F0030151F8083B0CFA04F415
:1011C00062EA040263EA0403C9E710F003041AD0D8
:1011D000A1EB040120F00300E40750F8042B06D033
:1011E0000FD28B785FFAA2F4E41A06D12BB1CB7838
:1011F0005FFAB2F4E41A00D11BB920465DF8104B37
:10120000704701F1040150F8042BCC0721F00301D1
:1012100051F8043B48D824D222F07F4482FA4CF59E
:1012200094EA1325A5FA8CF50AD165B951F8043B67
:1012300084EA0204B4EB036F0ED150F8042BEBE701
:101240004FEA132355E035F07F454DD10878FDE88E
:101250000445C0F1000070474FEA126203F0FF033B
:1012600047E002EA1C4482FA4CF594EA1345A5FAD9
:101270008CF50AD165B951F8043B84EA0204B4EB59
:10128000034F0CD150F8042BEBE74FEA134330E047
:1012900015EA1C4528D10B884FEA124229E04FEA93
:1012A000124203EA1C4324E002F0FF0482FA4CF5E8
:1012B00094EA1365A5FA8CF50AD165B951F8043B97
:1012C00084EA0204B4EB032F09D150F8042BEBE7B6
:1012D0004FEA13630DE015F0FF0F05D10B684FEADD
:1012E000122223F07F4304E04FF00000FDE80445A4
:1012F000704712BA1BBA82FA4CF482EA0304A4FAC9
:101300008CF5B5FA85F402FA04F203FA04F34FEA15
:101310001260FDE80445A0EB1360704780EA01020B
:10132000844612F0030F4FD111F0030F32D14DF864
:10133000044D11F0040F51F8043B0BD0A3F101321E
:101340009A4312F0803F04BF4CF8043B51F8043B31
:1013500016D100BF51F8044BA3F101329A4312F0A9
:10136000803FA4F101320BD14CF8043BA24312F0B0
:10137000803F04BF51F8043B4CF8044BEAD02346AD
:101380000CF8013B13F0FF0F4FEA3323F8D15DF85F
:10139000044B704711F0010F06D011F8012B0CF827
:1013A000012B002A08BF704711F0020FBFD031F89F
:1013B000022B12F0FF0F16BF2CF8022B8CF8002026
:1013C00012F47F4FB3D1704711F8012B0CF8012BA9
:1013D000002AF9D1704700BF70B50D4E0D4D761B38
:1013E000B61006D0002455F8043B01349847A642B5
:1013F000F9D1094E094D761B08F00EFAB61006D049
:10140000002455F8043B01349847A642F9D170BD39
:10141000801E0060801E0060981E0060801E0060BC
:10142000704700BF704700BF704700BF704700BFE4
:1014300000000000000000000000000000000000AC
:1014400090F800F06DE9024520F007016FF0000C04
:1014500010F0070491F820F040F049804FF00004AC
:101460006FF00700D1E9002391F840F000F1080087
:1014700082FA4CF2A4FA8CF283FA4CF3A2FA8CF3BF
:101480004BBBD1E9022382FA4CF200F10800A4FA26
:101490008CF283FA4CF3A2FA8CF3E3B9D1E904237A
:1014A00082FA4CF200F10800A4FA8CF283FA4CF3B1
:1014B000A2FA8CF37BB9D1E9062301F1200182FA6B
:1014C0004CF200F10800A4FA8CF283FA4CF3A2FA71
:1014D0008CF3002BC6D0002A04BF04301A4612BA7F
:1014E000B2FA82F2FDE8024500EBD2007047D1E982
:1014F000002304F00305C4F100004FEAC50514F011
:10150000040F91F840F00CFA05F562EA05021CBFE1
:1015100063EA050362464FF00004A9E72DE9F047AE
:10152000DFF87CA00646DAF8000098460F469146A0
:10153000FFF77AFF184B1C6824B365681F2D24DC65
:101540005EB96B1C0235DAF80000636044F8257060
:10155000FFF76CFF0020BDE8F08704EB8501012355
:10156000C1F88890D4F88821AB401A43022EC4F801
:101570008821C1F80881E4D1D4F88C211A43C4F839
:101580008C21DEE7054C1C60D7E7DAF80000FFF796
:101590004DFF4FF0FF30DEE780EC002084EC0020B0
:1015A00018900020000000009FED010B704700BF65
:1015B000000000000000F87F9FED010A704700BFA7
:1015C0000000C07FF8B5244F0C460646FDF7BCFB73
:1015D000BB685D68C4F57E610F3125F003054B19CA
:1015E00023F47F6323F00F03A3F58054B4F5805FE9
:1015F00007DB00213046FFF7F5FCBB682B4498421F
:1016000004D03046FDF7A6FB0020F8BD614230460D
:10161000FFF7E8FC01300DD0104ABB682D1B45F0E8
:1016200001055D60136830461B1B1360FDF792FBDC
:101630000120F8BD00213046FFF7D4FCBA68831AB8
:101640000F2BDEDD43F001035360054B03491B689C
:10165000C01A0860D5E700BF9091002020EE00205E
:1016600098950020002961D0F8B50C460646FDF794
:101670006BFB54F8042C7B4FA4F1080522F0010108
:1016800005EB010CB868DCF80430604523F0030377
:1016900000F08B80D207CCF8043032D454F8082CF8
:1016A000AD1A1144AA6807F1080082426AD00CEB17
:1016B0000304D4F804E0EC68D4601EF0010FA260CB
:1016C00000F0978041F001036B60CCF80010B1F599
:1016D000007F35D27868CB080122490901338A405E
:1016E000024357F833107A6007EBC302083AC5E9A2
:1016F000021247F83350CD603046BDE8F840FDF7A0
:1017000029BB0CEB03025268D00710D4194407F12F
:101710000800DCF80830834273D0DCF80C20DA6073
:10172000936041F001036B606950D0E7704741F06E
:101730000103B1F5007F44F8043CCCF80010C9D394
:10174000B1F5206F4FEA512348D28B0903F13900DC
:1017500003F13802C300F818FB580838984259D0F2
:101760005A6822F003028A4202D99B689842F7D154
:10177000D868C5E902308560DD603046BDE8F840D4
:10178000FDF7E8BA0CEB03025268D20763D40B44AE
:10179000DCE90212CA60916043F001026A603046DF
:1017A000EB50BDE8F840FDF7D5BA0B44D10707D49C
:1017B00054F8082CAD1A1344D5E90212CA6091609E
:1017C00043F001026A60284ABD6012689A4293D8C9
:1017D000264B30461968FFF7F5FE8DE7142B0AD922
:1017E000542B1FD80B0B03F16F0003F16E02C300E3
:1017F000B1E719448DE703F15C0003F15B02C3001C
:10180000A9E741F00103C7E90455C5E902006B608F
:10181000695071E779689210012404FA02F20A43D0
:101820007A60A6E7B3F5AA7F06D8CB0B03F1780060
:1018300003F17702C3008EE740F25452934206D878
:101840008B0C03F17D0003F17C02C30083E74FF4AE
:101850007E737E227FE741F001036B60CCF80010BD
:101860004AE700BF909100209C95002050EE002098
:101870002DE9F0410469B4EB611F2FDD00F1140E76
:101880004E1111F01F0C0EEB84050EEB86032BD0CE
:101890005EF8261004339D4221FA0CF1CCF12008A9
:1018A00018D977461A6802FA08F20A4347F8042B57
:1018B00053F8041B9D4221FA0CF1F3D8A31B9B00A3
:1018C000053B9B0801330EEB83044EF82310C9B18E
:1018D000043417E0416174460029F9D10023036103
:1018E00000234361BDE8F0819D4288BF00F11002F2
:1018F000F4D953F8041B42F8041F9D42F9D8A41BE5
:101900000EEB8404A4EB0E039B1074450361E7D037
:10191000BDE8F0812DE9F04F2DED028B0C688B4670
:10192000A17885B0302908EE100A9246029340F063
:10193000CE816FF00100001BE21C8318144612F8E0
:10194000011B3029F9D0DFF8008318F80120002AA4
:1019500000F0E5802278002718F802203D46264650
:101960002AB116F8012F18F80220002AF9D1B5493A
:10197000019301223046FEF7F3FF019B81460028C8
:101980004DD0002D4ED13278A94602F0DF02502A08
:10199000354650D0CBF80060002F69D12B1B013B9E
:1019A000072B394604DD5B10072B01F10101FADC3E
:1019B00018EE100A03F04EFD8346002800F0668200
:1019C00000F11406AC42019680F0D2810027CDF8D8
:1019D0000C909C49A1463C460CE0202F19D038467B
:1019E00004372A7818F8022002F00F0282401443CC
:1019F0004D4547D015F8012D2E2AEED14D45ECD39B
:101A000001222846FEF7ACFF8E490028F0D0202F97
:101A1000E5D1002046F8044B04270446E1E7002DF9
:101A200000F04281327802F0DF02AD1B502A4FEA0B
:101A300085093546AED16A782B2A00F025812D2AFA
:101A400000F0A5806E1C002018F802104A1E182A0B
:101A500000F29B80727818F8022010390136002AB3
:101A60005AD100B149428944CBF80060002F95D08B
:101A7000002B14BF00250625284605B0BDEC028BBF
:101A8000BDE8F08FDDF80C90234646F8043B18467D
:101A9000019BF61AB610CBF8106003F0B5FD760185
:101AA000DAF80040301AA04275DCC0F2EF8000275F
:101AB000DAF808304B45C0F25181DAF804304B4572
:101AC0004ADDA3EB09094C4500F38280DAF80C20CB
:101AD000022A00F06581032A00F08181012A00F0CA
:101AE0006F8118EE100A594603F0DAFC5025109A5F
:101AF00000232846136005B0BDEC028BBDE8F08FD3
:101B000001EB810102EB4102A2F1100116F8012F55
:101B100018F80220002AA4D0192AF1DDA1E74949CA
:101B2000019301222046FEF71BFF019B00286DD187
:101B3000617818F80120651C002A69D030292C46EC
:101B400005D114F8013F302BFBD018F80320B2FA6E
:101B500082F77F09012302E7012557B1DAF80C303B
:101B6000022B5DD0032B5FD0012B00F0848045F069
:101B70001005109BC3F800B0029B2846C3F80090E4
:101B800005B0BDEC028BBDE8F08F2E4602E70120C8
:101B9000AA78AE1C58E7061B3146584604F062F995
:101BA000074678B1721E53110199012751F823108D
:101BB00002F01F0307FA03F30B4203D0BA4200F30B
:101BC000E280022731465846B144FFF751FE6FE7E5
:101BD00009F1FF35002F40F0CE80002D40F0CD8080
:101BE0006B11019A05F01F0552F823200123AB4029
:101BF00013424946584618BF47F00207A4EB0904B0
:101C0000FFF736FE0225DAF80490A6E7217825468C
:101C100001F0DF01502900F0BF80CBF8005027E72A
:101C2000119BC3F101031193119B002B9FD0DBF893
:101C30001070DDF80480BA004346019208EB87007B
:101C4000002107E08814002090110020984243F8FA
:101C5000041C3FD91E4653F8042BB2F1FF3FF5D0C8
:101C60000132022D326000F0BF8014F01F0440F0FA
:101C7000E78021257DE7BA077FF579AF019B1B68D7
:101C80001F43FB07D3D472E7002081E7221A59468D
:101C900018EE100AA9EB020903F042FE00F114034A
:101CA00083460193002703E7727818F80200711C3D
:101CB000002800F0A0800D4611F8012F18F802004E
:101CC0000028F8D1751B4FEA85090E465DE60234FF
:101CD000002338E6DBF808309F4280F28E803B46D6
:101CE0000BEB830201210133022DCBF8103051613F
:101CF0007AD09F42B9DA002B40F39B80DBF81420A6
:101D000008EB83030BF1180083424FEA520240F2C2
:101D1000B1804446016842EAC17244F8042B50F88D
:101D2000042B83424FEA5202F4D8A3EB0B03193B76
:101D30009B08013348F8232008EB8303002A40F076
:101D40009D80A3EB080292104345CBF8102073D07E
:101D5000DAF8083009F101094B458ADA18EE100A61
:101D6000594603F09DFB109A00231360A32583E6D8
:101D7000019E002389E6012732E72946584604F0F0
:101D800071F807462CE7B11E584604F06BF800289E
:101D90003FF417AF032715E74FF0000901274AE684
:101DA000119A002A7FF49DAE02990B60019B0122DB
:101DB000CBF810201A60109B6225C3F800B05BE6D8
:101DC0004C457FF48EAE012CEED0611E584604F0D7
:101DD00049F800283FF485AEDAF80430E4E7119AB8
:101DE000002A3FF47EAEDFE7DAF80030013BA34281
:101DF00034D02225BDE60E46C7E5DBF8041018EE08
:101E0000100A013103F026FB0646C8B3DBF8103098
:101E100002339A000BF10C010C30F9F71FF9594607
:101E200018EE100A03F03CFB06F114083369B346C0
:101E300056E70023CBF810300023CBF8143087E7A7
:101E4000019B4344C4F1200453F8040C03F0DCFB71
:101E5000A042BFF60EAFDBF810304CE7631104F080
:101E60001F0458F823200123A34013420CBF22254E
:101E700021257EE6C8F8002043466AB1043360E7B6
:101E8000074B08483246842104F0BAFC044B05484D
:101E90005A46E42104F0B4FCCBF81020CCE700BF94
:101EA000101100202411002010B4046809E014F877
:101EB000013FA3F1410CBCF1190F98BF20339342AD
:101EC00009D111F8012B002AF1D10134046001205D
:101ED0005DF8044B704700205DF8044B704700BF6D
:101EE0002DE9F04F096885B04B1111F01F010290E8
:101EF00002EB8303039140F08F801D1F0193029B2F
:101F000001991C68002341F8043C617801340029E0
:101F100000F09880DFF87491A846AC469A461E46B9
:101F20000EE0202900F28C80564506DDC44501D222
:101F3000072B5BDD624551D3082314F8011FA1B1C3
:101F400019F801000028ECD00133082B06F1010636
:101F50003ADCDCF80010090100F00F000843CCF86F
:101F6000000014F8011F0029EAD1002E6AD0C445F0
:101F700001D2072B74DD624552D2111F634653F81C
:101F8000040B41F8040FAB42F9D9A5EB0C0323F085
:101F90000303691C04330CF1010C614538BF0423B1
:101FA0001344002143F8041BAB42FBD9019B53F8B7
:101FB000043C2BB9AA4249D055F8043D002BF9D076
:101FC000052005B0BDE8F08F6245B6D200234CF87D
:101FD000043C1946ACF1040C0123BDE70023ACF12D
:101FE00004084CF8043CB246C446A6E7C3F1080115
:101FF000DCF800308900C1F1200E60469B4647683E
:1020000007FA0EF343EA0B0327FA01FB036040F8DB
:1020100004BF4045F3D38DE7191D01911D466EE7BE
:10202000039B002BC2D0039B0198C3F120014FF00A
:10203000FF33CB4050F8041C0B4040F8043CB8E799
:10204000292909D0042005B0BDE8F08F012305201F
:102050002B6005B0BDE8F08F029901340C6084E775
:10206000DCF80010C3F108039B00C3F120076446AD
:102070000846666806FA07F1014326FA03F0216074
:1020800044F8040F4445F4D375E700BF90110020D5
:1020900082B049B15AB16BB113780B601278101E3F
:1020A00018BF012002B0704701A9002AF3D11046E1
:1020B00002B070476FF00100F4E700BF00000000BD
:1020C0002DE9F04F2DED088BD1B00C460BEE101A18
:1020D00090460893834604F003F903681293184668
:1020E000FFF7AEF920AF1090082200213846FEF726
:1020F0007FFBA3891B0603D52369002B00F05587BE
:1021000000239FED838B9FED849BCDE92533CDE9A3
:102110001333CDE9153327AA0E93249292461193D7
:1021200004934446A1467E4BD3F8E450FEF710FFDB
:102130004A4603461CA900975846A847002800F0C5
:10214000B080C0F2A6801C9A252A034601D099448B
:10215000E9E7B9EB0405064640F0A78000234FF0FD
:10216000FF328DF867309846069309F1010999F816
:10217000003003922B25202609F10109A3F120024A
:102180005A2A00F2CF80DFE812F0E802CD00CD003D
:10219000E302CD00CD00CD006A00CD00CD000502E8
:1021A0008402CD001002C902CD00BD025B005B00BD
:1021B0005B005B005B005B005B005B005B00CD00D5
:1021C000CD00CD00CD00CD00CD00CD005301CD0020
:1021D00083011A02530153015301CD00CD00CD00FC
:1021E000CD001502CD00CD009602CD00CD00CD0072
:1021F000AB01CD00AA02CD00CD00E306CD00CD009D
:10220000CD00CD00CD00CD00CD00CD005301CD00DF
:102210008301DE015301530153017702DE017F0088
:10222000CD008902CD005F02E0062F027F00CD00C5
:10223000AB017C00B806CD00CD00BD06CD007C0012
:10224000A3F13002002119F8013B01EB810102EBFF
:102250004101A3F13002092AF5D906918EE75846CB
:1022600004F03EF8436815931846FFF7E9F8169016
:10227000584604F035F883681393169B002B40F002
:102280002D8699F8003077E799F8003048F020085B
:1022900072E7082200213846FEF7AAFA0123994482
:1022A00041E7B9EB0405064611D0269B2B44269343
:1022B000259B0133072BCAE9004525931CDC0AF155
:1022C000080A049B2B440493002E7FF447AF269BFF
:1022D000002B41F00B821BEE103AB3F90C3013F0D7
:1022E000400F049B18BF4FF0FF330493049851B084
:1022F000BDEC088BBDE8F08F1BEE101A24AA5846DF
:1023000005F0F4FA0028E6D10DF19C0AD9E700BFE8
:102310000000000000000000FFFFFFFFFFFFEF7F55
:10232000249000200B93002BD1D00021CDE90C117B
:102330008DF8DC3001238DF8671002930791059327
:1023400003910F9137AC18F00203099302D0029B5E
:102350000233029318F084030A9305D1069B029A74
:102360009D1A002D00F36983269A89B125990DF1F4
:10237000670001310132CAF8000007294FF001005F
:1023800026922591CAF8040000F3A2830AF1080AF4
:10239000099B83B1259B1AA901330232CAF80010A8
:1023A000072B4FF0020126922593CAF8041000F380
:1023B000A3830AF1080A0A9B802B00F06C82039B1E
:1023C00005995D1A002D00F3A58218F4807F40F076
:1023D0000D82059BCAF804301A44259BCAF80040B8
:1023E0000133072B2692259300F31B830AF1080A79
:1023F00018F0040F05D0069B02995C1A002C00F31C
:102400008883049B069902988142ACBF5B181B1815
:102410000493002A40F0B08200232593079B1BB150
:1024200007995846FFF71EF90DF19C0A4C4679E6CC
:102430000B93089B073323F00703B3EC028BB0EE3A
:10244000C87BB4EE497BF1EE10FA089340F3E984BF
:10245000B5EEC08BF1EE10FA01F159809DF86710CE
:10246000AB4CAC4B28F080080B9A472AC8BF1C46DF
:102470000023CDE90C3303220793029205920393C4
:102480000F9300293FF45FAF029B013302935AE799
:10249000432B0B9303D018F0100F00F05D85089DBF
:1024A0000822002122A837ACFEF7A2F922AB55F88A
:1024B000042B2146584604F01DF9034601330590CC
:1024C00001F0EE82059B089523EAE3730293002155
:1024D000CDE90C118DF86710079103910F9132E748
:1024E0000B93089B1A4600238DF86730134653F868
:1024F000044B0893002C00F048850B9B532B00F0F5
:10250000EC8618F010030C9340F0E786039B5D1CEB
:1025100001F0E5800C991A46204604F071F8079006
:10252000002801F02883079B1A1B05920C9B03933C
:1025300022EAE2720F930D93079373239DF86710BD
:1025400002920B939DE718F0200F0B93089B3DD050
:10255000073323F007031A4611465B6851F8082B2E
:1025600008911946002BC0F20C84039B013300F044
:102570009E8228F0800052EA0103029040F0998286
:10258000039B002B40F09A8280460023039305931F
:1025900050AC06E1089B53F8042B0692002A80F207
:1025A0001984069A08935242069299F8003048F02E
:1025B0000408E1E599F8003048F00808DCE548F047
:1025C000100818F0200F0B93089BC1D118F0100FC2
:1025D00040F00B8418F0400F00F0038433F9042B13
:1025E0000893D1170B46BDE7089B48F00202029200
:1025F00053F8042B089347F63003ADF86830782081
:10260000454B1193002102230B900020039C8DF871
:102610006700601C00F0AD80029820F0800852EA4C
:10262000010040F0A480002C40F0AE86002BACD11D
:10263000029B13F00103059300F0D18330238DF842
:102640003F310DF23F14ACE018F0200F40F0D4837E
:1026500018F0100F40F09F8618F0400F40F0978759
:1026600018F4007F00F09786089B049953F8042B18
:10267000089311704C4655E599F80030682B03BF5C
:1026800099F8013048F4007809F1010948F0400850
:1026900072E599F800308DF867506DE599F80030D3
:1026A0006C2B03BF99F8013048F0200809F10109AB
:1026B00048F0100860E50B9348F0100818F020016E
:1026C00000F05183089B073323F00703596853F840
:1026D000082B089328F480630293002395E70B935B
:1026E00048F010030293029B13F0200100F02983AD
:1026F000089B073323F00703596853F8082B089306
:10270000012382E799F8003048F0800834E500BFE3
:102710009C140020A0140020AC140020494611F89D
:10272000013B2A2B01F04982A3F13002092A894694
:1027300098BF002101F2448119F8013B01EB8101AE
:1027400002EB4101A3F13002092AF5D9039115E505
:1027500099F8003048F001080EE59DF86730002B2D
:102760007FF48FAD99F800308DF8676004E5CDF8FF
:102770000880012B00F09D81022B50AC20D11198D4
:1027800002F00F031209C35C04F8013D42EA017232
:10279000090952EA0103F3D150AB1B1BDDF8088095
:1027A0000593059A03989DF8671082424FF0000345
:1027B000B8BF0246CDE90C33079302920F9360E64F
:1027C00002F00703D20842EA4172C908303352EAE4
:1027D0000105204604F8013DF2D1029AD10700F12B
:1027E0004D8250AB1B1B90460593DAE70B9B652B84
:1027F00040F3D480B5EE408BF1EE10FA40F0C18189
:10280000259BBA49CAF80010013301320121072B78
:1028100026922593CAF8041000F351850AF1080A9C
:102820001B9B0E998B4280F2D082109B12991A4406
:10283000CAE90013259B26920133072B259300F349
:1028400097830AF1080A0E9B5C1E002C7FF7D0AD1F
:10285000102C259B40F36E851BEE106A102505E0B9
:102860000AF1080A103C102C40F364850133A0499A
:102870001032072BCAE90015CDE92532F0DD24AA74
:102880003146584605F032F800287ED1DDE9253280
:102890000DF19C0AE6E7069B02995D1A002D7FF771
:1028A0008EAD102D259B21DD099410261BEE104ABC
:1028B00004E0103D102D0AF1080A16DD01338C49A1
:1028C0001032072BCAE90016CDE92532F1DD24AA22
:1028D000214658460DF19C0A05F008F8002854D10D
:1028E000103D102DDDE92532E8DC099C8049CAF84D
:1028F000045001332A44072BCDE92532CAF80010D1
:1029000000F32685039B05995D1A002D0AF1080A3C
:102910007FF75BAD102D259B1FDD514610261BEE6A
:1029200010AA04E0103D102D01F1080114DD01335F
:102930006F481032072BC1E90006CDE92532F1DDE1
:1029400024AA5146584604F0D1FFF0B9103D102D8D
:10295000DDE9253227A9EADC8A4601336449CAF851
:1029600004502A44072BCDE92532CAF8001000F3A1
:10297000DA810AF1080A28E51BEE101A24AA584643
:1029800004F0B4FF00283FF447AD079B002B3FF451
:10299000A2AC07995846FEF765FE9CE40E9B012BFE
:1029A00040F37A81259BCAF80040013301320121AE
:1029B000072B26922593CAF8041000F3F8810AF138
:1029C000080A1099129801330A44072BCAE900013A
:1029D000CDE9253200F3DD810AF1080AB5EE408B1E
:1029E000F1EE10FA00F077810E99013301390134CC
:1029F0000A44072BCAF800402593CAF8041026920F
:102A000000F35B810AF1080A1499CAF80410013333
:102A10000A44072B1EA9CDE92532CAF800107FF71A
:102A2000E5AC1BEE101A24AA584604F05FFF0028FC
:102A3000ABD1269A0DF19C0ADAE4102DDDE92512BE
:102A40002C4E24DD179410231BEE104A084604E098
:102A5000103D102D0AF1080A17DD01301032072849
:102A6000CAE90063CDE92502F2DD24AA21465846D1
:102A70000DF19C0A04F03AFF002886D1103D102D7C
:102A8000DDE925024FF01003E7DC179C0146013118
:102A90002A440729CDE92512CAF80060CAF8045073
:102AA00000F3BD839DF867100AF1080A5DE4CDF8D4
:102AB00008800A2A71F1000380F045833032012337
:102AC000DDF808808DF83F2105930DF23F1468E68C
:102AD0001BEE101A24AA584604F008FF00287FF4C1
:102AE00054AF269A0DF19C0A52E400BFDC1400207A
:102AF000208A0020582F00201BEE101A24AA5846C6
:102B000004F0F4FE00287FF440AF269A0DF19C0AF1
:102B100051E4102C259BBE4E1FDD1BEE108A1025A4
:102B200004E0103C102C0AF1080A16DD01331032C3
:102B3000072BCAE90065CDE92532F2DD24AA41461A
:102B400058460DF19C0A04F0D1FE00287FF41DAF19
:102B5000103C102CDDE92532E8DC01332244072B40
:102B6000CAE90064CDE925327FF74BAC1BEE101AA1
:102B700024AA584604F0BAFE00287FF406AF269A2D
:102B80003FE41B99002940F35A830C9E0E9B9E4202
:102B9000A8BF1E46002E0BDD259B01333244072BB8
:102BA000CAE900462692259300F389860AF1080AAD
:102BB0000C9D002EA8BFAD1B002D00F303820C9BC3
:102BC00018F4806F2344059340F01F821B9B0E99DD
:102BD0008B4203DB18F0010F00F0CF84109912989C
:102BE0000A44CAE900012599269201310729259155
:102BF00000F3A5860AF1080A0E996518CC1A059B00
:102C0000ED1AA542A8BF2546002D0DDDCAF80030FB
:102C1000259BCAF8045001332A44072B269225939A
:102C200000F3BB860AF1080A002DA8BF641B002C24
:102C30007FF7DEAB102C259B40F37C831BEE106AE4
:102C4000102505E00AF1080A103C102C40F37283AD
:102C5000013370491032072BCAE90015CDE925323E
:102C6000F0DD24AA3146584604F040FE00287FF4E7
:102C70008CAEDDE925320DF19C0AE5E7302B3FF4FF
:102C80008BAD3023023804F8013C50AB1B1ADDF841
:102C900008800593044684E518F0010F7FF482AEA6
:102CA000259BCAF80040013301320121072B2692EF
:102CB0002593CAF804107FF7A5AE1BEE101A24AABC
:102CC000584604F013FE00287FF45FAEDDE925329C
:102CD0000DF19C0A98E60E994C1E002C7FF794AEDD
:102CE000102C40F361831BEE106A102505E00AF1F9
:102CF000080A103C102C40F3578301334549103229
:102D0000072BCAE90015CDE92532F0DD24AA3146AA
:102D1000584604F0EBFD00287FF437AEDDE925329C
:102D20000DF19C0AE5E71BEE101A24AA584604F0A0
:102D3000DDFD00287FF429AE269A0DF19C0AFFF7ED
:102D400044BB029B13F0100340F0C180029A12F0C2
:102D5000400200F07A83089850F8042B0890194636
:102D600092B2012351E418F0100355D118F040023B
:102D700000F05D83089850F8042B0890194692B231
:102D8000A8E4524261EB4101CDF808802D200123D7
:102D90003CE41BEE101A24AA584604F0A7FD0028B4
:102DA0007FF4F3ADDDE925320DF19C0A16E61BEE4A
:102DB000101A24AA584604F099FD00287FF4E5ADC6
:102DC000DDE925320DF19C0AFBE518F0010F3FF417
:102DD0000FAB2AE5089399F80030FFF7CDB950AC56
:102DE000DFE418F4007F40F0DB8353F8042B0893F2
:102DF000D1170B46FFF7B6BB089B049853F8041B8A
:102E00000893C217C1E900024C46FFF78BB900BF17
:102E1000582F0020208A0020089B53F8042B089389
:102E200058E4B4EE488BF1EE10FA80F194860B9BD7
:102E3000612B00F05285412B00F0C085039B0133CC
:102E40000B9B23F0200500F08084472D04D1039BC9
:102E5000002B08BF0123039318EE903A002B48F48F
:102E600080724646C0F21886B0EE48AB002390460A
:102E7000099307930B9B413B252B00F29883DFE8D6
:102E800013F06F0496039603960368046C0496038C
:102E9000960396039603960396039603960396036A
:102EA000960396039603960396039603960396035A
:102EB000960396039603960396039603960396034A
:102EC0009603960396039603960368046C04089B86
:102ED00053F8042B08930123FFF797BB139B002B98
:102EE0003FF4CFA9139B1B78002B3FF4CAA999F894
:102EF000003048F48068FFF73FB90B93CDF80880A5
:102F0000FFF7F1BB0B939A4B119318F0200100F0DF
:102F10000581089B073323F00703596853F8082BF2
:102F2000089318F0010F0AD052EA010307D00B9B57
:102F30008DF86930302348F002088DF8683028F4A5
:102F4000806302930223FFF760BB0B93FFF7B6BBCE
:102F50000B93884B1193D8E7089B012153F8042B5E
:102F600002918DF8DC200893059137ACFFF7AFBADA
:102F70001BEE101A24AA584604F0B8FC00287FF46F
:102F800004AD269A0DF19C0A5DE4039B0794062B81
:102F9000224628BF062303942146CDE90C22764C15
:102FA000029305930F92FFF76CBA40215846FBF746
:102FB0001BFC20602061002800F00F864023636125
:102FC000FFF79EB8102D259B40F35D8251461026D9
:102FD0001BEE10AA04E00831103D102D40F3528280
:102FE000013366481032072BC1E90006CDE92532CE
:102FF000F1DD24AA5146584604F078FC00287FF4FD
:10300000C4ACDDE9253227A9E6E70E9BCDF8249074
:10301000E31803930D9BCDF82880139E059DDDF8E2
:103020005890DDF83C800B941BEE101A5046002B94
:1030300034D0B8F1000F35D10D9B013B013E0D930B
:10304000159BC0E90039259B01334A44072B269282
:1030500025936CDC0830039B96F800C05B1B63452E
:10306000A8BF6346002B9A460CDD259C01341A4408
:10307000072CC0E900532692259400F3778196F837
:1030800000C00830BAF1000FACBFACEB0A046446D4
:10309000002C0ADC65440D9B002BCAD1B8F1000F4F
:1030A00000F0AC8308F1FF38CAE7102CDDF894C0BB
:1030B00024DD05954FF0100A63460D4604E0103CF0
:1030C000102C00F1080016DD01332C491032072BBB
:1030D000C0E9001ACDE92532F1DD24AA2946584677
:1030E00004F004FC00287FF450AC103C102CDDE907
:1030F000253227A8E8DC2946059D9C460CF10103F2
:1031000022444460072B1D4C0460CDE9253200F3B6
:10311000C68396F800C008306544BCE718F0100379
:1031200000F0C280089B53F8042B0893F9E624AA08
:103130005846059104F0DAFB00287FF426AC269A65
:10314000059927A887E70298CDF81CA050AC00F499
:10315000806000250AEE10BA094BDDF84CA0CDF8CE
:103160001490A3464FF00508AC46044610E000BF9B
:10317000AC140020C0140020D4140020208A0020A9
:10318000CDCCCCCC0A2A71F1000136D34A46314667
:10319000501840F10000A3FB005626F0030505EB94
:1031A0009605401B151A4FF0CC3661F1000E06FB58
:1031B00005F6A5FB039503FB0E6609F0010E2E44F0
:1031C000AEFB085E2D184FEA590930350BF8015C4B
:1031D00049EAC6790CF1010C0BF1FF3B7608002C93
:1031E000D0D09AF800008445CCD1BCF1FF0FC9D0F3
:1031F0000A2A71F1000180F08F815C4650AB1B1BE5
:10320000DDF81490CDF84CA01AEE10BADDF81CA031
:10321000DDF80880CDF838C00593FFF7C2BA1BEE81
:10322000101A24AA584604F061FB00287FF4ADABC5
:103230009DF86710269A0DF19C0AFFF796B8259B1A
:10324000BE48CAF80000013301320120072B269244
:103250002593CAF8040000F377810AF1080A0029CF
:1032600040F0AF800E9908F001030B433FF4C0A873
:10327000109B12991A44CAE90013259B2692013328
:10328000072B259300F352820AF1080A0E99CAF817
:10329000004001330A44072BCDE92532CAF8041057
:1032A0007FF7A4A8FFF7BDBB18F0400200F0DD8057
:1032B000089850F8042B0890194692B231E61BEE9C
:1032C000101A24AA584604F011FB00287FF45DABC5
:1032D000269A0DF19C0AFFF7A3BA22AE082200211C
:1032E00030461D94FDF784FA039B5A1C00F0DB80E6
:1032F0000025CDF80890CDF81C809946A8460CE032
:1033000037A9584603F0F6F9431C404400F0C8833F
:10331000484508DC00F0188480461D9A525933460F
:103320000435002AECD1CDF81480DDF80890DDF8E2
:103330001C80C5E001338249CAF804402244072BAF
:10334000CAF80010CDE925327FF750A8FFF769BB16
:103350001BEE101A24AA584604F0C8FA00287FF47D
:1033600014AB269A0DF19C0AFFF729B824AA5846F7
:10337000059104F0BBFA00287FF407AB96F800C073
:10338000269A059927A87DE6012BCDF808807FF4C1
:10339000F3A9FFF793BB089B049953F8042B4C4601
:1033A00011600893FEF7BEBE01336549CAF80440B8
:1033B0002244072BCDE92532CAF800107FF722AB53
:1033C0007BE4109B12981A44CAE90003259B2692BD
:1033D0000133072B259300F3A9810AF1080A00297C
:1033E000BFF654AF4D42103180F20F831BEE101A1E
:1033F000102605E00AF1080A103D102D40F3058360
:1034000001334F481032072BCAE90006CDE92532B7
:10341000F0DD24AA5846039104F068FA00287FF4EE
:10342000B4AADDE9253203990DF19C0AE4E7089B73
:1034300018F400711ABF114653F8042B53F8042BEB
:10344000089318BFD2B2FFF745B9029B13F400717D
:10345000089B1ABF114653F8042B53F8042B08930A
:1034600018BFD2B20123FFF7D0B8089B18F400713F
:103470001ABF114653F8042B53F8042B089318BFB6
:10348000D2B24EE58A4601332D49CAF804502A4487
:10349000072BCDE92532CAF8001000F339810AF173
:1034A000080AFFF78CBB0023194600961DAA584650
:1034B00003F046F903460133059000F0F1821D94B4
:1034C000059B002B4ED0632B00F31881002307933C
:1034D00037AC082200213046FDF78AF9059D009699
:1034E0002B461DAA2146584603F02AF9854240F092
:1034F0007C83059A0023A35422EAE272CDE90C33BF
:103500009DF86710039302920F93FEF7BABF2D2127
:103510008DF86710FEF7A4BF169B1599ABEB030B54
:103520001A465846FDF762FA9AF80120054B0AB18F
:103530000AF1010A4FF0000C28E600BFDC1400205D
:10354000208A0020CDCCCCCC1BEE101A24AA5846E1
:1035500004F0CCF900287FF418AA1B99269A0DF1E3
:103560009C0A7CE6059B9DF867100F93CDE902331A
:10357000CDE90C330793FEF784BF0E9905986518C3
:103580002D1ACC1AA542A8BF2546FFF74DBB089BB4
:10359000049953F8042B089311804C46FEF7C2BDE2
:1035A00013F9042B0893D1170B46FEF7DBBF039AE0
:1035B000022122AB01931DAB009358461BABB0EE2A
:1035C0004A0B029203F0D8FA472D029A044600F003
:1035D0006181462D104405D12378302B00F06F8295
:1035E0001B9A1044B5EE40ABF1EE10FA40F0468164
:1035F00003461B1B0E93472D00F01081462D00F053
:10360000B5811B9B0C930C9B412D03F1FF331B9346
:1036100000F0E5819DF82C200021002BB8BF0C9B09
:103620008DF87820BABFC3F101032D222B22092B7C
:103630008DF8792040F3DA810DF18F05DFF81CC495
:103640002A4610468CFB0321DA17C2EBA10202EBDB
:103650008201A3EB4101303100F8011C19466329B6
:10366000134600F1FF32ECDC3033D9B2831E9D42A9
:1036700002F8011C40F28B8213460DF17A0201E040
:1036800013F8011B02F8011B9D42F9D10DF19103C2
:103690000DF17A021B1A13441EAA9B1A14930E9B57
:1036A000149A012B1A44059240F30382059B109A49
:1036B0001344059326F48063059A43F4807800232D
:1036C000CDE90C3322EAE2720F930292099B002BA0
:1036D00040F0B1809DF867100393FEF7D2BE2046FC
:1036E000FDF7AEFE02460590FEF720BF1BEE101A56
:1036F00024AA584604F0FAF8FEF7EDBD591C5846C6
:10370000FBF772F80446002800F0CA810790E0E653
:103710001BEE101A24AA584604F0E8F800287FF49B
:1037200034A9269A0DF19C0AFFF749BA1BEE101A2C
:1037300024AA584604F0DAF800287FF426A9DDE927
:1037400025321B990DF19C0A49E606230393FFF7E6
:1037500083BB039B02215A1C2BE7039A032128E712
:103760001BA8B0EE4A0B03F00FF8B4EE007B20EE7E
:10377000070BB5EE400BF1EE10FA01D101231B93BC
:10378000B348039BB3EE005B013B224604E0B5EE79
:10379000400BF1EE10FA13D020EE050BFDEEC07BCE
:1037A000B3F1FF3F17EE901A415CB8EEE76B944619
:1037B00030EE460B02F8011B194603F1FF33E6D148
:1037C000B6EE006BB4EEC60BF1EE10FA00F34881D2
:1037D000B4EE460BF1EE10FA04D117EE903ADB0787
:1037E00000F13E81002906DB4B1C1344302102F816
:1037F000011B9342FBD1131B0E93FCE60B9C0E9B0B
:10380000DDF82490DDF828801396E3189D422946C0
:1038100028BF194682460591FFF7D8B91B9B0C9328
:10382000DA1C02DB039A93420CDD0B9B023B0B93E9
:1038300023F02005E7E62D2100238DF86710039380
:10384000FEF722BE0C9B0E9A9342C0F2BD80F00799
:103850000C9B40F13281109A13440593710503D5F6
:103860000C9B002B00F33581059B23EAE373029345
:1038700067230B9300230F930D9327E7229B83422B
:10388000BFF4B7AE30215A1C22921970229B984285
:10389000F9D8AEE6F30700F1A780229BA9E624AA97
:1038A0005846059104F022F800287FF46EA896F897
:1038B00000C0269A059927A86544FFF7ECBB1BEECC
:1038C000101A24AA584604F011F800287FF45DA8C5
:1038D000269A0DF19C0AFFF76BB978238DF86930B1
:1038E00030238DF86830039B632B48F0020600F309
:1038F000A6800023079337AC18EE903A002B48F4CB
:1039000081782BDBB0EE48AB0B9B23F02005002326
:1039100009930B9B612B7FF4ADAAB0EE4A0B1BA859
:1039200002F032FFB4EE007B20EE070BB5EE400B49
:10393000F1EE10FA01D101231B93464821E71BEE5B
:10394000101A24AA584603F0D1FF00287FF41DA8BE
:103950001B9B269A0DF19C0AFFF74EB90B9B23F097
:1039600020052D230993B1EE48ABD2E71B9A0C92A8
:10397000002A06F0010340F30D8103990B4340F048
:10398000CF800C9B059366230B93720500F1A380F7
:10399000059B23EAE37302936CE71BEE101A24AA3B
:1039A000584603F0A3FF00287EF4EFAF1B9C0E9B4C
:1039B000269A1C1B0DF19C0AFFF736B958238DE798
:1039C00000220392FEF7DABB0E9B109A9A180C9B0A
:1039D0000592002B40F3AB8067230B93D5E70B9A3E
:1039E0000F32D2B2012118E6A018FBE5002940F001
:1039F000A88030228DF87A200DF17B02303302F856
:103A0000013B1EABD31A149349E601331249CAF89D
:103A100004502A44072BCDE92532CAF800107FF75D
:103A200033AC1BEE101A24AA584603F05FFF00289F
:103A30007EF4ABAFDDE925320DF19C0A26E4591C7A
:103A40005846FAF7D1FE044650B3079054E700BF3A
:103A5000C0140020AC140020208A0020676666662F
:103A6000CDF888C012F8011C90F80FC061451346CC
:103A70000AD14FF0300E03F801EC229B591E22911F
:103A800013F8011C8C45F6D0392916BF0131817A13
:103A9000C9B203F8011CAEE600239046079360E725
:103AA0001BEE102AB2F90C3043F040039381FEF76D
:103AB00016BCF5077FF5FEADF8E50593CEE6B5EE4D
:103AC00040ABF1EE10FA3FF48BADC2F101021B9254
:103AD00087E567230B9313990B78FF2B79D000258B
:103AE0000C9A284603E001300131FF2B08D09342A5
:103AF00006DAD21A4B78002BF5D10B780135F4E7B2
:103B00000C9213910D900F950F9A0D9B16991344DB
:103B1000059A01FB0323059323EAE3730293D5E59A
:103B2000109BD3181944662305910B932DE7C3F11D
:103B300001031A4422EAE2730293672305920B936E
:103B400098E60DF17A0259E7039BDDF80890DDF85D
:103B50001C800593B4E418EE903A002BB4BF2D21DD
:103B60009DF86710254C264BB8BF8DF8671028F0DC
:103B70008008FEF779BC039B0293059373239DF89D
:103B8000671003900F900D900B93FEF77ABC022301
:103B9000149384E5039A134305D10123662202930B
:103BA0000B92059366E6109B01331A4422EAE273F6
:103BB0000293662305920B935CE6089A99F801300C
:103BC000894652F8041B089241EAE1710391FEF71D
:103BD000D3BA00230F930D9396E70C23CBF8003054
:103BE0004FF0FF330493FEF781BB1BEE102A93893D
:103BF00043F040039381FEF7C8BE00BFA414002029
:103C0000A81400202DE9F04F2DED028BADF5377D86
:103C10008B46B1F90C1002AF8C048146FA643B6309
:103C200009D4DBF8643041F4005123F40053ABF8BD
:103C30000C10CBF8643000231C460822194607F10B
:103C40005800FB62A246FCF7D3FD3C647C62BC6377
:103C50007C64834BD3F8E440FDF77AF907F158020E
:103C60000346009207F15401FA6C4846A047051E2E
:103C7000FB6C33DB2B44FB647B6D2E46002B00F08A
:103C8000B680012D38D0252B40D0002DE1D0FB6C23
:103C90009E1BDBF80430741E002B40F39880DBF889
:103CA000001094F801C091F800E0A31C0AEB030097
:103CB000E64501F10101A3EB060204F10104A0EBCA
:103CC000060040F09480DBF80430CBF80010013B94
:103CD000AA42CBF80430DFDB8246BAE70133FB644B
:103CE00008224FF6FD73002107F158007B65FCF7B1
:103CF0007FFD7B6D002B7AD05A4EF25C100700F1ED
:103D00001C85252B40F0868001252E46F86C00246A
:103D10000278A046A2F12503411C552B67D8DFE8A5
:103D200013F00A0766006600660066000107660079
:103D300066006600660066000C060C060C060C06A3
:103D40000C060C060C060C060C060C06660066003B
:103D500066006600660066006600180666008E044F
:103D6000C904180618061806660066006600660094
:103D7000820066006600BF04660066006600890077
:103D800066006600660066006B0666006600DD067B
:103D9000660066006600660066001806660090040D
:103DA000CB04180618061806BE06D2068200660066
:103DB000E706F306AC06C104DA06660066008B006F
:103DC0007D00CA06660066006B0666007D005946E7
:103DD000484603F04BFE00283FF461AF7B6C002B9C
:103DE00001F05280BBF80C305A0601F14D803B6C5B
:103DF00043B13B6CD3F80080B8F1000F02D04046CD
:103E0000FAF7EAFC786C07F53577BD46BDEC028B16
:103E1000BDE8F08FFB6C01255E1E3AE72307E6D173
:103E20004278084676E72207E1D1427844F002045E
:103E300008466FE744F00104F9640225DBF804301A
:103E4000002B40F30884600640F10F846B1E032BA7
:103E500001F2EB80DFE813F07B02F1014B01080077
:103E600024900020FD120020484602F039FA036831
:103E70003B6208F1FF33B3F5AE7F40F25A856FF431
:103E8000AE7508EB05033B6140F25D18002607F5AF
:103E9000B87308EE109AC7E90566FE637E63FE619B
:103EA000BE6444F4F064BB621D464646DBF8001075
:103EB0000A78A2F12B034E2B50D8DFE813F07E03D3
:103EC0004F007E034F004F00A300A600A600A600EF
:103ED000A600A600A600A600A600A6004F004F0060
:103EE0004F004F004F004F004F0074030B030B03B4
:103EF0000B039E0394034F004F0084034F004F00B9
:103F00004F004F005D034F003A034F004F004F003A
:103F100033034F004F004F001E036D034F004F004F
:103F20004F004F004F004F004F0074030B030B0373
:103F30000B039E0394034F004F0084034F004F0078
:103F40004F004F005D034F003A034F004F004F00FA
:103F500033034F004F004F001E036D03A0056FD5C4
:103F6000386A037893426BD1C7E902457E60814687
:103F700018EE106A4FF000085C4607E0216091F8E7
:103F800000E099F8000086451CD1DA4619F8010FC7
:103F900045460AF1010B013108F10108002800F043
:103FA00064866068013800286060E7DC214630469E
:103FB00003F05CFD30B9216899F8000091F800E049
:103FC0008645E2D0A3463A6ABC683D612B46B146BD
:103FD000BE6CFD68BD6401335D4602EB0308B34669
:103FE0002646144618F8011D2A46484603F0FEFCF2
:103FF0004445F7D13B693446AAEB030A5E46AB461B
:10400000BD6C20E0E00500F10185BB6CF96BD94285
:1040100016D124F4C07405F8012B013EDBF80430FE
:10402000013B002B0AF1010ACBF8043040F36F8307
:10403000DBF800300133CBF80030002E7FF436AFD0
:10404000BE6C18EE109A7B6B002B40F0DC82FB6B91
:10405000013B012B41F21680731E062B40F227868E
:10406000E3051BD5660501F1B58015F8011C65292E
:1040700005F1FF330AF1FF360AD0452908D05A4628
:10408000484603F0B3FC15F8021CAAF10206AB1E69
:104090005A464846B2461D4603F0A8FC14F01002EA
:1040A0007FF4D7AD04F4C063B3F5806F2A7000F0DD
:1040B000D284BB69002B40F02C874846B96A0022A5
:1040C000FBF7C2FFE0073B6B00F1C985A10700F1D8
:1040D000C685B4EE400BF1EE10FA53F8044B80F1B4
:1040E000F486B7EEC00B3B6384ED000AA2E308F14F
:1040F000FF33B3F5AE7F40F2A2836FF4AE7208EBEC
:104100000203FB6340F25D1807F5B8730022BE6B33
:10411000BB62594644F45864D3461D4692460A6829
:104120001078A0F12B034D2B60D8DFE813F082024A
:104130005F0082025F005F00CD02E001E001E0016C
:10414000E001E001E001E0016F026F025F005F004B
:104150005F005F005F005F005F004E004E004E009A
:104160004E004E004E005F005F005F005F005F008A
:104170005F005F005F005F005F005F005F005F0047
:104180005F005F005F005F0076025F005F005F001E
:104190005F005F005F005F005F004E004E004E005A
:1041A0004E004E004E005F005F005F005F005F004A
:1041B0005F005F005F005F005F005F005F005F0007
:1041C0005F005F005F005F0076020A2E0EDD24F4C0
:1041D00038644B6805F8010B013B002B4B6040F342
:1041E0008D8201320A60B8F1010898D1E005D0460D
:1041F000BE63DA468B4607D5BB6A9D4200F2228435
:10420000BB6A9D423FF4F3AD14F0100210D1B96ABD
:10421000BB6BFE6A2A704846B047A10640F108848D
:104220003B6B53F8042B10603B637B6C01337B6466
:10423000BB6AED1A4544AA440BE5B8F1000F08BF6C
:104240004FF0FF38E00740F1958214F010037B63D4
:1042500040F07484210640F166863C6B54F8043BC0
:10426000FB63002B3FF4C3AD8020FAF7ADFAB864CE
:10427000002800F07887FB6BBA6C1A603A6CD5881E
:1042800093889D4280F052851068FB6B40F8253082
:104290003B6C3C630135DD80BB6CBB6220233B6221
:1042A000DBF80030B14E1B78F35C13F0080340F0EC
:1042B000BB847C6A7E621D46FCF74AFEA8423FF43E
:1042C0008DADDBE9003207F5B87013F8011B4155DD
:1042D000013A032CCBE9003205F1010507F168062C
:1042E00002D13368042B04D0082200213046FCF7A9
:1042F0007FFA07F5B872B96C00962B46484602F073
:10430000CFF9421C04463FF469AD002840F07884A0
:10431000BB6C186002F020FA002840F05C86AA44CA
:1043200008F1FF387B6B002B40F03386BB6CFA6BD7
:104330000433BB64002A00F02C86BA6A9D1A3B6ADB
:10434000B3EBA50F40F256877D6B00F05CBCB8F173
:10435000000F08BF4FF0FF38E00740F17B8214F0F8
:104360001003BB6240F0F383210640F1ED853E6B04
:1043700056F8043B3B62002B3FF439AD8020FAF73E
:1043800023FA0446002800F0EE863B6A3A6C186077
:10439000D58893889D4280F0DD8410683B6A40F8A0
:1043A00025303B6C3E630135DD802023FC61BB6121
:1043B0007E6AC7F83CA00025C246A046FCF7C8FDAF
:1043C000A8423FF40BADDBE9003213F8011B013AC0
:1043D00007F5B870CBE90032032E05F10103415512
:1043E000BB6407F1600402D12368042B04D00822C7
:1043F00000212046FCF7FCF907F5B872BB6C00946D
:104400004146484602F04CF9421C06463FF4E6ACF1
:10441000002840F0CA82C8F80000054607F168038A
:104420000822002118467B63FCF7E2F950497B6BB8
:10443000D1F8E0102A4648460D4607F15001A8473A
:10444000012800F0D583002207F170039B5C002B4C
:1044500000F0A185FB6BBA6C032E1344FB6300F0E4
:10446000CA830AF1FF3ABB6A5BB93B6A08F10408E8
:104470003BB1FB69A8EB0304BB69B3EBA40F40F2AB
:104480000584DBF80430002B4FF0000540F39682E2
:10449000BAF1000F92D1D7F83CA07E624446BB6AC5
:1044A000002B7FF4D6AB23603B6A002B00F0C28167
:1044B000FB69BA69E11A8B1001339A4240F2BA8162
:1044C0003C6A04312068FAF74BFC002800F0B28106
:1044D0002060AFE121057FF5B3ADFB6BB96C5B18D4
:1044E0007FF4AEADBB6424F4C074FB6393E5214B51
:1044F00024F4386433F916606BE604F41863B3F5FA
:10450000807F7FF49DAD7B6B012B7FF499AD3023D1
:1045100005F8013B24F48074002344F40064013E58
:104520007B6378E5BB6C062B40F074850723BB6486
:1045300071E523057FF584AD04F4A063B3F5806FC6
:1045400005D061057FF57CAD7B6B002B47D0A305C3
:1045500004D47B6BF9695B1AC7E9055324F47864CA
:10456000002344F4C0747B6355E500BFFD120020B6
:1045700024900020342F0020FB6B002B00F0FF81E3
:10458000FB6B022B00F0B083BB6C012B00F0F181C0
:10459000042B00F0EE8153E5BB6C072B40F03A850D
:1045A0000823BB6437E5200500F1F981FB6B012B83
:1045B0007FF446AD0223FB632DE523067FF540AD76
:1045C00024F0800427E5BB6C002B40F0CC817B6B92
:1045D000B3B904F4E063B3F5E06F00F02085BE6C7E
:1045E00018EE109A33E5210500F1B781BB6C022B60
:1045F00040F010850323BB640DE520059CD56CE7D6
:10460000BE6C18EE109A24F4807420E58D4B33F9BB
:104610001660082E3FF7DBADE8E504F4C063B3F5A0
:10462000007F7FF4E3AD24F4007444F4A06410260A
:10463000CFE523067FF5DAAD24F08004C9E544F028
:104640000104DBF80430F964002B44F040044FF01F
:1046500000053FF7F8AB5946484603F007FA002833
:104660007FF4BCAB60063FF5F1ABDBF80020764E83
:104670001378F35C19077FF5E9ABDBF80430013BF5
:10468000002B0AF1010ACBF8043002F101024ADDE5
:10469000CBF800201378F35C19077FF5D7ABECE774
:1046A00044F00104694BFB620823F964BB630325F2
:1046B000FFF7C4BB44F00104654BFB620A23F964B5
:1046C000BB630325FFF7BABB23057FF582AD16B99F
:1046D00044F400740826630500F1A681FB6B24F402
:1046E00060741BB1013BFB6308F101084B68013B9F
:1046F000002B0AF1010A4B603FF773AD4846B964DD
:1047000003F0B4F9B96C00283FF46DAD6EE518EE16
:10471000100A594603F0AAF900287FF491AC002E44
:104720007FF4C4AB8CE45946484603F09FF9002857
:104730007FF454ABDBF800209AE7DBF804200FE0AD
:10474000DBF800301A78B25C110703F101037FF542
:1047500080AADBF80420013ACBE900320AF1010A11
:10476000002AEDDC5946484603F080F90028E7D0DE
:10477000FFF76FBAE10600F1498314F0800400F0FE
:10478000AB833C6B54F8046BBE64002E3FF42FAB3C
:104790002020FAF719F80546002800F062843A6CE8
:1047A00030609388D6889E4280F0A8821068BB6CE7
:1047B00040F826303B6C3C630136DE802023FB63EF
:1047C000DBF80020204E1178715C080700F1AC8204
:1047D00033462C4610462E46DBF80410BA6C0139DD
:1047E000CBF80410411CCBF800103546017805F8D1
:1047F000011B22B1FA6B2E1B964280F07A83B8F12E
:1048000001080BD0DBF8041000292E4640F3AE83DC
:10481000DBF800000178595C0907DDD5291B8A44C3
:1048200001314FF000032B70BB6C1BB1FB6B8B4253
:1048300000F294837B6C01337B64FFF70ABA002398
:10484000FB6361E4342F0020FD12002001E400002E
:10485000A1E20000E60600F1818114F0800400F07E
:104860006D833C6B54F8046BBE64002E3FF4BFAA0A
:104870002020F9F7A9FF0546002800F0F2833A6CE2
:1048800030609388D6889E4280F07A821068BB6C34
:1048900040F826303B6C3C630136DE802024DBF898
:1048A000002007F1700319461378CB5C002B3FF40E
:1048B0009EAA08EE109AD7F84890C7F83CA02E465A
:1048C000A24610460C46DBF80410431C0139CBE924
:1048D00000312946007801F8010BB9F1000F02D030
:1048E0008D1B55457AD20D46B8F101080AD0DBF888
:1048F0000410002940F36A81DBF800000178615C54
:104900000029E0D1544618EE109AD7F83CA0AE1B0F
:104910003FF46DAA4FF000032B70BB6C1BB1711CF0
:104920008C4200F22D837B6C0133B2447B64FFF731
:1049300090B900233B61FFF7A9BA14F08F0F7FF401
:1049400056AA08EB880802EB4808A8F13008FFF7E0
:1049500067BAF9640425FFF771BAFB6BB96C5B1891
:104960007FF444AEBEE5BB6C032B02D0052B7FF475
:1049700067ABBB6C0133DBB2BB64FFF74CBB7B6B3B
:10498000002B7FF401AE04F4E063B3F5E06F7FF435
:10499000FBAD012324F4F064FB63FFF73CBBFB6B2E
:1049A000B96C5B187FF402AE9CE5831C40F05B841D
:1049B000DBF80430BD6C002B3FF700AD594648468C
:1049C00003F054F800283FF463ADD7F83CA07E62B2
:1049D0004446002D3FF463ADFFF700BA4FEA4A0AA0
:1049E00030465146FAF7BCF90646002800F03983F4
:1049F0000544C9F8000077E744F40074BC4BFB623F
:104A00001023F964BB630325FFF718BA7B6B0133EE
:104A10007B633B6924F08004002B3FF4FEAA3B69D2
:104A2000013B3B61FFF7FABA24F4B064FFF7D1BB56
:104A3000220740F1C7813B6B53F8042B3B63107096
:104A4000FFF7F3BB15F8011C5A464846013D02F03A
:104A5000CDFFFFF7D5BBFB697A6B93423FF42DABDB
:104A60009A1A07F2C3239D4228BF07F2C225A14923
:104A7000284601F093FBFFF720BBE20600F13181ED
:104A8000230700F1BA81660740F1B4823B6BF964F9
:104A900053F8042B3B63A2F800A0FFF7DAB8230712
:104AA0007FF4A5A94278682A00F0868144F00404C6
:104AB0000846FFF72FB98E4BFB620A23F964BB63EC
:104AC0000325FFF7BBB98C4BFB620023F964BB6382
:104AD0000325FFF7B3B944F408748FE707F17000BA
:104AE00001F056FA44F04004F8640125FFF7A6B936
:104AF00022077FF47CA942786C2A00F0578144F0A9
:104B000001040846FFF706B914F08F037FF46FA97C
:104B10003A6C002A00F0E781427844F080040846AD
:104B2000FFF7F8B858EA04087FF461A94278102426
:104B30000846FFF7EFB8F964FFF7A7B800233B6218
:104B4000BB62FB6307F15403BB64FFF7A9BB0023FF
:104B5000C7E906333B6207F1540429E4DBF800306F
:104B600007F1700211461A788A5C002A3FF43FA9C7
:104B70000133CBF80030DBF80430B8F1010F03F15A
:104B8000FF33CBF8043018BF0C4614D1FFF753BBEA
:104B9000DBF800301A78A25C0133002A3FF44BABFB
:104BA000CBF80030DBF804300135013B4545CBF84C
:104BB00004303FF440AB002BEADC5946484602F093
:104BC00055FF0028E4D0AA44FFF743B818EE100AB6
:104BD000594602F04BFF00283FF48EAEB5425446D2
:104BE00018EE109AD7F83CA07FF491AEFFF7F6B814
:104BF00097F8502028E42368042B7FF432AC32E489
:104C0000831C40F03983DBF80430002B40F3D7815C
:104C1000DBF800307A6A1B78D35C180703D4B8F14C
:104C2000000F7FF449AB7C627B6B002B7FF411A8F3
:104C3000BA6C1360FB6B002B3FF4FCADBB6AD11A5E
:104C40008B103A6A01339A427FF6F4ADFC6B043163
:104C50002068FAF785F800287FF43AACEAE553F8C3
:104C6000042B82ED000B3B63E4E5FD68396A7E6846
:104C700028464246A346BC6801F000FB7B6BFB6103
:104C800024F42074013E0546FFF7C8B9F869D9003D
:104C90001D46FAF765F8F861002800F064823A6A68
:104CA0006B0000EB04081060BB61FFF7EABB022E4B
:104CB00040F2C482032E3FF4D3A9043E5FFA86F883
:104CC0006FEA0803EE1815F8011D5A46484602F02F
:104CD0008DFEAE42F7D10AF1FF3AAAEB080AFFF7C0
:104CE000BFB9F964FEF7B5BF0323FB63FFF793B9C0
:104CF00001E40000F4120020A1E200004FF6F67279
:104D0000934200F297823A6C08339BB21068F863C2
:104D100099007B63FAF724F8002800F07B823A6C54
:104D20007B6B9380106042E501217AE54FF6F672C5
:104D3000934200F2938208339EB23B6CB100186834
:104D4000FAF70EF83B6C002800F03E829E80186057
:104D5000FFF79BBA4FF6F672934200F27F823A6CED
:104D600008339BB299001068BB64F9F7F9FFBB6C7C
:104D7000002800F028823A6C93801060FFF70EBB89
:104D80004FF6F672934200F255823A6C08339BB2AA
:104D90001068F86399007B63F9F7E2FF002800F0E0
:104DA00039823A6C7B6B9380106070E5827844F0B6
:104DB00002040230FEF7AEBF827844F008040230ED
:104DC000FEF7A8BF630758D414F001027FF428AAA5
:104DD000A6077FF525AAB34BF96A99424846BB6BF3
:104DE000B96A00F03D8201F035FB3B6B53F8042BB0
:104DF0003B63C2E90001FFF718BA3B6BF96453F853
:104E0000042B3B6382F800A0FEF723BFDBF80030E1
:104E1000A54E1A78B25C12073EF51BAF0133CBF8F2
:104E20000030DBF80430B8F1010F03F1FF33CBF8A9
:104E3000043008BF0AF1010A3EF40BAF012411E06F
:104E4000DBF800301A78B25C150703F1010311D4C6
:104E5000CBF80030DBF804300134013B4445CBF89B
:104E6000043007D0002BEBDC5946484602F0FEFD2B
:104E70000028E5D0A244FEF7ECBE3B6B53F8042BB0
:104E80003B631080FFF7D1B93B6C002B00F06E81C3
:104E90003B6CD3F80080DE8876B10024A8F10405CD
:104EA000A14655F8043F1868F9F796FC01342B68C1
:104EB000A642C3F80090F4D14FF0FF337B64B8F101
:104EC000000F7EF49CAFFEF79DBF78483B63FCF774
:104ED00073FB84ED000AADE43A6BFC6352F8045BAB
:104EE0003A63BC646CE482B0CDE9023302AB3B644C
:104EF00012E67B63530020461946FB63F9F730FF47
:104F00000446002800F0AD80BB6C851918607B6BEF
:104F100075E47D6929460A2301314846FBF7A0F96B
:104F2000BB69C21A9DE5D7E90C3253F8041B3A62FB
:104F3000B9643B63BA62FA63FFF7B2B93B6BBC6416
:104F400053F8045B3B63AAE43B6BBA6A53F8044B27
:104F5000BA61C7E907223B63FFF72ABABC6C206835
:104F6000F9F7FEFE00287FF4B3AA63E459464846E9
:104F70007B6302F07BFD7B6B00283FF449AC4DE482
:104F800018681C46F9F7ECFE00283FF4CCAC206012
:104F9000C9E4002537E6BD6CD7F83CA07E624446E4
:104FA000002D3FF47CAA013D07F5B8735A46595DC0
:104FB000484602F01BFD002DF5D1FFF770BA5946A7
:104FC000484602F053FD00283FF422AE7C62002DDB
:104FD0007EF404AF28E67C62002D3FF425AE013D4F
:104FE00007F5B8735A46595D484602F0FFFC002D9C
:104FF000F5D119E6E5073CD4A4073AD53B6BF96433
:1050000053F8042B3B634FEAEA73C2F800A05360E5
:10501000FEF71FBE18EE109A1E46FFF714B80123C4
:1050200024F4F064BB64FEF7F6BFB8F1010F38BF9B
:105030004FF0010814F001033AD1E50600F1368182
:10504000240640F14C813B6B53F8045BBB64002D9C
:105050003EF4CDAE4046F9F7B7FB0346002840F0DA
:10506000DC803B6C002B00F08180D3F80080DE8870
:1050700012E73B6BF96453F8042BC2F800A03B63C2
:10508000FEF7E7BD2B46BD6AAB427EF6B0AE1C46CE
:1050900014F8011D5A46484602F0A8FCAC42F7D16C
:1050A000FEF7A5BE01E40000FD120020D883002019
:1050B00014F010037B635ED00025FD63BD642E46B3
:1050C00000244B46C146A84625461C46FBF740FF38
:1050D000A8423EF483AEDBE9003213F8011B013A2B
:1050E000CBE900327A6A07F5B870032A415505F119
:1050F000010307F1680502D12A68042A06D00822B4
:1051000000212846BB62FBF773FBBB6A009507F5DD
:10511000B87231462046BB6201F0C2FA431C786285
:105120003EF45CAEBB6A002840F047817A6B02B95E
:1051300032609A4409F1FF397B6B002B40F0758196
:10514000BB6C002B00F07081FB6BF51AB8EBA50F60
:1051500000F26A8118464FEAC801F9F701FEF863C8
:10516000002840F05C813B6C002B2DD14FF0FF33C9
:105170007B64FEF747BE220640F18F803C6B54F8FB
:10518000043BBB64002B3EF432AE8020F9F71CFBDD
:1051900006460028E7D0BB6C18603B6CDD889A8817
:1051A0009542C0F0B3804FF6F6718A4256D8083265
:1051B00093B23A6CFB6399001068F9F7D1FDFB6B71
:1051C000002840F0AE803B6CDB883A6C1E46D2F87B
:1051D000008061E62B46BD6AAB427EF608AE1C46F7
:1051E00014F8011D5A46484602F000FCAC42F7D1C3
:1051F000FEF7FDBD1046D9001E46F9F7B1FDB862B5
:105200000028B0D04219BA64FA6B7D6B106073004D
:105210003B62F8E4D7F83C803EE6396C2860CE88E3
:105220008A889642C0F08E804FF6F6718A423863C3
:1052300040F2A5803B6CD3F800802DE6BA6A954217
:105240007EF6D5AD2C46BD6A14F8011D5A46484677
:1052500002F0CCFBAC42F7D1FEF7C9BD2B46B4E758
:1052600001F0C8F9C1E5D8F800301D4601337FF4DC
:10527000D5A82A46FFF7E8B8BB6C186801F06CFAAD
:1052800000287FF4A8AE032CAA447FF449A8336811
:10529000042B7FF445A8FFF745B8D7E90C3253F843
:1052A000046B3B631546FA63BA6409E71C46DBF8F6
:1052B0000430984539DDDBF800201A44CBF8002093
:1052C000594648461C44A8EB030802F0CFFB0028CF
:1052D000EDD0002C3EF482ADA244FEF7BABC3D6B8B
:1052E00043462968CDF800B00122484602F0DCFBB5
:1052F000044600283EF472AD0435BD647B6C013376
:105300007B64BB6C3B63A244FEF7A3BC1868BB6C18
:1053100040F825303B6C3C630135DD80FE63202581
:10532000CEE63A6C93801060F1E7A3EB0803CBF86C
:105330000430DBF8003044444344CBF80030A2444E
:10534000FEF787BC0A68FA63FA6B42F826503A6C9B
:105350000136B6B2D6801946CDF800B043460122D8
:10536000484602F0A1FB0446D8B18045C6D928685A
:105370002146F9F7F5FC0028C0D02860BEE73B6C59
:10538000083294B21A687A631046A100F9F7E8FC73
:105390007A6BF86300285BD03B6C9C8018603B6B99
:1053A000D2E77B6CD7F83C80002B3FF475ADBBF89F
:1053B0000C305B067EF51DAD6AE57A6A02321DD1BE
:1053C000DBF80420002A1D463FF780AE59462046F0
:1053D00002F04CFBE0B9B9F1000F7FF477AE45461F
:1053E000A146BB6C23B1FB6BF11AB5EBA10F27D81B
:1053F0007B6B002B7EF42DACFFF71CBA9A447B6AC2
:10540000032B7FF497AE2B68042B7FF493AE93E6C7
:10541000A1462C464546002CE3D0FEF7DFBCBA6C13
:10542000461910604FEA48080436DBF80430002BB8
:105430004FF00005CADDB9F1000F7FF447AECEE7AB
:10544000BC6C2068F9F78CFC0028D1D02060CFE735
:10545000904621E5436C70B505460C464BB153F8B8
:10546000240080B1026843F824200023C0E90333FC
:1054700070BD2122042101F0AFFA034668640028C0
:10548000EDD1002070BD012101FA04F6721D9200D9
:10549000284601F0A1FA0028F3D0C0E90146E4E76C
:1054A00031B1436C4A6853F82200086043F8221077
:1054B000704700BF2DE9F0410E6980460F461D463A
:1054C00001F1140E0020DEF800108CB202FB045330
:1054D000090C4FEA134C02FB01CC01309CB204EBE7
:1054E0000C4486424EF8044B4FEA1C45EBDC3DB1C0
:1054F000BB68B34207DD07EB860301365D613E61A1
:105500003846BDE8F081796840460131FFF7A2FFD7
:105510000446B0B13A69023207F10C0192000C3036
:10552000F5F79CFDD8F844307A6853F822103960BA
:1055300043F82270274607EB860301365D613E6122
:10554000DEE7034B03482246BA2101F059F900BFB8
:1055500010110020901200202DE9F8431746274A29
:105560001E4608330C46092E82FB03124FEAE373F2
:105570000546C3EB620339DD4FF0010C00214FEA11
:105580004C0C634501F10101F9DC2846FFF762FF8D
:10559000014668B3089B4361092F4FF00103036183
:1055A00012DC0A340927BE420BDDF21BA61814F8E0
:1055B000013B0A22303B2846FFF77CFFA64201460A
:1055C000F5D10846BDE8F88304F10909C8463C4412
:1055D00018F8013B0A22303B2846FFF76BFFA04535
:1055E0000146F5D1A7F108044C44DCE70021CCE7E3
:1055F0000A46034B0348D32101F002F9398EE33800
:105600001011002090120020030C1B04D3B90004D9
:10561000102310F07F4F04BF0002083310F0704FCA
:1056200004BF0001043310F0404F04BF8000023378
:10563000002805DB10F0804F03F1010308BF202391
:10564000184670470023E4E7036813F0070208D008
:10565000D9071FD49A0722D55B08036001221046A0
:10566000704799B209B91B0C1022D9B209B9083296
:105670001B0A190704BF1B090432990704BF9B08C2
:105680000232D90703D45B0802F1010205D003609E
:10569000104670470022104670472022DFE79B0823
:1056A000022203601046704738B5436C04460D462D
:1056B0004BB15868B0B102685A6000220123C0E9BA
:1056C0000435C26038BD2122042101F085F903466A
:1056D00060640028EDD1094B0948002240F24511D1
:1056E00001F08EF81C220121204601F075F90028F6
:1056F000F1D001220223C0E90123DEE710110020CE
:10570000901200202DE9F04F0E691569AE4285B068
:105710008846144605DB2A46234635460C4616467F
:105720009846A3686168AF19BB42B8BF0131FFF763
:1057300091FE0190002800F08780019B03F114097D
:1057400009EB870AD14505D24B46002243F8042BCA
:105750009A45FBD808F1140808EB860B04F11403F2
:10576000D8451A4603EB85055FD22B1B153B23F06A
:10577000030304331534A54238BF0423CDE902A73F
:10578000AC461F46924605E0090C29D1C34509F1F4
:10579000040948D958F8041B8DB2002DF4D05646A0
:1057A0004C46002356F8041B22681FFA81FE90B273
:1057B000090C05FB0E00120C034405FB012202EB51
:1057C00013429BB243EA0243B44544F8043B4FEA18
:1057D0001243E7D849F8073058F8041C090CD5D013
:1057E000D9F8003050461A464C4600260588120C5F
:1057F00001FB052216449BB243EA064344F8043BEE
:1058000050F8045B22682D0C93B201FB053303EBC7
:10581000164384454FEA1346E8D8C34549F8073094
:1058200009F10409B6D8DDE902A7002F02DC05E082
:10583000013F03D05AF8043D002BF9D0019B1846D4
:105840001F6105B0BDE8F08F034B0448019A4FF487
:10585000B17100F0D5FF00BF1011002090120020A0
:1058600012F003032DE9F0411446064632D10D46ED
:10587000A41020D0D6F84080B8F1000F33D0E30751
:105880004FF0000707D4641015D0D8F80000A8B175
:105890008046E307F7D5424629463046FFF732FFF8
:1058A000B5B16968736C641053F821202A6043F81D
:1058B00021500546E9D12846BDE8F08142464146DF
:1058C0003046FFF71FFFC8F8000007608046E0E79A
:1058D0000546D8E7013B0F4A52F823200023FFF783
:1058E000E9FD0546C4E701213046FFF7B3FD8046D8
:1058F00040B1012340F27122C0E904320023306438
:105900000360BCE7044B0548424640F2451100F0F5
:1059100077FF00BF68850020101100209012002042
:105920002DE9F0470D4614462F69AB68496807EB2F
:1059300062177E1C9E4280464FEA621904DD5B00BE
:105940009E4201F10101FADC4046FFF783FD8446E7
:10595000002852D0B9F1000F00F114020EDD09F158
:1059600005014FEA810E134600EB8101002043F848
:10597000040B8B42FBD1AEF114031A44296905F1E3
:10598000140314F01F0E03EB81012ED0CEF1200979
:1059900010464FF0000A1C6804FA0EF444EA0A04A8
:1059A00040F8044B53F8044B994224FA09FAF2D810
:1059B0004B1B153B23F00303043305F11500814213
:1059C00038BF0423BAF1000F18BF374642F803A0CE
:1059D000D8F844306A68CCF8107053F82210296067
:1059E000604643F82250BDE8F087043A53F8040BB0
:1059F00042F8040F9942F9D8EAE7034B034862469C
:105A00004FF4EF7100F0FCFE101100209012002006
:105A10000B6984460069C01A16D10CF1140C1431BC
:105A20000CEB830210B401EB830301E0944508D230
:105A300052F8044D53F8041D8C42F7D005D24FF0B4
:105A4000FF305DF8044B7047704701205DF8044B50
:105A5000704700BF2DE9F84F0F691369FF1A002F37
:105A60000E4690467FD101F11405143202EB8302F9
:105A700005EB830301E09D4278D253F8041D52F8F0
:105A8000044DA142F7D069D37168FFF7E3FC81466A
:105A9000002877D03569D8F81020C76008F1140EB7
:105AA00006F1140009F1140A06F110010EEB82024E
:105AB00000EB850756464FF0000C5EF8044B51F89A
:105AC00004BFA3B21CFA8BFCACEB03034FEA144CEB
:105AD000CCEB1B4C0CEB234C9BB243EA0C437245C2
:105AE00046F8043B4FEA2C4CE7D8A2EB08011539E5
:105AF00008F11508424521F0030404F1040438BFFD
:105B00000424204421F0030238BF0022874252447B
:105B1000544418D92646014651F8043B1CFA83FC2C
:105B20004FEA2C4202EB13421FFA8CFC4CEA024370
:105B30008F4246F8043B4FEA224CEDD8013F3F1A12
:105B400027F00307E21923B952F8043D013D002B69
:105B5000FAD0C9F810504846BDE8F88F33460127FF
:105B60004646984690E7F9DB00278DE70021FFF7CE
:105B700071FC814668B101220023C9E9042348462B
:105B8000BDE8F88F064B07484A4640F2452100F031
:105B900037FE034B03484A4640F2372100F030FEFF
:105BA000101100209012002082B08DED000B164BDA
:105BB000019A1340A3F15073002B06DD0022194611
:105BC000104641EC100B02B070475B42B3F1A07F6E
:105BD0004FEA235209DA4FF40023134100221946F9
:105BE000104641EC100B02B07047A2F114031E2BBB
:105BF000DABF4FF00042DA40012200231946104676
:105C000041EC100B02B070470000F07FF8B504695A
:105C100000F1140606EB8404271F54F8045C2846A0
:105C2000FFF7F2FCC0F120030A280B601BDDBE4227
:105C30000BD20B3854F8081C2ED145F07F5343F497
:105C400040130A4643EC102BF8BDB0F10B01F4D021
:105C500005FA01F141F07F53002143F440130A4655
:105C600043EC102BF8BDC0F10B0C25FA0CF1BE4231
:105C700041F07F5338BF54F8081C00F1150034BFC1
:105C800021FA0CF1002105FA00F0014343F440131E
:105C90000A4643EC102BF8BDC0F1200C854021FAD8
:105CA0000CF345EA0307A4F10805AE4201FA00F13E
:105CB0003CBF54F80C0C20FA0CF047F07F5338BF6F
:105CC000014343F440130A4643EC102BF8BD00BFD8
:105CD0002DE9F043884683B0012157EC106B15463F
:105CE000FFF7B8FB0446002851D0C7F30A59C7F3A1
:105CF0001303B9F1000F01D043F48013002E019378
:105D000018D101A8FFF7A0FC019A6261012200F1FD
:105D100020032261B9F1000F25D0A9F2334909EB24
:105D200003022046C3F13503C8F800202B6003B0FE
:105D3000BDE8F08368460096FFF786FC034610B383
:105D4000DDE90002C3F1200102FA01F10143DA406A
:105D500061610192002AA26114BF02220122226124
:105D6000B9F1000FD9D1A3F23243C8F8003004EBE7
:105D700082031869FFF748FCC0EB421320462B60F2
:105D800003B0BDE8F083009A6261019AE2E7034B39
:105D90000348224640F20F3100F032FD101100207E
:105DA00090120020F0B583B00E4669460746FFF713
:105DB0002DFF01A9304655EC104BB0EE407BFFF7AC
:105DC00025FF33693A69D21ADDE900315B1A03EB2A
:105DD0004213002B09DD17EE902A02EB035545EC28
:105DE000174B87EE000B03B0F0BD10EE902A51EC7C
:105DF000100BC3EB033302EB035141EC100B87EEA6
:105E0000000B03B0F0BD00BF0139491101F1010CD5
:105E1000116902F1140303EB81018B4200EB8C0C3E
:105E200017D210B5A0F1040E53F8044B4EF8044FEE
:105E30009942F9D88A1AA2F1150323F00303043317
:105E40001844844504D9002340F8043B8445FBD81A
:105E500010BD844505D9002340F8043B8445FBD898
:105E60007047704703694A11934200F1140009DA40
:105E700000EB830302E053F8042DC2B98342FAD841
:105E80000020704710DD11F01F010DD010B450F844
:105E9000224000EB820324FA01F28A4094420CD0A3
:105EA00001205DF8044B704700EB8203E6E7012018
:105EB000704753F8042D002AF2D18342F9D800200C
:105EC0005DF8044B704700BF70B500294BD0064603
:105ED0000C4610B1436B002B48D0636ED80734D505
:105EE000B4F90C30002B3ED02146304600F094F837
:105EF000E36A054633B1E169304698470028B8BFE8
:105F00004FF0FF35A3891A063CD4216B41B104F14F
:105F10004003994202D03046FBF7A4FB00232363E1
:105F2000616C21B13046FBF79DFB00236364FAF7F7
:105F30007FFB636E0022DB07A2811FD5A06DFBF7FC
:105F400071FAFAF77BFB284670BDA3899905CBD47B
:105F5000A06DFBF769FAB4F90C30002BC4D1656E63
:105F600015F0010505D00025284670BDFAF742FB63
:105F7000B3E7A06DFBF75AFA284670BDA06DFBF79A
:105F800055FADBE721693046FBF76CFBBDE700BF44
:105F900070B50C785E2C86461ED00022481C9446B4
:105FA0000EF1FF330EF1FF0103F8012F8B42FBD1FD
:105FB00084B18CF001010EF80410451C15F8013C69
:105FC0002D2B0ED05D2B03D01BB11C462846F2E7CB
:105FD000284670BD013870BD01224C78881C94465B
:105FE000DEE790F801C0BCF15D0FEED06445ECDC5B
:105FF000661C02300EEB060202F8011BA2EB0E0338
:10600000013B9C45F8DCACEB0403013B6445A8BFB5
:10601000002302359C19D1E7B1F90C202DE9F0419C
:106020000C461107804647D4636842F40062002B97
:10603000A2815EDDA56A002D58D00023D8F800604B
:10604000C8F8003093B212F4805256D10123E169AE
:106050004046A847431C67D0A389A56A5F0705D5BA
:106060006368C01A236B0BB1E36BC01AE169024687
:1060700000234046A847411C41D1D8F80030002BEE
:106080003DD01D2B01D0162B56D1A3892269226049
:1060900023F4006300216160A381216BC8F80060D4
:1060A00021B304F14003994202D04046FBF7DAFAEB
:1060B00000202063BDE8F0812669BEB193B2256857
:1060C00026609A070CBF63690023AD1BA3600BE039
:1060D0002B463246E169676A4046B847B0F1000C8A
:1060E000A5EB0C05664417DD002DF1DC0020BDE8B2
:1060F000F081E36B002B9DDCF8E7206DAEE7B4F98F
:106100000C302269226023F40063A3810022DB04A7
:106110006260C2D52065C0E7A38943F040034FF019
:10612000FF30A381BDE8F081D8F80030002B93D078
:106130001D2B06D0162B04D0A38943F04003A38166
:10614000D5E7C8F80060D1E738B50C46054608B178
:10615000436B03B3B4F90C0088B1636EDB0701D461
:1061600081050FD528462146FFF756FF636EDA07F3
:10617000054602D4A3899B0508D5284638BD0546A7
:10618000284638BDA06DFBF74FF9EBE7A06DFBF794
:106190004DF9284638BDFAF72DFADBE70EB410B5F5
:1061A0009DB06FF000411FABCDE906010491094994
:1061B00053F8042B0290084C0868019302A9059437
:1061C000FBF77EFF029B00221A701DB0BDE8104055
:1061D00003B07047AC9500200802FFFF49B1FF2AC9
:1061E00002D80A70012070478A2303604FF0FF3005
:1061F00070470846704700BF032A70B514D940EABB
:1062000001039B0722D104460B46194620460E681F
:106210000568B54204F1040403F1040316D1043AFD
:10622000032A20461946F0D8541E9AB1421E01395D
:1062300001E0C3180CD012F801EF11F801CFE645C8
:10624000A4EB0203F5D0AEEB0C0070BD541EEDE7DD
:10625000184670BD104670BD71B1034600EB010CCD
:1062600001E0634506D01A46013311780029F8D1C0
:10627000101A7047181A70470846704741EA000321
:106280009B0730B401D1032A0FD801F1FF3C07E08E
:106290001CF8011F03F8011B541EC1B12246184609
:1062A0000346002AF4D130BC70470B46194653F818
:1062B000045BA5F1013424EA050414F0803FE4D125
:1062C000043A032A40F8045B1946EFD8DDE702449C
:1062D000002CE8D003F8011B9342FBD130BC70477F
:1062E00000487047149100202DE9F04F85B01F46FB
:1062F000574B03908A4600920D462A4615F8014BEB
:106300001E5D16F00806F8D12D2C75D02B2C05BF7C
:106310002C7802960296951C4FF0FF366FF0004BDA
:106320002FB1102F6FD0B8464FEAE77905E0302C37
:1063300074D04FF00A08B946474642464B463046AD
:106340005946F8F7A5F80023019284460A461846F4
:10635000194611E08A4208BF84453DD000FB09F38D
:1063600008FB0133A0FB08010B441EEB000043EBCC
:10637000EE71012315F8014BA4F1300EBEF1090FA7
:1063800006D9A4F1410EBEF1190F0CD8A4F1370EB5
:10639000774511DD5C1CEDD0844572EB0103D9D249
:1063A0004FF0FF33E6E7A4F1610EBEF1190F03D8F9
:1063B000A4F1570E7745EDDC5A1C13D0029A12B1A6
:1063C000404261EB4101009A1AB1A3BB009BC3F8A4
:1063D00000A005B0BDE8F08F019B7345BEDA4FF019
:1063E000FF33C7E7039A22231360009B33B305F101
:1063F000FF3A30465946E9E701232C780293951C71
:106400004FF0004B8CE7302C04D12B7803F0DF03E6
:10641000582B08D0B8464FF000098EE72B7803F0D0
:10642000DF03582B0FD14FF010086C784FF00009A4
:106430000235474681E706468B46D8E7304659463F
:1064400005B0BDE8F08F4FF00808B946474674E73D
:10645000FD120020FFF748BF2DE9F04F85B08B46B5
:106460000192624A03901E460D46294615F8014BDB
:10647000135D13F00803F8D12D2C00F082802B2C33
:1064800003BF2C7802938D1C0293BEB1102E7DD0D9
:106490004FEAE67A324653464FF0FF304FF0FF3175
:1064A000F7F7F6FF32460746884653464FF0FF306F
:1064B0004FF0FF31B146F7F7EBFF0AE0302C79D00F
:1064C0004FF00A09DFF82881B24605224FF09937CC
:1064D0004E464FF0000C6046614611E0414508BF52
:1064E000B8423ED000FB0AF409FB0141A0FB0904BD
:1064F0002144181841EBE3714FF0010C15F8014BE2
:10650000A4F13003092B05D9A4F14103192B0DD8AF
:10651000A4F137039E4211DDBCF1FF3FEED087426C
:1065200078EB0104DAD24FF0FF3CE7E7A4F1610316
:10653000192B03D8A4F157039E42EDDCBCF1FF3FB9
:1065400014D0029B13B1404261EB4101019B2BB17E
:10655000BCF1000F12D1019BC3F800B005B0BDE83B
:10656000F08F9342BEDD4FF0FF3CC7E7039A222332
:106570001360019B60466146002BEFD005F1FF3BA5
:10658000E9E701232C7802938D1C7EE7302C23D180
:106590002B7803F0DF03582B1BD14FF010096C78D8
:1065A0000F2202354FF0FF376FF070484FF0000AAE
:1065B0004E468EE72B7803F0DF03582BEDD04FF0DB
:1065C0000809B24607224FF0FF376FF060484E4689
:1065D0007FE74FF0000A5DE70F224FF0FF376FF0C3
:1065E0007048B1464FF0000A73E700BFFD1200206B
:1065F00099999919FFF730BF0000000000000000D2
:1066000001F0FF01102A2BDB10F0070F08D010F863
:10661000013B013A8B422DD010F0070F42B3F6D167
:10662000F0B441EA012141EA014122F007047FF080
:1066300000070023F0E80256083C85EA010586EAD7
:10664000010685FA47F5A3FA87F586FA47F6A5FA13
:1066500087F68EB9EED1F0BC01F0FF0102F007021F
:1066600032B110F8013B013A83EA010313B1F8D1CA
:106670000020704701387047002D06BF35460338AB
:10668000073815F0010F07D1013015F4807F02BFE4
:10669000013015F4C03F0130F0BC0138704700BF35
:1066A00070B582B00446069D55B16AB10F48009599
:1066B000D0F8E4602046B047431C10D002B070BD53
:1066C00000F1F405002AF1D1084B0095D3F8E460FD
:1066D00011460123064A2046B047431CEED1002252
:1066E0008A232A60236002B070BD00BF249000207E
:1066F000D883002070B5054684B05BB11C4669B1F3
:106700000E4B2846D3F8E0602346B047431C0FD019
:1067100004B070BD00F582740029F1D1074A234608
:10672000D2F8E06028460A4601A9B047431CEFD1E1
:1067300000228A2322602B6004B070BD24900020C8
:1067400010B582B0049CCDE900344FF0FF3302F065
:1067500071FD02B010BD00BF002100F001B800BF04
:1067600010B500F007F9044601F07CF8A0F11A0317
:10677000DBB2022B06D9A4F1090004288CBF00204B
:10678000012010BD012010BD30B482B08DED000B92
:10679000019A194C22F000430021A342016021DC40
:1067A000009C1C431ED0154C144054B99FED107B27
:1067B00020EE077B8DED007B019A6FF0350122F012
:1067C000004322F0FF42DDE9004522F4E00242F0FE
:1067D0007F551B1545F40015A3F2FE33CDE90045A6
:1067E0000B4403609DED000B02B030BC704700BF4E
:1067F0000000000000005043FFFFEF7F0000F07F2B
:1068000000B50B4C25681446EE681A4685B0034661
:106810000D464CB107490095CDE9011430460649B3
:1068200001F050F8F4F750FF04490C46F3E700BFBD
:10683000AC950020D0100020E0100020D88300206C
:10684000022932D00329C0F307231DBFA0F1800223
:1068500083F08003D2B2C2B203F15001C9B21F2942
:1068600006D84CF6D371884269D94FF0FF30704793
:1068700003F13001C9B224290ED84FF2A641884253
:10688000F3D8D03BC3EBC313A2F1A10000EB43004C
:10689000304A32F810007047A13B072BE5D8DFE8FB
:1068A00003F0483E342E29252119C2B29E2AC0F396
:1068B00007210BD92332D2B280239F2994BF70398C
:1068C000503103EB410303F0FF03C5E77E3AD2B238
:1068D0007F23F2E7C02AC8D81F4BA2F1A10033F8EA
:1068E00010007047F12AC0D81C4B19E0D82ABCD838
:1068F0001B4B15E0F62AB8D802F540507047F32A32
:10690000B3D802F53E5020307047164B134413F8AD
:10691000A13C002BA9D002F57E4060307047124B9D
:10692000A2F1A10033F81000002808BF4FF0FF309B
:1069300070470E4BA2F1A10033F810007047B03B36
:10694000C3EBC313A2F1A10000EB4300084A32F8E5
:1069500010007047A0640020C817002024170020F2
:10696000B4160020581600209C150020E0140020CA
:106970000818002038B50546B9B101F595741249DB
:106980002046FAF761FB28B928460121BDE83840C6
:10699000FFF756BF0D492046FAF756FB38B928468F
:1069A0000221BDE83840FFF74BBF094CE7E7094932
:1069B0002046FAF749FB28B928460321BDE83840AC
:1069C000FFF73EBF284638BD74140020781400201D
:1069D0004E9100208014002038B5A1FB02148CBB1E
:1069E000F7F702FF0546E0B150F8042C22F003024D
:1069F000043A242A17D8132A1AD91B2AC0E90044BA
:106A00001DD9242A14BF00F1100200F118024FF022
:106A10000003C0E9024404BF04614461C2E90033D9
:106A20009360284638BD2146F9F7E2FE284638BD76
:106A300002460023C2E900339360284638BD00F1C6
:106A40000802F6E7FAF7F6FA0C2300250360E8E7F8
:106A50002DE9F04F03690C69A34283B0C0F287802F
:106A6000013C01F11405A30000F11408009355F84E
:106A7000243058F82420013381469A4208EB8400E0
:106A800005EB84070190B2FBF3F63BD34FF0000C0B
:106A9000AE464046E24663465EF804BB02681FFA13
:106AA0008BFC06FB0C334FEA134C4FEA1B4B06FBE7
:106AB0000BCC9BB2AAEB03031FFA8CFA13FA82F3F6
:106AC000CAEB124202EB23429BB243EA02437745F0
:106AD00040F8043B4FEA224A4FEA1C43DCD2009BB9
:106AE00058F8033073B9019B043B984504D307E081
:106AF000984504F1FF3403D253F80429002AF7D053
:106B0000C9F810404846FEF783FF00282BDB01360A
:106B10004146002355F8040BD1F800C082B29A1AFE
:106B2000030C12FA8CF2C3EB1C4303EB224392B228
:106B300042EA0342AF4241F8042B4FEA2343E9D231
:106B400058F8242008EB84036AB9043B984504D321
:106B500007E0984504F1FF3403D253F80429002AD2
:106B6000F7D0C9F81040304603B0BDE8F08F0020E0
:106B700003B0BDE8F08F00BF2DE9F04F2DED028B83
:106B80008FB08DED020B0191816B1A9D059357EC2F
:106B9000106B0446934641B1C26B4A600123934097
:106BA0008B60FEF77DFC0023A363B7F10008B4BF40
:106BB000012300232B60BE4BBCBF28F00048CDF85A
:106BC0000C8033EA080300F09F809DED028BB5EE48
:106BD000408BF1EE10FA11D1059A012313601B9B33
:106BE000002B00F03F82B34B1B9A1360013B0093D4
:106BF00000980FB0BDEC028BBDE8F08F0CAA0DA978
:106C00002046B0EE480BFFF763F85FEA18530546DD
:106C100040F09280DDE90C130B4403F23242202A4B
:106C200040F3FA82C2F1400208FA02F803F212427B
:106C3000D64048EA060207EE102AB8EE477B581EF7
:106C400017EE906A53EC172B4FF0010AA6F1F87378
:106C50009FED913B9FED927B9FED935B06EE900A3B
:106C600043EC122BB8EEE64BB7EE086B32EE466BF8
:106C7000A6EE037BA4EE057BFDEEC76BB5EEC07BF5
:106C8000F1EE10FA16EE907A08D5B8EEE66BB4EE97
:106C9000476BF1EE10FA18BF07F1FF37162F00F21D
:106CA0004581854B03EBC70393ED007BB4EEC78BA7
:106CB000F1EE10FA57D5091A0023B1F1010807F1D6
:106CC000FF370A9300F1398100230693002F52DA2F
:106CD000069B0497DB1B06937B420893019B092BC1
:106CE0004FF000074ED8052B40F39D82043B0193E3
:106CF0000026019B9A1E032A00F22581DFE812F08C
:106D0000AA03A7039D037E03059AC8F3130842F262
:106D10000F7358EA060813601ED11B9B002B00F06E
:106D20009185664B009308331B9A009813600FB04F
:106D3000BDEC028BBDE8F08F18EE906AC6F3130627
:106D4000A3F2FF3053EC182B46F07F530C994FF011
:106D5000000A43F440137BE71B9B002B40F03B836E
:106D6000574B009344E7091A0023B1F101080A9335
:106D700000F1E380069300230893019B0497092BFD
:106D8000B844B0D900230126019307964FF0FF398C
:106D90009B460021E163CDF82C902046FEF75AFB7C
:106DA0000090002800F04085009BA363B9F10E0F0E
:106DB00000F2DC80002E00F0D980049B002B40F311
:106DC000DE833D4A03F00F0102EBC10292ED007B2E
:106DD0001A11DB0540F182833A4991ED086B02F00C
:106DE0000F02032088EE065B5AB13649D60704D558
:106DF00091ED006B013027EE067B521001F1080186
:106E0000F4D185EE076B0A9B3BB1B7EE007BB4EE85
:106E1000C76BF1EE10FA00F1AE8407EE900AB8EEFF
:106E2000E75BB1EE0C7BA5EE067B17EE902A51ECEA
:106E3000170BA2F15071B9F1000F00F08883049E86
:106E40004A46079B002B00F04784B6EE003B1A4BE6
:106E5000FDEEC64B03EBC20CB8EEE47B36EE477B8F
:106E60001CED026B83EE065B41EC160B14EE900AF0
:106E700035EE465B0099B4EEC75B3030F1EE10FAA8
:106E800001F8010B00F3AC84B7EE002BB2EE044B1B
:106E90004FF0000C31E000BF61436F63A787D23F22
:106EA000B3C8608B288AC63FFB799F501344D33FF9
:106EB0000000F07FDD1400201803002000140020E3
:106EC0000C140020F00200200CF1010C94454DDA66
:106ED00027EE047B25EE045BFDEEC76B16EE903AC1
:106EE000B8EEE63B303337EE437BB4EEC57BF1EED4
:106EF00010FA01F8013B00F1738432EE476BB4EEF7
:106F0000C56BF1EE10FADFD5009A049602E08A42D2
:106F100000F05084894611F8013D392BF7D0013338
:106F2000DBB20B70049B0133049355E1091A012372
:106F3000B1F101080A937FF5C7AEC1F101030693D1
:106F40004FF00008C2E60026E66331462046FEF711
:106F500081FA0090002800F06784009BA3634FF043
:106F6000FF330B9399460123B34607930D9A002AEA
:106F700055DB04990E2952DCB74BBBF1000F03EB34
:106F8000C10393ED006B15DAB9F1000F12DC40F08C
:106F9000F282B1EE047B26EE077BB4EEC78BF1EEF6
:106FA00010FACA464E4600F26D82DDF800806FEAA4
:106FB0000B0B70E288EE067BBDEEC77B009917EEE7
:106FC000103AB9F1010F03F13003B8EEC75B01F8D5
:106FD000013BA5EE468B00F03483B2EE044B012357
:106FE00011E088EE067BBDEEC77B013317EE102A59
:106FF0004B4502F13002B8EEC75B01F8012BA5EE5C
:10700000468B00F01E8328EE048BB5EE408BF1EE2C
:1070100010FAE6D1049B013304938946DCE0079B18
:1070200043B3019B012B40F37682089B09F1FF3AA1
:10703000534580F23F82089BCDF820A0AAEB0302C3
:1070400017444FF0000AB9F1000FC0F22583069BE8
:1070500009934B44C844069301212046FEF724FBC4
:1070600006460CE07D4B009300980FB0BDEC028B00
:10707000BDE8F08F069BDDF820A0079E0993099BD1
:107080006BB1B8F1000F0ADD434506991A46A8BF57
:107090004246891A9B1A06910993A8EB0208089B9D
:1070A00063B1079B002B00F0A782BAF1000F00F339
:1070B0000482089BB3EB0A0240F0FF8201212046C4
:1070C000FEF7F2FA002F824600F3AF80019B012BFE
:1070D00040F38781002308930120002F40F0B18006
:1070E000404410F01F0000F07A81C0F12002042A11
:1070F00000F3888040F0F681069B002B05DD2946D1
:107100001A462046FEF70CFC0546B8F1000F05DDD7
:10711000514642462046FEF703FC82460A9B002B5E
:1071200040F03F81B9F1000F40F32581079B002B10
:1071300040F0A380049B01330493DDF80080012715
:1071400007E0294600230A222046FEF7B3F901375B
:10715000054651462846FFF77BFCB94500F1300053
:1071600008F8010BEDDCB9F1000F009ACCBFCB465B
:107170004FF0010B03469344002729460122204685
:107180000193FEF7CDFB51460546FEF741FC002872
:1071900040F3AF811BF8013C009A0BF1FF3B04E088
:1071A0005A4500F0B1811BF8013D392B0BF1010963
:1071B000F6D001338BF8003051462046FEF770F9C7
:1071C00056B12FB1B74203D039462046FEF768F9D1
:1071D00031462046FEF764F929462046FEF760F95D
:1071E000002389F80030DDE904231A601B9B002B83
:1071F0003FF4FEAC0098C3F800900FB0BDEC028BDA
:10720000BDE8F08FC0F11C00069B03440693099B68
:107210000344099380446FE7C2F1200206FA02F2A8
:1072200007EE102A09E5012663E501463A462046A5
:10723000FEF716FB019B012B824640F3C58100231C
:107240000893DAF810200AEB82021069FEF7DCF9E5
:10725000C0F1200044E700BF18030020DC14002028
:10726000314600230A222046FEF724F90B9B002B0F
:10727000064640F3CE8204979946099B002B05DD14
:1072800031461A462046FEF74BFB0646089B002B6C
:1072900040F0EB81B046029B009F03F001027B1E91
:1072A0004B440893019B0A92134309935146284685
:1072B000FFF7CEFB314683462846FEF7A9FB424640
:1072C000514681462046FEF7C5FBC26801460BF1D8
:1072D0003003002A42D1CDE906032846FEF798FB89
:1072E000069902902046FEF7DBF8029A079B1AB92E
:1072F0000999002900F07E82B9F1000FC0F2838164
:10730000019949EA01090A9951EA090900F07B81CA
:10731000002A00F3C681089A3B7007F101099742E1
:10732000CB4600F0C481294600230A222046FEF7FE
:10733000C1F84645054631464FF000034FF00A02BA
:10734000204612D0FEF7B6F84146064600230A2230
:107350002046FEF7AFF84F468046A7E72046029347
:10736000FEF79EF8029B0122C6E7FEF7A3F84F4600
:10737000064680469AE7019B022B71DC079B002B97
:107380007FF47BAF049B5146013328460493FFF7FB
:107390005FFBDDF800B000F130030BF8013B002784
:1073A000EBE651462846FEF733FB0028BFF6BAAE9F
:1073B000294600230A222046FEF77CF8049B5F1E24
:1073C000079B0546002B7FF44BAF0B9B002B40F334
:1073D00018829946B1E6BC4B00930333A4E41C2009
:1073E00012E7DDE9020100287FF474AEC1F3130255
:1073F000002A00F0F480029B08936DE601230793B6
:10740000049B5B4403F10109B9F1010FCC460B93D6
:10741000B8BF4FF0010C0021BCF1170FE1637FF7FB
:10742000BCAC01200422520002F114036345014662
:1074300000F10100F7D9E163AFE401230793BBF149
:10744000000F52DDCDF82CB0D946DC46E3E700232F
:107450000793D5E700230793F1E7DDF82C90049715
:10746000B9F1000F7FF4A1AD51464B4605222046ED
:10747000FEF720F8014682462846FEF7C9FA0028A2
:107480007FF793AD049B03F1010B009B31229846DB
:1074900003F8012B009351462046FEF701F80BF14B
:1074A0000103DDF800900493CDF80080002E7FF4F6
:1074B0008FAE91E6A3EB0A0AC5E531465246204657
:1074C000FEF7CEF92A46014606462046FEF71AF98F
:1074D000294605462046FDF7E3FFEAE50220B0EE27
:1074E000485B81E4C0F13C008EE64FF0010BD946C9
:1074F0004FE403D1019BDB073FF54CAED9461BF8A7
:10750000013D302BFAD057E6049B009A01330493D7
:107510003123137050E6BAF1000F00F0238102F21C
:107520003342069B09931344DDF820A00693904450
:1075300092E507EE900AB1EE0C5BB8EEE77BA6EEA3
:10754000075B15EE902A51EC150BA2F1507141EC3E
:10755000150BB1EE047B36EE477BB4EEC57BF1EE46
:1075600010FA00F33781B1EE455BB4EEC57BF1EE66
:1075700010FA7FF5FBAC4FF0000A564615E500F017
:10758000F580049B51495A4202F00F0001EBC00103
:1075900091ED006B121128EE066B00F04281B0EE07
:1075A000467B4B4900260220D30705D591ED005BB1
:1075B0000130012627EE057B521001F10801F3D1BD
:1075C000002E06FE076B1EE4029B002B7FF437AEF5
:1075D000DDE90201C1F31302002A40F037813D4A80
:1075E0000A40002A00F0FA80069B0133069301232B
:1075F00008F1010808936FE52946089A2046FEF72E
:107600002FF905465AE5002A12DD294601222046B7
:107610000193FEF785F951460546FEF7F9F9002872
:10762000019B40F3E180392B00F0CA800BF131035C
:10763000B94609F8013B049B01333746049346469B
:10764000BAE538EE088BB4EEC68BF1EE10FA0ADC20
:10765000B4EE468BF1EE10FA7FF4DCAC17EE103A84
:10766000D8077FF5D7AC009A54E471682046FDF73F
:10767000F1FE0746002800F0DE80336902339A00ED
:1076800006F10C010C30F3F7E9FC394601222046E3
:10769000FEF746F98046FEE5069BA3EB0903099336
:1076A000DAE4392B00F08C80B9460133C1E7049A43
:1076B00001323746049246465FE529462046FEF7EA
:1076C000CFF80546FAE400BF0C1400201803002090
:1076D000F00200200000F07F5E4BFDEEC65B03EB86
:1076E000C20C1CED023BB8EEE57B36EE477B41EC6D
:1076F000160B15EE901A23EE063B00983031012A46
:1077000000F8011B00F08380B2EE044B009B991837
:1077100027EE047BFDEEC76B16EE903A303300F88F
:10772000013B8142B8EEE65B37EE457BF0D1B6EE29
:10773000006B33EE065BB4EEC75BF1EE10FA3FF57B
:10774000E3AB36EE436BB4EEC76BF1EE10FA7FF7A6
:107750000DAC8946013919F8013C302BF9D0731C66
:10776000049339E50C9AC2F13602DAE60220B0EE53
:10777000486BFFF748BBB9F1000F3FF4DAAE0B9A44
:10778000002A7FF7F3ABB2EE044B26EE046B013018
:1077900007EE900A049BB8EEE75BB1EE0C7BA6EE19
:1077A000057B17EE90CA51EC170B5E1EACF15071C1
:1077B000FFF747BB049B013304933123FFF7B1BBB1
:1077C000049BBB4601330493392337460BF8013B36
:1077D0004646E1E44FF0000A564653E608927BE441
:1077E000731C04938946F7E47FF422AFDA077FF530
:1077F0001FAF18E7392BE3D0B9F1000F3FF716AFF1
:1078000016E7019B022B3FF728AE0497BAE5014625
:107810008DE7019B022B3FF720AEDDF82C900497FB
:107820002BE50220FFF7EFBA0B4B0C48002240F289
:10783000AF11FEF7E5FF084B08483A4640F2EF214A
:10784000FEF7DEFF064B0093FFF7D2B9029B0893C9
:10785000F7E400BF180300201011002010140020CE
:1078600000140020154B984223D870B5144E4FF0E9
:10787000000E40F6DB0403E002F1010EA64516DC23
:1078800004EB0E0222F0010303EB620306EB430359
:10789000521059785D88B3F804C041EA05218C4440
:1078A0006045E9D8884206D2541EA645E8DDFF208F
:1078B00070BDFF207047187870BD00BFEF010E004B
:1078C000782F00200EB410B583B005AB064C53F8EA
:1078D000042B01930146206800F07CF903B0BDE859
:1078E000104003B0704700BFAC9500202DE9F04F69
:1078F0009368176883B09246002B70D081468A68DF
:1079000008680C46083743E0A38913F4906F2ED023
:10791000D4E90416A0EB010806EB460606EBD67682
:1079200008F1010076102844B042324684BF064672
:1079300032465B0537D511464846F6F755FF0190AC
:1079400000283AD042462169F3F788FBA289019BBF
:1079500022F4906242F08002A281A6EB080203EBBF
:1079600008006661A260236120602E46A846424658
:107970005946F8F7C1FEDAF80830A2682068921B71
:1079800040445B1BA2602060CAF808303BB3083754
:1079900057E902B5002DFAD0AA4216469046B3D94F
:1079A0002E46A846E3E74846F7F7E6F903460028DF
:1079B000D3D121694846F9F755FEA3890C2243F03B
:1079C0004003C9F800204FF0FF30A38100220023BC
:1079D000CAF80820CAF8043003B0BDE8F08F0020D0
:1079E0000023CAF8043003B0BDE8F08F38B54B1C53
:1079F0001AD093891446126B23F02003A381CDB2D1
:107A0000AAB16268636B9A4209DA23685A1E22603F
:107A100003F8015C636801336360284638BD214682
:107A200001F0DEF80028F0D04FF0FF35F5E72369CC
:107A300022682BB1934203D212F8013CAB420FD023
:107A40006168E1632346A26304F14001032262639B
:107A5000216303F8425F0122C4E90032284638BDA1
:107A60006368013A0133C4E90023D6E710B50C4638
:107A7000096B69B104F14003994201D0F9F7F2FDB5
:107A8000E36B63600020206313B1A36B236010BD20
:107A9000A3892169002243F02003C4E90012A381D5
:107AA0004FF0FF3010BD00BF2DE9F04F85B0CDE99C
:107AB000023202FB03F30E9C0193A3B3D4F804A09B
:107AC000019B53458B4646D9A046019D58F8401B63
:107AD0000746002652465846F3F7C0FA2368226B41
:107AE0005344A946C4E9003611463846D344A5EBB1
:107AF0000A05E2B1424501D0F9F7B4FDE36B266314
:107B00006360A3B1A16B2160AB429A46E2D3029BB2
:107B100001932A465846F3F7A1FAD4E90032521BE2
:107B20002B44C4E90032019805B0BDE8F08F019AFA
:107B3000039B5244A2EB0902B2FBF3F30193A38926
:107B40002269019843F02003A3810023C4E90023A4
:107B500005B0BDE8F08F21681D46D8E72DE9F84F44
:107B60004B6E9C0490462DD59368126843B38B46A8
:107B7000064602F1080959E9025A5FEA9A0715D048
:107B8000043D002401E0A7420ED055F8041F5A46D8
:107B9000304601F097FA431C04F10104F3D10023AD
:107BA000C8E90133BDE8F88FD8F808302AF0030A95
:107BB000A3EB0A03C8F8083009F10809002BDAD151
:107BC0000020ECE701F048F80023C8E90133BDE8E4
:107BD000F88F00BF2DE9F04F2DED028BC5B00DF1F0
:107BE000500A834608EE101A164600210822504615
:107BF0001C460793F8F7FCFDBBF1000F04D0DBF83F
:107C00003430002B00F0A08618EE102A536EDB07EC
:107C100040F11385B2F90C108AB295040BD418EE1A
:107C2000103A41F4005199815B6E8AB218EE101A35
:107C300023F400534B66100740F1058118EE103A0B
:107C40001B69002B00F0FF8002F01A030A2B00F0E2
:107C50000A810023CDE91933CDE90D331BAA0C931A
:107C6000189291460B930593B0464446A84BD3F81F
:107C7000E450F9F76DF92246034612A9CDF800A0A9
:107C80005846A847002800F04581C0F23981129A71
:107C9000252A034601D01C44E8E7B4EB0806054654
:107CA00040F03C81002361788DF8433004F10108F5
:107CB00006934FF0FF371E462B2408F10108A1F16F
:107CC00020035A2B00F27881DFE813F0B502760129
:107CD0007601B0027601760176016A0076017601BE
:107CE0007D028D02760188029702760192025B0086
:107CF0005B005B005B005B005B005B005B005B00AC
:107D000076017601760176017601760176017601BB
:107D100076015C02840076017601760176017601B7
:107D200076017601760176017601E800760176012A
:107D3000760133027601DA02760176018B0576014F
:107D4000760176017601760176017601760176017B
:107D500076015C028600760176017601CD0286000E
:107D60007F007601C0027601FD02EA00ED027F008D
:107D7000760133027C006905760176016B05760198
:107D80007C00A1F13003002218F8011B02EB8202F3
:107D900003EB4202A1F13003092BF5D906928EE7DD
:107DA0005846FEF79DFA43680D931846F9F748FBCD
:107DB0000E9005465846FEF793FA83680B93002D04
:107DC00040F0D68498F8001077E798F8001046F055
:107DD000200672E746F01006B40640F18E81079B3C
:107DE000073323F007031A46596852F8083B0792F5
:107DF0000A460029C0F27084791C00F0A28526F0A2
:107E00008001039153EA020100F03F840A2B72F1D2
:107E1000000180F0418530338DF80F31039E01233E
:107E200004930DF20F14049BBB42B8BF3B4603936F
:107E3000002308939DF84330002B00F0CB80039B78
:107E400001330393C6E018EE101A584618EE105A84
:107E500001F07CF8002840F05286AA8902F01A034B
:107E60000A2B7FF4F6AE18EE101AB1F90E30002B83
:107E7000FFF6EFAE4B6EDB0702D4970540F112869A
:107E800018EE101A23463246584600F069FE059057
:107E9000059845B0BDEC028BBDE8F08F46F01006AA
:107EA00016F0200200F03681079B073323F007030A
:107EB00019465A6851F8083B079126F480610391EE
:107EC000002100208DF84300781C00F010820398F8
:107ED00020F0800653EA020040F00882002F40F0B4
:107EE0003885002940F0D583039B13F001030493E8
:107EF00000F0118430238DF80F310DF20F1492E74A
:107F0000082200215046F8F773FC01231C44ADE61B
:107F100024900020B4EB080605461BD0199B1A9A42
:107F200001333244072BC9E900861A9219931CDDEC
:107F3000002A00F0A68318EE101A18AA5846FFF778
:107F40000DFE20BB0DF16C09059B33440593002DFC
:107F50007FF4A8AE1A9B002B40F0C18518EE103AB2
:107F60000022B3F90C30199215E009F10809EBE78A
:107F700018EE101A18AA5846FFF7F0FD002800F076
:107F8000A680089B1BB108995846F9F76BFB18EEC1
:107F9000103AB3F90C3018EE102A526E12F0010F9D
:107FA0009AB200F0A080500600F1B285059845B065
:107FB000BDEC028BBDE8F08F0029CBD000238DF8FB
:107FC00043300123CDE903338DF8AC102BAC0023F3
:107FD00008931F4616F00203099302D0039B023355
:107FE000039316F084030A9305D1069B039A9D1A06
:107FF000002D00F37B82DDE91903411C9DF843202D
:1080000082B101220133C9F8042007290DF143028E
:10801000CDE91913C9F8002000F34A82084609F196
:1080200008090131099AE2B111AA0233C9F8002006
:1080300007294FF00202CDE91913C9F8042040F3D3
:108040005082002B00F0438318EE101A18AA5846ED
:10805000FFF784FD002894D1DDE919030DF16C09C7
:10806000411C0A9A802A00F08481049ABD1A002DCE
:1080700000F3D781049AC9F8004013440729CDE9D9
:108080001913C9F8042040F36E81002B00F07582AB
:1080900018EE101A18AA5846FFF760FD00287FF462
:1080A00070AF1A9B0DF16C09750705D5069A0399F7
:1080B000541A002C00F36B82DDE9052103988142FC
:1080C000ACBF521812180592002B7FF451AF0899DB
:1080D00000231993002900F049815846F9F7C2FAA4
:1080E0000DF16C09C1E59C053FF55DAF18EE104A36
:1080F000A06DF9F79BF9A28955E7F006079A00F100
:108100001F83710640F1198332F9043B0792DA1795
:1081100011466EE616F01003079940F0098316F039
:10812000400000F001831A4651F8043B07919BB2CE
:10813000C3E6079B1A4600238DF84330134653F8D5
:10814000044B0393002C00F01284532900F0658344
:1081500016F0100540F061837B1C00F0B3843A46B2
:1081600029462046FEF74CFA0890002800F09F842C
:10817000031B039A049323EAE3732F4607920393A6
:10818000089557E6432902D0F50640F12D83079D57
:108190000822002116A82BACF8F72AFB16AB55F8DD
:1081A000042B21465846FEF7A5FA034601330490F6
:1081B00000F0B384049B079523EAE3730393002341
:1081C0008DF8433003E7079B53F8042B0692002AEF
:1081D00080F29C82069A5242CDE9062398F800105C
:1081E00046F0040669E598F800108DF8434064E510
:1081F00098F8001046F080065FE5424612F8011B31
:108200002A2900F09684A1F13003092B90464FF003
:1082100000073FF654AD18F8011B07EB870703EB87
:108220004707A1F13003092BF5D948E598F800106C
:1082300046F0010641E59DF84330002B7FF4C2ADC6
:10824000202398F800108DF8433036E598F8001098
:108250006C2903BF98F8011046F0200608F10108C8
:1082600046F0100629E598F80010682903BF98F831
:10827000011046F4007608F1010846F040061CE5BE
:1082800046F010030393039B13F0200200F00682D4
:10829000079B073323F0070319465A6851F8083B38
:1082A000079101210DE6079A46F00203039352F865
:1082B000043B079247F63002ADF84420B84A0C92CE
:1082C00002210022FDE5B70600F14882F50600F123
:1082D0004683740600F1D583B00540F14083079BC7
:1082E000059953F8042B07931170BEE403960129F6
:1082F0003FF48CAD022944AC11D10C9803F00F016E
:108300001B09415C04F8011D43EA0273120953EA98
:108310000201F3D1039E44AB1B1B049383E503F0DE
:108320000701DB0843EA4273D208303153EA020501
:10833000204604F8011DF2D1039EF307EBD5302946
:10834000E8D03023023804F8013C44AB1B1A039EEA
:108350000493044667E5049B1B9401221C931A9323
:1083600019920DF16C0909F108099DE60DF16C09EE
:108370007BE4069A039D551B002D7FF776AE102DEA
:1083800040F3BB83099418EE104A07E000F1020C99
:1083900009F108091046103D102D1EDD8149C9F86C
:1083A0000010421C10331021072ACDE91923C9F807
:1083B0000410EBDD18AA002B74D0214658460DF1AD
:1083C0006C09FFF7CBFB00287FF4DBADDDE9190377
:1083D000103D102D00F1010CE0DC099C714AC9F838
:1083E00004502B44BCF1070FCDE919C3C9F8002094
:1083F00040F39481002B00F01F8318EE101A18AA86
:108400005846FFF7ABFB00287FF4BBAD049ADDE9CB
:108410001903BD1A002D00F101010DF16C097FF760
:1084200029AE102D29DD0994102718EE104A07E017
:1084300000F1020C09F108091046103D102D1ADD5B
:10844000421C58491033072AC9E90017CDE91923FE
:10845000EEDD18AA03B3214658460DF16C09FFF76B
:108460007DFB00287FF48DADDDE91903103D102D53
:1084700000F1010CE4DC099C61464A4AC9F8045049
:108480002B440729CDE91913C9F8002000F3E78030
:1084900009F108090131EDE54FF0010C18460DF125
:1084A0006C09CAE74FF0010C18460DF16C0972E730
:1084B000002B00F0048118EE101A18AA5846FFF796
:1084C0004DFB00287FF45DADDDE919030DF16C096A
:1084D000411CA7E5022311AA1C931B9201210DF157
:1084E0006C09084609F10809411CBAE5102D40F352
:1084F000E582DDE919130F94084618EE104A07E0EB
:1085000000F1020C09F108091046103D102D1DDD87
:108510002549C9F80010421C10331021072ACDE963
:108520001923C9F80410EBDD18AA03B321465846F5
:108530000DF16C09FFF712FB00287FF422ADDDE995
:108540001903103D102D00F1010CE1DC0F9C604679
:10855000154AC9F804502B440728CDE91903C9F876
:10856000002000F3C18009F10809411C46E51846C6
:108570004FF0010C0DF16C09C7E77607199353D53D
:10858000069A0399541A002C4EDD0DF16C09102C3B
:1085900040F3B082199918EE106A10250DE000BF63
:1085A000AC140020308A0020682F0020881C09F1BC
:1085B00008091146103C102C1ADD4A1CB348103330
:1085C000072AC9E90005CDE91923EFDD18AA33B35D
:1085D00031465846FFF7C2FA00287FF4D2ACDDE9F5
:1085E0001913103C102C01F101000DF16C09E4DCB1
:1085F000A64AC9F8044023440728CDE91903C9F85D
:1086000000207FF759AD7BB118EE101A18AA584612
:10861000FFF7A4FA00287FF4B4AC1A9B4CE50120C4
:1086200019460DF16C09C5E7DDE9053203998A4267
:10863000ACBF9B185B18059349E5B2F90C108F0588
:1086400018EE103A8AB23FF5E8AA18EE105A986D63
:10865000F8F7EAFEB5F90C108AB2FFF7DEBA002B84
:108660003FF479AE18EE101A18AA5846FFF776FABA
:1086700000287FF486AC19991A9B01310DF16C0921
:10868000F8E419920DF16C095EE4002F7FF4C3AB9E
:10869000039E0027049744ACFFF7C5BB039B13F070
:1086A000100354D1039A12F0400000F06B81079937
:1086B0001A4651F8043B07919BB2012101E4099A43
:1086C000002A64D1184601210DF16C09C9E4012189
:1086D00018460DF16C09C4E45B4262EB420203965A
:1086E0002D200121FFF7EEBB002B00F0888018EE53
:1086F000101A18AA5846FFF731FA00287FF441AC47
:10870000DDE919030DF16C09411C77E498F80010BC
:108710000793FFF7D2BA44ACFFF785BB09F108090C
:108720000CF101016046A0E416F4007240F097815C
:1087300051F8043B0791FFF7C0BBB30500F18881F6
:1087400052F8043B0792DA171146FFF752BB07991C
:1087500051F8043B07910121FFF7B3BB079B059834
:1087600053F8041B0793C217C1E90002FFF77DBA53
:108770000B9B002B3FF426AB0B9B1B78002B3FF48D
:1087800021AB98F8001046F48066FFF796BA0223F2
:1087900011AA1C931B9201200DF16C09A2E603960D
:1087A00071E53B4B0C9316F0200259D0079B073321
:1087B00023F0070318465A6850F8083B0790F4075F
:1087C00009D553EA020006D08DF84510302146F055
:1087D00002068DF8441026F4806103910221FFF710
:1087E00070BB2C4B0C93DEE7079B012153F8042B45
:1087F00003918DF8AC20079304912BACDFE49DF836
:108800004320002A40F03281099A002A7FF462AEA8
:10881000184601210DF16C0927E40021082216A851
:108820001394F7F7E5FF791C00F0BC80002507944E
:108830002C460CE02BA95846FDF75CFF421C204457
:1088400000F06B81B84208DC00F070810446139A96
:10885000525916AB0435002AECD10494079CAFE0C2
:1088600016F0100307980CD116F0400405D01A46F4
:1088700050F8043B07909BB2A1E716F4007240F059
:10888000E18050F8043B079099E700BF682F002073
:10889000AC140020C01400200399049744AC9E46F9
:1088A00008EE90BA01F480664FF0000C234606E013
:1088B000BEF10A0F72F1000239D3A6462A46A64934
:1088C0001EEB020040F100000F46A1FB001424F053
:1088D000030101EB9401401ABEEB00014FF0CC35CF
:1088E00062F1000405FB01F507FB0455A1FB0741FC
:1088F0000D44052704F00101A1FB071B09186408BA
:10890000303103F8011C44EAC5740CF1010C013B41
:108910006D08002ECCD00B9909786145C8D1BCF107
:10892000FF0FC5D0BEF10A0F72F100026CD21C46D7
:1089300044AB1B1B049F039E049318EE90BAFFF7F1
:1089400072BA0396FFF762BA5846F7F753FEFFF77D
:108950005BB9012903967FF4CDACFFF75CBA079BA6
:10896000059953F8042B11600793FFF77EB9062F82
:108970003B46039A794C079228BF0623049303933E
:10898000FFF725BB039B079913F4007214BF51F83E
:10899000043B51F8043B07911CBF0246DBB20121A6
:1089A000FFF78FBA16AB00930023194613AA584657
:1089B000FDF7C6FE03460133049000F0AE80139429
:1089C000049B002B30D0632B63DC002308932BAC7B
:1089D0000822002116A8F7F70BFF049D16AB0093A1
:1089E00013AA2B4621465846FDF7AAFE854240F0C1
:1089F000AB80039B049A07930023A3541F4622EAEB
:108A0000E2730393FFF716BA0E9A0D999B1A184654
:108A10000893F7F7EBFF0B99089B4A780AB10131ED
:108A20000B914FF0000C48E7039B0793049B0393C3
:108A30001F460893FFF7FEB9012118460DF16C0996
:108A4000FFF713BB50F8043B07902246DBB2B6E6B3
:108A500012F9043B0792DA171146FFF7CAB951F829
:108A6000043B07910246DBB2FFF727BA01231C93B0
:108A700001210DF143031B930DF16C090B46FFF728
:108A8000CDBA079B059953F8042B07931180FFF784
:108A9000ECB8591C5846F5F7A7FE044600283CD010
:108AA000089095E7886DF8F7C1FCFFF7E9B9039BDB
:108AB0000793CDE90377089FFFF7BCB919981A9B74
:108AC000013045E5039B07932046F8F7B9FC20EAFF
:108AD000E0732F46049003930895FFF7ABB918EEA7
:108AE000101A18AA5846FFF739F800283FF436AA9A
:108AF000FFF74DBA199801307AE58C466EE46B6E3B
:108B0000D90705D4AB899A0502D4A86DF8F78EFC75
:108B10004FF0FF330593FFF749BA18EE102AB2F968
:108B20000C3043F040039381FFF735BA079C04975C
:108B300046E7079B98F8011053F8047B079390468B
:108B400047EAE777FFF7B9B818EE102A938943F0A0
:108B500040039381FFF715BACDCCCCCCD4140020C0
:108B600070B50C468989ADF58E6D21F00201ADF826
:108B70001410616E1B91E189ADF81610E16909913D
:108B8000616A0B911CA9029106914FF4806106461F
:108B90000491079118A80021CDE900320891F8F757
:108BA0003FFCDDE9003202A93046FFF713F8051E4D
:108BB00007DB02A93046FDF7C7FA002818BF4FF0BF
:108BC000FF35BDF814305B0603D5A38943F040039D
:108BD000A3811898F8F726FC28460DF58E6D70BD18
:108BE00001F140032DE9F0410C46096B994214D084
:108BF000666B77003A46F6F7BFF8054640B300EBE0
:108C00000608014632464046F2F728FAC4E90C57F6
:108C1000C4F800800020BDE8F0814FF48061F5F7D2
:108C2000E3FDA8B194F842304FF48062C4E90C022D
:108C300080F8FF3394F8413080F8FE3394F84020F8
:108C400080F8FD2300F2FD3323600020BDE8F081B1
:108C50004FF0FF30DFE700BF9368002B00F0858006
:108C60002DE9F04FB1F90C300C461907804683B05E
:108C7000174698B225D523691BB310F002033D684F
:108C80002DD04FF0000ADFF8C0B25646B9465E4517
:108C90003346524628BF5B464046002E52D0E1691B
:108CA000676AB847002856DDD9F808301B1A824495
:108CB000361AC9F80830002BE9D1002003B0BDE80E
:108CC000F08F2146404600F041F9002840F03881FD
:108CD000B4F90C303D6898B210F00203D1D110F015
:108CE000010944D14E46009746B38205D4F808B036
:108CF00040F18580B3455A4600F2B48010F4906F7D
:108D000040F0C180206801924946F7F7F5FCA3685E
:108D1000019AA3EB0B012368A1601344B2462360C0
:108D20000026009A9368A3EB0A03D1449360002BBA
:108D3000C3D0B4F90C0080B2002ED6D1D5E900968C
:108D40000835D1E7D5E900A60835A0E72146404619
:108D5000FDF7FAF988B3B4F90C3043F040034FF053
:108D6000FF30A38103B0BDE8F08F002070471E469E
:108D7000BA469946184600951F4666B3002832D079
:108D80004A46D4E904132068A568B24228BF324697
:108D9000884204D905EB030B5A4500F3A7809342A0
:108DA00064DCE169656A3A464046A847B0F1000BC9
:108DB000D1DDB9EB0B09C9D00120DAF80830A3EBFB
:108DC0000B035F44A6EB0B06CAF80830002B3FF4F8
:108DD00074AF002ED2D1009A566813460832009222
:108DE000002EF8D01F6832460A213846FDF708FCED
:108DF000002800F09C800130A0EB0709C0E7206844
:108E00002369984216D86269B24213D86FF00043C2
:108E1000B34228BF3346E16993FBF2F3676A02FB72
:108E200003F340464A46B847B0F1000A93DDA6EB8B
:108E30000A0676E7B345DA4628BFB24652464946A7
:108E4000F7F75AFCA3682268A3EB0A035244A36015
:108E50002260002BEBD121464046FDF775F9002832
:108E6000E5D078E72068B34632464CE739460192B0
:108E7000F7F742FC019AA3689B1AA3602368134486
:108E80002360934695E723682169A3EB010B63698F
:108E900003EB430A0AEBDA7A0BF101034FEA6A0AA1
:108EA00033445345524684BF9A46524643052CD517
:108EB00011464046F5F798FC00283BD05A462169F8
:108EC0000190F2F7CBF8A289019B22F4906242F064
:108ED0008002A28103EB0B002361AAEB0B03C4F811
:108EE00014A0A3602060B34632460CE739465A46C8
:108EF000F7F702FC23685B44236021464046FDF7F8
:108F000023F900283FF455AF25E74046F5F734FF35
:108F100003460028DED121694046F8F7A3FBB4F9E7
:108F20000C300C2223F08003C8F8002015E7721CD7
:108F3000914626E70C22B4F90C30C8F800200CE763
:108F40004FF0FF30BAE600BF00FCFF7F38B5314B71
:108F50001B6805460C4613B15A6B002A4ED0B4F973
:108F60000C3018079AB21CD5216929B312F0010000
:108F700007D00020A06060694042A06139B10020A4
:108F800038BD950758BF6069A0600029F7D1120667
:108F900058BF0846F4D543F04003A3814FF0FF309B
:108FA00038BDD1062ED5520714D4216943F00803E9
:108FB000A3819AB20029D9D102F42070B0F5007FC4
:108FC000D4D02146284600F047F9B4F90C30216985
:108FD0009AB2CBE7216B51B104F14002914204D027
:108FE0002846F8F73FFBB4F90C30002222632169D0
:108FF0000022C4E9001223F02403D7E71846F7F74C
:10900000F9FAACE7092243F040032A604FF0FF3041
:10901000A38138BDAC9500202DE9F04782B082468F
:1090200088461446F7F794FF012803D108F1FF336F
:10903000FE2B36D90DF10409424604F15C03494682
:109040005046FDF757FB421C064632D020B39DF830
:1090500004C0002509E023685A1C226083F800C080
:109060000135B54218D219F801CFA368013B002B96
:10907000A360F0DAA769BB4261462246504602DB94
:10908000BCF10A0FE7D100F053F9431CE8D10646C2
:10909000304602B0BDE8F0874646304602B0BDE833
:1090A000F0875FFA88FC8DF804C006460DF10409CC
:1090B000CFE7A389304643F04003A38102B0BDE867
:1090C000F08700BF30B5536E13F0010FB2F90C30CA
:1090D000144683B005469AB201D198051CD5900478
:1090E00006D4626E43F4005342F40052A3816266D8
:1090F00022462846FFF790FF636EDA07054602D442
:10910000A3899B0502D5284603B030BDA06DF8F7B2
:109110008DF9284603B030BDA06D0191F8F784F9B0
:10912000B4F90C3001999AB2D9E700BF2DE9F04F9C
:109130008BB0DDE9158A149F0391814605921E4686
:10914000B8F1000F5CD0039B002B5ED0059B1D681F
:10915000002F6AD0741E4EB3039B0493043D002677
:1091600001950BE0039B2BBB019B1A68002A3AD0A8
:10917000BC455CD2013C631C664617D0D8F8003071
:109180000293019BDAF8E05053F8042F019307A9EA
:1091900043464846D8F804B0A847421C3AD000EBF2
:1091A000060CBC45DED9029BC8E9003B30460BB03B
:1091B000BDE8F08F00280EDD049B019D18445A1E67
:1091C00007A900F1FF3E11F8013B02F8013F72458B
:1091D000F9D101950490059B1A6804321A60019B2D
:1091E0001A68002AC4D1039B0BB1059B1A600CF1CD
:1091F000FF3600223046C8F800200BB0BDE8F08FE3
:10920000039B00F58678002BA0D1059B4FF0FF371C
:109210001D689FE706468A2100223046C9F80010E3
:10922000C8F800200BB0BDE8F08F3E46BEE76646AA
:10923000BCE700BF10B584B0054C069800900798B5
:109240000190044800680294FFF770FF04B010BD5D
:1092500024900020AC9500202DE9F0418B890C462C
:10926000990796B008D504F143030122C4E90432FA
:10927000236016B0BDE8F081B4F90E10002906464F
:1092800025DB6A4600F0ACF800281FDB019D05F4E1
:109290007045A5F50055B5FA85F54FF480686D0960
:1092A0004FF4006741463046F5F79EFAE0B1B4F955
:1092B0000C30C4F8148043F0800320602061A38147
:1092C00035BB3B43A38116B0BDE8F081A38913F001
:1092D000800519D04FF040080025414630462F4602
:1092E000F5F782FA0028E2D1B4F90C309A05C0D41F
:1092F00023F0030304F1430243F002030121C4E914
:109300000421A3812260B4E74FF480682F46C9E7A7
:10931000B4F90E10304600F079F810B9B4F90C30F9
:10932000CFE7A38923F0030343F001031BB2C8E78F
:10933000F8B50D461446064610B1436B002B4CD0D1
:10934000B4F90C20A369A360170790B21BD5236959
:10935000CBB1EDB281042F4622D522686169D31AC0
:10936000994229DD0133A1680139A160511C2160B6
:10937000157062699A4227D0A389DB0701D50A2DAF
:1093800022D03846F8BD21463046FFF7DFFD08BB46
:10939000B4F90C20236990B2EDB281042F46DCD4DD
:1093A00042F40052A281626E616922F40052626648
:1093B0002268D31A9942D5DC21463046FCF7C4FE18
:1093C00040B922680123CEE721463046FCF7BCFEB7
:1093D0000028D6D04FF0FF37D3E7F7F70BF9AFE708
:1093E00070B50C46084D03460026204611461C4623
:1093F0002E60F2F75DF9431C00D070BD2B68002B86
:10940000FBD0236070BD00BFA0EF002038B5074D32
:109410000022044608462A60F2F750F9431C00D0A7
:1094200038BD2B68002BFBD0236038BDA0EF002097
:1094300081F0004102E000BF83F0004330B54FEA05
:1094400041044FEA430594EA050F08BF90EA020F72
:109450001FBF54EA000C55EA020C7FEA645C7FEA05
:10946000655C00F0E2804FEA5454D4EB5555B8BF28
:109470006D420CDD2C4480EA020281EA030382EA99
:10948000000083EA010180EA020281EA0303362D2B
:1094900088BF30BD11F0004F4FEA01314FF4801CFE
:1094A0004CEA113102D0404261EB410113F0004F10
:1094B0004FEA03334CEA133302D0524263EB4303C7
:1094C00094EA050F00F0A780A4F10104D5F1200E65
:1094D0000DDB02FA0EFC22FA05F2801841F10001C0
:1094E00003FA0EF2801843FA05F359410EE0A5F194
:1094F00020050EF1200E012A03FA0EFC28BF4CF0C5
:10950000020C43FA05F3C01851EBE37101F000457A
:1095100007D54FF0000EDCF1000C7EEB00006EEB87
:109520000101B1F5801F1BD3B1F5001F0CD3490811
:109530005FEA30004FEA3C0C04F101044FEA445268
:1095400012F5800F80F09A80BCF1004F08BF5FEAEF
:10955000500C50F1000041EB045141EA050130BDCF
:109560005FEA4C0C404141EB0101013C28BFB1F5E1
:10957000801FE9D291F0000F04BF01460020B1FA2C
:1095800081F308BF2033A3F10B03B3F120020CDAFF
:109590000C3208DD02F1140CC2F10C0201FA0CF0DD
:1095A00021FA02F10CE002F11402D8BFC2F1200C42
:1095B00001FA02F120FA0CFCDCBF41EA0C019040F8
:1095C000E41AA2BF01EB0451294330BD6FEA040441
:1095D0001F3C1CDA0C340EDC04F11404C4F120022C
:1095E00020FA04F001FA02F340EA030021FA04F33E
:1095F00045EA030130BDC4F10C04C4F1200220FA95
:1096000002F001FA04F340EA0300294630BD21FAD2
:1096100004F0294630BD94F0000F83F4801306BF98
:1096200081F480110134013D4EE77FEA645C18BF8C
:109630007FEA655C29D094EA050F08BF90EA020F23
:1096400005D054EA000C04BF1946104630BD91EA1B
:10965000030F1EBF0021002030BD5FEA545C05D11E
:109660004000494128BF41F0004130BD14F580045D
:109670003CBF01F5801130BD01F0004545F0FE41D1
:1096800041F470014FF0000030BD7FEA645C1ABF06
:10969000194610467FEA655C1CBF0B46024650EA3D
:1096A000013406BF52EA033591EA030F41F4002169
:1096B00030BD00BF90F0000F04BF0021704730B5EF
:1096C0004FF4806404F132044FF000054FF00001C4
:1096D00050E700BF90F0000F04BF0021704730B585
:1096E0004FF4806404F1320410F0004548BF40425A
:1096F0004FF000013EE700BF42004FEAE2014FEAAF
:1097000031014FEA02701FBF12F07F4393F07F4F89
:1097100081F06051704732F07F4208BF704793F08C
:109720007F4F04BF41F40021704730B54FF460749F
:1097300001F0004521F000411CE700BF50EA0102A2
:1097400008BF704730B54FF000050AE050EA01024B
:1097500008BF704730B511F0004502D5404261EBBB
:1097600041014FF4806404F132045FEA915C3FF4FC
:10977000D8AE4FF003025FEADC0C18BF03325FEA99
:10978000DC0C18BF033202EBDC02C2F1200300FA4A
:1097900003FC20FA02F001FA03FE40EA0E0021FA6F
:1097A00002F11444BDE600BF08B502460B4643EC87
:1097B000172BB5EEC07BF1EE10FA03D4BDE80840DC
:1097C00000F00AB8B1EE477B51EC170B00F004F83B
:1097D000404261EB410108BD9FED0B6B41EC170B63
:1097E0009FED0B5B27EE066BBCEEC66BB8EE464BEF
:1097F000A4EE457BFCEEC77B16EE101A17EE900A1E
:10980000704700BFAFF30080000000000000F03D93
:10981000000000000000F0415FF800F0351E00601D
:109820005FF800F0E11D0060000000000000000093
:04983000F8B500BFC8
:089834008032FF7F01000000FB
:10983C00000000000000000000000000000000001C
:10984C00000000000000000000000000000000000C
:10985C0000000000000000000000000000000000FC
:10986C0000000000000000000000000000000000EC
:10987C0000000000000000000000000000000000DC
:10988C0000000000000000000000000000000000CC
:10989C0000000000000000000000000000000000BC
:1098AC0000000000000000000000000000000000AC
:1098BC00000000000000000000000000000000009C
:1098CC00000000000000000000000000000000008C
:1098DC00000000000000000000000000000000007C
:1098EC00000000000000000000000000000000006C
:1098FC00000000000000000000000000000000005C
:10990C00000000000000000000000000000000004B
:10991C00000000000000000000000000000000003B
:10992C00000000000000000000000000000000002B
:10993C00000000000000000000000000000000001B
:10994C00000000000000000000000000000000000B
:10995C0000000000000000000000000000000000FB
:10996C0000000000000000000000000000000000EB
:10997C0000000000000000000000000000000000DB
:10998C0000000000000000000000000000000000CB
:10999C0000000000000000000000000000000000BB
:1099AC0000000000000000000000000000000000AB
:1099BC00000000000000000000000000000000009B
:1099CC00000000000000000000000000000000008B
:1099DC00000000000000000000000000000000007B
:1099EC00000000000000000000000000000000006B
:1099FC00000000000000000000000000000000005B
:109A0C00000000000000000000000000000000004A
:109A1C00000000000000000000000000000000003A
:109A2C00000000000000000000000000000000002A
:109A3C00000000000000000000000000000000001A
:109A4C00000000000000000000000000000000000A
:109A5C0000000000000000000000000000000000FA
:109A6C0000000000000000000000000000000000EA
:109A7C0000000000000000000000000000000000DA
:109A8C0000000000000000000000000000000000CA
:109A9C0000000000000000000000000000000000BA
:109AAC0000000000000000000000000000000000AA
:109ABC00182D4454FB21E9BFD221337F7CD90240BD
:109ACC00D221337F7CD902C000000000000000804E
:109ADC00182D4454FB210940182D4454FB2109C076
:109AEC0000000040FB21F93F000000002D44743EB3
:109AFC00000000809846F83C0000006051CC783B98
:109B0C0000000080831BF0390000004020257A38CB
:109B1C00000000802282E336000000001DF369354E
:109B2C000080E03779C34143176E05B5B5B893464D
:109B3C00F5F93FE9034F384D321D30F94877825A19
:109B4C003CBF737FDD4F1575000000000000F03F37
:109B5C0000000000000024400000000000005940FC
:109B6C000000000000408F40000000000088C3404F
:109B7C0000000000006AF8400000000080842E41C4
:109B8C0000000000D01263410000000084D7974110
:109B9C000000000065CDCD41000000205FA0024216
:109BAC00000000E876483742000000A2941A6D428B
:109BBC00000040E59C30A2420000901EC4BCD6427E
:109BCC0000003426F56B0C430080E03779C3414329
:109BDC0000A0D8855734764300C84E676DC1AB439F
:109BEC00003D9160E458E143408CB5781DAF1544BD
:109BFC0050EFE2D6E41A4B4492D54D06CFF0804498
:109C0C00F64AE1C7022DB544B49DD9794378EA44AC
:109C1C004FBB610567ACDD3F182D4454FB21E93F78
:109C2C009BF681D20B73EF3F182D4454FB21F93F67
:109C3C00E2652F227F2B7A3C075C143326A6813CED
:109C4C00BDCBF07A8807703C075C143326A6913C98
:109C5C00BC89D897B2D29C3C33A7A8D523F64939F6
:109C6C003DA7F444FD0FA5329D978CCF08BA5B2518
:109C7C00436FAC6428066811C0830020BC840020AC
:109C8C0048880020781E0000A0280000F03C00004E
:109C9C0040510000127A0000E4A2000024F40000FD
:109CAC0048E8010090D0030020A107004552524F14
:109CBC00523A20656E746572696E67204552524F38
:109CCC0052207374617465004F4E00004F4646007D
:109CDC0068000000436F6D6D616E64733A000000A4
:109CEC0020206820202020202020202D2068656C3A
:109CFC007000000020206220202020202020202D19
:109D0C00207265626F6F740020207020202020204C
:109D1C002020202D20746F67676C652070756D7026
:109D2C00206F6E2F6F66660020206D203C6475726C
:109D3C003E203C726174653E202D20656E74657208
:109D4C00204D45415355524520737461746520284C
:109D5C006F7074696F6E616C206475726174696F79
:109D6C006E5B735D2C207361766520726174655B2C
:109D7C00735D290020207320202020202020202DFE
:109D8C0020656E746572205354414E4442592073C1
:109D9C0074617465000000002020642020202020C5
:109DAC002020202D20746F67676C652064656275B8
:109DBC0067204A534F4E207265636F726420707235
:109DCC00696E74202864656661756C74206F6666B4
:109DDC002900000020207720202020202020202D6A
:109DEC0020726573657420574454207472696767D8
:109DFC00657220636F756E7420696E2045455052F4
:109E0C004F4D20746F203000202063203C733E2087
:109E1C002020202D2073657420636F6E736F6C652A
:109E2C0020737461747573207072696E7420696E1E
:109E3C0074657276616C205B735D0000202072206B
:109E4C003C733E202020202D2073657420525055E9
:109E5C0020737461747573207265706F72742069ED
:109E6C006E74657276616C205B735D0070756D70DD
:109E7C002025730A00000000620000005265626F2A
:109E8C006F74696E67207669612057445400000036
:109E9C007700000057445420636F756E7420726510
:109EAC0073657420746F2030000000006D0000009A
:109EBC004552524F523A206475726174696F6E202C
:109ECC0028256C647329206D7573742062652030AD
:109EDC00206F722067726561746572207468616EA0
:109EEC0020726174652028256C6473290A000000B7
:109EFC0073000000640000006465627567204A53BB
:109F0C004F4E207265636F7264207072696E74209C
:109F1C0025730A00636F6E736F6C652073746174C4
:109F2C00757320696E74657276616C3A20256C7558
:109F3C00730A0000636F6E736F6C652073746174C9
:109F4C00757320696E74657276616C20736574200C
:109F5C00746F20256C75730A0000000072000000FD
:109F6C0052505520737461747573207265706F72E2
:109F7C007420696E74657276616C3A20256C757309
:109F8C000A0000005250552073746174757320726E
:109F9C0065706F727420696E74657276616C207373
:109FAC00657420746F20256C75730A00556E6B6E8A
:109FBC006F776E20636F6D6D616E643A2025732030
:109FCC00202873656E642027682720666F722068CE
:109FDC00656C70290A000000456E746572696E67C5
:109FEC00204D45415355524500000000456E7465A7
:109FFC0072696E67205354414E4442590000000070
:10A00C00554E4B4E4F574E0073746174653D25731E
:10A01C0020656C61707365643D252E31667320621A
:10A02C0061745F763D252E3266562076696E3D252D
:10A03C002E326656206261745F6865617465723D8C
:10A04C0025730A00253034582D2573002C00000090
:10A05C004F5043207061727365206572726F723A53
:10A06C002065787065637465642025752066696564
:10A07C006C64732C20676F742025750A0000000037
:10A08C004F5043207061727365206572726F723A23
:10A09C0020746F6F206D616E79206669656C6473D6
:10A0AC0000000000524F50433A2074696D653D2505
:10A0BC006C7520643330303D257520643530303D6F
:10A0CC00257520643730303D2575206431303030B3
:10A0DC003D25752064323030303D25752064323595
:10A0EC0030303D25752064333030303D257520648B
:10A0FC00353030303D257520616C61726D3D2575B4
:10A10C000A0000002A3031413F0D00005453454EE7
:10A11C003A20616972745F7261773D2575207074A5
:10A12C00656D705F7261773D256C7520707265731B
:10A13C005F7261773D256C750A00000054444C41F8
:10A14C0053207061727365206572726F723A20656C
:10A15C0078706563746564202575206669656C6428
:10A16C00732C20676F742025750A000054444C41F1
:10A17C0053207061727365206572726F723A20742D
:10A18C006F6F206D616E79206669656C6473000079
:10A19C0054444C41533A206D725F6176673D252ED5
:10A1AC00346620626B673D252E3466207065616BCA
:10A1BC003D252E346620726174696F3D252E3666FE
:10A1CC0020626174743D252E336656207468657266
:10A1DC006D5F313D252E32664320746865726D5F6C
:10A1EC00323D252E3266204964783D2564207370FB
:10A1FC0065635F313D252E346620737065635F3275
:10A20C003D252E346620737065635F333D252E34F7
:10A21C006620737065635F343D252E34660A00003A
:10A22C00001900002D8000000000000074C00F40D9
:10A23C00C0000000000000000200000050851F401C
:10A24C0001000000340000000200000050851F4097
:10A25C0000000000010000000200000054851F40B7
:10A26C0001000000350000000200000054851F4072
:10A27C0000000000FF004000260018007C000000D9
:10A28C00257500002564000025660000435243201C
:10A29C006973206E6F742076616C69642100000014
:10A2AC0053656E736F722041646472657373203DE5
:10A2BC000000000020536361746368706164204384
:10A2CC005243206973206E6F742076616C6964212F
:10A2DC0000000000504E41424C000000524D430023
:10A2EC0047474100524D44004D43503938303800F7
:10A2FC0043414C004D4D43353938334D410000003E
:10A30C004C534D3644534F54520000003B00000058
:10A31C00525344000D0000004E4341520000000017
:10A32C006672616D655F636F756E742C6169725FC7
:10A33C0074656D705F646567432C68756D646974D2
:10A34C00795F70657263656E742C6873656E736F7C
:10A35C00725F74656D705F646567432C70726573B2
:10A36C005F6D622C696E7465726E616C5F74656D85
:10A37C00705F646567432C6D6F64756C655F737497
:10A38C00617475732C6D6F64756C655F6572726F3B
:10A39C00722C7063625F737570706C795F562C6C85
:10A3AC00736D3330335F74656D705F646567432C18
:10A3BC007063625F6865617465725F6F6E2C6D614E
:10A3CC0067585F6D472C6D6167595F6D472C6D61E8
:10A3DC00675A5F6D472C616363656C585F6D672CC2
:10A3EC00616363656C595F6D672C616363656C5A5F
:10A3FC005F6D672C726F6C6C5F6465672C70697431
:10A40C0063685F6465672C68656164696E675F6427
:10A41C0065672C6F7269656E746174696F6E5F71BC
:10A42C0075616C69747900006CC00F40C00000004D
:10A43C00504F00007DAF00000CFF00001300000027
:10A44C00000000000000000024851F400BFF0000EE
:10A45C0013000000000000000000000028851F40D1
:10A46C000DFF0000130000000000000000000000C1
:10A47C0020851F400A252400130000001200000054
:10A48C001200000001020300000000001C851F40A8
:10A49C0000000000000000007B226964223A2225A3
:10A4AC00303458222C22766572223A222573222CC3
:10A4BC00227374617465223A222573222C227764EC
:10A4CC00745F6E223A25752C226275665F72656325
:10A4DC00223A25752C2276696E223A252E31662C6D
:10A4EC00227635223A252E31662C226261745F76F3
:10A4FC00223A252E31662C226261745F6475747960
:10A50C00223A25752C226368675F69223A252E3121
:10A51C00662C226261745F74223A252E31662C22DD
:10A52C007063625F74223A252E31662C2270756D31
:10A53C00705F69223A252E30662C226F70635F693A
:10A54C00223A252E30662C227473656E5F69223A8E
:10A55C00252E30662C2274646C61735F69223A2557
:10A56C002E30662C226865617465725F69223A250B
:10A57C002E30662C226C6174223A252E36662C22E3
:10A58C006C6F6E223A252E36662C22616C74223A40
:10A59C00252E31662C2273617473223A25752C2278
:10A5AC0064617465223A256C752C2274696D652280
:10A5BC003A256C757D0000007B22656C61707365BB
:10A5CC00645F73223A25752C22616C74223A252E15
:10A5DC0030662C226C61745F64656C7461223A2560
:10A5EC002E35662C226C6F6E5F64656C7461223A3A
:10A5FC00252E35662C2273617473223A25752C2214
:10A60C006770735F6167655F73223A25752C226FE3
:10A61C0070635F64333030223A25752C226F70637F
:10A62C005F6432303030223A25752C227473656E9B
:10A63C005F61697274223A25752C227473656E5FA2
:10A64C0070726573223A25752C227473656E5F7077
:10A65C0074656D70223A25752C22727334315F61EA
:10A66C0069725F74223A252E32662C227273343151
:10A67C005F70726573223A252E31662C2272733408
:10A68C00315F68756D6964697479223A252E32667A
:10A69C002C22727334315F6873656E736F725F74E2
:10A6AC00223A252E32662C2274646C61735F6D72B3
:10A6BC005F617667223A252E31662C2274646C61B8
:10A6CC00735F626B67223A252E32662C2274646C9F
:10A6DC0061735F7065616B223A252E31662C227492
:10A6EC00646C61735F726174696F223A252E3366F4
:10A6FC002C22726F756E645F726F62696E5F696433
:10A70C0078223A25752C226F70635F6435303022C5
:10A71C003A25752C226F70635F64373030223A25EE
:10A72C00752C226F70635F6431303030223A25759E
:10A73C002C226F70635F6433303030223A25752CD5
:10A74C00226F70635F6435303030223A25752C22CD
:10A75C006F70635F6432353030223A25752C22726B
:10A76C007334315F686467223A252E32662C22627C
:10A77C00656D665F76223A252E33662C2274646CE6
:10A78C0061735F737065635F31223A252E30662CDE
:10A79C002274646C61735F737065635F32223A2557
:10A7AC002E30662C2274646C61735F737065635F0A
:10A7BC0033223A252E30662C2274646C61735F73DD
:10A7CC007065635F34223A252E30662C22747365D3
:10A7DC006E5F69223A252E30662C226F70635F699A
:10A7EC00223A252E30662C2270756D705F69223AE4
:10A7FC00252E30662C2274646C61735F69223A25B5
:10A80C002E30662C227635223A252E32662C226288
:10A81C0061745F74223A252E30662C2270756D702F
:10A82C005F74223A252E30662C227063625F74228C
:10A83C003A252E30662C226261745F76223A252EE0
:10A84C0032662C226865617465725F737461742260
:10A85C003A25757D0000000000000000000000009B
:10A86C00DD290000C9A00000C5A00000C1A00000A7
:10A87C00D1290000D5290000D9290000BDA0000075
:10A88C000000000000000000DD7E0000F5800000EC
:10A89C00F9780000517A000019790000BD790000A8
:10A8AC0041790000D57A00006D7A0000F57800003F
:10A8BC0000000000000000006D0000008D00000092
:10A8CC000000000000000000FD7100005D7400003D
:10A8DC00F971000019720000C1730000A974000026
:10A8EC00E5740000D8399D270054EA2A00A4781F8B
:10A8FC00007B9A17C0830020BC840020488800206D
:10A90C002C2066756E6374696F6E3A20000000002F
:10A91C00617373657274696F6E20222573222066D1
:10A92C0061696C65643A2066696C65202225732226
:10A93C002C206C696E65202564257325730A000034
:10A94C0042616C6C6F6320737563636565646564E9
:10A95C00000000002F566F6C756D65732F64617469
:10A96C00612F6A656E6B696E732F776F726B737084
:10A97C006163652F474E552D746F6F6C6368616909
:10A98C006E2F61726D2D31312F7372632F6E65775F
:10A99C006C69622D63796777696E2F6E65776C6968
:10A9AC00622F6C6962632F7374646C69622F6764C5
:10A9BC00746F612D6765746865782E630000000004
:10A9CC00000000000000000000000000000000007B
:10A9DC00000000000000000000000000000000006B
:10A9EC00000000000000000000000000000000005B
:10A9FC00101112131415161718190000000000007E
:10AA0C00001A1B1C1D1E1F0000000000000000008F
:10AA1C00000000000000000000000000000000002A
:10AA2C00001A1B1C1D1E1F0000000000000000006F
:10AA3C00000000000000000000000000000000000A
:10AA4C0000000000000000000000000000000000FA
:10AA5C0000000000000000000000000000000000EA
:10AA6C0000000000000000000000000000000000DA
:10AA7C0000000000000000000000000000000000CA
:10AA8C0000000000000000000000000000000000BA
:10AA9C0000000000000000000000000000000000AA
:10AAAC00000000000000000000000000000000009A
:10AABC00000000000000000000000000000000008A
:10AACC002F566F6C756D65732F646174612F6A6599
:10AADC006E6B696E732F776F726B73706163652F1A
:10AAEC00474E552D746F6F6C636861696E2F617280
:10AAFC006D2D31312F7372632F6E65776C69622DFA
:10AB0C0063796777696E2F6E65776C69622F6C69F4
:10AB1C0062632F7374646C69622F6D707265632E3F
:10AB2C006300000065256C640000000000202020FC
:10AB3C0020202020202028282828282020202020E1
:10AB4C0020202020202020202020202020881010B1
:10AB5C00101010101010101010101010100404040D
:10AB6C0004040404040404101010101010104141CB
:10AB7C0041414141010101010101010101010101B9
:10AB8C0001010101010101011010101010104242CD
:10AB9C004242424202020202020202020202020289
:10ABAC000202020202020202101010102000000029
:10ABBC000000000000000000000000000000000089
:10ABCC000000000000000000000000000000000079
:10ABDC000000000000000000000000000000000069
:10ABEC000000000000000000000000000000000059
:10ABFC000000000000000000000000000000000049
:10AC0C000000000000000000000000000000000038
:10AC1C000000000000000000000000000000000028
:10AC2C000000000000000000000000000000000018
:10AC3C00496E66696E697479000000004E614E00C1
:10AC4C002F566F6C756D65732F646174612F6A6517
:10AC5C006E6B696E732F776F726B73706163652F98
:10AC6C00474E552D746F6F6C636861696E2F6172FE
:10AC7C006D2D31312F7372632F6E65776C69622D78
:10AC8C0063796777696E2F6E65776C69622F6C6973
:10AC9C0062632F7374646C69622F64746F612E63CA
:10ACAC00000000004A495300534A49530000000079
:10ACBC004555434A500000002E0000006E6600000F
:10ACCC00696E697479000000616E0000494E46009F
:10ACDC00696E66004E414E006E616E00303132334B
:10ACEC0034353637383961626364656600000000BC
:10ACFC0030313233343536373839414243444546A6
:10AD0C0000000000286E756C6C29000030000000FB
:10AD1C000030013002300CFF0EFFFB301AFF1BFF1E
:10AD2C001FFF01FF9B309C30B40040FFA8003EFF8A
:10AD3C003E203FFFFD30FE309D309E300330DD4E17
:10AD4C00053006300730FC30142010200FFF3CFF7C
:10AD5C001C3016205CFF26202520182019201C20D2
:10AD6C001D2008FF09FF143015303BFF3DFF5BFF32
:10AD7C005DFF083009300A300B300C300D300E30CE
:10AD8C000F30103011300BFF1222B100D700F7003A
:10AD9C001DFF60221CFF1EFF662267221E2234222A
:10ADAC0042264026B000322033200321A50004FFA8
:10ADBC00A200A30005FF03FF06FF0AFF20FFA70068
:10ADCC0006260526CB25CF25CE25C725C625A125AC
:10ADDC00A025B325B225BD25BC253B2012309221E0
:10ADEC0090219121932113300000000000000000FD
:10ADFC00000000000000000000000000000008221D
:10AE0C000B2286228722822283222A2229220000D8
:10AE1C0000000000000000000000000000002722DD
:10AE2C002822AC00D221D4210022032229220000A6
:10AE3C000000000000000000000000000000000006
:10AE4C0000002022A5221223022207226122522274
:10AE5C006A226B221A223D221D2235222B222C2201
:10AE6C0000000000000000000000000000002B218A
:10AE7C0030206F266D266A2620202120B6002C2239
:10AE8C00000000000000EF250000000000000000A2
:10AE9C00000000000000000101010101010101019D
:10AEAC00010000000000000001010101010101018D
:10AEBC000101010101010101010101010101010176
:10AECC00010100000000000000010101010101016D
:10AEDC000101010101010101010101010101010156
:10AEEC0001010100910392039303940395039603CC
:10AEFC009703980399039A039B039C039D039E035A
:10AF0C009F03A003A103A303A403A503A603A70304
:10AF1C00A803A903000000000000000000000000CE
:10AF2C0000000000B103B203B303B403B503B603CE
:10AF3C00B703B803B903BA03BB03BC03BD03BE0319
:10AF4C00BF03C003C103C303C403C503C603C703C4
:10AF5C00C803C903100411041204130414041504C7
:10AF6C00010416041704180419041A041B041C0405
:10AF7C001D041E041F0420042104220423042404A1
:10AF8C00250426042704280429042A042B042C0451
:10AF9C002D042E042F04000000000000000000000F
:10AFAC000000000000000000000000000000000095
:10AFBC00000000003004310432043304340435043E
:10AFCC00510436043704380439043A043B043C0475
:10AFDC003D043E043F044004410442044304440441
:10AFEC00450446044704480449044A044B044C04F1
:10AFFC004D044E044F040000002502250C2510259D
:10B00C00182514251C252C25242534253C25012503
:10B01C0003250F2513251B251725232533252B2524
:10B02C003B254B2520252F25282537253F251D255C
:10B03C0030252525382542259C4E1655035A3F961A
:10B04C00C0541B612863F659229075841C83507A76
:10B05C00AA60E163256EED656684A682F59B936814
:10B06C002757A16571629B5BD0597B86F498627DF2
:10B07C00BE7D8E9B16629F7CB788895BB55E09632B
:10B08C0097664868C7958D974F67E54E0A4F4D4FA9
:10B09C009D4F4950F2563759D459015A095CDF601B
:10B0AC000F61706113660569BA704F757075FB7925
:10B0BC00AD7DEF7DC3800E846388028B55907A90B2
:10B0CC003B53954EA54EDF57B280C190EF78004EA2
:10B0DC00F158A26E3890327A28838B822F9C415182
:10B0EC007053BD54E154E056FB59155FF298EB6D6B
:10B0FC00E4802D8562967096A096FB970B54F353C3
:10B10C00875BCF70BD7FC28FE8966F535C9DBA7A18
:10B11C00114E9378FC81266E185604551D6B1A85BA
:10B12C003B9CE559A953666DDC748F954256914E44
:10B13C004B90F2964F830C99E153B655305B715F8F
:10B14C002066F3660468386CF36C296D5B74C87602
:10B15C004E7A3498F1825B88608AED92B26DAB7551
:10B16C00CA76C599A660018B8A8DB2958E69AD534E
:10B17C008651125730584459B45BF65E2860A96367
:10B18C00F463BF6C146F8E7014715971D5713F7369
:10B19C00017E7682D182978560905B921B9D695867
:10B1AC00BC655A6C2575F9512E596559805FDC5F69
:10B1BC00BC62FA652A6A276BB46B8B73C17F5689A4
:10B1CC002C9D0E9DC49EA15C966C7B8304514B5CA4
:10B1DC00B661C68176686172594EFA4F78536960D0
:10B1EC00296E4F7AF3970B4E1653EE4E554F3D4F3B
:10B1FC00A14F734FA052EF5309560F59C15AB65B6A
:10B20C00E15BD17987669C67B6674C6BB36C6B70EE
:10B21C00C2738D79BE793C7A877BB182DB820483E1
:10B22C007783EF83D3836687B28A2956A88CE68FFF
:10B23C004E901E978A86C44FE85C116259723B751A
:10B24C00E581BD82FE86C08CC5961399D599CB4EEF
:10B25C001A4FE389DE564A58CA58FB5EEB5F2A60E8
:10B26C0094606260D0611262D0623965419B6666FF
:10B27C00B068776D70704C758676757DA582F98790
:10B28C008B958E969D8CF151BE521659B354B35B6F
:10B29C00165D68618269AF6D8D78CB845788728A30
:10B2AC00A793B89A6C6DA899D986A357FF67CE86D9
:10B2BC000E92835287560454D35EE162B9643C68A3
:10B2CC003868BB6B7273BA786B7A9A89D2896B8D3A
:10B2DC00038FED90A39594966997665BB35C7D693B
:10B2EC004D984E989B63207B2B6A7F6AB6680D9CA9
:10B2FC005F6F72529D557060EC623B6D076ED16E44
:10B30C005B841089448F144E399CF6531B693A6A3E
:10B31C0084972A685C51C37AB284DC918C935B5617
:10B32C00289D226805833184A57C0852C582E67469
:10B33C007E4E834FA051D25B0A52D852E752FB5D2E
:10B34C009A552A58E6598C5B985BDB5B725E795E8A
:10B35C00A3601F616361BE61DB636265D167536883
:10B36C00FA683E6B536B576C226F976F456FB074D6
:10B37C001875E3760B77FF7AA17B217CE97D367F0C
:10B38C00F07F9D8066829E83B389CC8AAB8C84903F
:10B39C00519493959195A2956596D3972899188277
:10B3AC00384E2B54B85CCC5DA9734C763C77A95CB9
:10B3BC00EB7F0B8DC196119854985898014F0E4FF6
:10B3CC0071539C556856FA574759095BC45B905C9E
:10B3DC000C5E7E5ECC5FEE633A67D765E2651F67F5
:10B3EC00CB68C4685F6A305EC56B176C7D6C7F750B
:10B3FC004879635B007A007DBD5F8F89188AB48CB5
:10B40C00778DCC8E1D8FE2980E9A3C9B804E7D5092
:10B41C00005193599C5B2F628062EC643A6BA07272
:10B42C0091754779A97FFB87BC8A708BAC63CA8303
:10B43C00A09709540354AB555468586A708A2778FE
:10B44C007567CD9E7453A25B1A8150860690184E78
:10B45C00454EC74E114FCA533854AE5B135F25602F
:10B46C0051653D67426C726CE36C78700374767A4C
:10B47C00AE7A087B1A7DFE7C667DE7655B72BB53FA
:10B48C00455CE85DD262E0621963206E5A86318AAF
:10B49C00DD8DF892016FA6795A9BA84EAB4EAC4E3F
:10B4AC009B4FA04FD1504751F67A7151F6515453DE
:10B4BC0021537F53EB53AC558358E15C375F4A5FA4
:10B4CC002F6050606D601F6359654B6AC16CC2720E
:10B4DC00ED72EF77F880058108824E85F790E19345
:10B4EC00FF9757995A9AF04EDD512D5C81666D6924
:10B4FC00405CF266756989735068817CC550E45272
:10B50C004757FE5D2693A465236B3D6B347481799C
:10B51C00BD794B7BCA7DB982CC837F885F89398B9F
:10B52C00D18FD1911F5480925D4E3650E5533A53D2
:10B53C00D7729673E977E682AF8EC699C899D2997D
:10B54C0077511A615E86B0557A7A7650D35B479004
:10B55C008596324EDB6AE791515C485C98639F7A22
:10B56C00936C7497618FAA7A8A718896827C17681B
:10B57C00707E51686C93F2521B54AB85138AA47F76
:10B58C00CD8EE190665388884179C24FBE501152DE
:10B59C00445153552D57EA738B575159625F845F51
:10B5AC00756076616761A961B2633A646C656F66B8
:10B5BC004268136E66753D7AFB7C4C7D997D4B7EA3
:10B5CC006B7F0E834A83CD86088A638A668BFD8ED9
:10B5DC001A988F9DB882CE8FE89B87521F62836426
:10B5EC00C06F999641689150206B7A6C546F747A45
:10B5FC00507D4088238A0867F64E39502650655096
:10B60C007C5138526352A7550F570558CC5AFA5EE5
:10B61C00B261F861F36272631C69296A7D72AC7263
:10B62C002E7314786F78797D0C77A9808B89198BA0
:10B63C00E28CD28E639075937A965598139A789E75
:10B64C0043519F53B3537B5E265F1B6E906E847386
:10B65C00FE73437D3782008AFA8A50964E4E0B5009
:10B66C00E4537C54FA56D159645BF15DAB5E275FB1
:10B67C0038624565AF67566ED072CA7CB488A180BB
:10B68C00E180F0834E86878AE88D3792C79667985B
:10B69C00139F944E924E0D4F485349543E542F5A7B
:10B6AC008C5FA15F9F60A7688E6A5A7481789E8AAE
:10B6BC00A48A778B90915E4EC99BA44E7C4FAF4F62
:10B6CC001950165049516C519F52B952FE529A530F
:10B6DC00E35311540E5489555157A2577D59545B5D
:10B6EC005D5B8F5BE55DE75DF75D785E835E9A5E23
:10B6FC00B75E185F52604C619762D862A7633B6576
:10B70C0002664366F4666D6721689768CB695F6C67
:10B71C002A6D696D2F6E9D6E327587766C783F7AC7
:10B72C00E07C057D187D5E7DB17D15800380AF804A
:10B73C00B18054818F812A8252834C8861881B8B03
:10B74C00A28CFC8CCA90759171923F78FC92A49556
:10B75C004D9605989999D89A3B9D5B52AB52F753ED
:10B76C000854D558F762E06F6A8C5F8FB99E4B51C5
:10B77C003B524A54FD56407A7791609DD29E447359
:10B78C00096F70811175FD5FDA60A89ADB72BC8F4E
:10B79C00646B0398CA4EF0566457BE585A5A686088
:10B7AC00C7610F6606663968B168F76DD5753A7D65
:10B7BC006E82429B9B4E504FC95306556F5DE65DA2
:10B7CC00EE5DFB67996C73740278508A9693DF88F0
:10B7DC005057A75E2B63B550AC508D510067C954C0
:10B7EC005E58BB59B05B695F4D62A1633D68736B7A
:10B7FC00086E7D70C7918072157826786D798E658C
:10B80C00307DDC83C188098F9B9664522857506722
:10B81C006A7FA18CB45142572A963A588A69B480EF
:10B82C00B2540E5DFC579578FA9D5C4F4A528B547E
:10B83C003E6428661467F567847A567B227D2F93C5
:10B84C005C68AD9B397B19538A513752DF5BF662CA
:10B85C00AE64E6642D67BA6BA985D1969076D69BBB
:10B86C004C630693AB9BBF765266094E9850C253FD
:10B87C00715CE860926463655F68E671CA732375F6
:10B88C00977B827E9586838BDB8C78911099AC6547
:10B89C00AB668B6BD54ED44E3A4F7F4F3A52F85322
:10B8AC00F253E355DB56EB58CB59C959FF59505B52
:10B8BC004D5C025E2B5ED75F1D6007632F655C5B82
:10B8CC00AF65BD65E8659D67626B7B6B0F6C4573FF
:10B8DC004979C179F87C197D2B7DA2800281F38195
:10B8EC0096895E8A698A668A8C8AEE8AC78CDC8C19
:10B8FC00CC96FC986F6B8B4E3C4F8D4F5051575BD9
:10B90C00FA5B486101634266216BCB6EBB6C3E7285
:10B91C00BD74D475C1783A790C803380EA819484F3
:10B92C009E8F506C7F9E0F5F588B2B9DFA7AF88EF2
:10B93C008D5BEB96034EF153F7573159C95AA45B03
:10B94C0089607F6E066FBE75EA8C9F5B0085E07B1D
:10B95C007250F4679D82615C4A851E7E0E829951FD
:10B96C00045C6863668D9C656E713E79177D0580FD
:10B97C001D8BCA8E6E90C786AA901F50FA523A5CE5
:10B98C0053677C7035724C91C8912B93E582C25BE6
:10B99C00315FF9603B4ED653885B4B6231678A6BE3
:10B9AC00E972E0732E7A6B81A38D529196991251A4
:10B9BC00D7536A54FF5B8863396AAC7D0097DA56BB
:10B9CC00CE536854975B315CDE5DEE4F0161FE62D5
:10B9DC00326DC079CB79427D4D7ED27FED811F8255
:10B9EC00908446887289908B748E2F8F31904B91F6
:10B9FC006C91C6969C91C04E4F4F45514153935FED
:10BA0C000E62D467416C0B6E6373267ECD9183926C
:10BA1C00D4531959BF5BD16D5D792E7E9B7C7E58BA
:10BA2C009F71FA515388F08FCA4FFB5C2566AC7737
:10BA3C00E37A1C82FF99C651AA5FEC656F69896B2A
:10BA4C00F36D966E646FFE76147DE15D7590879153
:10BA5C000698E6511D5240629166D9661A6EB65E22
:10BA6C00D27D727FF866AF85F785F88AA952D953D3
:10BA7C0073598F5E905F5560E4926496B7501F5176
:10BA8C00DD5220534753EC53E85446553155175665
:10BA9C006859BE593C5AB55B065C0F5C115C1A5C6C
:10BAAC00845E8A5EE05E705F7F628462DB628C63C0
:10BABC00776307660C662D6676667E67A2681F6ADA
:10BACC00356ABC6C886D096E586E3C712671677155
:10BADC00C77501775D7801796579F079E07A117B2A
:10BAEC00A77C397D9680D6838B8449855D88F388C5
:10BAFC001F8A3C8A548A738A618CDE8CA49166926C
:10BB0C007E9318949C9698970A4E084E1E4E574E4C
:10BB1C0097517052CE573458CC58225B385EC56062
:10BB2C00FE6461675667446DB6727375637AB88448
:10BB3C00728BB89120933156F457FE98ED620D69D3
:10BB4C00966BED71547E77807282E689DF9855870B
:10BB5C00B18F3B5C384FE14FB54F0755205ADD5B39
:10BB6C00E95BC35F4E612F63B0654B66EE689B6902
:10BB7C00786DF16D3375B9751F775E79E679337D24
:10BB8C00E381AF82AA85AA893A8AAB8E9B8F3290C9
:10BB9C00DD910797BA4EC14E03527558EC580B5CA9
:10BBAC001A753D5C4E810A8AC58F63966D97257B0D
:10BBBC00CF8A08986291F356A8531790395482573C
:10BBCC00255EA863346C8A7061778B7CE07F70880B
:10BBDC0042905491109318938F965E74C49A075D9B
:10BBEC00695D7065A267A88DDB966E6349671969FC
:10BBFC00C5831798C096FE88846F7A64F85B164EDE
:10BC0C002C705D752F66C4513652E252D359815F48
:10BC1C00276010623F6574651F667466F26816686B
:10BC2C00636B056E72721F75DB76BE7C5680F058A6
:10BC3C00FD887F89A08A938ACB8A1D909291529716
:10BC4C00599789650E7A0681BB962D5EDC601A6267
:10BC5C00A56514669067F3774D7A4D7C3E7E0A811C
:10BC6C00AC8C648DE18D5F8EA9780752D962A56387
:10BC7C00426498622D8A837AC07BAC8AEA96767D80
:10BC8C000C824987D94E485143536053A35B025CE5
:10BC9C00165CDD5D26624762B06413683468C96C5B
:10BCAC00456D176DD3675C6F4E717D71CB657F7A77
:10BCBC00AD7BDA7D4A7EA87F7A811B823982A6858C
:10BCCC006E8ACE8CF58D78907790AD92919283950B
:10BCDC00AE9B4D528455386F367168518579557EBF
:10BCEC00B381CE7C4C565158A85CAA63FE66FD66A7
:10BCFC005A69D9728F758E750E795679DF79977C62
:10BD0C00207D447D0786348A3B966190209FE750C6
:10BD1C007552CC53E2530950AA55EE584F593D7207
:10BD2C008B5B645C1D53E360F3605C6383633F6314
:10BD3C00BB63CD64E965F966E35DCD69FD69156F9B
:10BD4C00E571894EE975F876937ADF7CCF7D9C7D21
:10BD5C006180498358836C84BC84FB85C588708D55
:10BD6C0001906D9097931C97129ACF5097588E61B3
:10BD7C00D3813585088D2090C34F7450475273532F
:10BD8C006F6049635F672C6EB38D1F90D74F5E5CFD
:10BD9C00CA8CCF659A7D525396887651C363585B93
:10BDAC006B5B0A5C0D6451675C90D64E1A592A592C
:10BDBC00706C518A3E551558A559F0605362C16795
:10BDCC00358255694096C499289A534F0658FE5BA4
:10BDDC001080B15C2F5E855F20604B613462FF6622
:10BDEC00F06CDE6ECE807F81D4828B88B88C009014
:10BDFC002E908A96DB9EDB9BE34EF05327592C7BCF
:10BE0C008D914C98F99DDD6E277053534455855B8D
:10BE1C0058629E62D362A26CEF6F2274178A3894B8
:10BE2C00C16FFE8A3883E751F886EA53E953464FCF
:10BE3C005490B08F6A593181FD5DEA7ABF8FDA6810
:10BE4C00378CF872489C3D6AB08A394E5853065666
:10BE5C006657C562A263E6654E6BE16D5B6EAD70B5
:10BE6C00ED77EF7AAA7BBB7D3D80C680CB86958A29
:10BE7C005B93E356C7583E5FAD659666806AB56BBB
:10BE8C003775C78A2450E57730571B5F65607A6633
:10BE9C00606CF4751A7A6E7FF48118874590B399AB
:10BEAC00C97B5C75F97A517BC4841090E979927ADC
:10BEBC003683E15A40772D4EF24E995BE05FBD62BE
:10BECC003C66F167E86C6B8677883B8A4E91F392FF
:10BEDC00D099176A26702A73E7825784AF8C014E6B
:10BEEC004651CB518B55F55B165E335E815E145F0C
:10BEFC00355F6B5FB45FF2611163A2661D676E6F95
:10BF0C0052723A753A777480398178817687BF8A14
:10BF1C00DC8A858DF38D9A9277950298E59CC552B3
:10BF2C005763F4761567886CCD73C38CAE93739698
:10BF3C00256D9C580E69CC69FD8F9A93DB751A9010
:10BF4C005A580268B463FB69434F2C6FD867BB8F98
:10BF5C002685B47D54933F69706F6A57F7582C5BF4
:10BF6C002C7D2A720A54E391B49DAD4E4E4F5C5019
:10BF7C00755043529E8C485424589A5B1D5E955EB6
:10BF8C00AD5EF75E1F5F8C60B5623A63D063AF68DD
:10BF9C00406C87788E790B7AE07D4782028AE68A3C
:10BFAC00448E1390B8902D91D8910E9FE56C5864E7
:10BFBC00E2647565F46E84761B7B6990D193BA6EDE
:10BFCC00F254B95FA4644D8FED8F449278516B5845
:10BFDC002959555C975EFB6D8F7E1C75BC8CE28E6F
:10BFEC005B98B9701D4FBF6BB16F3075FB964E519E
:10BFFC00105435585758AC59605C925F97655C6724
:10C00C00216E7B76DF83ED8C1490FD904D9325781B
:10C01C003A78AA52A65E1F577459126012505A51A0
:10C02C00AC51CD5100521055545858585759955B36
:10C03C00F65C8B5DBC6095622D6471674368BC686F
:10C04C00DF68D776D86D6F6E9B6D6F70C871535F5C
:10C05C00D8757779497B547B527BD67C717D305275
:10C06C0063846985E4850E8A048B468C0F8E03905D
:10C07C000F90199476962D98309AD895CD50D5521C
:10C08C000C5402580E5CA7619E641E6DB377E57A62
:10C09C00F480048453908592E05C079D3F53975F36
:10C0AC00B35F9C6D79726377BF79E47BD26BEC7272
:10C0BC00AD8A0368616AF851817A34694A5CF69CEE
:10C0CC00EB82C55B49911E7078566F5CC7606665E4
:10C0DC008C6C5A8C419013985154C7660D924859E8
:10C0EC00A39085514D4EEA5199850E8B58707A6309
:10C0FC004B936269B499047E777557536069DF8EF0
:10C10C00E3965D6C8C4E3C5C105FE98F0253D18CD6
:10C11C0089807986FF5EE565734E655182593F5C77
:10C12C00EE97FB4E8A59CD5F8D8AE16FB0796279BB
:10C13C00E75B71842B73B171745EF55F7B639A64FA
:10C14C00C371987C434EFC5E4B4EDC57A256A960E3
:10C15C00C36F0D7DFD803381BF81B28F9789A4861B
:10C16C00F45D8A62AD6487897767E26C3E6D3674E4
:10C17C003478465A757FAD82AC99F34FC35EDD625D
:10C18C00926357656F67C3764C72CC80BA80298FE7
:10C19C004D910D50F957925A856873696471FD720F
:10C1AC00B78CF258E08C6A9619907F87E479E77720
:10C1BC0029842F4F65525A53CD62CF67CA6C7D7656
:10C1CC00947B957C36828485EB8FDD66206F0672BE
:10C1DC001B7EAB83C199A69EFD51B17B7278B87B57
:10C1EC008780487BE86A615E8C80517560756B5105
:10C1FC0062928C6E7A769791EA9A104F707F9C625D
:10C20C004F7BA595E99C7A565958E486BC96344FD9
:10C21C0024524A53CD53DB53065E2C6491657F67E1
:10C22C003E6C4E6C4872AF72ED735475417E2C822D
:10C23C00E985A98CC47BC69169711298EF983D630E
:10C24C0069666A75E476D0784385EE862A53515335
:10C25C0026548359875E7C5FB26049627962AB6217
:10C26C009065D46BCC6CB275AE769178D879CB7D69
:10C27C00777FA580AB88B98ABB8C7F905E97DB9863
:10C28C000B6A387C99503E5CAE5F8767D86B35740F
:10C29C0009778E7F3B9FCA67177A39538B75ED9A56
:10C2AC00665F9D81F18398803C5FC55F6275467BBC
:10C2BC003C906768EB599B5A107D7E762C8BF54F22
:10C2CC006A5F196A376C026FE27468796888558AFC
:10C2DC00798CDF5ECF63C575D279D7822893F292C1
:10C2EC009C84ED862D9CC1546C5F8C655C6D1570C7
:10C2FC00A78CD38C3B984F65F6740D4ED84EE057F7
:10C30C002B59665ACC5BA851035E9C5E1660766214
:10C31C007765A7656E666E6D3672267B50819A8145
:10C32C0099825C8BA08CE68C748D1C964496AE4FD7
:10C33C00AB64666B1E8261846A85E890015C53690C
:10C34C00A8987A8457850F4F6F52A95F455E0D6789
:10C35C008F79798107898689F56D175F5562B86C7D
:10C36C00CF4E6972929B06523B547456B358A461DB
:10C37C006E621A716E59897CDE7C1B7DF096876526
:10C38C005E80194E754F75514058635E735E0A5F3F
:10C39C00C467264E3D8589955B96737C0198FB504E
:10C3AC00C1585676A7782552A5771185867B4F50B4
:10C3BC0009594772C77BE87DBA8FD48F4D90BF4F18
:10C3CC00C952295A015FAD97DD4F1782EA92035784
:10C3DC005563696B2B75DC88148F427ADF52935846
:10C3EC0055610A62AE66CD6B3F7CE9832350F84FF2
:10C3FC0005534654315849599D5BF05CEF5C295DFF
:10C40C00965EB16267633E65B9650B67D56CE16C8E
:10C41C00F97032782B7EDE80B3820C84EC84028738
:10C42C0012892A8A4A8CA690D292FD98F39C6C9D14
:10C43C004F4EA14E8D5056524A57A8593D5ED85F6B
:10C44C00D95F3F62B4661B67D067D2689251217D79
:10C45C00AA80A881008B8C8CBF8C7E923296205443
:10C46C002C981753D5505C53A858B2643467677234
:10C47C006677467AE691C352A16C866B00584C5E87
:10C48C0054592C67FB7FE151C6766964E878549B5C
:10C49C00BB9ECB57B95927669A67CE6BE954D969BD
:10C4AC00555E9C819567AA9BFE67529C5D68A64E63
:10C4BC00E34FC853B9622B67AB6CC48FAD4F6D7E25
:10C4CC00BF9E074E6261806E2B6F138573542A6773
:10C4DC00459BF35D957BAC5CC65B1C874A6ED18437
:10C4EC00147A088199598D7C116C2077D952225974
:10C4FC0021715F72DB772797619D0B697F5A185A00
:10C50C00A5510D547D540E66DF76F78F9892F49CEE
:10C51C00EA595D72C56E4D51C968BF7DEC7D62975D
:10C52C00BA9E7864216A028384595F5BDB6B1B7350
:10C53C00F276B27D1780998432512867D99EEE76B7
:10C54C006267FF520599245C3B627E7CB08C4F5530
:10C55C00B6600B7D809501535F4EB6511C593A72F3
:10C56C003680CE91255FE2778453795F047DAC856C
:10C57C00338A8D8E5697F367AE85539409610861A3
:10C58C00B96C5276ED8A388F2F55514F2A51C752BC
:10C59C00CB53A55B7D5EA0608261D6630967DA67C9
:10C5AC00676E8C6D3673377331755079D588988A70
:10C5BC004A909190F590C4968D871559884E594F95
:10C5CC000E4E898A3F8F1098AD507C5E9659B95BA0
:10C5DC00B85EDA63FA63C164DC664A69D8690B6DCC
:10C5EC00B66E94712875AF7A8A7F00804984C984AD
:10C5FC008189218B0A8E65907D960A997E61916264
:10C60C00326B836C746DCC7FFC7FC06D857FBA8779
:10C61C00F8886567B1833C98F7961B6D617D3D8406
:10C62C006A91714E7553505D046BEB6FCD852D8601
:10C63C00A78929520F54655C4E67A86806748374E9
:10C64C00E275CF88E188CC91E29678968B5F877300
:10C65C00CB7A4E84A06365758952416D9C6E0974CA
:10C66C0059756B78927C8696DC7A8D9FB64F6E618D
:10C67C00C5655C86864EAE4EDA50214ECC51EE5BD3
:10C68C0099658168BC6D1F734276AD771C7AE77C27
:10C69C006F82D28A7C90CF91759618989B52D17DDF
:10C6AC002B5098539767CB6DD0713374E8812A8FD8
:10C6BC00A396579C9F9E60744158996D2F7D5E98F0
:10C6CC00E44E364F8B4FB751B152BA5D1C60B2730A
:10C6DC003C79D3823492B796F6960A97979E629FCE
:10C6EC00A666746B1752A352C870C288C95E4B60A1
:10C6FC009061236F49713E7CF47D6F80EE842390B2
:10C70C002C9342546F9BD36A8970C28CEF8D3297F5
:10C71C00B452415ACA5E045F17677C6994696A6DAA
:10C72C000F6F6272FC72ED7B01807E804B87CE9026
:10C73C006D51939E84798B803293D68A2D508C5474
:10C74C00718A6A6BC48C0781D160A067F29D994E87
:10C75C00984E109C6B8AC185688500697E6E9778AF
:10C76C00558100000A0001000200030004000500CE
:10C77C0006000700080009000A000B000C000D0061
:10C78C000E000F0010000000202020202020202070
:10C79C00202020202020202020202020202020208D
:10C7AC002020202020202020000000001F001C2022
:10C7BC0000000000142100000200162400000000FC
:10C7CC0014250000020015280000000011290000AB
:10C7DC000000142A00000000182B00000000142C8C
:10C7EC0000000000102D00000000142E00000100BD
:10C7FC000C3000000900143A00000100183C000045
:10C80C000200143F00000100034100001900155BF9
:10C81C0000000000145C00000000115D000000002E
:10C82C00175E000000000F5F0000000017600000A2
:10C83C000000036100001900157B00000000187C4B
:10C84C0000000000117D00000000187E00000000B8
:10C85C00007F000020001CA00000000014A10000BC
:10C86C00000016A20000030019A60000000014A787
:10C87C000000000017A80000000019A9000000002B
:10C88C0006AA0000000013AB0000000018AC00006A
:10C89C00000001AD0000000019AE0000000017AF51
:10C8AC000000000019B00000000018B100000000EA
:10C8BC000EB20000010017B40000000003B5000028
:10C8CC00000014B60000010017B8000000000EB9FB
:10C8DC000000000006BA0000000012BB00000000BF
:10C8EC000EBC0000020014BF0000000003C00000DA
:10C8FC00160018D70000000003D80000060004DF63
:10C90C000000000003E00000160018F70000000013
:10C91C0003F800003F000438010000000339010057
:10C92C000F00044901000000034A01004200048D7D
:10C93C0001000000038E01000C00049B01000000AC
:10C94C00039C01000D0004AA0100010003AC0100CE
:10C95C000D0004BA0100000006BB0100000003BC7E
:10C96C000100010004BE0100000003BF0100000033
:10C97C0006C00100030003C40100000007C501004C
:10C98C00000003C60100010007C80100000003C934
:10C99C000100010007CB0100000003CC01002300C3
:10C9AC0004F00100000003F10100000007F2010097
:10C9BC00000003F301002D000421020000000322FB
:10C9CC0002001100043402000500033A02001A00B0
:10C9DC000455020000000356020001000458020036
:10C9EC000000035902000000045A02000000035B1F
:10C9FC0002000100045D020002000360020001005D
:10CA0C0004620200000003630200000004640200E0
:10CA1C0000000365020001000467020000000368C7
:10CA2C0002000400046D02000100036F020000000C
:10CA3C000470020000000371020001000473020084
:10CA4C000100037502000000047602000600037D5D
:10CA5C0002000000047E02000100038002000000BE
:10CA6C000481020000000382020001000484020021
:10CA7C000200038702000500048D020004000392EB
:10CA8C000200000004930200000006940200000063
:10CA9C00049502000700039D02000100049F0200A0
:10CAAC00100005B00200110017C20200030005C6F9
:10CABC0002000B0017D202000D0005E0020004007A
:10CACC0017E50200060005EC0200000017ED02005D
:10CADC00000005EE0200000017EF020010000B0032
:10CAEC0003006F00037003000300057403000000D3
:10CAFC00177503000000037603000100057A03009C
:10CB0C000000037B03000200147E03000000037F7F
:10CB1C0003000000178403000100038603000000DB
:10CB2C00148703000000038803000200038C030039
:10CB3C000000038E03000100049003000000039129
:10CB4C000300100003A303000C0004B0030000005A
:10CB5C0003B10300200008D20300020003D5030038
:10CB6C00200018F60300000003F70300040004FC87
:10CB7C000300000003FD0300840019820400000080
:10CB8C000B83040004000A8804000100038A0400DB
:10CB9C00A500033105002500055905000000145AB5
:10CBAC000500050004600500000003610500250078
:10CBBC00048705000100148905000000108A050097
:10CBCC000000198D05000100168F050000000B9167
:10CBDC0005002C0010BE050000000BBF0500000076
:10CBEC0014C0050000000BC10500010014C30500B2
:10CBFC0000000BC40500010014C6050000000BC7A3
:10CC0C000500000006D005001A0006EF0500030021
:10CC1C0014F30500010001000600050018060600CB
:10CC2C000200140906000100160B06000000140C8B
:10CC3C0006000100190E060001000B1006000A0088
:10CC4C00141B06000000011C06000000141D060049
:10CC5C000200062006001F000540060000000641E9
:10CC6C00060009000B4B060014000C6006000900BE
:10CC7C00146A06000300066E060001000B70060025
:10CC8C00000006710600620014D40600000006D5F0
:10CC9C00060000000BD60600060001DD06000000B1
:10CCAC0019DE060000000BDF0600050005E5060096
:10CCBC0001000BE70600010019E9060000000BEA71
:10CCCC000600030006EE060001000CF00600090049
:10CCDC0006FA0600020019FD0600010006FF060018
:10CCEC000000140007000D00010F070000000610E3
:10CCFC00070000000B1107000000061207001D00C2
:10CD0C000B3007001A00064D070058000BA6070051
:10CD1C000A0006B1070000000CC00700090006CA93
:10CD2C00070020000BEB0700080005F407000100CA
:10CD3C0019F60700000014F70700020005FA0700B7
:10CD4C0000000BFD0700000016FE070001000600A6
:10CD5C00080015000B1608000300051A0800000057
:10CD6C000B1B080008000524080000000B25080018
:10CD7C0002000528080000000B29080004001430EC
:10CD8C0008000E000640080018000B5908000200AD
:10CD9C00145E08000000066008000A000670080017
:10CDAC00170017880800000006890800050001908C
:10CDBC00080001000B980800070006A008002800D6
:10CDCC0005C9080000000BCA0800170001E20800A2
:10CDDC0000000BE308001F00090309000000060413
:10CDEC00090035000B3A09000000093B090000005E
:10CDFC000B3C09000000063D09000000093E09003B
:10CE0C0002000B41090007000949090003000B4D02
:10CE1C0009000000094E090001000650090000003D
:10CE2C000B51090006000658090009000B620900A5
:10CE3C0001001464090001000C660900090014705B
:10CE4C0009000000057109000000067209000E00BF
:10CE5C000B81090000000982090001000685090008
:10CE6C000700068F0900010006930900150006AAA9
:10CE7C000900060006B20900000006B6090003000E
:10CE8C000BBC0900000006BD0900000009BE09002A
:10CE9C0002000BC10900030009C70900010009CBFE
:10CEAC00090001000BCD0900000006CE09000000AE
:10CEBC0009D70900000006DC0900010006DF0900A3
:10CECC0002000BE2090001000CE60900090006F063
:10CEDC000900010016F2090001000EF4090005001A
:10CEEC0019FA0900000016FB0900000006FC0900F5
:10CEFC00000014FD090000000BFE090000000B01EE
:10CF0C000A00010009030A00000006050A000500DA
:10CF1C00060F0A00010006130A001500062A0A0073
:10CF2C00060006320A00010006350A000100063828
:10CF3C000A0001000B3C0A000000093E0A00020036
:10CF4C000B410A0001000B470A0001000B4B0A00C1
:10CF5C0002000B510A00000006590A000300065E8D
:10CF6C000A0000000C660A0009000B700A000100A0
:10CF7C0006720A0002000B750A00000014760A0003
:10CF8C0000000B810A00010009830A0000000685DD
:10CF9C000A000800068F0A00020006930A0015001A
:10CFAC0006AA0A00060006B20A00010006B50A002D
:10CFBC0004000BBC0A00000006BD0A00000009BEFC
:10CFCC000A0002000BC10A0004000BC70A00010092
:10CFDC0009C90A00000009CB0A0001000BCD0A00A8
:10CFEC00000006D00A00000006E00A0001000BE277
:10CFFC000A0001000CE60A00090014F00A00000007
:10D00C0016F10A00000006F90A0000000BFA0A00EB
:10D01C0005000B010B00000009020B0001000605C6
:10D02C000B000700060F0B00010006130B00150088
:10D03C00062A0B00060006320B00010006350B0019
:10D04C0004000B3C0B000000063D0B000000093EE9
:10D05C000B0000000B3F0B00000009400B00000010
:10D06C000B410B00030009470B000100094B0B009F
:10D07C0001000B4D0B0000000B550B000100095774
:10D08C000B000000065C0B000100065F0B000200A9
:10D09C000B620B0001000C660B00090019700B00F1
:10D0AC00000006710B0000000E720B0005000B82D5
:10D0BC000B00000006830B00000006850B0005002A
:10D0CC00068E0B00020006920B00030006990B0063
:10D0DC000100069C0B000000069E0B00010006A33D
:10D0EC000B00010006A80B00020006AE0B000B00A3
:10D0FC0009BE0B0001000BC00B00000009C10B00A6
:10D10C00010009C60B00020009CA0B0002000BCD7E
:10D11C000B00000006D00B00000009D70B0000002C
:10D12C000CE60B0009000EF00B00020019F30B00CB
:10D13C00050016F90B00000019FA0B0000000B009B
:10D14C000C00000009010C0002000B040C00000094
:10D15C0006050C000700060E0C00020006120C005F
:10D16C001600062A0C000F000B3C0C000000063DBC
:10D17C000C0000000B3E0C00020009410C000300E7
:10D18C000B460C0002000B4A0C0003000B550C0064
:10D19C00010006580C000200065D0C000000066041
:10D1AC000C0001000B620C0001000C660C00090065
:10D1BC0014770C0000000E780C000600197F0C0090
:10D1CC00000006800C0000000B810C00000009829E
:10D1DC000C00010014840C00000006850C000700F4
:10D1EC00068E0C00020006920C00160006AA0C001B
:10D1FC00090006B50C0004000BBC0C00000006BDB9
:10D20C000C00000009BE0C0000000BBF0C0000005D
:10D21C0009C00C0004000BC60C00000009C70C0070
:10D22C00010009CA0C0001000BCC0C00010009D54F
:10D23C000C00010006DD0C00010006E00C000100F2
:10D24C000BE20C0001000CE60C00090006F10C00CE
:10D25C0001000B000D00010009020D000100060485
:10D26C000D000800060E0D00020006120D0028002D
:10D27C000B3B0D000100063D0D000000093E0D00AA
:10D28C0002000B410D00030009460D000200094A83
:10D29C000D0002000B4D0D000000064E0D000000AD
:10D2AC00194F0D00000006540D00020009570D0027
:10D2BC0000000E580D000600065F0D0002000B6208
:10D2CC000D0001000C660D0009000E700D00080029
:10D2DC0019790D000000067A0D0005000B810D0078
:10D2EC00000009820D00010006850D001100069A50
:10D2FC000D00170006B30D00080006BD0D00000060
:10D30C0006C00D0006000BCA0D00000009CF0D0071
:10D31C0002000BD20D0002000BD60D00000009D844
:10D32C000D0007000CE60D00090009F20D000100CC
:10D33C0014F40D00000006010E002F000B310E003E
:10D34C00000006320E0001000B340E000600163FE2
:10D35C000E00000006400E00050005460E00000001
:10D36C000B470E000700144F0E0000000C500E006F
:10D37C000900145A0E00010006810E0001000684FB
:10D38C000E00000006860E000400068C0E0017002E
:10D39C0006A50E00000006A70E0009000BB10E003A
:10D3AC00000006B20E0001000BB40E00080006BD12
:10D3BC000E00000006C00E00040005C60E000000A2
:10D3CC000BC80E0005000CD00E00090006DC0E0088
:10D3DC00030006000F00000019010F0002001404E6
:10D3EC000F000E0019130F00000014140F000000A2
:10D3FC0019150F0002000B180F000100191A0F006D
:10D40C0005000C200F0009000E2A0F00090019342A
:10D41C000F0000000B350F00000019360F00000044
:10D42C000B370F00000019380F0000000B390F00EC
:10D43C000000153A0F000000113B0F000000153CD6
:10D44C000F000000113D0F000000093E0F0001000D
:10D45C0006400F00070006490F0023000B710F0058
:10D46C000D00097F0F0000000B800F0004001485D5
:10D47C000F0000000B860F00010006880F0004004F
:10D48C000B8D0F000A000B990F00230019BE0F0023
:10D49C0007000BC60F00000019C70F00050019CEBE
:10D4AC000F00010014D00F00040019D50F00030069
:10D4BC0014D90F000100060010002A00092B1000DF
:10D4CC0001000B2D100003000931100000000B327D
:10D4DC00100005000938100000000B391000010085
:10D4EC00093B100001000B3D10000100063F10002D
:10D4FC0000000C4010000900144A100005000650F2
:10D50C00100005000956100001000B581000010016
:10D51C00065A100003000B5E10000200066110009A
:10D52C000000096210000200066510000100096786
:10D53C0010000600066E100002000B7110000300B4
:10D54C00067510000C000B821000000009831000FF
:10D55C0001000B85100001000987100005000B8DE0
:10D56C0010000000068E10000000098F1000000053
:10D57C000C9010000900099A100002000B9D10007D
:10D58C000000199E1000010003A01000250003C725
:10D59C001000000003CD1000000003D010002A0082
:10D5AC0014FB1000000005FC1000000003FD10002F
:10D5BC000200060011004801064A12000300065042
:10D5CC0012000600065812000000065A1200030052
:10D5DC00066012002800068A120003000690120052
:10D5EC00200006B21200030006B81200060006C0A6
:10D5FC001200000006C21200030006C812000E0042
:10D60C0006D8120038000612130003000618130087
:10D61C0042000B5D130002001460130008000E6939
:10D62C0013001300068013000F001990130009005B
:10D63C0003A01300550003F813000500100014009C
:10D64C000000060114006B02196D16000000146E28
:10D65C0016000000066F160010001C80160000005B
:10D66C00068116001900159B16000000119C16006F
:10D67C00000006A016004A0014EB160002000DEE86
:10D68C001600020006F11600070006001700110034
:10D69C000B1217000200091517000000061F1700D7
:10D6AC0012000B321700010009341700000014356A
:10D6BC00170001000640170011000B521700010063
:10D6CC00066017000C00066E170002000B721700A4
:10D6DC0001000680170033000BB41700010009B6D7
:10D6EC00170000000BB71700060009BE1700070053
:10D6FC000BC61700000009C7170001000BC9170063
:10D70C000A0014D41700020005D71700000014D823
:10D71C001700020016DB1700000006DC17000000E3
:10D72C000BDD170000000CE0170009000EF01700CD
:10D73C00090014001800050010061800000014075A
:10D74C00180003000B0B18000200010E180000005B
:10D75C000B0F180000000C10180009000620180010
:10D76C00220005431800000006441800340006800F
:10D77C00180004000B851800010006871800210012
:10D78C000BA91800000006AA1800000006B018002B
:10D79C004500060019001E000B2019000200092389
:10D7AC00190003000B2719000100092919000200B8
:10D7BC000930190001000B3219000000093319005F
:10D7CC0005000B391900020019401900000014441F
:10D7DC00190001000C4619000900065019001D0023
:10D7EC00067019000400068019002B0006B0190001
:10D7FC0019000CD0190009000EDA1900000019DE0E
:10D80C001900210006001A0016000B171A0001005F
:10D81C0009191A0001000B1B1A000000141E1A0033
:10D82C00010006201A00340009551A0000000B569E
:10D83C001A00000009571A0000000B581A000600C5
:10D84C000B601A00000009611A0000000B621A003C
:10D85C00000009631A0001000B651A000700096D2E
:10D86C001A0005000B731A0009000B7F1A00000048
:10D87C000C801A0009000C901A00090014A01A0060
:10D88C00060005A71A00000014A81A0005000BB02A
:10D89C001A000D000ABE1A0000000BBF1A000F0080
:10D8AC000B001B00030009041B00000006051B00F5
:10D8BC002E000B341B00000009351B0000000B363A
:10D8CC001B000400093B1B0000000B3C1B0000006C
:10D8DC00093D1B0004000B421B00000009431B0008
:10D8EC00010006451B0007000C501B000900145AD0
:10D8FC001B00060019611B0009000B6B1B000800C4
:10D90C0019741B000800147D1B0001000B801B0008
:10D91C00010009821B00000006831B001D0009A1E9
:10D92C001B0000000BA21B00030009A61B0001003A
:10D93C000BA81B00010009AA1B0000000BAB1B006D
:10D94C00020006AE1B0001000CB01B00090006BA59
:10D95C001B002B000BE61B00000009E71B0000005E
:10D96C000BE81B00010009EA1B0002000BED1B0079
:10D97C00000009EE1B0000000BEF1B00020009F277
:10D98C001B00010014FC1B00030006001C002300FC
:10D99C0009241C0007000B2C1C00070009341C0078
:10D9AC0001000B361C000100143B1C0004000C4051
:10D9BC001C000900064D1C0002000C501C00090044
:10D9CC00065A1C001D0005781C000500147E1C0066
:10D9DC00010003801C00080003901C002A0003BDFA
:10D9EC001C00020014C01C0007000BD01C0002001D
:10D9FC0014D31C0000000BD41C000C0009E11C000B
:10DA0C0000000BE21C00060006E91C0003000BEDF5
:10DA1C001C00000006EE1C0005000BF41C000000AE
:10DA2C0006F51C00010009F71C0000000BF81C0097
:10DA3C00010006FA1C00000004001D002B00052C40
:10DA4C001D003E00046B1D000C0005781D0000003D
:10DA5C0003791D000000047A1D000200037D1D00E7
:10DA6C000000047E1D000F00038E1D000000048FBB
:10DA7C001D000B00059B1D0024000BC01D003F006A
:10DA8C0003001E00950004961E000400039B1E005C
:10DA9C000000049C1E000100039E1E000000049F59
:10DAAC001E00000003A01E00750003181F000500D7
:10DABC0003201F00250003481F00050004501F0011
:10DACC00000003511F00000004521F00000003530C
:10DADC001F00000004541F00000003551F0000002D
:10DAEC0004561F00000003571F00000003591F00BD
:10DAFC000000035B1F000000035D1F000000035FBC
:10DB0C001F001E0003801F00070007881F0007006E
:10DB1C0003901F00070007981F00070003A01F00B9
:10DB2C00070007A81F00070003B01F00010004B284
:10DB3C001F00000003B31F00000004B41F0000000E
:10DB4C0004B61F00010003B81F00030007BC1F0030
:10DB5C00000017BD1F00000003BE1F00000017BF10
:10DB6C001F00020004C21F00000003C31F000000BE
:10DB7C0004C41F00000004C61F00010003C81F00DE
:10DB8C00030007CC1F00000017CD1F00020003D0BC
:10DB9C001F00010004D21F00010004D61F00010069
:10DBAC0003D81F00030017DD1F00020003E01F0055
:10DBBC00010004E21F00020003E51F00000004E660
:10DBCC001F00010003E81F00040017ED1F000200F6
:10DBDC0004F21F00000003F31F00000004F41F00F8
:10DBEC00000004F61F00010003F81F00030007FCEF
:10DBFC001F00000017FD1F0001001C0020000A0080
:10DC0C00010B200004001010200005001416200049
:10DC1C000100131820000000121920000000151A32
:10DC2C0020000000131B20000100121D200000002A
:10DC3C00151E20000000131F2000000014202000DF
:10DC4C0007001A28200000001B2920000000012AD0
:10DC5C00200004001C2F20000000143020000800BD
:10DC6C00133920000000123A20000000143B200061
:10DC7C0003000F3F20000100144120000200184453
:10DC8C002000000015452000000011462000000077
:10DC9C00144720000A0018522000000014532000E2
:10DCAC0000000F54200000001455200009001C5FD8
:10DCBC002000000001602000040001662000090023
:10DCCC000E70200000000571200000000E74200072
:10DCDC000500187A20000200157D20000000117E3E
:10DCEC0020000000057F200000000E8020000900AD
:10DCFC00188A20000200158D20000000118E2000D3
:10DD0C000000059020000C0016A0200020000BD075
:10DD1C0020000C000ADD200003000BE120000000B5
:10DD2C000AE2200002000BE520000B001900210084
:10DD3C00010008022100000019032100030008075C
:10DD4C0021000000190821000100040A2100000034
:10DD5C00080B21000200040E210001000810210014
:10DD6C000200041321000000191421000000081502
:10DD7C0021000000191621000100181821000000D4
:10DD8C00081921000400191E210005000824210097
:10DD9C00000019252100000003262100000019278E
:10DDAC002100000008282100000019292100000092
:10DDBC00032A21000100082C21000100192E21004A
:10DDCC000000042F21000000083021000100033264
:10DDDC002100000008332100000004342100000061
:10DDEC00063521000300043921000000193A2100F6
:10DDFC000100043C21000100083E210001001840F4
:10DE0C002100040008452100000004462100030005
:10DE1C00194A21000000184B21000000194C210068
:10DE2C000100034E21000000194F210000000E508C
:10DE3C0021000F000D60210022000383210001004E
:10DE4C000D85210003000E8921000000198A210094
:10DE5C000100189021000400199521000400189A63
:10DE6C0021000100199C2100030018A021000000D2
:10DE7C0019A12100010018A32100000019A4210000
:10DE8C00010018A62100000019A72100060018AEF9
:10DE9C002100000019AF21001E0018CE2100010046
:10DEAC0019D02100010018D22100000019D3210043
:10DEBC00000018D42100000019D521001E0018F410
:10DECC0021000B0119002300070015082300000096
:10DEDC00110923000000150A23000000110B230078
:10DEEC000000190C23001300182023000100192234
:10DEFC0023000600152923000000112A230000002E
:10DF0C00192B23005000187C23000000197D2300DE
:10DF1C001D00189B2300180019B42300270018DCDF
:10DF2C002300050019E223004400194024000A00D4
:10DF3C000E6024003B00199C24004D000EEA2400C6
:10DF4C00150019002500B60018B72500000019B8F7
:10DF5C002500080018C12500000019C22500350055
:10DF6C0018F825000700190026006E00186F26000F
:10DF7C00000019702600F7001568270000001169D1
:10DF8C0027000000156A27000000116B2700000015
:10DF9C00156C27000000116D27000000156E27007E
:10DFAC000000116F27000000157027000000117190
:10DFBC0027000000157227000000117327000000D5
:10DFCC001574270000001175270000000E7627003D
:10DFDC001D00199427002B0018C02700040015C53C
:10DFEC002700000011C62700000018C727001E00DC
:10DFFC0015E62700000011E72700000015E82700B0
:10E00C00000011E92700000015EA2700000011EBC1
:10E01C002700000015EC2700000011ED2700000080
:10E02C0015EE2700000011EF2700000018F0270064
:10E03C000F0019002800FF0018002900820015832A
:10E04C00290000001184290000001585290000001A
:10E05C00118629000000158729000000118829006D
:10E06C000000158929000000118A29000000158B79
:10E07C0029000000118C29000000158D29000000DA
:10E08C00118E29000000158F290000001190290025
:10E09C000000159129000000119229000000159331
:10E0AC00290000001194290000001595290000009A
:10E0BC0011962900000015972900000011982900DD
:10E0CC000000189929003E0015D82900000011D92C
:10E0DC002900000015DA2900000011DB29000000DE
:10E0EC0018DC29001F0015FC2900000011FD290077
:10E0FC00000018FE2900010119002B002F00183018
:10E10C002B00140019452B00010018472B000500AB
:10E11C00194D2B00260019762B001F0019972B0088
:10E12C00680003002C00700004712C0000000372C6
:10E13C002C00010004742C00000003752C0001005D
:10E14C0004772C000400057C2C000100037E2C00BD
:10E15C00650004E42C00000019E52C00050003EB1D
:10E16C002C0003000BEF2C00020003F22C0001002A
:10E17C0014F92C0003000EFD2C00000014FE2C00E2
:10E18C00010003002D00250003272D000000032DA6
:10E19C002D00000006302D003700056F2D0000000B
:10E1AC0014702D0000000B7F2D00000006802D0048
:10E1BC00160006A02D00060006A82D00060006B0CD
:10E1CC002D00060006B82D00060006C02D00060026
:10E1DC0006C82D00060006D02D00060006D82D001E
:10E1EC0006000BE02D001F0014002E00010013028E
:10E1FC002E00000012032E00000013042E0000005D
:10E20C0012052E00000014062E00020013092E0029
:10E21C000000120A2E000000140B2E000000130C3C
:10E22C002E000000120D2E000000140E2E0008000F
:10E23C0010172E00000014182E000100101A2E00CA
:10E24C000000141B2E000000131C2E000000121DD9
:10E25C002E000000141E2E00010013202E000000C2
:10E26C0012212E00000015222E00000011232E007A
:10E27C00000015242E00000011252E00000015268C
:10E28C002E00000011272E00000015282E00000083
:10E29C0011292E000000142A2E000400052F2E0038
:10E2AC00000014302E000900103A2E000100143C1E
:10E2BC002E00030010402E00000014412E00000020
:10E2CC0015422E00000014432E000C0019502E0095
:10E2DC00010014522E00020015552E00000011569C
:10E2EC002E00000015572E00000011582E000000C3
:10E2FC0015592E000000115A2E000000155B2E003F
:10E30C000000115C2E000000105D2E000000198032
:10E31C002E001900199B2E00580019002F00D50053
:10E32C0019F02F000B001C0030000000140130000D
:10E33C00020019043000000005053000000006063C
:10E34C00300000000D073000000015083000000000
:10E35C00110930000000150A30000000110B3000CC
:10E36C000000150C30000000110D30000000150EDF
:10E37C0030000000110F30000000151030000000BC
:10E38C00111130000000191230000100151430007A
:10E39C000000111530000000151630000000111798
:10E3AC00300000001518300000001119300000007A
:10E3BC00151A30000000111B30000000101C30003A
:10E3CC000000151D30000000111E30000100192046
:10E3DC00300000000D21300008000B2A3000030033
:10E3EC00092E3000010010303000000005313000E3
:10E3FC0004001936300001000D3830000200053BD6
:10E40C0030000000063C30000000143D30000000DD
:10E41C00193E300001000641300055000B993000C8
:10E42C000100179B30000100059D30000100069F84
:10E43C003000000010A03000000006A13000590090
:10E44C0014FB3000000005FC3000020006FF300019
:10E45C000000060531002A00063131005D001990DC
:10E46C00310001000E9231000300199631000900B1
:10E47C0006A031001F0019C03100230006F0310046
:10E48C000F00190032001E000E2032000900192A5C
:10E49C0032001D000E4832000700195032000000F7
:10E4AC000E5132000E00196032001F000E80320037
:10E4BC000900198A320026000EB132000E0019C074
:10E4CC0032003F0106003400BF1919C04D003F0057
:10E4DC0006004E0014520515A00000000616A00000
:10E4EC0076041990A400360006D0A400270005F885
:10E4FC00A400050014FEA40001000600A5000B01F9
:10E50C00050CA6000000140DA60002000610A600C3
:10E51C000F000C20A6000900062AA60001000340EB
:10E52C00A6002D00066EA60000000B6FA6000000D2
:10E53C000A70A60002001473A60000000B74A6005B
:10E54C000900147EA6000000057FA60000000380D1
:10E55C00A6001B00059CA60001000B9EA600010056
:10E56C0006A0A60045000DE6A60009000BF0A600CB
:10E57C00010014F2A60005001700A70016000517ED
:10E58C00A70008001720A70001000322A7000D0018
:10E59C000430A70001000332A7003D000570A7005E
:10E5AC0000000471A70007000379A7000E0005887E
:10E5BC00A70000001789A7000100038BA700020029
:10E5CC00048EA7000000068FA70000000390A70090
:10E5DC0004000495A70000000396A700180004AFE0
:10E5EC00A700000003B0A7001A0003D0A700010089
:10E5FC0004D3A700000004D5A700000003D6A70091
:10E60C00030005F2A700020003F5A700010006F7BE
:10E61C00A700000005F8A700010004FAA7000000FD
:10E62C0006FBA70006000B02A80000000603A800CA
:10E63C0002000B06A80000000607A80003000B0B45
:10E64C00A8000000060CA80016000923A800010071
:10E65C000B25A80001000927A80000001928A80014
:10E66C0003000B2CA80000000E30A8000500193682
:10E67C00A80001001638A80000001939A8000000F5
:10E68C000640A80033001474A80003000980A800F9
:10E69C0001000682A800310009B4A8000F000BC4C9
:10E6AC00A800010014CEA80001000CD0A80009009D
:10E6BC000BE0A800110006F2A800050014F8A80051
:10E6CC00020006FBA800000014FCA800000006FDD8
:10E6DC00A80001000BFFA80000000C00A900090015
:10E6EC00060AA9001B000B26A9000700142EA9007E
:10E6FC0001000630A90016000B47A9000A000952B8
:10E70C00A9000100145FA90000000660A9001C000C
:10E71C000B80A90002000983A90000000684A9004F
:10E72C002E000BB3A900000009B4A90001000BB620
:10E73C00A900030009BAA90001000BBCA900010043
:10E74C0009BEA900020014C1A9000C0005CFA90044
:10E75C0000000CD0A900090014DEA900010006E09D
:10E76C00A90004000BE5A900000005E6A9000000C3
:10E77C0006E7A90008000CF0A900090006FAA90098
:10E78C0004000600AA0028000B29AA000500092F86
:10E79C00AA0001000B31AA0001000933AA000100F4
:10E7AC000B35AA0001000640AA0002000B43AA0088
:10E7BC0000000644AA0007000B4CAA000000094DFB
:10E7CC00AA0000000C50AA000900145CAA00030067
:10E7DC000660AA000F000570AA0000000671AA00CE
:10E7EC0005001977AA000200067AAA000000097B2E
:10E7FC00AA0000000B7CAA000000097DAA00000002
:10E80C00067EAA0031000BB0AA00000006B1AA00D7
:10E81C0000000BB2AA00020006B5AA0001000BB75B
:10E82C00AA00010006B9AA0004000BBEAA00010050
:10E83C0006C0AA0000000BC1AA00000006C2AA0074
:10E84C00000006DBAA00010005DDAA00000014DEB2
:10E85C00AA00010006E0AA000A0009EBAA000000C9
:10E86C000BECAA00010009EEAA00010014F0AA00AA
:10E87C00010006F2AA00000005F3AA00010009F548
:10E88C00AA0000000BF6AA0000000601AB00050070
:10E89C000609AB0005000611AB0005000620AB0015
:10E8AC0006000628AB0006000430AB002200035320
:10E8BC00AB0000000454AB000600175BAB0000007B
:10E8CC00055CAB0003000460AB0008000569AB00FD
:10E8DC000000176AAB0001000370AB004F0006C0CC
:10E8EC00AB00220009E3AB0001000BE5AB0000001C
:10E8FC0009E6AB0001000BE8AB00000009E9AB0036
:10E90C00010014EBAB00000009ECAB0000000BEDB8
:10E91C00AB0000000CF0AB0009000600AC00A32B10
:10E92C0006B0D700160006CBD70030000200D80086
:10E93C00FF070600F9006D010670FA00690004007B
:10E94C00FB0006000413FB000400061DFB00000086
:10E95C000B1EFB000000061FFB0009001829FB0022
:10E96C000000062AFB000C000638FB000400063EE3
:10E97C00FB0000000640FB0001000643FB00010009
:10E98C000646FB006B0017B2FB00100006D3FB0021
:10E99C006A01113EFD000000153FFD00000019400A
:10E9AC00FD000F000650FD003F000692FD003500F3
:10E9BC0019CFFD00000006F0FD000B0016FCFD0059
:10E9CC00000019FDFD0002000B00FE000F001410EA
:10E9DC00FE0006001517FE0000001118FE000000D6
:10E9EC001419FE0000000B20FE000F001430FE0076
:10E9FC0000001031FE0001000F33FE000100153540
:10EA0C00FE0000001136FE0000001537FE0000006D
:10EA1C001138FE0000001539FE000000113AFE000E
:10EA2C000000153BFE000000113CFE000000153DEF
:10EA3C00FE000000113EFE000000153FFE0000002D
:10EA4C001140FE0000001541FE0000001142FE00C6
:10EA5C0000001543FE0000001144FE0000001445A8
:10EA6C00FE0001001547FE0000001148FE000000EA
:10EA7C001449FE0003000F4DFE0002001450FE006E
:10EA8C0002001454FE0003001058FE00000015593B
:10EA9C00FE000000115AFE000000155BFE00000095
:10EAAC00115CFE000000155DFE000000115EFE0012
:10EABC000000145FFE0002001862FE0000001063EC
:10EACC00FE0000001864FE0002001468FE00000046
:10EADC001669FE000000146AFE0001000670FE00BC
:10EAEC0004000676FE00860001FFFE000000140103
:10EAFC00FF0002001604FF0000001405FF000200D6
:10EB0C001508FF0000001109FF000000140AFF00A7
:10EB1C000000180BFF000000140CFF000000100D8B
:10EB2C00FF000000140EFF0001000C10FF00090094
:10EB3C00141AFF000100181CFF000200141FFF0034
:10EB4C0001000321FF001900153BFF000000143CDD
:10EB5C00FF000000113DFF000000173EFF00000009
:10EB6C000F3FFF0000001740FF0000000341FF00B3
:10EB7C001900155BFF000000185CFF000000115D20
:10EB8C00FF000000185EFF000000155FFF00000092
:10EB9C001160FF0000001461FF0000001562FF000F
:10EBAC0000001163FF0000001464FF000100066602
:10EBBC00FF0009000570FF0000000671FF002C002B
:10EBCC00059EFF00010006A0FF001E0006C2FF000C
:10EBDC00050006CAFF00050006D2FF00050006DA94
:10EBEC00FF00020016E0FF00010018E2FF00000029
:10EBFC0017E3FF00000019E4FF00000016E5FF001A
:10EC0C00010019E8FF00000018E9FF00030019EDEE
:10EC1C00FF00010001F9FF00020019FCFF000100D8
:10EC2C00060000010B00060D00011900062800016A
:10EC3C001200063C00010100063F00010E000650C8
:10EC4C0000010D00068000017A0014000101020091
:10EC5C000E0701012C001937010108000D400101BC
:10EC6C0034000E75010103001979010110000E8AA0
:10EC7C0001010100198C01010200199001010C0025
:10EC8C0019A00101000019D001012C000BFD01019C
:10EC9C000000068002011C0006A0020130000BE0FF
:10ECAC00020100000EE102011A00060003011F0020
:10ECBC000E2003010300062D030113000D41030177
:10ECCC0000000642030107000D4A03010000065034
:10ECDC00030125000B7603010400068003011D00CF
:10ECEC00149F0301000006A00301230006C80301C2
:10ECFC00070014D0030100000DD103010400030030
:10ED0C0004014F00065004014D000CA00401090041
:10ED1C0003B00401230003D80401230006000501FD
:10ED2C002700063005013300146F05010000037045
:10ED3C0005010A00037C05010E00038C0501060089
:10ED4C00039405010100039705010A0003A30501C3
:10ED5C000E0003B30501060003BB0501010006000C
:10ED6C000601360106400701150006600701070081
:10ED7C0005800701050005870701290005B2070179
:10ED8C000800060008010500060808010000060A34
:10ED9C0008012B00063708010100063C08010000A1
:10EDAC00063F080116001457080100000E58080110
:10EDBC0007000660080116001977080101000E799A
:10EDCC0008010600068008011E000EA708010800B5
:10EDDC0006E00801120006F4080101000EFB080110
:10EDEC0004000600090115000E1609010500141F88
:10EDFC0009010000062009011900143F0901000057
:10EE0C000680090137000EBC0901010006BE09018C
:10EE1C0001000EC009010F000ED209012D000600E1
:10EE2C000A0100000B010A0102000B050A01010096
:10EE3C000B0C0A01030006100A01030006150A0157
:10EE4C00020006190A011C000B380A0102000B3FD4
:10EE5C000A0100000E400A01080014500A010800C3
:10EE6C0006600A011C000E7D0A010100147F0A01D4
:10EE7C00000006800A011C000E9D0A01020006C05B
:10EE8C000A01070019C80A01000006C90A011B0083
:10EE9C000BE50A0101000EEB0A01040014F00A0153
:10EEAC00060006000B01350014390B010600064064
:10EEBC000B0115000E580B01070006600B01120028
:10EECC000E780B01070006800B01110014990B0141
:10EEDC0003000EA90B01060006000C01480003807C
:10EEEC000C01320003C00C0132000EFA0C010500BB
:10EEFC0006000D0123000B240D0103000C300D0145
:10EF0C0009000E600E011E0006800E0129000BABDD
:10EF1C000E01010010AD0E01000006B00E01010043
:10EF2C0006000F011C000E1D0F01090006270F0122
:10EF3C00000006300F0115000B460F010A000E51A0
:10EF4C000F01030014550F01040006700F0111008E
:10EF5C000B820F01030014860F01030006B00F0192
:10EF6C0014000EC50F01060006E00F011600090083
:10EF7C00100100000B01100100000902100100003B
:10EF8C000603100134000B3810010E001447100159
:10EF9C0006000E52100113000C66100109000B70D4
:10EFAC00100100000671100101000B73100101002B
:10EFBC000675100100000B7F100102000982100180
:10EFCC000000068310012C0009B0100102000BB3E5
:10EFDC001001030009B7100101000BB91001010069
:10EFEC0014BB1001010001BD1001000014BE100182
:10EFFC0003000BC21001000001CD1001000006D06F
:10F00C00100118000CF0100109000B001101020096
:10F01C000603110123000B2711010400092C110117
:10F02C0000000B2D110107000C36110109001440D2
:10F03C0011010300064411010000094511010100F2
:10F04C000647110100000650110122000B7311013B
:10F05C0000001474110101000676110100000B80F0
:10F06C0011010100098211010000068311012F001A
:10F07C0009B3110102000BB61101080009BF1101FF
:10F08C00010006C11101030014C5110103000BC9D5
:10F09C001101030014CD1101000009CE1101000073
:10F0AC000BCF110100000CD01101090006DA11017F
:10F0BC00000014DB1101000006DC1101000014DD5E
:10F0CC00110102000EE111011300060012011100E2
:10F0DC00061312011800092C120102000B2F120149
:10F0EC0002000932120101000B3412010000093533
:10F0FC00120100000B361201010014381201050038
:10F10C000B3E120100000680120106000688120157
:10F11C000000068A12010300068F12010E00069FE2
:10F12C001201090014A91201000006B012012E00F0
:10F13C000BDF1201000009E0120102000BE31201C7
:10F14C0007000CF0120109000B0013010100090269
:10F15C0013010100060513010700060F130101003E
:10F16C00061313011500062A1301060006321301BB
:10F17C0001000635130104000B3B13010100063D91
:10F18C0013010000093E130101000B4013010000A4
:10F19C00094113010300094713010100094B130135
:10F1AC000200065013010000095713010000065D10
:10F1BC00130104000962130101000B661301060020
:10F1CC000B701301040006001401340009351401FE
:10F1DC0002000B38140107000940140101000B4216
:10F1EC00140102000945140100000B461401000033
:10F1FC00064714010300144B140104000C501401B5
:10F20C000900145A14010100145D140100000B5E76
:10F21C0014010000065F14010200068014012F0087
:10F22C0009B0140102000BB31401050009B9140153
:10F23C0000000BBA1401000009BB140103000BBF42
:10F24C001401010009C1140100000BC214010100DA
:10F25C0006C41401010014C61401000006C71401F1
:10F26C0000000CD014010900068015012E0009AF16
:10F27C00150102000BB21501030009B815010300BA
:10F28C000BBC1501010009BE150100000BBF1501D7
:10F29C00010014C11501160006D8150103000BDC82
:10F2AC0015010100060016012F000930160102009D
:10F2BC000B3316010700093B160101000B3D16012B
:10F2CC000000093E160100000B3F1601010014411D
:10F2DC00160102000644160100000C50160109002C
:10F2EC00146016010C00068016012A000BAB1601E7
:10F2FC00000009AC160100000BAD1601000009AEB0
:10F30C00160101000BB01601050009B6160100002C
:10F31C000BB71601000006B81601000014B916014F
:10F32C0000000CC016010900060017011A000B1D85
:10F33C00170102000920170101000B22170103001D
:10F34C000926170100000B27170104000C301701C8
:10F35C0009000E3A17010100143C17010200193F75
:10F36C0017010000064017010600060018012B00CB
:10F37C00092C180102000B2F18010800093818017C
:10F38C0000000B3918010100143B1801000003A008
:10F39C0018013F000CE0180109000EEA18010800E2
:10F3AC0006FF18010700060919010000060C1901D7
:10F3BC00070006151901010006181901170009307C
:10F3CC00190105000937190101000B3B1901010056
:10F3DC00093D190100000B3E19010000063F1901FF
:10F3EC000000094019010000064119010000094202
:10F3FC00190100000B43190100001444190102000B
:10F40C000C501901090006A01901070006AA1901E0
:10F41C00260009D1190102000BD4190103000BDAE3
:10F42C001901010009DC190103000BE019010000AE
:10F43C0006E11901000014E21901000006E31901AC
:10F44C00000009E41901000006001A0100000B017C
:10F45C001A010900060B1A0127000B331A010500CB
:10F46C0009391A010000063A1A0100000B3B1A0177
:10F47C000300143F1A0107000B471A010000065045
:10F48C001A0100000B511A01050009571A0101005D
:10F49C000B591A010200065C1A012D000B8A1A0185
:10F4AC000C0009971A0100000B981A010100149A1C
:10F4BC001A010200069D1A010000149E1A01040094
:10F4CC0006B01A01480006001C010800060A1C01BF
:10F4DC002400092F1C0100000B301C0106000B3806
:10F4EC001C010500093E1C0100000B3F1C01000023
:10F4FC0006401C01000014411C0104000C501C01AE
:10F50C0009000E5A1C01120014701C010100067235
:10F51C001C011D000B921C01150009A91C01000007
:10F52C000BAA1C01060009B11C0100000BB21C0146
:10F53C00010009B41C0100000BB51C010100060000
:10F54C001D01060006081D010100060B1D0125000A
:10F55C000B311D0105000B3A1D0100000B3C1D0178
:10F56C0001000B3F1D01060006461D0100000B4764
:10F57C001D0100000C501D01090006601D01050055
:10F58C0006671D010100066A1D011F00098A1D0185
:10F59C0004000B901D01010009931D0101000B9546
:10F5AC001D01000009961D0100000B971D010000B4
:10F5BC0006981D0100000CA01D01090006E01E01AB
:10F5CC0012000BF31E01010009F51E01010014F7D6
:10F5DC001E01010006B01F0100000EC01F01140027
:10F5EC0019D51F01070016DD1F01030019E11F01CA
:10F5FC00100014FF1F0100000600200199030D00EC
:10F60C0024016E0014702401040006802401C30040
:10F61C0006902F01600014F12F010100060030014B
:10F62C002E04013034010800060044014602060095
:10F63C006801380206406A011E000C606A0109006C
:10F64C00146E6A01010006706A014E000CC06A015A
:10F65C00090006D06A011D000BF06A01040014F5C4
:10F66C006A01000006006B012F000B306B010600D5
:10F67C0014376B010400193C6B01030005406B014E
:10F68C00030014446B01000019456B0100000C5081
:10F69C006B0109000E5B6B01060006636B01140025
:10F6AC00067D6B01120003406E013F000E806E015F
:10F6BC00160014976E01030006006F014A000B4FF1
:10F6CC006F01000006506F01000009516F013600F8
:10F6DC000B8F6F01030005936F010C0005E06F01A8
:10F6EC00010014E26F01000005E36F0100000BE460
:10F6FC006F01000009F06F01010006007001F7179F
:10F70C0006008801D50406008D01080005F0AF0144
:10F71C00030005F5AF01060005FDAF010100060071
:10F72C00B00122010650B10102000664B1010300D0
:10F73C000670B1018B010600BC016A000670BC01A9
:10F74C000C000680BC0108000690BC010900199C45
:10F75C00BC0100000B9DBC010100149FBC0100000A
:10F76C0001A0BC0103000B00CF012D000B30CF0119
:10F77C0016001950CF0173001900D001F5001900C3
:10F78C00D10126001929D1013B000965D1010100E5
:10F79C000B67D1010200196AD1010200096DD10178
:10F7AC0005000173D10107000B7BD1010700198300
:10F7BC00D10101000B85D1010600198CD1011D006E
:10F7CC000BAAD101030019AED1013C001900D201E2
:10F7DC0041000B42D20102001945D20100000EE09B
:10F7EC00D20113001900D30156000E60D30118008A
:10F7FC000800D4011900041AD40119000834D401EA
:10F80C001900044ED40106000456D40111000868F6
:10F81C00D40119000482D4011900089CD401000001
:10F82C00089ED401010008A2D401000008A5D4014F
:10F83C00010008A9D401030008AED401070004B6E6
:10F84C00D401030004BBD401000004BDD4010600A4
:10F85C0004C5D4010A0008D0D401190004EAD4016B
:10F86C0019000804D50101000807D5010300080D93
:10F87C00D50107000816D5010600041ED501190094
:10F88C000838D5010100083BD50103000840D5011B
:10F89C0004000846D5010000084AD50106000452B0
:10F8AC00D5011900086CD50119000486D501190081
:10F8BC0008A0D501190004BAD501190008D4D50146
:10F8CC00190004EED50119000808D601190004220C
:10F8DC00D6011900083CD60119000456D6011900AE
:10F8EC000870D6011900048AD6011B0008A8D6019D
:10F8FC00180018C1D601000004C2D601180018DB8C
:10F90C00D601000004DCD601050008E2D60118007F
:10F91C0018FBD601000004FCD60118001815D701FD
:10F92C0000000416D7010500081CD7011800183573
:10F93C00D70100000436D7011800184FD70100007A
:10F94C000450D70105000856D7011800186FD701CD
:10F95C0000000470D70118001889D7010000048A30
:10F96C00D70105000890D701180018A9D70100008D
:10F97C0004AAD701180018C3D701000004C4D7018A
:10F98C00050008CAD701000004CBD70100000CCE3B
:10F99C00D70131001900D801FF010B00DA01360044
:10F9AC001937DA0103000B3BDA013100196DDA016A
:10F9BC0007000B75DA0100001976DA010D000B84D3
:10F9CC00DA0100001985DA0101001487DA0104005C
:10F9DC000B9BDA0104000BA1DA010E000400DF011D
:10F9EC000900060ADF010000040BDF0113000B0005
:10F9FC00E00106000B08E00110000B1BE001060003
:10FA0C000B23E00101000B26E00104000600E101DC
:10FA1C002C000B30E10106000537E10106000C401B
:10FA2C00E1010900064EE1010000194FE10100005F
:10FA3C000690E2011D000BAEE201000006C0E201DF
:10FA4C002B000BECE20103000CF0E201090016FFA5
:10FA5C00E201000006E0E701060006E8E70103000A
:10FA6C0006EDE701010006F0E7010E000600E801D3
:10FA7C00C4000EC7E80108000BD0E8010600030023
:10FA8C00E90143000B44E9010600054BE9010000C4
:10FA9C000C50E9010900145EE90101000E71EC0142
:10FAAC003A0019ACEC0100000EADEC01020016B0EE
:10FABC00EC0100000EB1EC0103000E01ED012C0075
:10FACC00192EED0100000E2FED010E000600EE01C7
:10FADC0003000605EE011A000621EE0101000624C2
:10FAEC00EE0100000627EE0100000629EE010900D8
:10FAFC000634EE0103000639EE010000063BEE0170
:10FB0C0000000642EE0100000647EE010000064927
:10FB1C00EE010000064BEE010000064DEE01020066
:10FB2C000651EE0101000654EE0100000657EE01ED
:10FB3C0000000659EE010000065BEE010000065DB8
:10FB4C00EE010000065FEE0100000661EE0101000F
:10FB5C000664EE0100000667EE010300066CEE0180
:10FB6C0006000674EE0103000679EE010300067E22
:10FB7C00EE0100000680EE010900068BEE0110007C
:10FB8C0006A1EE01020006A5EE01040006ABEE0193
:10FB9C00100018F0EE0101001900F0012B001930D3
:10FBAC00F001630019A0F0010E0019B1F0010E0074
:10FBBC0019C1F0010E0019D1F00124000E00F10161
:10FBCC000C00190DF101A00019E6F1011C0019102F
:10FBDC00F2012B001940F20108001950F20101004A
:10FBEC001960F20105001900F301FA0017FBF3018B
:10FBFC0004001900F401D70219DDF6010F0019F009
:10FC0C00F6010C001900F70173001980F701580078
:10FC1C0019E0F7010B0019F0F70100001900F801C9
:10FC2C000B001910F80137001950F8010900196080
:10FC3C00F80127001990F8011D0019B0F801010016
:10FC4C001900F90153011960FA010D001970FA013C
:10FC5C0004001978FA0104001980FA0106001990C1
:10FC6C00FA011C0019B0FA010A0019C0FA010500CA
:10FC7C0019D0FA01090019E0FA01070019F0FA018C
:10FC8C0006001900FB0192001994FB0136000CF0E0
:10FC9C00FB01090006000002DFA60600A7023810CF
:10FCAC000640B702DD000620B802811606B0CE026F
:10FCBC00301D0600F8021D02060000034A13010164
:10FCCC00000E00000120000E5F000B00010EEF0083
:10FCDC000C5F104E154E2A4E314E364E3C4E3F4E5A
:10FCEC00424E564E584E824E854E6B8C8A4E128228
:10FCFC000D5F8E4E9E4E9F4EA04EA24EB04EB34EFA
:10FD0C00B64ECE4ECD4EC44EC64EC24ED74EDE4E25
:10FD1C00ED4EDF4EF74E094F5A4F304F5B4F5D4F54
:10FD2C00574F474F764F884F8F4F984F7B4F694FA8
:10FD3C00704F914F6F4F864F964F1851D44FDF4FE6
:10FD4C00CE4FD84FDB4FD14FDA4FD04FE44FE54F6A
:10FD5C001A50285014502A50255005501C4FF64F5D
:10FD6C00215029502C50FE4FEF4F1150065043504C
:10FD7C00475003675550505048505A5056506C508D
:10FD8C00785080509A508550B450B250C950CA50D7
:10FD9C00B350C250D650DE50E550ED50E350EE500B
:10FDAC00F950F55009510151025116511551145188
:10FDBC001A5121513A5137513C513B513F5140510D
:10FDCC0052514C5154516251F87A69516A516E51E9
:10FDDC0080518251D8568C5189518F5191519351E8
:10FDEC0095519651A451A651A251A951AA51AB516A
:10FDFC00B351B151B251B051B551BD51C551C951A9
:10FE0C00DB51E0515586E951ED51F051F551FE5160
:10FE1C0004520B5214520E5227522A522E52335263
:10FE2C0039524F5244524B524C525E5254526A52B7
:10FE3C007452695273527F527D528D529452925227
:10FE4C00715288529152A88FA78FAC52AD52BC52AE
:10FE5C00B552C152CD52D752DE52E352E652ED9812
:10FE6C00E052F352F552F852F952065308533875D2
:10FE7C000D5310530F5315531A5323532F53315300
:10FE8C0033533853405346534553174E49534D53F0
:10FE9C00D6515E5369536E5318597B537753825323
:10FEAC009653A053A653A553AE53B053B653C35356
:10FEBC00127CD996DF53FC66EE71EE53E853ED538A
:10FECC00FA5301543D5440542C542D543C542E544C
:10FEDC00365429541D544E548F5475548E545F54BB
:10FEEC0071547754705492547B5480547654845487
:10FEFC0090548654C754A254B854A554AC54C4540A
:10FF0C00C854A854AB54C254A454BE54BC54D85472
:10FF1C00E554E6540F551455FD54EE54ED54FA5473
:10FF2C00E2543955405563554C552E555C55455545
:10FF3C0056555755385533555D5599558055AF54D1
:10FF4C008A559F557B557E5598559E55AE557C557B
:10FF5C008355A9558755A855DA55C555DF55C45550
:10FF6C00DC55E455D4551456F7551656FE55FD552B
:10FF7C001B56F9554E565056DF713456365632567E
:10FF8C0038566B5664562F566C566A5686568056A3
:10FF9C008A56A05694568F56A556AE56B656B4569B
:10FFAC00C256BC56C156C356C056C856CE56D1566C
:10FFBC00D356D756EE56F9560057FF5604570957E5
:10FFCC0008570B570D57135718571657C7551C572B
:10FFDC002657375738574E573B5740574F57695747
:10FFEC00C057885761577F5789579357A057B357B6
:04FFFC00A457AA5705
:02000004600298
:10000000B057C357C657D457D257D3570A58D657A5
:10001000E3570B5819581D587258215862584B58BD
:100020007058C06B52583D5879588558B9589F58E8
:10003000AB58BA58DE58BB58B858AE58C558D35804
:10004000D158D758D958D858E558DC58E458DF5813
:10005000EF58FA58F958FB58FC58FD5802590A59FC
:1000600010591B59A66825592C592D593259385900
:100070003E59D27A555950594E595A595859625980
:10008000605967596C596959785981599D595E4F22
:10009000AB4FA359B259C659E859DC598D59D959B2
:1000A000DA59255A1F5A115A1C5A095A1A5A405AD3
:1000B0006C5A495A355A365A625A6A5A9A5ABC5A2E
:1000C000BE5ACB5AC25ABD5AE35AD75AE65AE95ACF
:1000D000D65AFA5AFB5A0C5B0B5B165B325BD05A52
:1000E0002A5B365B3E5B435B455B405B515B555B2C
:1000F0005A5B5B5B655B695B705B735B755B785BD5
:1001000088657A5B805B835BA65BB85BC35BC75B20
:10011000C95BD45BD05BE45BE65BE25BDE5BE55B2B
:10012000EB5BF05BF65BF35B055C075C085C0D5C0E
:10013000135C205C225C285C385C395C415C465C6A
:100140004E5C535C505C4F5C715B6C5C6E5C624EF1
:10015000765C795C8C5C915C945C9B59AB5CBB5C21
:10016000B65CBC5CB75CC55CBE5CC75CD95CE95C7A
:10017000FD5CFA5CED5C8C5DEA5C0B5D155D175D0A
:100180005C5D1F5D1B5D115D145D225D1A5D195D77
:10019000185D4C5D525D4E5D4B5D6C5D735D765DD3
:1001A000875D845D825DA25D9D5DAC5DAE5DBD5D84
:1001B000905DB75DBC5DC95DCD5DD35DD25DD65D43
:1001C000DB5DEB5DF25DF55D0B5E1A5E195E115E47
:1001D0001B5E365E375E445E435E405E4E5E575E3B
:1001E000545E5F5E625E645E475E755E765E7A5EFA
:1001F000BC9E7F5EA05EC15EC25EC85ED05ECF5E0A
:10020000D65EE35EDD5EDA5EDB5EE25EE15EE85E08
:10021000E95EEC5EF15EF35EF05EF45EF85EFE5E5B
:10022000035F095F5D5F5C5F0B5F115F165F295FB6
:100230002D5F385F415F485F4C5F4E5F2F5F515FBE
:10024000565F575F595F615F6D5F735F775F835F75
:10025000825F7F5F8A5F885F915F875F9E5F995F44
:10026000985FA05FA85FAD5FBC5FD65FFB5FE45F98
:10027000F85FF15FDD5FB360FF5F21606060196070
:10028000106029600E6031601B6015602B60266075
:100290000F603A605A6041606A6077605F604A60F0
:1002A00046604D6063604360646042606C606B6098
:1002B000596081608D60E76083609A6084609B60B4
:1002C000966097609260A7608B60E160B860E060C4
:1002D000D360B460F05FBD60C660B560D8604D614A
:1002E00015610661F660F7600061F460FA60036111
:1002F0002161FB60F1600D610E6147613E61286123
:1003000027614A613F613C612C6134613D6142611A
:10031000446173617761586159615A616B617461BD
:100320006F61656171615F615D6153617561996163
:1003300096618761AC6194619A618A619161AB61F8
:10034000AE61CC61CA61C961F761C861C361C66150
:10035000BA61CB61797FCD61E661E361F661FA61F3
:10036000F461FF61FD61FC61FE6100620862096287
:100370000D620C6214621B621E6221622A622E628E
:1003800030623262336241624E625E6263625B621D
:10039000606268627C62826289627E62926293625B
:1003A0009662D46283629462D762D162BB62CF628A
:1003B000FF62C662D464C862DC62CC62CA62C26296
:1003C000C7629B62C9620C63EE62F16227630263DB
:1003D0000863EF62F56250633E634D631C644F63D4
:1003E00096638E638063AB637663A3638F63896375
:1003F0009F63B5636B636963BE63E963C063C66390
:10040000E363C963D263F663C46316643464066449
:100410001364266436641D65176428640F6467647A
:100420006F6476644E642A6595649364A564A964D8
:100430008864BC64DA64D264C564C764BB64D8648D
:10044000C264F164E7640982E064E164AC62E3647D
:10045000EF642C65F664F464F264FA640065FD648C
:1004600018651C650565246523652B653465356550
:100470003765366538654B754865566555654D6514
:1004800058655E655D6572657865826583658A8B92
:100490009B659F65AB65B765C365C665C165C4658A
:1004A000CC65D265DB65D965E065E165F1657267AC
:1004B0000A660366FB6573673566366634661C66D6
:1004C0004F664466496641665E665D666466676659
:1004D00068665F6662667066836688668E66896631
:1004E000846698669D66C166B966C966BE66BC6666
:1004F000C466B866D666DA66E0663F66E666E966B2
:10050000F066F566F7660F6716671E67266727674A
:1005100038972E673F6736674167386737674667A2
:100520005E67606759676367646789677067A96713
:100530007C676A678C678B67A667A1678567B76703
:10054000EF67B467EC67B367E967B867E467DE67CE
:10055000DD67E267EE67B967CE67C667E7679C6AE3
:100560001E684668296840684D6832684E68B368FE
:100570002B685968636877687F689F688F68AD6883
:1005800094689D689B688368AE6AB9687468B5684A
:10059000A068BA680F698D687E680169CA680869D1
:1005A000D86822692669E1680C69CD68D468E76873
:1005B000D568366912690469D768E3682569F968FE
:1005C000E068EF6828692A691A6923692169C668A1
:1005D000796977695C6978696B6954697E696E6964
:1005E000396974693D695969306961695E695D6934
:1005F00081696A69B269AE69D069BF69C169D36945
:10060000BE69CE69E85BCA69DD69BB69C369A76970
:100610002E6A9169A0699C699569B469DE69E86987
:10062000026A1B6AFF690A6BF969F269E769056A80
:10063000B1691E6AED69146AEB690A6A126AC16AD5
:10064000236A136A446A0C6A726A366A786A476A6D
:10065000626A596A666A486A386A226A906A8D6A6A
:10066000A06A846AA26AA36A976A1786BB6AC36A89
:10067000C26AB86AB36AAC6ADE6AD16ADF6AAA6A19
:10068000DA6AEA6AFB6A056B1686FA6A126B166BFF
:10069000319B1F6B386B376BDC76396BEE98476B91
:1006A000436B496B506B596B546B5B6B5F6B616B4E
:1006B000786B796B7F6B806B846B836B8D6B986BC6
:1006C000956B9E6BA46BAA6BAB6BAF6BB26BB16B94
:1006D000B36BB76BBC6BC66BCB6BD36BDF6BEC6B6D
:1006E000EB6BF36BEF6BBE9E086C136C146C1B6CA6
:1006F000246C236C5E6C556C626C6A6C826C8D6CC5
:100700009A6C816C9B6C7E6C686C736C926C906C58
:10071000C46CF16CD36CBD6CD76CC56CDD6CAE6C0D
:10072000B16CBE6CBA6CDB6CEF6CD96CEA6C1F6D93
:100730004D88366D2B6D3D6D386D196D356D336D92
:10074000126D0C6D636D936D646D5A6D796D596D9D
:100750008E6D956DE46F856DF96D156E0A6EB56DD4
:10076000C76DE66DB86DC66DEC6DDE6DCC6DE86D78
:10077000D26DC56DFA6DD96DE46DD56DEA6DEE6D16
:100780002D6E6E6E2E6E196E726E5F6E3E6E236EE5
:100790006B6E2B6E766E4D6E1F6E436E3A6E4E6EA6
:1007A000246EFF6E1D6E386E826EAA6E986EC96ED4
:1007B000B76ED36EBD6EAF6EC46EB26ED46ED56EB4
:1007C0008F6EA56EC26E9F6E416F116F4C70EC6E96
:1007D000F86EFE6E3F6FF26E316FEF6E326FCC6E61
:1007E0003E6F136FF76E866F7A6F786F816F806FD1
:1007F0006F6F5B6FF36F6D6F826F7C6F586F8E6F73
:10080000916FC26F666FB36FA36FA16FA46FB96F63
:10081000C66FAA6FDF6FD56FEC6FD46FD86FF16FB3
:10082000EE6FDB6F09700B70FA6F117001700F7053
:10083000FE6F1B701A70746F1D7018701F7030700F
:100840003E7032705170637099709270AF70F17039
:10085000AC70B870B370AE70DF70CB70DD70D970F3
:100860000971FD701C71197165715571887166711E
:1008700062714C7156716C718F71FB7184719571DD
:10088000A871AC71D771B971BE71D271C971D471CF
:10089000CE71E071EC71E771F571FC71F971FF7166
:1008A0000D7210721B7228722D722C72307232729D
:1008B0003B723C723F72407246724B725872747255
:1008C0007E7282728172877292729672A272A7721F
:1008D000B972B272C372C672C472CE72D272E2724E
:1008E000E072E172F972F7720F5017730A731C739A
:1008F00016731D7334732F73297325733E734E73F0
:100900004F73D89E57736A73687370737873757377
:100910007B737A73C873B373CE73BB73C073E573A1
:10092000EE73DE73A27405746F742574F8733274F9
:100930003A7455743F745F74597441745C7469748B
:10094000707463746A7476747E748B749E74A77406
:10095000CA74CF74D474F173E074E374E774E97407
:10096000EE74F274F074F174F874F774047503752E
:1009700005750C750E750D75157513751E75267537
:100980002C753C7544754D754A7549755B75467592
:100990005A756975647567756B756D75787576755B
:1009A0008675877574758A758975827594759A755B
:1009B0009D75A575A375C275B375C375B575BD7500
:1009C000B875BC75B175CD75CA75D275D975E37535
:1009D000DE75FE75FF75FC750176F075FA75F275BA
:1009E000F3750B760D7609761F76277620762176BD
:1009F00022762476347630763B764776487646768D
:100A00005C76587661766276687669766A7667761D
:100A10006C7670767276767678767C76807683766B
:100A200088768B768E769676937699769A76B07669
:100A3000B476B876B976BA76C276CD76D676D276F0
:100A4000DE76E176E576E776EA762F86FB7608773E
:100A500007770477297724771E77257726771B7702
:100A60003777387747775A7768776B775B7765772B
:100A70007F777E7779778E778B779177A0779E7760
:100A8000B077B677B977BF77BC77BD77BB77C777D5
:100A9000CD77D777DA77DC77E377EE77FC770C786A
:100AA0001278267920782A7945788E787478867835
:100AB0007C789A788C78A378B578AA78AF78D17852
:100AC000C678CB78D478BE78BC78C578CA78EC780C
:100AD000E778DA78FD78F47807791279117919795D
:100AE0002C792B794079607957795F795A795579E2
:100AF00053797A797F798A799D79A7794B9FAA79F9
:100B0000AE79B379B979BA79C979D579E779EC79D8
:100B1000E179E379087A0D7A187A197A207A1F7ABE
:100B20008079317A3B7A3E7A377A437A577A497AB2
:100B3000617A627A697A9D9F707A797A7D7A887A09
:100B4000977A957A987A967AA97AC87AB07AB67AA4
:100B5000C57AC47ABF7A8390C77ACA7ACD7ACF7AB7
:100B6000D57AD37AD97ADA7ADD7AE17AE27AE67AD4
:100B7000ED7AF07A027B0F7B0A7B067B337B187B56
:100B8000197B1E7B357B287B367B507B7A7B047BF5
:100B90004D7B0B7B4C7B457B757B657B747B677BDF
:100BA000707B717B6C7B6E7B9D7B987B9F7B8D7B51
:100BB0009C7B9A7B8B7B927B8F7B5D7B997BCB7BBA
:100BC000C17BCC7BCF7BB47BC67BDD7BE97B117C9F
:100BD000147CE67BE57B607C007C077C137CF37BEC
:100BE000F77B177C0D7CF67B237C277C2A7C1F7C83
:100BF000377C2B7C3D7C4C7C437C547C4F7C407C04
:100C0000507C587C5F7C647C567C657C6C7C757CFD
:100C1000837C907CA47CAD7CA27CAB7CA17CA87CFA
:100C2000B37CB27CB17CAE7CB97CBD7CC07CC57C25
:100C3000C27CD87CD27CDC7CE27C3B9BEF7CF27C6F
:100C4000F47CF67CFA7C067D027D1C7D157D0A7D98
:100C5000457D4B7D2E7D327D3F7D357D467D737D8F
:100C6000567D4E7D727D687D6E7D4F7D637D937D6B
:100C7000897D5B7D8F7D7D7D9B7DBA7DAE7DA37DF6
:100C8000B57DC77DBD7DAB7D3D7EA27DAF7DDC7D2D
:100C9000B87D9F7DB07DD87DDD7DE47DDE7DFB7DF3
:100CA000F27DE17D057E0A7E237E217E127E317EED
:100CB0001F7E097E0B7E227E467E667E3B7E357ED3
:100CC000397E437E377E327E3A7E677E5D7E567EFB
:100CD0005E7E597E5A7E797E6A7E697E7C7E7B7ED0
:100CE000837ED57D7D7EAE8F7F7E887E897E8C7E65
:100CF000927E907E937E947E967E8E7E9B7E9C7E60
:100D0000387F3A7F457F4C7F4D7F4E7F507F517FAC
:100D1000557F547F587F5F7F607F687F697F677FE3
:100D2000787F827F867F837F887F877F8C7F947F99
:100D30009E7F9D7F9A7FA37FAF7FB27FB97FAE7F7B
:100D4000B67FB87F718BC57FC67FCA7FD57FD47FC2
:100D5000E17FE67FE97FF37FF97FDC9806800480FE
:100D60000B801280188019801C80218028803F8091
:100D70003B804A804680528058805A805F806280E3
:100D80006880738072807080768079807D807F80BB
:100D90008480868085809B8093809A80AD809051EE
:100DA000AC80DB80E580D980DD80C480DA80D680AD
:100DB0000981EF80F1801B81298123812F814B8163
:100DC0008B9646813E8153815181FC8071816E8179
:100DD000658166817481838188818A818081828135
:100DE000A0819581A481A3815F819381A981B08134
:100DF000B581BE81B881BD81C081C281BA81C981FE
:100E0000CD81D181D981D881C881DA81DF81E0812A
:100E1000E781FA81FB81FE810182028205820782DD
:100E20000A820D821082168229822B8238823382B6
:100E30004082598258825D825A825F8264826282D5
:100E400068826A826B822E827182778278827E8249
:100E50008D829282AB829F82BB82AC82E182E382EE
:100E6000DF82D282F482F382FA8293830383FB824D
:100E7000F982DE820683DC820983D982358334835A
:100E800016833283318340833983508345832F8394
:100E90002B831783188385839A83AA839F83A283D6
:100EA000968323838E8387838A837C83B58373832E
:100EB0007583A0838983A883F4831384EB83CE8313
:100EC000FD830384D8830B84C183F7830784E08385
:100ED000F2830D8422842084BD8338840685FB83BD
:100EE0006D842A843C845A85848477846B84AD84A1
:100EF0006E848284698446842C846F8479843584EA
:100F0000CA846284B984BF849F84D984CD84BB841D
:100F1000DA84D084C184C684D684A1842185FF84E8
:100F2000F484178518852C851F8515851485FC8408
:100F30004085638558854885418502864B85558562
:100F40008085A485888591858A85A8856D85948509
:100F50009B85EA8587859C8577857E859085C98573
:100F6000BA85CF85B985D085D585DD85E585DC85D4
:100F7000F9850A8613860B86FE85FA850686228603
:100F80001A8630863F864D86554E54865F86678624
:100F900071869386A386A986AA868B868C86B6865A
:100FA000AF86C486C686B086C9862388AB86D486BB
:100FB000DE86E986EC86DF86DB86EF86128706878B
:100FC000088700870387FB86118709870D87F986C5
:100FD0000A8734873F8737873B87258729871A8782
:100FE00060875F8778874C874E87748757876887C5
:100FF0006E875987538763876A870588A2879F878B
:101000008287AF87CB87BD87C087D087D696AB87CF
:10101000C487B387C787C687BB87EF87F287E08718
:101020000F880D88FE87F687F7870E88D28711888C
:10103000168815882288218831883688398827883B
:101040003B8844884288528859885E8862886B88C9
:1010500081887E889E8875887D88B5887288828818
:1010600097889288AE889988A2888D88A488B0884D
:10107000BF88B188C388C488D488D888D988DD88D7
:10108000F9880289FC88F488E888F28804890C8948
:101090000A89138943891E8925892A892B894189CF
:1010A00044893B89368938894C891D8960895E89E4
:1010B000668964896D896A896F89748977897E896F
:1010C000838988898A8993899889A189A989A68928
:1010D000AC89AF89B289BA89BD89BF89C089DA89EB
:1010E000DC89DD89E789F489F889038A168A108A00
:1010F0000C8A1B8A1D8A258A368A418A5B8A528A13
:10110000468A488A7C8A6D8A6C8A628A858A828A43
:10111000848AA88AA18A918AA58AA68A9A8AA38A99
:10112000C48ACD8AC28ADA8AEB8AF38AE78AE48A99
:10113000F18A148BE08AE28AF78ADE8ADB8A0C8BDA
:10114000078B1A8BE18A168B108B178B208B338BB6
:10115000AB97268B2B8B3E8B288B418B4C8B4F8BED
:101160004E8B498B568B5B8B5A8B6B8B5F8B6C8B4F
:101170006F8B748B7D8B808B8C8B8E8B928B938BF8
:10118000968B998B9A8B3A8C418C3F8C488C4C8CEB
:101190004E8C508C558C628C6C8C788C7A8C828CBA
:1011A000898C858C8A8C8D8C8E8C948C7C8C988C84
:1011B0001D62AD8CAA8CBD8CB28CB38CAE8CB68CFF
:1011C000C88CC18CE48CE38CDA8CFD8CFA8CFB8CA3
:1011D000048D058D0A8D078D0F8D0D8D108D4E9F01
:1011E000138DCD8C148D168D678D6D8D718D738DD6
:1011F000818D998DC28DBE8DBA8DCF8DDA8DD68DB4
:10120000CC8DDB8DCB8DEA8DEB8DDF8DE38DFC8D71
:10121000088E098EFF8D1D8E1E8E108E1F8E428EA3
:10122000358E308E348E4A8E478E498E4C8E508E3F
:10123000488E598E648E608E2A8E638E558E768E81
:10124000728E7C8E818E878E858E848E8B8E8A8E1A
:10125000938E918E948E998EAA8EA18EAC8EB08E26
:10126000C68EB18EBE8EC58EC88ECB8EDB8EE38EC3
:10127000FC8EFB8EEB8EFE8E0A8F058F158F128FE4
:10128000198F138F1C8F1F8F1B8F0C8F268F338FFF
:101290003B8F398F458F428F3E8F4C8F498F468FC2
:1012A0004E8F578F5C8F628F638F648F9C8F9F8F61
:1012B000A38FAD8FAF8FB78FDA8FE58FE28FEA8F75
:1012C000EF8F8790F48F0590F98FFA8F119015901A
:1012D00021900D901E9016900B902790369035908F
:1012E0003990F88F4F905090519052900E904990B5
:1012F0003E90569058905E9068906F907690A89629
:10130000729082907D90819080908A9089908F9049
:10131000A890AF90B190B590E290E4904862DB90D5
:10132000029112911991329130914A9156915891AE
:10133000639165916991739172918B918991829179
:10134000A291AB91AF91AA91B591B491BA91C0918C
:10135000C191C991CB91D091D691DF91E191DB916F
:10136000FC91F591F6911E92FF9114922C92159298
:1013700011925E9257924592499264924892959248
:101380003F924B9250929C92969293929B925A9239
:10139000CF92B992B792E9920F93FA9244932E9317
:1013A000199322931A9323933A9335933B935C9327
:1013B00060937C936E935693B093AC93AD93949358
:1013C000B993D693D793E893E593D893C393DD93DA
:1013D000D093C893E4931A941494139403940794A9
:1013E000109436942B94359421943A9441945294C9
:1013F00044945B94609462945E946A94299270948D
:10140000759477947D945A947C947E9481947F947F
:10141000829587958A959495969598959995A09596
:10142000A895A795AD95BC95BB95B995BE95CA9560
:10143000F66FC395CD95CC95D595D495D695DC957D
:10144000E195E595E295219628962E962F9642965F
:101450004C964F964B9677965C965E965D965F9609
:10146000669672966C968D96989695969796AA968D
:10147000A796B196B296B096B496B696B896B99627
:10148000CE96CB96C996CD964D89DC960D97D5967E
:10149000F99604970697089713970E9711970F9749
:1014A0001697199724972A97309739973D973E9723
:1014B000449746974897429749975C9760976497F7
:1014C00066976897D2526B977197799785977C97B3
:1014D00081977A9786978B978F9790979C97A897E5
:1014E000A697A397B397B497C397C697C897CB9778
:1014F000DC97ED974F9FF297DF7AF697F5970F9865
:101500000C9838982498219837983D9846984F9889
:101510004B986B986F987098719874987398AA9874
:10152000AF98B198B698C498C398C698E998EB98C4
:101530000399099912991499189921991D991E993D
:10154000249920992C992E993D993E99429949992F
:10155000459950994B99519952994C995599979908
:101560009899A599AD99AE99BC99DF99DB99DD99C8
:10157000D899D199ED99EE99F199F299FB99F89949
:10158000019A0F9A059AE299199A2B9A379A459AD5
:10159000429A409A439A3E9A559A4D9A5B9A579A24
:1015A0005F9A629A659A649A699A6B9A6A9AAD9AF6
:1015B000B09ABC9AC09ACF9AD19AD39AD49ADE9A0A
:1015C000DF9AE29AE39AE69AEF9AEB9AEE9AF49A05
:1015D000F19AF79AFB9A069B189B1A9B1F9B229BDA
:1015E000239B259B279B289B299B2A9B2E9B2F9BDC
:1015F000329B449B439B4F9B4D9B4E9B519B589BC7
:10160000749B939B839B919B969B979B9F9BA09B7B
:10161000A89BB49BC09BCA9BB99BC69BCF9BD19BED
:10162000D29BE39BE29BE49BD49BE19B3A9CF29B85
:10163000F19BF09B159C149C099C139C0C9C069C94
:10164000089C129C0A9C049C2E9C1B9C259C249C00
:10165000219C309C479C329C469C3E9C5A9C609CA2
:10166000679C769C789CE79CEC9CF09C099D089D6F
:10167000EB9C039D069D2A9D269DAF9D239D1F9D4E
:10168000449D159D129D419D3F9D3E9D469D489DBB
:101690005D9D5E9D649D519D509D599D729D899D4E
:1016A000879DAB9D6F9D7A9D9A9DA49DA99DB29D9E
:1016B000C49DC19DBB9DB89DBA9DC69DCF9DC29D39
:1016C000D99DD39DF89DE69DED9DEF9DFD9D1A9EB4
:1016D0001B9E1E9E759E799E7D9E819E889E8B9EE2
:1016E0008C9E929E959E919E9D9EA59EA99EB89E23
:1016F000AA9EAD9E6197CC9ECE9ECF9ED09ED49E3C
:10170000DC9EDE9EDD9EE09EE59EE89EEF9EF49EC2
:10171000F69EF79EF99EFB9EFC9EFD9E079F089FEE
:10172000B776159F219F2C9F3E9F4A9F529F549FA3
:10173000639F5F9F609F619F669F679F6C9F6A9F8B
:10174000779F729F769F959F9C9FA09F2F58C769F8
:1017500059906474DC51997100000042C8801F40A8
:10176000B8821F400800000000000042C4801F40F3
:10177000B4821F400400000000C0004224801F40CB
:1017800014821F401000000000C0004228801F404B
:1017900018821F402000000000C000422C801F4023
:1017A0001C821F404000000000C0004234801F40E7
:1017B00024821F40000100000040004264811F405D
:1017C00054831F40000400000040004280811F40FD
:1017D00070831F4000000200004000427C811F40D7
:1017E0006C831F40000001000040004268811F40E0
:1017F00058831F4000080000004000423C811F4009
:101800002C831F40010000000040004244811F4023
:1018100034831F40040000000040004240811F400C
:1018200030831F40020000000040004248811F40FA
:1018300038831F40080000000000004204811F4060
:10184000F4821F40000004000000004208811F4095
:10185000F8821F40000008000000004218811F406D
:1018600008831F40000080000000004214811F40D8
:1018700004831F40000040000000004200811F4020
:10188000F0821F400000020000000042FC801F4068
:10189000EC821F40000001000000004224811F4034
:1018A00014831F40000000040000004228811F40F4
:1018B00018831F4000000008000000421C811F40E8
:1018C0000C831F40000000010000004220811F40E7
:1018D00010831F400000000200000042EC801F4007
:1018E000DC821F400010000000000042F0801F401A
:1018F000E0821F40002000000000004234811F40B1
:1019000024831F40000000400000004238811F4037
:1019100028831F40000000800080004294801F4008
:1019200084821F400000040000C0004290801F40DD
:1019300080821F400000008000800042A8801F407D
:1019400098821F400000800000800042A4801F4059
:1019500094821F4000004000004000426C811F4004
:101960005C831F400010000000C0004230801F4018
:1019700020821F408000000000400042B0811F40D4
:10198000A0831F400000002000400042AC811F40A7
:101990009C831F40000000100040004284811F40D3
:1019A00074831F40000004000040004288811F40F3
:1019B00078831F4000000800000000422C811F4077
:1019C0001C831F40000000100000004230811F40B7
:1019D00020831F4000000020000000420C811F40B7
:1019E000FC821F40000010000000004210811F40D8
:1019F00000831F400000200000800042C8811F407B
:101A0000B8831F400080000000800042C4811F4056
:101A1000B4831F400040000000800042C0811F408E
:101A2000B0831F400020000000800042BC811F40A6
:101A3000AC831F400010000000800042D0811F4096
:101A4000C0831F400000020000800042CC811F4084
:101A5000BC831F400000010000C0004274801F4092
:101A600064821F400000000100C0004280801F40CF
:101A700070821F400000000800C0004284801F40A8
:101A800074821F400000001000C000426C801F40A4
:101A90005C821F400000400000C000427C801F406C
:101AA0006C821F400000000400C0004278801F408C
:101AB00068821F400000000200C0004288801F4072
:101AC00078821F400000002035000000CEFBFFFFA1
:101AD000CB03000001000000000000003400000003
:101AE000CEFBFFFFCB030000010000000000000060
:101AF00002000000030000000400000006000000D7
:101B00005265636569766564205250555F53454E52
:101B1000445F5354415455530000000052656365BF
:101B200069766564205250555F53454E445F524577
:101B3000434F52445300000073656E645250555237
:101B400065636F7264733A2073656E64696E6720B3
:101B50002575207265636F72642873290A0000007E
:101B60005265636569766564205250555F524553EE
:101B70004554202D207265626F6F74696E67207600
:101B800069612057445400005250555F474F5F4DE4
:101B90004541535552453A206475726174696F6EC0
:101BA0002028256C647329206D757374206265206C
:101BB00030206F722067726561746572207468618D
:101BC0006E20726174652028256C6473293B207334
:101BD000657474696E67206475726174696F6E20D4
:101BE000746F20256C64730A000000005265636501
:101BF00069766564205250555F474F5F5354414E9C
:101C000044425900424154545F545F5345543D256A
:101C10002E32660A000000006261745F765F6C6FAE
:101C2000773D252E32660A006261745F765F6372CB
:101C300069743D252E32660A000000005354415459
:101C400055535F524154453D256C750A0000000014
:101C500041434B2F4E414B20666F72206D73673AA4
:101C60002000000041434B004E414B005741524E73
:101C7000494E473A207270755F7265636F72647384
:101C8000206275666665722066756C6C20E28094D1
:101C9000207265636F72642064726F707065640097
:101CA0004D454153555245206475726174696F6E9C
:101CB0002072656163686564000000004552524F00
:101CC000523A20756E6B6E6F776E205250552073AE
:101CD0007461746520E2809420656E746572696E2B
:101CE00067204552524F52005265636569766564BC
:101CF000205250555F474F5F4D4541535552450067
:101D00004D454153555245206475726174696F6E3B
:101D10003D256C647320726174653D256C64730AA3
:101D200000000000FB21F93FFB2109407CD9124053
:101D3000FB2119407A6A1F407CD92240BBFD254017
:101D4000FB2129403A462C407A6A2F405C473140BB
:101D50007CD932409C6B3440BBFD3540DB8F374033
:101D6000FB2139401BB43A403A463C405AD83D40EA
:101D70007A6A3F404C7E40405C4741406C10424094
:101D80007CD942408CA243409C6B4440AC344540DB
:101D9000BBFD4540CBC64640DB8F4740EB58484033
:101DA000FB21494005000000190000007D000000F3
:101DB00007080C0B06050F000D0E010283840708AF
:101DC0000C0B06050F000D0E01028384FFFFFFFFC1
:101DD000FFFFFFFFFFFF8182090A000001010004ED
:101DE0000100000401320101013202010110010170
:101DF00001110101011201020103020601030106A2
:101E000001120202020000010202000102010001AF
:101E10000210000102220001022300010000000064
:101E2000000000000221000102200001000000006B
:101E30000000000001300101013101010102000434
:101E40000103000400000000000000000121020165
:101E5000012101010000000000000000000000005E
:101E60000110020100000000000000000113010643
:101E70000113020600000000000000000000000046
:101E80000000000001010201010101010100020145
:101E90000100010101020201010201010000000034
:101EA000000000000000000001230201000000000B
:101EB0000000000001200101524154434875545371
:101EC0002050726F66696C696E6720556E69742068
:101ED0000000000061343465643464005741524EA0
:101EE000494E473A2070726576696F757320727536
:101EF0006E20776173207265736574206279207437
:101F00006865207761746368646F6720E28094205D
:101F1000746865206C6F6F70207374616C6C65649D
:101F200020666F72203E20313020732077697468FC
:101F30006F75742063616C6C696E67207764742EB2
:101F40006665656428292E005744542072657365C0
:101F50007420636F756E743A20256C750A0000005A
:101F60004D41433A20253032583A253032583A25EF
:101F70003032583A253032583A253032583A2530E6
:101F800032580A004C6F52612049443A20253034BF
:101F9000580A00005374617274696E67204C6F5266
:101FA00061206661696C6564210000004C6F5261BC
:101FB00020696E697469616C697A6174696F6E20F9
:101FC000636F6D706C6574650000000050434220C3
:101FD00054656D702073656E736F72204352432099
:101FE00062616420E2809420636865636B2073659E
:101FF0006E736F7220636F6E6E656374696F6E00CF
:1020000050756D702054656D702073656E736F72BE
:10201000204352432062616420E28094206368651B
:10202000636B2073656E736F7220636F6E6E656392
:1020300074696F6E000000004261747465727920EB
:1020400054656D702073656E736F72204352432028
:1020500062616420E2809420636865636B2073652D
:102060006E736F7220636F6E6E656374696F6E005E
:1020700052533431206D65746120646174613A207B
:10208000000000004552524F520000004C435F4395
:102090004F4C4C41544500004C435F43545950450C
:1020A000000000004C435F4D4F4E455441525900D3
:1020B0004C435F4E554D4552494300004C435F54DD
:1020C000494D45004C435F4D4553534147455300EF
:1020D00083F9A200444E6E00FC291500D157270059
:1020E000DD34F50062DBC0003C999500419043006F
:1020F0006351FE00BBDEAB00B761C5003A6E240041
:10210000D24D42004906E00009EA2E001C92D1009F
:10211000EB1DFE0029B11C00E83EA700F53582004A
:1021200044BB2E009CE98400B4267000417E5F0011
:10213000D6913900538339009CF439008B5F8400B9
:1021400028F9BD00F81F3B00DEFF97000F9805003F
:10215000112FEF000A5A8B006D1F6D00CF7E3600E5
:1021600009CB2700464FB7009E663F002DEA5F006F
:10217000BA277500E5EBC7003D7BF100F739070092
:1021800092528A00FB6BEA001FB15F00085D8D0070
:10219000300356007BFC4600F0AB6B0020BCCF0048
:1021A00036F49A00E3A91D005E619100081BE60069
:1021B00085996500A0145F008D40680080D8FF00FD
:1021C00027734D0006063100CA561500C9A87300D2
:1021D0007BE260006B8CC00000010000B095002025
:1021E0001200000000060000941F00600A000000BA
:1021F00000020000301F00606200000000070000C5
:10220000CC1E006062000000EE030000EC95002090
:1022100012000000000004EEC49500202800000019
:1022200000030000C81E0060000000000103090454
:10223000B01E00600000000002030904981E006048
:1022400000000000030309040096002000000000C5
:1022500000000000000000000000000030303030BE
:10226000303030303030303030303030303030306E
:10227000303030303030303030303030000000001E
:10228000000000000000000054EE0020BCEE002022
:1022900024EF00200000000000000000000000000B
:1022A000000000000000000000000000000000002E
:1022B000000000000000000000000000000000001E
:1022C000000000000000000000000000000000000E
:1022D00000000000000000000000000000000000FE
:1022E00000000000000000000000000000000000EE
:1022F00000000000000000000000000000000000DE
:1023000000000000000000000000000000000000CD
:1023100000000000000000000000000001000000BC
:10232000000000000E33CDAB34126DE6ECDE05008C
:102330000B00000000000000000000000000000092
:10234000000000000000000000000000000000008D
:10235000000000000000000000000000000000007D
:10236000000000000000000000000000000000006D
:10237000000000000000000000000000000000005D
:10238000000000000000000000000000000000004D
:10239000000000000000000000000000000000003D
:1023A000000000000029DE07007B9A1700003A4079
:1023B000F80B0020000000000000000000000000FA
:1023C000000000000000000000000000000000000D
:1023D00000000000000000000000000000000000FD
:1023E00000000000000000000000000000000000ED
:1023F000000000000000000000000000301000207D
:1024000000000000E8030000000000005810002059
:1024100000000000E80300000000000000801940F8
:10242000F009002000000000649E0020E09C0020D5
:10243000000000000000000040000000400000001C
:10244000400000004000000000000000000000000C
:10245000000000000000000000000000000000007C
:1024600000000000000000000000000058100020E4
:1024700000000000E8030000000000000000194018
:10248000388F002000000000A49E0020209D002026
:1024900000000000000000002800000040000000D4
:1024A00028000000400000000000000000000000C4
:1024B000000000000000000000000000000000001C
:1024C0000000000000000000000000005810002084
:1024D00000000000E8030000000000000080184039
:1024E000788E002000000000CC9E0020609D00201F
:1024F0000000000000000000280000004000000074
:102500002800000040000000000000000000000063
:1025100000000000000000000000000000000000BB
:102520000000000000000000000000005810002023
:1025300000000000E80300000000000000C0184098
:10254000D88E002000000000F49E0020A09D0020F6
:102550000000000000000000280000004000000013
:102560002800000040000000000000000000000003
:10257000000000000000000000000000000000005B
:1025800000000000000000000000000058100020C3
:1025900000000000E80300000000000000001A40F6
:1025A000988F0020000000001C9F0020E09D00206C
:1025B00000000000000000002800000040000000B3
:1025C00028000000400000000000000000000000A3
:1025D00000000000000000000000000000000000FB
:1025E0000000000000000000000000005810002063
:1025F00000000000E8030000000000000040184058
:10260000188E002000000000449F0020209E002023
:102610000000000000000000280000004000000052
:102620002800000040000000000000000000000042
:10263000000000000000000000000000000000009A
:102640000000000000000000000000000000204129
:102650000100000005140000698000000000000077
:102660007CC00F40000000031900000002000000C1
:102670000000000000000000FF000000FF0000005C
:102680000000000000000000180000000200000030
:102690000000000000000000FF000000FF0000003C
:1026A0000000000000000000FF00400026001800AD
:1026B00077000000021500004580000000000000C7
:1026C00068C00F40000000300F0000000200000052
:1026D0002C851F4001000000FF000000FF000000EB
:1026E00000000000000000000E00000002000000DA
:1026F00030851F4001000000FF000000FF000000C7
:102700000000000000000000130240002600180036
:102710007800000003160000518000000000000057
:1027200068C00F40003000001000000002000000F0
:1027300038851F4000000000FF000000FF0000007F
:102740000000000000000000110000000200000076
:102750003C851F4000000000FF000000FF0000005B
:102760000000000000000000FF00400026001800EC
:10277000790000000117000039800000000000000F
:102780006CC00F40000000030700000002000000C2
:1027900040851F4002000000FF000000FF00000015
:1027A000000000000000000008000000020000001F
:1027B00044851F4002000000FF000000FF000000F1
:1027C0000000000000000000FF004000260018008C
:1027D0007A000000041B00005D8000000000000083
:1027E00080C00F4000C00000150000000200000083
:1027F00060851F40010000002E0000000200000064
:1028000060851F400000000014000000020000006E
:1028100064851F40010000002F000000020000003E
:1028200064851F40000000002B02400026001800B5
:102830007E0000000000A04108070000000000002A
:10284000000010410000F041000000000000000006
:102850000000304114EE0020E016232000000000AC
:102860004300000000000000000000000000000025
:102870000000000000000000000000000000000058
:102880004300000000000000000000000000000005
:102890000000000000000000000000000000000038
:1028A00043000000000000000000000000000000E5
:1028B0000000000000000000000000000000000018
:1028C00043000000000000000000000000000000C5
:1028D00000000000000000000000000000000000F8
:1028E00043000000000000000000000000000000A5
:1028F00000000000000000000000000000000000D8
:102900004300000000000000000000000000000084
:1029100000000000000000000000000000000000B7
:102920004300000000000000000000000000000064
:102930000000000000000000000000000000000097
:102940001D420100D100010000000000FC12002027
:1029500088140020D8830020D8830020D88300204A
:10296000D8830020D8830020D8830020D88300207B
:10297000D8830020D8830020FFFFFFFFFFFFFFFF69
:10298000FFFFFFFFFFFF00000100415343494900E3
:102990000000000000000000000000000000000037
:1029A00000000000000000000000415343494900BE
:1029B0000000000000000000000000000000000017
:1029C0000000000000000000000000000000000007
:1029D000000000009091002090910020989100202C
:1029E00098910020A0910020A0910020A8910020A3
:1029F000A8910020B0910020B0910020B891002053
:102A0000B8910020C0910020C0910020C891002002
:102A1000C8910020D0910020D0910020D8910020B2
:102A2000D8910020E0910020E0910020E891002062
:102A3000E8910020F0910020F0910020F891002012
:102A4000F8910020009200200092002008920020BF
:102A5000089200201092002010920020189200206E
:102A6000189200202092002020920020289200201E
:102A700028920020309200203092002038920020CE
:102A8000389200204092002040920020489200207E
:102A9000489200205092002050920020589200202E
:102AA00058920020609200206092002068920020DE
:102AB000689200207092002070920020789200208E
:102AC000789200208092002080920020889200203E
:102AD00088920020909200209092002098920020EE
:102AE00098920020A0920020A0920020A89200209E
:102AF000A8920020B0920020B0920020B89200204E
:102B0000B8920020C0920020C0920020C8920020FD
:102B1000C8920020D0920020D0920020D8920020AD
:102B2000D8920020E0920020E0920020E89200205D
:102B3000E8920020F0920020F0920020F89200200D
:102B4000F8920020009300200093002008930020BA
:102B50000893002010930020109300201893002069
:102B60001893002020930020209300202893002019
:102B700028930020309300203093002038930020C9
:102B80003893002040930020409300204893002079
:102B90004893002050930020509300205893002029
:102BA00058930020609300206093002068930020D9
:102BB0006893002070930020709300207893002089
:102BC0007893002080930020809300208893002039
:102BD00088930020909300209093002098930020E9
:102BE00098930020A0930020A0930020A893002099
:102BF000A8930020B0930020B0930020B893002049
:102C0000B8930020C0930020C0930020C8930020F8
:102C1000C8930020D0930020D0930020D8930020A8
:102C2000D8930020E0930020E0930020E893002058
:102C3000E8930020F0930020F0930020F893002008
:102C4000F8930020009400200094002008940020B5
:102C50000894002010940020109400201894002064
:102C60001894002020940020209400202894002014
:102C700028940020309400203094002038940020C4
:102C80003894002040940020409400204894002074
:102C90004894002050940020509400205894002024
:102CA00058940020609400206094002068940020D4
:102CB0006894002070940020709400207894002084
:102CC0007894002080940020809400208894002034
:102CD00088940020909400209094002098940020E4
:102CE00098940020A0940020A0940020A894002094
:102CF000A8940020B0940020B0940020B894002044
:102D0000B8940020C0940020C0940020C8940020F3
:102D1000C8940020D0940020D0940020D8940020A3
:102D2000D8940020E0940020E0940020E894002053
:102D3000E8940020F0940020F0940020F894002003
:102D4000F8940020009500200095002008950020B0
:102D5000089500201095002010950020189500205F
:102D6000189500202095002020950020289500200F
:102D700028950020309500203095002038950020BF
:102D8000389500204095002040950020489500206F
:102D9000489500205095002050950020589500201F
:102DA00058950020609500206095002068950020CF
:102DB000689500207095002070950020789500207F
:102DC000789500208095002080950020889500202F
:102DD00088950020FFFFFFFF0000020000000000B8
:102DE0000300000054EE0020488A00201201000277
:102DF000EF020140C01683048002010203010000BB
:102E00002800000000010400010000000000000094
:102E1000020157494E5553420000000000000000D7
:102E2000000000000000000012034D0053004600A7
:102E30005400310030003000F80000000C030000A6
:102E40000000000000000000000000000000000082
:102E50000000010108000000000000000000000068
:102E60000000000000000000000000000000000062
:102E70000000000000000000000000000000000052
:102E80000000000000000000000000000000000042
:102E90000000000000000000000000000000000032
:102EA0000000000000000000000000000000000022
:102EB0000000000000000000000000000000000012
:102EC0000000000000000000000000000000000002
:102ED00000000000000000000000000000000000F2
:102EE00000000000000000000000000000000000E2
:102EF00000000000000000000000000000000000D2
:102F000000000000000000000000000000000000C1
:102F100000000000000000000000000000000000B1
:102F200000000000000000000000000000000000A1
:102F30000000000000000000000000000000000091
:102F40000000000000000000000000000000000081
:102F50000000000000000000000000000000000071
:102F60000000000000000000000000000000000061
:102F70000000000000000000000000000000000051
:102F80000000000000000000000000000000000041
:102F90000000000000000000000000000000000031
:102FA0000000000000000000000000000000000021
:102FB0000000000000000000000000000000000011
:102FC0000000000000000000000000000000000001
:102FD00000000000000000000000000000000000F1
:102FE00000000000000000000000000000000000E1
:102FF00000000000000000000000000000000000D1
:1030000000000000000000000000000000000000C0
:1030100000000000000000000000000000000000B0
:1030200000000000000000000000000000000000A0
:103030000000000000000000000000000000000090
:103040000000000000000000000000000000000080
:103050000000000000000000000000000000000070
:103060000000000000000000000000000000000060
:103070000000000000000000000000000000000050
:103080000000000000000000000000000000000040
:103090000000000000000000000000000000000030
:1030A0000000000000000000000000000000000020
:1030B0000000000000000000000000000000000010
:1030C0000000000000000000000000000000000000
:1030D00000000000000000000000000000000000F0
:1030E00000000000000000000000000000000000E0
:1030F00000000000000000000000000000000000D0
:1031000000000000000000000000000000000000BF
:1031100000000000000000000000000000000000AF
:10312000000000000000000000000000000000009F
:10313000000000000000000000000000000000008F
:10314000000000000000000000000000000000007F
:10315000000000000000000000000000000000006F
:10316000000000000000000000000000000000005F
:10317000000000000000000000000000000000004F
:10318000000000000000000000000000000000003F
:10319000000000000000000000000000000000002F
:1031A000000000000000000000000000000000001F
:1031B000000000000000000000000000000000000F
:1031C00000000000000000000000000000000000FF
:1031D00000000000000000000000000000000000EF
:1031E00000000000000000000000000000000000DF
:1031F00000000000000000000000000000000000CF
:1032000000000000000000000000000000000000BE
:1032100000000000000000000000000000000000AE
:10322000000000000000000000000000000000009E
:10323000000000000000000000000000000000008E
:10324000000000000000000000000000000000007E
:10325000000000000000000000000000000000006E
:10326000000000000000000000000000000000005E
:10327000000000000000000000000000000000004E
:10328000000000000000000000000000000000003E
:10329000000000000000000000000000000000002E
:1032A000000000000000000000000000000000001E
:1032B000000000000000000000000000000000000E
:1032C00000000000000000000000000000000000FE
:1032D00000000000000000000000000000000000EE
:1032E00000000000000000000000000000000000DE
:0C32F000000000000000000000000000D2
:1032FC00FFFFFFFFFFFFFFFFFFFFFFFFFFFFFFFFD2
:10330C00FFFFFFFFFFFFFFFFFFFFFFFFFFFFFFFFC1
:10331C00FFFFFFFFFFFFFFFFFFFFFFFFFFFFFFFFB1
:10332C00FFFFFFFFFFFFFFFFFFFFFFFFFFFFFFFFA1
:10333C00FFFFFFFFFFFFFFFFFFFFFFFFFFFFFFFF91
:10334C00FFFFFFFFFFFFFFFFFFFFFFFFFFFFFFFF81
:10335C00FFFFFFFFFFFFFFFFFFFFFFFFFFFFFFFF71
:10336C00FFFFFFFFFFFFFFFFFFFFFFFFFFFFFFFF61
:10337C00FFFFFFFFFFFFFFFFFFFFFFFFFFFFFFFF51
:10338C00FFFFFFFFFFFFFFFFFFFFFFFFFFFFFFFF41
:10339C00FFFFFFFFFFFFFFFFFFFFFFFFFFFFFFFF31
:1033AC00FFFFFFFFFFFFFFFFFFFFFFFFFFFFFFFF21
:1033BC00FFFFFFFFFFFFFFFFFFFFFFFFFFFFFFFF11
:1033CC00FFFFFFFFFFFFFFFFFFFFFFFFFFFFFFFF01
:1033DC00FFFFFFFFFFFFFFFFFFFFFFFFFFFFFFFFF1
:1033EC00FFFFFFFFFFFFFFFFFFFFFFFFFFFFFFFFE1
:1033FC00FFFFFFFF000000000000000000000000C5
:10340C0000000000000000000000000000000000B0
:10341C0000000000000000000000000000000000A0
:10342C000000000000000000000000000000000090
:10343C000000000000000000000000000000000080
:10344C000000000000000000000000000000000070
:10345C000000000000000000000000000000000060
:10346C000000000000000000000000000000000050
:10347C000000000000000000000000000000000040
:10348C000000000000000000000000000000000030
:10349C000000000000000000000000000000000020
:1034AC000000000000000000000000000000000010
:1034BC000000000000000000000000000000000000
:1034CC0000000000000000000000000000000000F0
:1034DC0000000000000000000000000000000000E0
:1034EC0000000000000000000000000000000000D0
:1034FC0000000000000000000000000000000000C0
:10350C0000000000000000000000000000000000AF
:10351C00000000000000000000000000000000009F
:10352C00000000000000000000000000000000008F
:10353C00000000000000000000000000000000007F
:10354C00000000000000000000000000000000006F
:10355C00000000000000000000000000000000005F
:10356C00000000000000000000000000000000004F
:10357C00000000000000000000000000000000003F
:10358C00000000000000000000000000000000002F
:10359C00000000000000000000000000000000001F
:1035AC00000000000000000000000000000000000F
:1035BC0000000000000000000000000000000000FF
:1035CC0000000000000000000000000000000000EF
:1035DC0000000000000000000000000000000000DF
:1035EC0000000000000000000000000000000000CF
:1035FC0000000000000000000000000000000000BF
:10360C0000000000000000000000000000000000AE
:10361C00000000000000000000000000000000009E
:10362C00000000000000000000000000000000008E
:10363C00000000000000000000000000000000007E
:10364C00000000000000000000000000000000006E
:10365C00000000000000000000000000000000005E
:10366C00000000000000000000000000000000004E
:10367C00000000000000000000000000000000003E
:10368C00000000000000000000000000000000002E
:10369C00000000000000000000000000000000001E
:1036AC00000000000000000000000000000000000E
:1036BC0000000000000000000000000000000000FE
:1036CC0000000000000000000000000000000000EE
:1036DC0000000000000000000000000000000000DE
:1036EC0000000000000000000000000000000000CE
:1036FC0000000000000000000000000000000000BE
:10370C0000000000000000000000000000000000AD
:10371C00000000000000000000000000000000009D
:10372C00000000000000000000000000000000008D
:10373C00000000000000000000000000000000007D
:10374C00000000000000000000000000000000006D
:10375C00000000000000000000000000000000005D
:10376C00000000000000000000000000000000004D
:10377C00000000000000000000000000000000003D
:10378C00000000000000000000000000000000002D
:10379C00000000000000000000000000000000001D
:1037AC00000000000000000000000000000000000D
:1037BC0000000000000000000000000000000000FD
:1037CC0000000000000000000000000000000000ED
:1037DC0000000000000000000000000000000000DD
:1037EC0000000000000000000000000000000000CD
:1037FC0000000000000000000000000000000000BD
:10380C0000000000000000000000000000000000AC
:10381C00000000000000000000000000000000009C
:10382C00000000000000000000000000000000008C
:10383C00000000000000000000000000000000007C
:10384C00000000000000000000000000000000006C
:10385C00000000000000000000000000000000005C
:10386C00000000000000000000000000000000004C
:10387C00000000000000000000000000000000003C
:10388C00000000000000000000000000000000002C
:10389C00000000000000000000000000000000001C
:1038AC00000000000000000000000000000000000C
:1038BC0000000000000000000000000000000000FC
:1038CC0000000000000000000000000000000000EC
:1038DC0000000000000000000000000000000000DC
:1038EC0000000000000000000000000000000000CC
:1038FC0000000000000000000000000000000000BC
:10390C0000000000000000000000000000000000AB
:10391C00000000000000000000000000000000009B
:10392C00000000000000000000000000000000008B
:10393C00000000000000000000000000000000007B
:10394C00000000000000000000000000000000006B
:10395C00000000000000000000000000000000005B
:10396C00000000000000000000000000000000004B
:10397C00000000000000000000000000000000003B
:10398C00000000000000000000000000000000002B
:10399C00000000000000000000000000000000001B
:1039AC00000000000000000000000000000000000B
:1039BC0000000000000000000000000000000000FB
:1039CC0000000000000000000000000000000000EB
:1039DC0000000000000000000000000000000000DB
:1039EC0000000000000000000000000000000000CB
:1039FC0000000000000000000000000000000000BB
:103A0C0000000000000000000000000000000000AA
:103A1C00000000000000000000000000000000009A
:103A2C00000000000000000000000000000000008A
:103A3C00000000000000000000000000000000007A
:103A4C00000000000000000000000000000000006A
:103A5C00000000000000000000000000000000005A
:103A6C00000000000000000000000000000000004A
:103A7C00000000000000000000000000000000003A
:103A8C00000000000000000000000000000000002A
:103A9C00000000000000000000000000000000001A
:103AAC00000000000000000000000000000000000A
:103ABC0000000000000000000000000000000000FA
:103ACC0000000000000000000000000000000000EA
:103ADC0000000000000000000000000000000000DA
:103AEC0000000000000000000000000000000000CA
:103AFC0000000000000000000000000000000000BA
:103B0C0000000000000000000000000000000000A9
:103B1C000000000000000000000000000000000099
:103B2C000000000000000000000000000000000089
:103B3C000000000000000000000000000000000079
:103B4C000000000000000000000000000000000069
:103B5C000000000000000000000000000000000059
:103B6C000000000000000000000000000000000049
:103B7C000000000000000000000000000000000039
:103B8C000000000000000000000000000000000029
:103B9C000000000000000000000000000000000019
:103BAC000000000000000000000000000000000009
:103BBC0000000000000000000000000000000000F9
:103BCC0000000000000000000000000000000000E9
:103BDC0000000000000000000000000000000000D9
:103BEC0000000000000000000000000000000000C9
:103BFC0000000000000000000000000000000000B9
:103C0C0000000000000000000000000000000000A8
:103C1C000000000000000000000000000000000098
:103C2C000000000000000000000000000000000088
:103C3C000000000000000000000000000000000078
:103C4C000000000000000000000000000000000068
:103C5C000000000000000000000000000000000058
:103C6C000000000000000000000000000000000048
:103C7C000000000000000000000000000000000038
:103C8C000000000000000000000000000000000028
:103C9C000000000000000000000000000000000018
:103CAC000000000000000000000000000000000008
:103CBC0000000000000000000000000000000000F8
:103CCC0000000000000000000000000000000000E8
:103CDC0000000000000000000000000000000000D8
:103CEC0000000000000000000000000000000000C8
:103CFC0000000000000000000000000000000000B8
:103D0C0000000000000000000000000000000000A7
:103D1C000000000000000000000000000000000097
:103D2C000000000000000000000000000000000087
:103D3C000000000000000000000000000000000077
:103D4C000000000000000000000000000000000067
:103D5C000000000000000000000000000000000057
:103D6C000000000000000000000000000000000047
:103D7C000000000000000000000000000000000037
:103D8C000000000000000000000000000000000027
:103D9C000000000000000000000000000000000017
:103DAC000000000000000000000000000000000007
:103DBC0000000000000000000000000000000000F7
:103DCC0000000000000000000000000000000000E7
:103DDC0000000000000000000000000000000000D7
:103DEC0000000000000000000000000000000000C7
:103DFC0000000000000000000000000000000000B7
:103E0C0000000000000000000000000000000000A6
:103E1C000000000000000000000000000000000096
:103E2C000000000000000000000000000000000086
:103E3C000000000000000000000000000000000076
:103E4C000000000000000000000000000000000066
:103E5C000000000000000000000000000000000056
:103E6C000000000000000000000000000000000046
:103E7C000000000000000000000000000000000036
:103E8C000000000000000000000000000000000026
:103E9C000000000000000000000000000000000016
:103EAC000000000000000000000000000000000006
:103EBC0000000000000000000000000000000000F6
:103ECC0000000000000000000000000000000000E6
:103EDC0000000000000000000000000000000000D6
:103EEC0000000000000000000000000000000000C6
:103EFC0000000000000000000000000000000000B6
:103F0C0000000000000000000000000000000000A5
:103F1C000000000000000000000000000000000095
:103F2C000000000000000000000000000000000085
:103F3C000000000000000000000000000000000075
:103F4C000000000000000000000000000000000065
:103F5C000000000000000000000000000000000055
:103F6C000000000000000000000000000000000045
:103F7C000000000000000000000000000000000035
:103F8C000000000000000000000000000000000025
:103F9C000000000000000000000000000000000015
:103FAC000000000000000000000000000000000005
:103FBC0000000000000000000000000000000000F5
:103FCC0000000000000000000000000000000000E5
:103FDC0000000000000000000000000000000000D5
:103FEC0000000000000000000000000000000000C5
:043FFC0000000000C1
:040000056000100087
:00000001FF
