:0200000460009A
:100000004643464200000156000000000103030081
:1000100000000000000000000000000000000000E0
:1000200000000000000000000000000000000000D0
:1000300000000000000000000000000000000000C0
:1000400000000000010408000000000000000000A3
:100050000000800000000000000000000000000020
:100060000000000000000000000000000000000090
:100070000000000000000000000000000000000080
:10008000EB04180A063204260000000000000000FD
:10009000050404240000000000000000000000002F
:1000A0000000000000000000000000000000000050
:1000B0000604000000000000000000000000000036
:1000C0000000000000000000000000000000000030
:1000D00020041808000000000000000000000000DC
:1000E0000000000000000000000000000000000010
:1000F0000000000000000000000000000000000000
:10010000D8041808000000000000000000000000F3
:100110000204180804200000000000000000000095
:1001200000000000000000000000000000000000CF
:10013000600400000000000000000000000000005B
:1001400000000000000000000000000000000000AF
:10015000000000000000000000000000000000009F
:10016000000000000000000000000000000000008F
:10017000000000000000000000000000000000007F
:10018000000000000000000000000000000000006F
:10019000000000000000000000000000000000005F
:1001A000000000000000000000000000000000004F
:1001B000000000000000000000000000000000003F
:1001C000000100000010000001000000000000001D
:1001D000000001000000000000000000000000001E
:1001E000000000000000000000000000000000000F
:1001F00000000000000000000000000000000000FF
:10020000FFFFFFFFFFFFFFFFFFFFFFFFFFFFFFFFFE
:10021000FFFFFFFFFFFFFFFFFFFFFFFFFFFFFFFFEE
:10022000FFFFFFFFFFFFFFFFFFFFFFFFFFFFFFFFDE
:10023000FFFFFFFFFFFFFFFFFFFFFFFFFFFFFFFFCE
:10024000FFFFFFFFFFFFFFFFFFFFFFFFFFFFFFFFBE
:10025000FFFFFFFFFFFFFFFFFFFFFFFFFFFFFFFFAE
:10026000FFFFFFFFFFFFFFFFFFFFFFFFFFFFFFFF9E
:10027000FFFFFFFFFFFFFFFFFFFFFFFFFFFFFFFF8E
:10028000FFFFFFFFFFFFFFFFFFFFFFFFFFFFFFFF7E
:10029000FFFFFFFFFFFFFFFFFFFFFFFFFFFFFFFF6E
:1002A000FFFFFFFFFFFFFFFFFFFFFFFFFFFFFFFF5E
:1002B000FFFFFFFFFFFFFFFFFFFFFFFFFFFFFFFF4E
:1002C000FFFFFFFFFFFFFFFFFFFFFFFFFFFFFFFF3E
:1002D000FFFFFFFFFFFFFFFFFFFFFFFFFFFFFFFF2E
:1002E000FFFFFFFFFFFFFFFFFFFFFFFFFFFFFFFF1E
:1002F000FFFFFFFFFFFFFFFFFFFFFFFFFFFFFFFF0E
:10030000FFFFFFFFFFFFFFFFFFFFFFFFFFFFFFFFFD
:10031000FFFFFFFFFFFFFFFFFFFFFFFFFFFFFFFFED
:10032000FFFFFFFFFFFFFFFFFFFFFFFFFFFFFFFFDD
:10033000FFFFFFFFFFFFFFFFFFFFFFFFFFFFFFFFCD
:10034000FFFFFFFFFFFFFFFFFFFFFFFFFFFFFFFFBD
:10035000FFFFFFFFFFFFFFFFFFFFFFFFFFFFFFFFAD
:10036000FFFFFFFFFFFFFFFFFFFFFFFFFFFFFFFF9D
:10037000FFFFFFFFFFFFFFFFFFFFFFFFFFFFFFFF8D
:10038000FFFFFFFFFFFFFFFFFFFFFFFFFFFFFFFF7D
:10039000FFFFFFFFFFFFFFFFFFFFFFFFFFFFFFFF6D
:1003A000FFFFFFFFFFFFFFFFFFFFFFFFFFFFFFFF5D
:1003B000FFFFFFFFFFFFFFFFFFFFFFFFFFFFFFFF4D
:1003C000FFFFFFFFFFFFFFFFFFFFFFFFFFFFFFFF3D
:1003D000FFFFFFFFFFFFFFFFFFFFFFFFFFFFFFFF2D
:1003E000FFFFFFFFFFFFFFFFFFFFFFFFFFFFFFFF1D
:1003F000FFFFFFFFFFFFFFFFFFFFFFFFFFFFFFFF0D
:10040000FFFFFFFFFFFFFFFFFFFFFFFFFFFFFFFFFC
:10041000FFFFFFFFFFFFFFFFFFFFFFFFFFFFFFFFEC
:10042000FFFFFFFFFFFFFFFFFFFFFFFFFFFFFFFFDC
:10043000FFFFFFFFFFFFFFFFFFFFFFFFFFFFFFFFCC
:10044000FFFFFFFFFFFFFFFFFFFFFFFFFFFFFFFFBC
:10045000FFFFFFFFFFFFFFFFFFFFFFFFFFFFFFFFAC
:10046000FFFFFFFFFFFFFFFFFFFFFFFFFFFFFFFF9C
:10047000FFFFFFFFFFFFFFFFFFFFFFFFFFFFFFFF8C
:10048000FFFFFFFFFFFFFFFFFFFFFFFFFFFFFFFF7C
:10049000FFFFFFFFFFFFFFFFFFFFFFFFFFFFFFFF6C
:1004A000FFFFFFFFFFFFFFFFFFFFFFFFFFFFFFFF5C
:1004B000FFFFFFFFFFFFFFFFFFFFFFFFFFFFFFFF4C
:1004C000FFFFFFFFFFFFFFFFFFFFFFFFFFFFFFFF3C
:1004D000FFFFFFFFFFFFFFFFFFFFFFFFFFFFFFFF2C
:1004E000FFFFFFFFFFFFFFFFFFFFFFFFFFFFFFFF1C
:1004F000FFFFFFFFFFFFFFFFFFFFFFFFFFFFFFFF0C
:10050000FFFFFFFFFFFFFFFFFFFFFFFFFFFFFFFFFB
:10051000FFFFFFFFFFFFFFFFFFFFFFFFFFFFFFFFEB
:10052000FFFFFFFFFFFFFFFFFFFFFFFFFFFFFFFFDB
:10053000FFFFFFFFFFFFFFFFFFFFFFFFFFFFFFFFCB
:10054000FFFFFFFFFFFFFFFFFFFFFFFFFFFFFFFFBB
:10055000FFFFFFFFFFFFFFFFFFFFFFFFFFFFFFFFAB
:10056000FFFFFFFFFFFFFFFFFFFFFFFFFFFFFFFF9B
:10057000FFFFFFFFFFFFFFFFFFFFFFFFFFFFFFFF8B
:10058000FFFFFFFFFFFFFFFFFFFFFFFFFFFFFFFF7B
:10059000FFFFFFFFFFFFFFFFFFFFFFFFFFFFFFFF6B
:1005A000FFFFFFFFFFFFFFFFFFFFFFFFFFFFFFFF5B
:1005B000FFFFFFFFFFFFFFFFFFFFFFFFFFFFFFFF4B
:1005C000FFFFFFFFFFFFFFFFFFFFFFFFFFFFFFFF3B
:1005D000FFFFFFFFFFFFFFFFFFFFFFFFFFFFFFFF2B
:1005E000FFFFFFFFFFFFFFFFFFFFFFFFFFFFFFFF1B
:1005F000FFFFFFFFFFFFFFFFFFFFFFFFFFFFFFFF0B
:10060000FFFFFFFFFFFFFFFFFFFFFFFFFFFFFFFFFA
:10061000FFFFFFFFFFFFFFFFFFFFFFFFFFFFFFFFEA
:10062000FFFFFFFFFFFFFFFFFFFFFFFFFFFFFFFFDA
:10063000FFFFFFFFFFFFFFFFFFFFFFFFFFFFFFFFCA
:10064000FFFFFFFFFFFFFFFFFFFFFFFFFFFFFFFFBA
:10065000FFFFFFFFFFFFFFFFFFFFFFFFFFFFFFFFAA
:10066000FFFFFFFFFFFFFFFFFFFFFFFFFFFFFFFF9A
:10067000FFFFFFFFFFFFFFFFFFFFFFFFFFFFFFFF8A
:10068000FFFFFFFFFFFFFFFFFFFFFFFFFFFFFFFF7A
:10069000FFFFFFFFFFFFFFFFFFFFFFFFFFFFFFFF6A
:1006A000FFFFFFFFFFFFFFFFFFFFFFFFFFFFFFFF5A
:1006B000FFFFFFFFFFFFFFFFFFFFFFFFFFFFFFFF4A
:1006C000FFFFFFFFFFFFFFFFFFFFFFFFFFFFFFFF3A
:1006D000FFFFFFFFFFFFFFFFFFFFFFFFFFFFFFFF2A
:1006E000FFFFFFFFFFFFFFFFFFFFFFFFFFFFFFFF1A
:1006F000FFFFFFFFFFFFFFFFFFFFFFFFFFFFFFFF0A
:10070000FFFFFFFFFFFFFFFFFFFFFFFFFFFFFFFFF9
:10071000FFFFFFFFFFFFFFFFFFFFFFFFFFFFFFFFE9
:10072000FFFFFFFFFFFFFFFFFFFFFFFFFFFFFFFFD9
:10073000FFFFFFFFFFFFFFFFFFFFFFFFFFFFFFFFC9
:10074000FFFFFFFFFFFFFFFFFFFFFFFFFFFFFFFFB9
:10075000FFFFFFFFFFFFFFFFFFFFFFFFFFFFFFFFA9
:10076000FFFFFFFFFFFFFFFFFFFFFFFFFFFFFFFF99
:10077000FFFFFFFFFFFFFFFFFFFFFFFFFFFFFFFF89
:10078000FFFFFFFFFFFFFFFFFFFFFFFFFFFFFFFF79
:10079000FFFFFFFFFFFFFFFFFFFFFFFFFFFFFFFF69
:1007A000FFFFFFFFFFFFFFFFFFFFFFFFFFFFFFFF59
:1007B000FFFFFFFFFFFFFFFFFFFFFFFFFFFFFFFF49
:1007C000FFFFFFFFFFFFFFFFFFFFFFFFFFFFFFFF39
:1007D000FFFFFFFFFFFFFFFFFFFFFFFFFFFFFFFF29
:1007E000FFFFFFFFFFFFFFFFFFFFFFFFFFFFFFFF19
:1007F000FFFFFFFFFFFFFFFFFFFFFFFFFFFFFFFF09
:10080000FFFFFFFFFFFFFFFFFFFFFFFFFFFFFFFFF8
:10081000FFFFFFFFFFFFFFFFFFFFFFFFFFFFFFFFE8
:10082000FFFFFFFFFFFFFFFFFFFFFFFFFFFFFFFFD8
:10083000FFFFFFFFFFFFFFFFFFFFFFFFFFFFFFFFC8
:10084000FFFFFFFFFFFFFFFFFFFFFFFFFFFFFFFFB8
:10085000FFFFFFFFFFFFFFFFFFFFFFFFFFFFFFFFA8
:10086000FFFFFFFFFFFFFFFFFFFFFFFFFFFFFFFF98
:10087000FFFFFFFFFFFFFFFFFFFFFFFFFFFFFFFF88
:10088000FFFFFFFFFFFFFFFFFFFFFFFFFFFFFFFF78
:10089000FFFFFFFFFFFFFFFFFFFFFFFFFFFFFFFF68
:1008A000FFFFFFFFFFFFFFFFFFFFFFFFFFFFFFFF58
:1008B000FFFFFFFFFFFFFFFFFFFFFFFFFFFFFFFF48
:1008C000FFFFFFFFFFFFFFFFFFFFFFFFFFFFFFFF38
:1008D000FFFFFFFFFFFFFFFFFFFFFFFFFFFFFFFF28
:1008E000FFFFFFFFFFFFFFFFFFFFFFFFFFFFFFFF18
:1008F000FFFFFFFFFFFFFFFFFFFFFFFFFFFFFFFF08
:10090000FFFFFFFFFFFFFFFFFFFFFFFFFFFFFFFFF7
:10091000FFFFFFFFFFFFFFFFFFFFFFFFFFFFFFFFE7
:10092000FFFFFFFFFFFFFFFFFFFFFFFFFFFFFFFFD7
:10093000FFFFFFFFFFFFFFFFFFFFFFFFFFFFFFFFC7
:10094000FFFFFFFFFFFFFFFFFFFFFFFFFFFFFFFFB7
:10095000FFFFFFFFFFFFFFFFFFFFFFFFFFFFFFFFA7
:10096000FFFFFFFFFFFFFFFFFFFFFFFFFFFFFFFF97
:10097000FFFFFFFFFFFFFFFFFFFFFFFFFFFFFFFF87
:10098000FFFFFFFFFFFFFFFFFFFFFFFFFFFFFFFF77
:10099000FFFFFFFFFFFFFFFFFFFFFFFFFFFFFFFF67
:1009A000FFFFFFFFFFFFFFFFFFFFFFFFFFFFFFFF57
:1009B000FFFFFFFFFFFFFFFFFFFFFFFFFFFFFFFF47
:1009C000FFFFFFFFFFFFFFFFFFFFFFFFFFFFFFFF37
:1009D000FFFFFFFFFFFFFFFFFFFFFFFFFFFFFFFF27
:1009E000FFFFFFFFFFFFFFFFFFFFFFFFFFFFFFFF17
:1009F000FFFFFFFFFFFFFFFFFFFFFFFFFFFFFFFF07
:100A0000FFFFFFFFFFFFFFFFFFFFFFFFFFFFFFFFF6
:100A1000FFFFFFFFFFFFFFFFFFFFFFFFFFFFFFFFE6
:100A2000FFFFFFFFFFFFFFFFFFFFFFFFFFFFFFFFD6
:100A3000FFFFFFFFFFFFFFFFFFFFFFFFFFFFFFFFC6
:100A4000FFFFFFFFFFFFFFFFFFFFFFFFFFFFFFFFB6
:100A5000FFFFFFFFFFFFFFFFFFFFFFFFFFFFFFFFA6
:100A6000FFFFFFFFFFFFFFFFFFFFFFFFFFFFFFFF96
:100A7000FFFFFFFFFFFFFFFFFFFFFFFFFFFFFFFF86
:100A8000FFFFFFFFFFFFFFFFFFFFFFFFFFFFFFFF76
:100A9000FFFFFFFFFFFFFFFFFFFFFFFFFFFFFFFF66
:100AA000FFFFFFFFFFFFFFFFFFFFFFFFFFFFFFFF56
:100AB000FFFFFFFFFFFFFFFFFFFFFFFFFFFFFFFF46
:100AC000FFFFFFFFFFFFFFFFFFFFFFFFFFFFFFFF36
:100AD000FFFFFFFFFFFFFFFFFFFFFFFFFFFFFFFF26
:100AE000FFFFFFFFFFFFFFFFFFFFFFFFFFFFFFFF16
:100AF000FFFFFFFFFFFFFFFFFFFFFFFFFFFFFFFF06
:100B0000FFFFFFFFFFFFFFFFFFFFFFFFFFFFFFFFF5
:100B1000FFFFFFFFFFFFFFFFFFFFFFFFFFFFFFFFE5
:100B2000FFFFFFFFFFFFFFFFFFFFFFFFFFFFFFFFD5
:100B3000FFFFFFFFFFFFFFFFFFFFFFFFFFFFFFFFC5
:100B4000FFFFFFFFFFFFFFFFFFFFFFFFFFFFFFFFB5
:100B5000FFFFFFFFFFFFFFFFFFFFFFFFFFFFFFFFA5
:100B6000FFFFFFFFFFFFFFFFFFFFFFFFFFFFFFFF95
:100B7000FFFFFFFFFFFFFFFFFFFFFFFFFFFFFFFF85
:100B8000FFFFFFFFFFFFFFFFFFFFFFFFFFFFFFFF75
:100B9000FFFFFFFFFFFFFFFFFFFFFFFFFFFFFFFF65
:100BA000FFFFFFFFFFFFFFFFFFFFFFFFFFFFFFFF55
:100BB000FFFFFFFFFFFFFFFFFFFFFFFFFFFFFFFF45
:100BC000FFFFFFFFFFFFFFFFFFFFFFFFFFFFFFFF35
:100BD000FFFFFFFFFFFFFFFFFFFFFFFFFFFFFFFF25
:100BE000FFFFFFFFFFFFFFFFFFFFFFFFFFFFFFFF15
:100BF000FFFFFFFFFFFFFFFFFFFFFFFFFFFFFFFF05
:100C0000FFFFFFFFFFFFFFFFFFFFFFFFFFFFFFFFF4
:100C1000FFFFFFFFFFFFFFFFFFFFFFFFFFFFFFFFE4
:100C2000FFFFFFFFFFFFFFFFFFFFFFFFFFFFFFFFD4
:100C3000FFFFFFFFFFFFFFFFFFFFFFFFFFFFFFFFC4
:100C4000FFFFFFFFFFFFFFFFFFFFFFFFFFFFFFFFB4
:100C5000FFFFFFFFFFFFFFFFFFFFFFFFFFFFFFFFA4
:100C6000FFFFFFFFFFFFFFFFFFFFFFFFFFFFFFFF94
:100C7000FFFFFFFFFFFFFFFFFFFFFFFFFFFFFFFF84
:100C8000FFFFFFFFFFFFFFFFFFFFFFFFFFFFFFFF74
:100C9000FFFFFFFFFFFFFFFFFFFFFFFFFFFFFFFF64
:100CA000FFFFFFFFFFFFFFFFFFFFFFFFFFFFFFFF54
:100CB000FFFFFFFFFFFFFFFFFFFFFFFFFFFFFFFF44
:100CC000FFFFFFFFFFFFFFFFFFFFFFFFFFFFFFFF34
:100CD000FFFFFFFFFFFFFFFFFFFFFFFFFFFFFFFF24
:100CE000FFFFFFFFFFFFFFFFFFFFFFFFFFFFFFFF14
:100CF000FFFFFFFFFFFFFFFFFFFFFFFFFFFFFFFF04
:100D0000FFFFFFFFFFFFFFFFFFFFFFFFFFFFFFFFF3
:100D1000FFFFFFFFFFFFFFFFFFFFFFFFFFFFFFFFE3
:100D2000FFFFFFFFFFFFFFFFFFFFFFFFFFFFFFFFD3
:100D3000FFFFFFFFFFFFFFFFFFFFFFFFFFFFFFFFC3
:100D4000FFFFFFFFFFFFFFFFFFFFFFFFFFFFFFFFB3
:100D5000FFFFFFFFFFFFFFFFFFFFFFFFFFFFFFFFA3
:100D6000FFFFFFFFFFFFFFFFFFFFFFFFFFFFFFFF93
:100D7000FFFFFFFFFFFFFFFFFFFFFFFFFFFFFFFF83
:100D8000FFFFFFFFFFFFFFFFFFFFFFFFFFFFFFFF73
:100D9000FFFFFFFFFFFFFFFFFFFFFFFFFFFFFFFF63
:100DA000FFFFFFFFFFFFFFFFFFFFFFFFFFFFFFFF53
:100DB000FFFFFFFFFFFFFFFFFFFFFFFFFFFFFFFF43
:100DC000FFFFFFFFFFFFFFFFFFFFFFFFFFFFFFFF33
:100DD000FFFFFFFFFFFFFFFFFFFFFFFFFFFFFFFF23
:100DE000FFFFFFFFFFFFFFFFFFFFFFFFFFFFFFFF13
:100DF000FFFFFFFFFFFFFFFFFFFFFFFFFFFFFFFF03
:100E0000FFFFFFFFFFFFFFFFFFFFFFFFFFFFFFFFF2
:100E1000FFFFFFFFFFFFFFFFFFFFFFFFFFFFFFFFE2
:100E2000FFFFFFFFFFFFFFFFFFFFFFFFFFFFFFFFD2
:100E3000FFFFFFFFFFFFFFFFFFFFFFFFFFFFFFFFC2
:100E4000FFFFFFFFFFFFFFFFFFFFFFFFFFFFFFFFB2
:100E5000FFFFFFFFFFFFFFFFFFFFFFFFFFFFFFFFA2
:100E6000FFFFFFFFFFFFFFFFFFFFFFFFFFFFFFFF92
:100E7000FFFFFFFFFFFFFFFFFFFFFFFFFFFFFFFF82
:100E8000FFFFFFFFFFFFFFFFFFFFFFFFFFFFFFFF72
:100E9000FFFFFFFFFFFFFFFFFFFFFFFFFFFFFFFF62
:100EA000FFFFFFFFFFFFFFFFFFFFFFFFFFFFFFFF52
:100EB000FFFFFFFFFFFFFFFFFFFFFFFFFFFFFFFF42
:100EC000FFFFFFFFFFFFFFFFFFFFFFFFFFFFFFFF32
:100ED000FFFFFFFFFFFFFFFFFFFFFFFFFFFFFFFF22
:100EE000FFFFFFFFFFFFFFFFFFFFFFFFFFFFFFFF12
:100EF000FFFFFFFFFFFFFFFFFFFFFFFFFFFFFFFF02
:100F0000FFFFFFFFFFFFFFFFFFFFFFFFFFFFFFFFF1
:100F1000FFFFFFFFFFFFFFFFFFFFFFFFFFFFFFFFE1
:100F2000FFFFFFFFFFFFFFFFFFFFFFFFFFFFFFFFD1
:100F3000FFFFFFFFFFFFFFFFFFFFFFFFFFFFFFFFC1
:100F4000FFFFFFFFFFFFFFFFFFFFFFFFFFFFFFFFB1
:100F5000FFFFFFFFFFFFFFFFFFFFFFFFFFFFFFFFA1
:100F6000FFFFFFFFFFFFFFFFFFFFFFFFFFFFFFFF91
:100F7000FFFFFFFFFFFFFFFFFFFFFFFFFFFFFFFF81
:100F8000FFFFFFFFFFFFFFFFFFFFFFFFFFFFFFFF71
:100F9000FFFFFFFFFFFFFFFFFFFFFFFFFFFFFFFF61
:100FA000FFFFFFFFFFFFFFFFFFFFFFFFFFFFFFFF51
:100FB000FFFFFFFFFFFFFFFFFFFFFFFFFFFFFFFF41
:100FC000FFFFFFFFFFFFFFFFFFFFFFFFFFFFFFFF31
:100FD000FFFFFFFFFFFFFFFFFFFFFFFFFFFFFFFF21
:100FE000FFFFFFFFFFFFFFFFFFFFFFFFFFFFFFFF11
:100FF000FFFFFFFFFFFFFFFFFFFFFFFFFFFFFFFF01
:10100000D10020434D1600600000000000000000E9
:10101000201000600010006000340260000000003A
:10102000000000600040020000000000FFFFFFFF22
:10103000FFFFFFFFFFFFFFFFFFFFFFFFFFFFFFFFC0
:10104000FFFFFFFFFFFFFFFFFFFFFFFFFFFFFFFFB0
:10105000FFFFFFFFFFFFFFFFFFFFFFFFFFFFFFFFA0
:10106000FFFFFFFFFFFFFFFFFFFFFFFFFFFFFFFF90
:10107000FFFFFFFFFFFFFFFFFFFFFFFFFFFFFFFF80
:10108000FFFFFFFFFFFFFFFFFFFFFFFFFFFFFFFF70
:10109000FFFFFFFFFFFFFFFFFFFFFFFFFFFFFFFF60
:1010A000FFFFFFFFFFFFFFFFFFFFFFFFFFFFFFFF50
:1010B000FFFFFFFFFFFFFFFFFFFFFFFFFFFFFFFF40
:1010C000FFFFFFFFFFFFFFFFFFFFFFFFFFFFFFFF30
:1010D000FFFFFFFFFFFFFFFFFFFFFFFFFFFFFFFF20
:1010E000FFFFFFFFFFFFFFFFFFFFFFFFFFFFFFFF10
:1010F000FFFFFFFFFFFFFFFFFFFFFFFFFFFFFFFF00
:10110000FFFFFFFFFFFFFFFFFFFFFFFFFFFFFFFFEF
:10111000FFFFFFFFFFFFFFFFFFFFFFFFFFFFFFFFDF
:10112000FFFFFFFFFFFFFFFFFFFFFFFFFFFFFFFFCF
:10113000FFFFFFFFFFFFFFFFFFFFFFFFFFFFFFFFBF
:10114000FFFFFFFFFFFFFFFFFFFFFFFFFFFFFFFFAF
:10115000FFFFFFFFFFFFFFFFFFFFFFFFFFFFFFFF9F
:10116000FFFFFFFFFFFFFFFFFFFFFFFFFFFFFFFF8F
:10117000FFFFFFFFFFFFFFFFFFFFFFFFFFFFFFFF7F
:10118000FFFFFFFFFFFFFFFFFFFFFFFFFFFFFFFF6F
:10119000FFFFFFFFFFFFFFFFFFFFFFFFFFFFFFFF5F
:1011A000FFFFFFFFFFFFFFFFFFFFFFFFFFFFFFFF4F
:1011B000FFFFFFFFFFFFFFFFFFFFFFFFFFFFFFFF3F
:1011C000FFFFFFFFFFFFFFFFFFFFFFFFFFFFFFFF2F
:1011D000FFFFFFFFFFFFFFFFFFFFFFFFFFFFFFFF1F
:1011E000FFFFFFFFFFFFFFFFFFFFFFFFFFFFFFFF0F
:1011F000FFFFFFFFFFFFFFFFFFFFFFFFFFFFFFFFFF
:10120000FFFFFFFFFFFFFFFFFFFFFFFFFFFFFFFFEE
:10121000FFFFFFFFFFFFFFFFFFFFFFFFFFFFFFFFDE
:10122000FFFFFFFFFFFFFFFFFFFFFFFFFFFFFFFFCE
:10123000FFFFFFFFFFFFFFFFFFFFFFFFFFFFFFFFBE
:10124000FFFFFFFFFFFFFFFFFFFFFFFFFFFFFFFFAE
:10125000FFFFFFFFFFFFFFFFFFFFFFFFFFFFFFFF9E
:10126000FFFFFFFFFFFFFFFFFFFFFFFFFFFFFFFF8E
:10127000FFFFFFFFFFFFFFFFFFFFFFFFFFFFFFFF7E
:10128000FFFFFFFFFFFFFFFFFFFFFFFFFFFFFFFF6E
:10129000FFFFFFFFFFFFFFFFFFFFFFFFFFFFFFFF5E
:1012A000FFFFFFFFFFFFFFFFFFFFFFFFFFFFFFFF4E
:1012B000FFFFFFFFFFFFFFFFFFFFFFFFFFFFFFFF3E
:1012C000FFFFFFFFFFFFFFFFFFFFFFFFFFFFFFFF2E
:1012D000FFFFFFFFFFFFFFFFFFFFFFFFFFFFFFFF1E
:1012E000FFFFFFFFFFFFFFFFFFFFFFFFFFFFFFFF0E
:1012F000FFFFFFFFFFFFFFFFFFFFFFFFFFFFFFFFFE
:10130000FFFFFFFFFFFFFFFFFFFFFFFFFFFFFFFFED
:10131000FFFFFFFFFFFFFFFFFFFFFFFFFFFFFFFFDD
:10132000FFFFFFFFFFFFFFFFFFFFFFFFFFFFFFFFCD
:10133000FFFFFFFFFFFFFFFFFFFFFFFFFFFFFFFFBD
:10134000FFFFFFFFFFFFFFFFFFFFFFFFFFFFFFFFAD
:10135000FFFFFFFFFFFFFFFFFFFFFFFFFFFFFFFF9D
:10136000FFFFFFFFFFFFFFFFFFFFFFFFFFFFFFFF8D
:10137000FFFFFFFFFFFFFFFFFFFFFFFFFFFFFFFF7D
:10138000FFFFFFFFFFFFFFFFFFFFFFFFFFFFFFFF6D
:10139000FFFFFFFFFFFFFFFFFFFFFFFFFFFFFFFF5D
:1013A000FFFFFFFFFFFFFFFFFFFFFFFFFFFFFFFF4D
:1013B000FFFFFFFFFFFFFFFFFFFFFFFFFFFFFFFF3D
:1013C000FFFFFFFFFFFFFFFFFFFFFFFFFFFFFFFF2D
:1013D000FFFFFFFFFFFFFFFFFFFFFFFFFFFFFFFF1D
:1013E000FFFFFFFFFFFFFFFFFFFFFFFFFFFFFFFF0D
:1013F000FFFFFFFFFFFFFFFFFFFFFFFFFFFFFFFFFD
:10140000814205D051F8043B40F8043B8242F9D8B0
:10141000704700BF044A05494FF0000342F8043BFF
:101420009142FBD8704700BFC09A002060F10020B5
:101430002DE98848BFF34F8F00BF00BF00BF00BF3A
:1014400000F042F9684B0822C3F8542100BF00BFE6
:1014500000BF00BF00BF00BF00BF00BF00BF00BF94
:1014600000BF00BF00BF00BF00BF00BF5F4A6049B0
:101470006048FFF7C5FF604A60496148FFF7C0FF59
:10148000604CFFF7C7FF4FF470004FF0E0210023DE
:101490005D4AC1F8880D44F823200133B02BFAD1FE
:1014A0005A4B80215A4A03F8011B9342FBD14FF05B
:1014B000E0254D4E4FF08039DFF884B1DFF884A18C
:1014C0004FF0FF31C5F8084D0027C6F80491C6F863
:1014D00000B1C6F8F490C6F8F0A0D5F8243DDFF8C6
:1014E000688143F4E0234B4AC5F8243DD8F81C300A
:1014F00023F07F0343F04003C8F81C30D8F82430B1
:1015000023F07F0343F04003C8F824309166D1668E
:101510001167516700F0E0F83F4B4049A363404B2F
:10152000E36363236B610323AF612B613D4BC5F81C
:10153000203DD5F8FC3D43F08073C5F8FC3D3A4BA7
:101540001A6842F001021A605B680B6000F00EFB43
:10155000C6F804913548C6F800B1C6F8F490C6F84C
:10156000F0A000F085FCD8F86C10314B314A41F402
:101570004051C8F86C101F60C3F80871C3F81871A7
:10158000C3F82871C3F83871936BDB0708D442F6AF
:101590001563294951651365936B43F00103936308
:1015A000244A264C936843F00113936000F01CF921
:1015B00000F060F800F060FC00F006FB00F086F838
:1015C0002368132BFCD900F097FB2368B3F5967FB3
:1015D000FBD300F07FF800F07BF800F031FC00F066
:1015E0003FFC30BFFDE700BF00800D407878010070
:1015F000C01F006000000000C09A00203C980160FD
:1016000000000020009800201D95000000E400E08C
:10161000A0E400E000C00A40D5A90000E4F00020EA
:10162000D9A9000000002020001000E080D1F008BF
:101630000040084000400D400000C056E8F0002087
:101640001B1018200C0D111300C00F40054B4FF458
:101650002A01054A05485A641864054A9963954663
:10166000FFF7E6FE00C00A40BFAAAAAA07002000B2
:1016700000800620104BA020104AD96E41F4403162
:1016800010B4D96640F23764D96E41F44071D9661E
:1016900054649064936C1B06FCD4094A40F2376191
:1016A000A02351649364936C13F08003FBD1054A2B
:1016B00013705DF8044B704700C00F4000400C40B1
:1016C00000800C401EF10020704700BF704700BF33
:1016D000704700BF00BF704710B44FF0E0230021F7
:1016E00010243148C3F8941DC3F89C4D1124C3F84D
:1016F000A00D2E48C3F89C4D1224C3F8A00D2C4811
:10170000C3F89C4D2B4AC3F8A00D2B4C42F0150298
:101710002A48C3F89C4DC3F8A00D294C2948C3F8AA
:101720009C4DC3F8A00D284CC3F89C2D2748284A8F
:10173000C3F8A04DC3F89C0DC3F8A02D02F5A0225C
:10174000244C0C322448C3F89C4DC3F8A02D234AE6
:10175000C3F89C0D224CC3F8A02D02F14062C3F8DF
:101760009C4D2048C3F8A02D0C32C3F89C0DC3F843
:10177000A02D00BF00BF00BF00BF00BF0122C3F803
:10178000942DBFF34F8FBFF36F8FC3F8501FBFF37C
:101790004F8FBFF36F8FD3F8142D5DF8044B42F4D5
:1017A0004032C3F8142D70473F0000102500080791
:1017B0000900100060F10020130020002100020742
:1017C0001400002025000813090000101600202036
:1017D00027000B1317000040180000602F000B07B4
:1017E000190000701A000080F0B5B84B1822B84EEE
:1017F0000120B84F83B0C3F85C62B749C3F8607288
:10180000B64DC3F86462A6F53046B54CC3F86862BD
:10181000C3F86C52C3F87052C3F87452C3F87852CC
:1018200048F20C75DA661A675A679A67DA67C3F87E
:101830008020C3F88420C3F88820C1F82C03A94A6B
:10184000C1F83003C1F83403C1F83803C1F83C03D0
:10185000C1F85003A169A44B0A40A448A44913430A
:10186000A44AA361D4F8843043F00C03C4F8843054
:101870004FF0FF34036843F00203036003682B401A
:101880004FF400551A439C4B026044608A689B4C9D
:1018900013409B4A43F000538360C36823F07803EE
:1018A000C360036A134023430362036A1340954AEB
:1018B0002343954C43628262C2620022D1F8B83061
:1018C00023F03F0343F00103C0F8B830D1F8BC3037
:1018D0008E4923F03F0343F00103C0F8BC3040F2CF
:1018E0000563026105660467C0F880304566446799
:1018F0000224C0F88430036823F00203036081618E
:10190000834B8449C46143F8042B8B42FBD1774A53
:10191000136843F001031360136813F00103FBD154
:101920007A48022140F2F564906140F29940D16119
:1019300040F26641C2F8004242F20144C2F810127D
:101940007549C2F82002C2F8301240F2354173489E
:10195000C2F83442C2F84012714CC2F8500242F24E
:1019600001207049C2F854120121C2F86042C2F845
:1019700064025E48C2F8A030C2F8A430C2F8B010C9
:101980004369DA07FCD5012300244FF4803257491C
:101990004361C0F8A040C0F8A420C0F8B0304B6943
:1019A000DB07FCD5012300244FF400304F4A4B6184
:1019B000C1F8A040C1F8A400C1F8B0305369DF07F6
:1019C000FCD501230024584848495361C2F8A0407F
:1019D000C2F8A400C2F8B0304B69DE07FCD5D1F8DC
:1019E000003145F60D5221209BB24861934265D1EA
:1019F00000244FF4802201233C48C1F8A040C1F8E4
:101A0000A420C1F8B0304369DD07FCD501234FF4B1
:101A100000040021354A4361C0F8A040C0F8A4107A
:101A2000C0F8B0305369DC07FCD501234FF4000443
:101A30004FF480302D495361C2F8A040C2F8A40091
:101A4000C2F8B0304B69D807FCD501234FF400042D
:101A50004FF40030254A4B61C1F8A040C1F8A40002
:101A6000C1F8B0305369D907FCD501234FF4000405
:101A70002D481E495361C2F8A040C2F8A400C2F824
:101A8000B0304B69DA07FCD5D1F8003145F60D527C
:101A900021209BB24861934250D008254FF40004A6
:101AA00022490020224B234A009015705A1A012324
:101AB0002148224400F0D8F903B0F0BD1E4B0022AB
:101AC000C3E90022C3E9022203B0F0BD00801F4039
:101AD000F9B00100F910010000841F40F970010005
:101AE00000C00F40FFFCFF1F000300A000402A4081
:101AF00000802A401200FFFFFF37F70040000080FF
:101B000000FFF07CFF000F8363000200F05AF05AE0
:101B100000422A4000432A409F041830EB06180A6E
:101B20003806180A0632012604000300000000707F
:101B3000000000701FF10020A4EF00204FF400040B
:101B40004FF4802201230848C1F8A040C1F8A42026
:101B5000C1F8B0304369DB07FCD5012310254FF0F5
:101B6000807443619CE700BF00402A40F0B4154AEE
:101B700040274FF480314FF480564FF400554FF416
:101B8000404443F24200136913F0020F0ED113F4E4
:101B9000005F0FD013F4805F0ED0002BF3DA13F444
:101BA000803F0BD15B060BD5F0BC7047946151614F
:101BB0009061E8E75561E6E75661E4E79161E2E7A5
:101BC0005761E0E700800D403F4A03203F49F3EEB4
:101BD000095AD2F880304FF0000C9FED3D6A23F097
:101BE00001039FED3C5A30B4C2F88030C2F8900037
:101BF000D1F8E010384DCBB2384C39482B6007EEA5
:101C0000903A0B0DC1F30B21F8EEE77A06EE903A0D
:101C100007EE101A334BB8EEC77A2160F8EEE66A89
:101C2000314937EEC66A37EEC55A76EEC76A77EEA7
:101C3000E57A26EE266AC3ED006A25EE265AD2F82A
:101C4000803067EEA64AC0ED007AC6EE275A2748D4
:101C500085EE276AC4EEA76A75EE875AFCEEE55A50
:101C600036EE076A15EE904ABCEEC66A43EA0453A4
:101C700076EE877AC2F8803016EE103AD2F89041AC
:101C8000FCEEE77A01EA0341214317EE903AC2F8ED
:101C90009011C3F30B03D2F890110B431449C2F80F
:101CA0009031D2F8803043F00203C2F88030114BFB
:101CB00080F840C0C1F840314FF0E023012230BC31
:101CC000C3F80821704700BF00810D4000441F4049
:101CD0000000AA420000B44254F0002050F000205E
:101CE00058F000205CF000200000FF0F00E400E04E
:101CF0000098002005970000314B40F6617210B546
:101D0000C3F8202140F2044400F09EF82D4A2E49E9
:101D1000D2F880302D4843F00303C2F880302C4BBA
:101D2000C1F8604102681A4203D1D1F8A8319A077C
:101D30001BD0254A4FF00041244B5963D2F8403163
:101D400043F00203C2F84031D2F840319B07FBD484
:101D50004FF400304FF0E0211C4B4FF00042C1F82F
:101D60008C0219209A6300F077F8184A4FF08040EF
:101D7000154C002190630A20164B11604FF420721D
:101D8000C4F8A801184600F063F84FF48002034637
:101D90004FF4810040F243111860C4F858311A64BE
:101DA0000D4B0E4AC4F84811C3F804224FF0E0224C
:101DB0004FF400310123C2F80C11C4F8403110BDBA
:101DC00000800D4000C00F4000002E4000900D40EC
:101DD000001C1E000000002000980020ED9800006C
:101DE00008B50E4B1B6E9B0700D4FBBE72B60C4BA6
:101DF00000200C4AC3F8400103F160430A49A3F5EF
:101E00005F2311649D46BFF34F8F4FF400130748C3
:101E1000074ADB6902609B68984700BF00441F4087
:101E200000002E4000C00A40030020000080202057
:101E3000000012EBF8B500BFF8BC08BC9E46704726
:101E40005FF800F019F400005FF800F05DA00000FA
:101E50005FF800F029E800005FF800F0DD8A00007C
:101E60005FF800F0859000005FF800F069AA0000BC
:101E70005FF800F0ED8700005FF800F029940000A3
:101E800045000000D1010000711F0000B1220000D8
:081E90005D2500003D78000013
:101E980016035500530042002000530065007200ED
:101EA800690061006C0000001803540065006500BB
:101EB8006E00730079006400750069006E006F00A1
:101EC8000403090409026200030100C032080B0080
:101ED80002020201000904000001020201000524B7
:101EE800001001052401010104240206052406004E
:101EF800010705820310001009040100020A00000E
:101F0800000705030240000007058402400000099D
:101F180004020002FF6AFF00070581024000010772
:101F2800050102400001000009026200030100C02F
:101F380032080B000202020100090400000102023B
:101F480001000524001001052401010104240206F2
:101F58000524060001070582031000050904010095
:101F6800020A0000000705030200020007058402B8
:101F78000002000904020002FF6AC7000705810287
:101F88000002010705010200020100000A06000222
:101F9800EF02014001000000005EBCE2613FDD830A
:101FA800C29C7E20A3FD1F41009D23BE46DB65F831
:081FB8008C11AF32CA57E97425
:101FC0000000000000000000000000000000000011
:101FD0000000000000000000000000000000000001
:101FE0000548064B1B1AD90F01EBA301491002D07B
:101FF000034B03B118477047C09A0020C09A0020D5
:102000000000000008B5054B1BB105490548AFF3BA
:102010000080BDE80840FFF7E3BF00BF00000000FC
:10202000B4EF002000400260704700BF08B583682D
:1020300003B19847044AD3889BB243F48043D380CA
:10204000BFF34F8F08BD00BF00800B4008B5836809
:1020500003B19847034A137803F0F7031370BFF3F3
:102060004F8F08BD00400B400B4B186888B10368C8
:102070000A4A1B6893420DD1836810B503B1984793
:10208000074AD3889BB243F48043D380BFF34F8F7A
:1020900010BD7047184700BFA8D600206D00000093
:1020A00000800B4038B5094A0025094B04461560ED
:1020B0001D7001F0E7FA2560102106480AF010FBB8
:1020C0000548BDE8384008F03FB800BF7CA00020BC
:1020D00000900020BC070020C08B002038B5224CA7
:1020E000054623781BBB6378002B2AD1A378002BED
:1020F0002ED1E378002B32D11C4B00241C4A1968E6
:102100001C48116004701C4918681A681B4B086051
:102110001B481A6004F08EFA0123102119482B6025
:102120000AF0DEFA1848BDE8384008F00DB8012181
:10213000022008F007FD154B01221A706378002B6E
:10214000D4D00121042008F0FDFCA378002BD0D0CE
:102150000121032008F0F6FCE378002BCCD001210C
:10216000292008F0EFFCC7E77CA00020E8F0002061
:1021700088B0002018F1002078A00020609E002088
:10218000D4EF0020A8070020C08B00200090002082
:1021900070B508F079FD1F4806F096FC20211E4816
:1021A00005F08CFF1D4E21211D4805F087FF1D4CB9
:1021B00027211D4805F082FF1C4D29221C4930466D
:1021C00006F05CF822461B4930460AF06FFC1A49BB
:1021D000284603F04FFC2246184928460AF066FCC0
:1021E000174D184B0021184A2846C3E9002108F072
:1021F00025F82246154928460AF058FC144804F0F0
:10220000EBF9144B14491868144A1B6808601360F2
:1022100070BD00BF9C9F00206C9F002078C60020EE
:1022200028EB00202090002098E80020E0E8002023
:10223000B08D0020ED620000D08B0020690000000E
:1022400060EB002004F100208810002019830000BA
:10225000D4EF0020E8F0002078A00020609E00204D
:102260002DE9F04301218BB02320C64D08F0A6FCD8
:1022700000212220C44C08F0A1FC01210220C34F00
:1022800008F09CFC01210420DFF88C9308F096FCF8
:102290000121032040F2EE2808F090FC01210520E6
:1022A00008F08CFC0021162008F088FC01211E207B
:1022B00008F084FC01211D2008F080FC012124206D
:1022C00008F07CFC0121252008F078FC0021262064
:1022D00008F074FC0121092008F070FC01210220A3
:1022E00008F030FC0121042008F02CFC002105201E
:1022F00008F028FC0121032008F024FC01211E2005
:1023000008F020FC01211D2008F01CFC01212020E8
:1023100008F018FC0021092008F014FC2E680AF0CF
:102320005DFA2378002B00F098813B78DA0740F1C2
:1023300094812B68D9F800209B1A0E2B40F28D81D6
:1023400093490024934805F051FF9349934805F0C1
:102350004DFF9349934805F049FF07A89249054668
:1023600007F06CFF914904A807F086FA04A92846F3
:1023700008F080F801468E4807F0C0FE8C4807F050
:10238000E3FE04A807F0A8FF284607F0A5FF894B45
:102390009E88079406F002062046013408F098FC57
:1023A00005F8010B042CF7D10798431C00F06B8152
:1023B000002E40F06E8102F027F8079A7E49002433
:1023C0007B4807F0DDFE7D4A7D49136C7D4843F470
:1023D00000138C607C4D1364426F764B42F44032A4
:1023E00042672960794A7A497A48C2F8B01146F2C0
:1023F000A0124FF416511A8041F210321A8044F2A2
:102400000A02DA801A8892B242F06C021A804FF007
:10241000E0221C814FF08053C2F80831224607F0B9
:1024200035FB4FF480526C496A4807F09DFC4FF42D
:1024300016516A48302207F029FB22464FF4165104
:10244000674807F023FB22464FF4E131654807F067
:102450001DFB6549634840F2044207F085FC2246B3
:102460004FF4E131614807F011FB41F2D0126049AD
:102470005E4807F093FC0C2008F024F9202008F0B7
:1024800051F907A807F0DEF99DF820309DF82110DA
:102490000293BDF82030574C5BBA9DF81F20039182
:1024A00023809DF81E3054494148CDE900329DF803
:1024B0001D309DF81C2007F063FE504922883C48DF
:1024C00007F05EFE4E4806F05BFA4E494E4807F0B4
:1024D000D9F8002840F0CF8015214C480AF000F9C7
:1024E000334807F031FE0921474807F043F84849CF
:1024F000454807F077F84FF47A7008F0CFFA25488E
:1025000005F0F8FD234805F015FE002800F0E180F5
:10251000224805F0EFFD214805F00CFE002800F0F0
:10252000D080204805F0E6FD1E4805F003FE002897
:1025300000F0BF8007A8324905F0CCFE07A91C486F
:10254000002407F0DBFD1A4807F0FEFD07A807F09E
:10255000C3FE304907A807F071FE04A8284905F01A
:10256000C3FE04A907A807F085FF0146104807F03D
:10257000C5FD0F4807F0E8FD04A807F0ADFE07A869
:102580004CE000BFE8F0002028F1002027F10020F7
:10259000B8D6002098E80020C0D6002028EB002004
:1025A000ACD600206C9F00207C86002098860020FE
:1025B000C08B002000800B400C87002000C00A4028
:1025C00004F1002000C00F40A8D600200098002091
:1025D000A9000000908C002088A00020308C0020F2
:1025E000508D0020F08C002098B00020D08B00206F
:1025F000A0B4002010F1002024870020488700208C
:1026000078C6002000A1BC33989C00205887002089
:1026100090D0030034880020F8F0002007F05CFE22
:102620003049314807F06AFD2F4807F08DFD2146FB
:10263000092008F035FE2D4A2D4B14601C7001F066
:1026400021F82C4B10212C481C600AF049F8264830
:102650000BB0BDE8F04307F077BD2B6822789B1BD9
:1026600032B1B3F5FA6F3FF66BAE0AF0B7F856E643
:102670004345FAD964E61C2120480AF031F81A488B
:1026800007F062FD2FE7002318460793002E3FF462
:1026900092AE013004220021079007A808F0C2FC86
:1026A0006B2117480AF01CF80F4807F04DFD0798FA
:1026B00081E6372113480AF013F80B4807F044FD70
:1026C00038E7342110480AF00BF8074807F03CFDC2
:1026D00027E733210D480AF003F8034807F034FDDB
:1026E00016E700BF78C60020C08B00207CA0002029
:1026F000009000206CEB0020BC07002070870020B9
:10270000A0860020FC870020C4870020908700203E
:10271000984B45F255514AF6AA222DE9F04F964CB6
:10272000964E974FDFF8E0B2DFF8E092954DDFF874
:102730008C822DED028B5980D5B05A8000F014FEAA
:1027400084ED000A00F0EAFD86ED000A00F032FE9A
:1027500087ED000A00F048FE8BED000A00F060FEF5
:10276000894B8A4A8A498B4889ED000A00F078FE35
:1027700006E007F0FFF801464046C9B206F078FCD3
:10278000284607F0A5F803462846002BF1DC824DC9
:10279000284602F0D1FF012800F0B480022823D19E
:1027A00011217E4809F09CFF002395F82C120A2283
:1027B0007B4807F0F3FC7A4807F0C6FC95F82D3209
:1027C0000321002B40F0CE80764809F089FF744841
:1027D00007F0BAFC95F82C320A2B05D195F82D326A
:1027E00013B1714B00221A60684BDFF89C8108938B
:1027F000674B6E4D0993674B0A936D4B04936D4B7A
:1028000005936D4B0C936D4B07936D4B0B936D4B79
:102810000693DFF8FCA105202B68D4ED000A96EDA5
:10282000001A9AED008A0F93CDED0E0A8DED0D1A68
:1028300008F0B2F9B8EE488A011E0F9B9FED620ABC
:1028400018BF012118469DED0D1A88EE000ADDED36
:102850000E0A01F011FE0B9B97ED002A98ED005A2D
:102860000093089B94ED001AD3ED004A099B96ED66
:10287000000A93ED004A0A9B99ED003AD3ED003A25
:10288000049BDBED000AD3ED002A059B4F49D3EDF5
:10289000001A0C9B1888079B01934D4B2A6801F086
:1028A0004BFE069B4B4A00934B494C4B3F4800F074
:1028B0009FFF2F68012F17D0022F1ED097B32B2117
:1028C000474809F00DFF364807F03EFC02231B2164
:1028D00044482B6009F004FF314855B0BDEC028B31
:1028E000BDE8F04F07F030BC3F49DAF800300A6825
:1028F0009B1AB3F57A7F80F08D8055B0BDEC028BCA
:10290000BDE8F08F29784B1E082B00F2F984DFE830
:1029100013F0AE02F4003001410147028402B70116
:1029200035029602049B314A00930192214B3049B3
:102930003048314A00F0D4FE304BD4ED001A93ED0C
:10294000002A2F4B96ED001AD3ED000A059B1C4977
:102950001F4893ED000A55B0BDEC028BBDE8F04F67
:1029600000F0D0BE274809F0BBFE0D4807F0ECFB95
:1029700030E700BF00800B40B0D6002074C60020B6
:1029800058EB0020908C00205CEB002018EB00201E
:1029900094E80020B4D60020E0E800201484002051
:1029A000C08B00202C84002090B000206CEB002015
:1029B000B8D60020ACD6002010F100209C9F00204B
:1029C0008CB00020148E002000007A4498860020ED
:1029D00080A00020009000207CA0002094B0002067
:1029E000808400207C04002078A00020C0D6002035
:1029F00098E800206C9F002028EB0020108E00201B
:102A0000F88F002028840020A4D60020BCD6002007
:102A1000E8F00020069B1868049B01280093DAF870
:102A20000030B8BF01209B1AAA4AA2FB03624FF4F0
:102A30007A76920906FB00F8A74806FB1233DAF80B
:102A40000020A64ED31AA64A0B60A64BA6490193B6
:102A5000A64B00F045FE0022A54932A805F06CFD0A
:102A60009DF8C830A348069301F0C0FAA249A348D4
:102A700001F000FFA24801F0D1FD337823B9079B94
:102A80001B78002B40F03C8294ED000A9D4801F039
:102A900051FA059B93ED000A9B4BD3ED000A00F021
:102AA0000DFE9A4ADAF8003011680B905B1A9845CF
:102AB00040F26A82964B1B68002B3FF41EAF95498B
:102AC0004FF47A70DAF80020096800FB03F3521A19
:102AD0009A42FFF412AF18218F4809F001FE8F4887
:102AE00007F032FB00248E4A864B14601C7000F005
:102AF000C9FD10218B482C60ECE619218A48DFF8CB
:102B000074A209F0EDFD854807F01EFBDAF80020FD
:102B1000AAB94FF02608854D114605E0511C7729CA
:102B2000CAF8001000F2E883814B2622284608FBF1
:102B3000013101F069FBDAF800200028EED17D496F
:102B4000764807F01DFBDAF80030002B00F07583A3
:102B500003EBC3027649784803EB420341F2D012FB
:102B60005B009BB201F042FF0A21734802F0FEF9BC
:102B70003AE601220321704801F0ECFF26216F485C
:102B800009F0AEFD654807F0DFFA42F6E06007F0B5
:102B900085FF29E60DF147030DF145050DF1460AC4
:102BA000DFF86481029312AB00951FA90393002301
:102BB000CDF804A08DF847302B708AF800308DF8DE
:102BC0004830D8F800305E4A1593514B06921B6886
:102BD00059481F93136832AA329315AB02F050FF85
:102BE000002800F024831F9A002A40F077830122F6
:102BF0000421514801F0AEFF1721524809F070FD41
:102C0000464807F0A1FA1F9A414B06991A60329B79
:102C100042480B604C4907F0B3FA95F900509AF915
:102C20000000003D9DF947109DF9482018BF01257F
:102C300000383B4B18BF012000391D7018BF01211F
:102C4000003A587018BF012299704048DA70159BFD
:102C5000C8F80030FFF742FA3D4BDFF81C810893BB
:102C60003C4B3A4D09933C4B0A933C4B04931F4B0E
:102C700005933B4B0C933B4B07933B4B0B93C8E5A6
:102C80003A4D334B29462C48089302F0B5FE0721F4
:102C90000246294801F05EFFDFF8DC80D5ED007ABE
:102CA00033492C4BB7EEE77A1C4809932A4B274D42
:102CB0000A932A4B04930D4B0593294B0C93294BF4
:102CC0000793294B0B931E4B069353EC172B07F0DE
:102CD00057FA9EE5D34D62106C9F002018F100203A
:102CE00028EB0020C0D6002098E80020ACD60020B9
:102CF00078C60020C8E800201CEB002060EB002014
:102D000070EB002000900020F88F0020609E0020D3
:102D100094B0002088B0002064840020C08B002084
:102D20007CA00020BC070020E082002000002020C2
:102D3000C4D60020FC820020E0E80020248300208C
:102D4000148E0020AC840020C48400206CEB002092
:102D500018EB002094E80020B4D60020B8D600205C
:102D600010F100209C9F00208CB0002014900020C7
:102D7000DC83002090B000205CEB0020674D684BA6
:102D800029466848089302F037FE08210246654844
:102D900001F0E0FEDFF8EC81D5ED007A624980E7D2
:102DA000DFF8B08132A95F48D8F80030329302F0E2
:102DB000B3FE054605215B482A4601F0CBFE002DF7
:102DC0003FF412AD1721594809F08AFC584807F022
:102DD000BBF9329B4FF0000A564DC8F80030564BF5
:102DE000DFF8A081C3F800A0544B83F800A000F0E6
:102DF00049FC10215248C5F800A009F071FC4C486C
:102E000007F0A2F9464B08934E4B09934E4B0A9399
:102E10004E4B04934E4B0593F3E44E4D404B2946E5
:102E20004048089302F0E8FD062102463D4801F0C3
:102E300091FEDFF85081D5ED007A474931E701F086
:102E4000EFFA32A93290374802F0F8FC0546002824
:102E500040F040822A460921324801F07BFE01F011
:102E6000DFFA3E490246324807F08AF9BCE41821ED
:102E70003B4809F035FC2E4807F066F9394B3A4AD1
:102E800032A81B6897ED002A94ED001A96ED000A0F
:102E90000093136835490193214BDFF8E880D3EDA7
:102EA000004A0893274B234D93ED004A0993264B84
:102EB00098ED005AD3ED003A0A93244B0B92D3EDD0
:102EC000002A0493224B0C91D3ED001A0593284B52
:102ED00099ED003A029307930988DBED000A2B680D
:102EE000244A01F0AFFA3299002900F007820D4818
:102EF00002F01EFE32A807F0EFF91F4B069388E49C
:102F00001B4806F01DF91D4B194883ED000B06F018
:102F100033F91B4B377083ED000BB5E5108E0020A5
:102F200018EB0020E0E80020EC830020B0830020B4
:102F3000C08B00206CEB00207CA0002000900020C3
:102F4000BC07002094E80020B4D60020B8D60020AA
:102F5000ACD60020F88F0020C88300200084002019
:102F6000C482002080A000208CB0002010F100203E
:102F70009C9F002098860020148E0020809C0020BA
:102F8000889C00205CEB0020DAF800305B1AC04916
:102F90000868B3FBF8F108FB1133DAF80010CB1A1C
:102FA000DAF800101360091ABA4BBB48A3FB0131D1
:102FB000890903F04BFB079AB748D2F8843007EE33
:102FC000903A0C930023B8EEE77B82F87D309FEDBA
:102FD000AC6B87EE060BB7EEC00B03F03BFB337810
:102FE000002B40F03B819FEDA80BAB4803F03CFB6E
:102FF0003378002B40F029819FEDA30BA64803F006
:1030000043FB079E0023A44896F8941086F88D3061
:1030100003F04AFB3378002B00F01581B36BDAF82C
:103020000010C91A9B4BA3FB013189099B4F9A4899
:1030300003F040FB9A4EB988974803F03FFBB989EB
:10304000954803F03DFB3188934803F03BFBB168A2
:10305000914803F03FFB71688F4803F041FB069BEA
:10306000002B00F0CF808C489DED340BB7EEC00BE9
:1030700003F03CFB88489DED3A0BB7EEC00B03F024
:1030800045FB85489DED360BB7EEC00B03F04AFBC0
:103090009DED380BB7EEC00B824E7F4803F050FB1E
:1030A00096ED000A7C4803F05BFB96ED010A7A4836
:1030B00003F062FB96ED020A774803F06BFB96ED96
:1030C000030A754803F074FBF988734803F07EFB2C
:1030D0003989714803F07CFB79896F4803F07AFBEA
:1030E000398A6D4803F078FB798A6B4803F076FBE8
:1030F000F989694803F074FB069B002B00F094806B
:103100009DED500BB7EEC00B634803F06BFB664BB5
:10311000614893ED040A03F079FB96ED080A5E48D6
:1031200003F082FB96ED090A5B4803F085FB96ED00
:103130000A0A594803F088FB96ED0B0A564803F03B
:103140008BFB099B544893ED000A03F08DFB0A9B0F
:10315000514893ED000A03F095FB99ED000A4E48A3
:1031600003F09EFB089B4C4893ED000A03F0A6FB7E
:103170009BED000A484803F0AFFB059B464893EDE2
:10318000000A03F0B9FB494B434893ED000A03F0F2
:10319000C3FB049B404893ED000A03F0CDFB94ED84
:1031A000000A3D4803F0D8FB0B993B4803F0E4FBD1
:1031B00039493F4800F0ECFF002858D0364803F06A
:1031C0003DFA00F0EDFA00283FF474AC15A9262270
:1031D000314804F041FC1FA803F0FEF9262215A98E
:1031E0001FA803F0CFFB12A81FA904F0C5F912A96C
:1031F000304806F083FF2F4806F0A6FF12A807F01C
:103200006BF857E49FED2C0A234803F06FFA9FED0B
:103210002A0A214803F07AFA9FED270A1E4803F094
:1032200081FA9FED250A37E79FED230A6CE70246F6
:103230000421224801F08EFC0EE50B211F4801F00D
:1032400039FDFFF7D1BA1E49F0E61E4805F094FF9C
:103250001D4B93ED007B30EE470BCFE6194805F090
:103260006FFF1A4B93ED007B30EE470BBDE6332129
:10327000174809F035FA0F4806F066FF9EE700BFD1
:1032800000000000000059400000000000000000A5
:1032900088B00020D34D6210D4EF0020C8E8002091
:1032A0001CEB002070EB002000900020C0D6002016
:1032B00000002020C08B002000000000E0E800207B
:1032C000378941009C9F0020889C0020809C002022
:1032D00030840020329801F09DF8BBE5329B9A4281
:1032E0003FF785AC591C09480091094906F048FF91
:1032F000329B01331F937AE40A4620E40549F6E540
:103300000022054801F026FCFFF76EBAC08B0020B2
:103310004C830020408A0020E0E8002038B5642477
:103320000025172007F076F9013C0544F9D107EE96
:10333000905ADFED095A9FED096AF8EEE77ADFED62
:10334000086A9FED080A87EEA57A67EE067A67EEAF
:10335000A67A87EE800A38BD80F3C74833335340DE
:1033600033333B41295CAF3F38B56424002513203B
:1033700007F050F9013C0544F9D107EE905ADFED12
:10338000095A9FED096AF8EEE77ADFED086A9FEDCA
:10339000080A87EEA57A67EE067A67EEA67A87EEC8
:1033A000800A38BD80F3C748333353400AD74741BA
:1033B000295C1F4038B564240025162007F02AF93F
:1033C000013C0544F9D107EE905ADFED056A9FED07
:1033D000057AF8EEE77A87EEA60A20EE070A38BDEE
:1033E00080F3C7483333534038B5642400251B208D
:1033F00007F010F9013C0544F9D107EE905ADFEDD2
:10340000066A9FED067AF8EEE77A87EEA60A20EEC6
:10341000070A30EE000A38BD80F3C7483333534003
:1034200038B564240025122007F0F4F8013C054467
:10343000F9D107EE905A9FED076ADFED076AF8EEC3
:10344000E77A9FED060A87EE867A27EE267A27EE40
:10345000000A38BD80F3C7483333534000007A4434
:103460002DE9F047824C8946824F01218246062091
:1034700090461E4607F066FB7F4B61683A68A3FBE7
:1034800002326423920C03FB02F263685B1A9A42D5
:10349000FBD80021242007F055FB0021252007F050
:1034A00051FB754B60683A687149A3FB02324FF4D7
:1034B0007A73920C03FB02F24B681B1A9A42FBD8F8
:1034C00064240025262007F0A5F8013C0544F9D125
:1034D00007EE905A9FED694ADFED694A2420F8EE25
:1034E000E77A01219FED5E6B87EE847A9FED5E5B4C
:1034F00027EE247AB7EEC77A27EE067B87EE056BB8
:10350000B7EEC66B8AED006A07F01CFB214625204A
:103510004FF47A7407F016FB5549574B48683A68E0
:10352000A3FB0232920C04FB02F24B681B1A9A4274
:10353000FBD864240025262007F06CF8013C0544E4
:10354000F9D107EE905A9FED4D4ADFED4D4A2146E5
:10355000F8EEE77A24209FED426B87EE847A9FEDA8
:10356000425B27EE247AB7EEC77A27EE067B87EE1A
:10357000056BB7EEC66B89ED006A07F0E3FA01212F
:10358000252007F0DFFA3A493B4B48683A68A3FB2D
:1035900002324FF47A73920C03FB02F24B681B1A4F
:1035A0009A42FBD864240025262007F033F8013C1A
:1035B0000544F9D107EE905A9FED304ADFED304ACD
:1035C0000121F8EEE77A24204FF47A7487EE847AAA
:1035D0009FED236B9FED245B27EE247AB7EEC77A2D
:1035E00027EE067B87EE056BB7EEC66B88ED006AAB
:1035F00007F0A8FA0121252007F0A4FA1C491E4B68
:1036000048683A68A3FB0232920C04FB02F24B6852
:103610001B1A9A42FBD864240025262006F0FAFFE4
:10362000013C0544F9D107EE905A9FED144ADFEDB5
:10363000144AF8EEE77A9FED0A6B87EE847A9FEDE5
:103640000A5B27EE247AB7EEC77A27EE067B87EE71
:10365000056BB7EEC66B86ED006ABDE8F08700BF6C
:103660000000000000F084400000000000C0924014
:10367000001000E06C8B002083DE1B4380F3C74802
:1036800000404E4508B50021022007F05BFA0021FA
:10369000032007F057FA0021042007F053FA002115
:1036A000292007F04FFA0021052007F04BFA0021EE
:1036B0000920BDE8084007F0F3BD00BFF6EE007A30
:1036C000052010B570EEE70AF4EEC00AF1EE10FA2C
:1036D000CCBF01240024214607F034FA204610BD57
:1036E000F8B5069F0D4614461946079E04F07EFD68
:1036F0003946284604F07AFD31462046BDE8F840B8
:1037000004F074BDF2EE0A7A0B680133B4EEE71AE6
:103710000B60F1EE10FA23DDF4EEC21AF1EE10FAAE
:103720001EDBF6EE007A10B52DED028B30EEE78A47
:103730000446F0EE408A0520B4EEC80AF1EE10FA15
:103740004CBF0121002107F0FDF9F4EEC88AF1EE2B
:1037500010FA02D5236801332360BDEC028B10BD43
:10376000704700BF037A9A0700D470470021C368EE
:1037700001601970037A23F001029B070272F4D5ED
:10378000C26830B4046845681319A54206D002EB3C
:10379000050C1A46013363451170FAD130BC7047ED
:1037A000014B1878704700BF19F1002010B40B4688
:1037B000046829B113F8012B002AFBD15B1A013BE5
:1037C0009C4203D000205DF8044B7047C26802EBB6
:1037D000040C944508D04B1E12F8011B13F8010F7E
:1037E0008842EFD19445F7D101205DF8044B704732
:1037F0002DE9F04FBE4CADF5017DCDE902232368E4
:1038000013F00103CDE9040100F07682DFF800A394
:1038100008F0FCFEF8B108F03DFFDAF80030C0B265
:103820000A281CD0A0F10D02B2FA82F25209B2B9F4
:10383000DAF804108B42EBD0DAF80C105C1CCAF8F2
:103840000040C854DAF80C10DAF80030CA5408F016
:10385000DDFE0028DFD10DF5017DBDE8F08F002BE6
:10386000F9D0DAF80C400DF1200B002618AA04EB71
:10387000030908214FF020080CAB4C451792CBF8F8
:1038800000608BF80860CBF804808BF81060CBF8F0
:103890000C30CDE9151200F0AC80354614E0DBF8B1
:1038A0000430B3420ED00AF081FFDBF80C30721CFA
:1038B000CBF800209855DBF80C20DBF80030D7540B
:1038C000DBF80060A14559D014F8010B202806D080
:1038D000A0F12C07B7FA87F77F09002FDFD0002E61
:1038E000F0D0179E33465E4543F8105BC6F804805F
:1038F0003572F36021D09BF80820DBF8007001924C
:1039000002F002021F2FDBF80C103574009240F217
:103910000181184620220CF0EBFE202FC6F8008013
:1039200086F8305000F0FC800123009A002A40F015
:10393000CE8033729B0700F1CD80179BCBF80050EF
:1039400034331793DBF80C301D709BF8083023F0EC
:1039500001029E078BF80820B2D5DBF80C10DBE9DA
:103960000020904201EB020304D001441D7001339A
:103970008B42FBD1A145DBF80060A5D1002E36D0EB
:103980005C4ADDE91634E31A9B1002FB03F3159A37
:103990009A422CD02346002520225C4543F8105B38
:1039A0002572E36062601FD09BF80820DBF80C10E2
:1039B00012F00108DBF8007002F00206257400F036
:1039C0006781202F184628BF20273A460CF090FE2A
:1039D0002760C555237A43F00103002E40F06C8127
:1039E0009D07237200F16B81179B34331793DAF82C
:1039F0000C900021CAF8001089F800109AF80830DD
:103A000023F0010298078AF808200DD5DAF80C0097
:103A1000DAE90024944200EB020305D020441A4660
:103A2000013383421170FAD1DDE91645AC4200F052
:103A3000B58131492046FFF7B9FE002840F0CF801C
:103A40002E492046FFF7B2FE002873D0029A2C4977
:103A500013782C4883F0010313702B4A002B18BFF6
:103A60000A462A4906F08CFB9BF808309D0700F1B6
:103A70009880DDE91616B1423FF4CAAE3431002415
:103A80000A4605E08E4202F134023FF4C1AE343101
:103A900012F82C3C9807F5D552F8283C42F8344CE3
:103AA0001C7012F82C3C23F001009B0702F82C0C30
:103AB000E8D552F8285C52E90D07874205EB000370
:103AC00004D03D441C700133AB42FBD1DAE743F034
:103AD00002033372F168D6E90020904201EB020341
:103AE00004D001441D7001338B42FBD125E700BF98
:103AF000D49C0020C54EECC4A0040020C0040020CB
:103B000098040020C08B00209C0400203C0600206C
:103B1000D4EB00203A4618460CF0EAFD3760C55554
:103B2000019B13F0010F337A14BF43F0010303F03C
:103B3000FE03FAE6BA492046FFF738FE064600289B
:103B400040F0CE80B7492046FFF730FE002840F015
:103B5000E380B5492046FFF729FE002840F0868023
:103B6000B2492046FFF722FE002840F09381B04979
:103B70002046FFF71BFE002840F0ED80AD492046AF
:103B8000FFF714FE002800F089812D1B342D00F270
:103B9000A48100F051FCA8490246A84806F0F0FABA
:103BA00062E70021DBF80C30CBF8001019709BF8AD
:103BB000083023F001029C078BF808207FF559AFED
:103BC000DBF80C00DBE90024944200EB020305D093
:103BD00020441A46013398421170FAD149E709216D
:103BE000974808F07DFD954806F0AEFA11219548FA
:103BF00008F076FD914806F0A7FA1321924808F0E4
:103C00006FFD8E4806F0A0FA1F21904808F068FD6D
:103C10008A4806F099FA4B218D4808F061FD8748E3
:103C200006F092FA20218B4808F05AFD834806F0EE
:103C30008BFA3921884808F053FD804806F084FA51
:103C40003321864808F04CFD7C4806F07DFA32218D
:103C5000834808F045FD794806F076FA2F2181481F
:103C600008F03EFD754806F06FFAFDE6039B2D1B3C
:103C70001E68342D8A9B1F685FD8002E7AD0B74209
:103C800078DB3B46324678496C4806F079FAEBE639
:103C9000202F3D46184628BF20252A460CF028FD37
:103CA000202F256000F805803FF694AE237A03F0BC
:103CB000FE03002E3FF494AE43F002032372E1684A
:103CC000D4E90020904201EB020305D0014400201A
:103CD000187001338B42FBD1179B3433179386E660
:103CE0001121624808F0FCFC544806F02DFA42F617
:103CF000E06006F0D3FEB7E65D485E4A03600372FB
:103D0000037480235C49436000F11003C360012306
:103D1000236008F0CBFE79E50422314607A8079618
:103D200007F080F9304600F06FFB1421534808F08B
:103D3000D7FC424806F008FA96E6206C0AF032FDFD
:103D40000646DDE916239B1A682B96D9506F0AF0B8
:103D500029FD074691E74A484A4C03784A4A83F0CE
:103D600001034A490370002B18BF2246334806F06E
:103D700007FA79E6039A8A9B166045491F603B461D
:103D800012682E4806F0FCF90123059A0498D370B6
:103D9000937053701370FEF7A1F965E69BF8083035
:103DA00099077FF558AD0020DBF80C30CBF8000008
:103DB00018709BF8083023F001028BF808209A074E
:103DC0007CD4DDE91616B1423FF445AD3431002410
:103DD0000A4605E0B14202F134023FF43CAD343111
:103DE00012F82C3C9B07F5D552F8283C42F8344C8D
:103DF0001C7012F82C3C23F001009F0702F82C0CD9
:103E0000E8D552F8285C52E90D07874205EB00031C
:103E100005D03D4418460133AB420470FAD1D9E7CE
:103E200048060020600600207C060020C006002016
:103E3000C4060020F0120020E4060020C08B002001
:103E4000A4040020B0040020C4040020D8040020F2
:103E5000F80400204405002068050020A405002087
:103E6000D80500200C060020800600204C0600200B
:103E7000D4EB002020900020A5170000640600204D
:103E800019F10020980400209C040020C80600209E
:103E9000C48400200498FEF705F9E5E51E49204694
:103EA000FFF784FC28B32D1B342D28D800F0B8FA76
:103EB0001A4902461A4806F063F9D5E5DBE90041E4
:103EC000DBF80C20A14202EB040305D00A4419469A
:103ED000013393420870FAD173E7206C0AF062FC58
:103EE000009000F0A3FA009A0E490D4806F048F938
:103EF000BAE5E2680C490A4806F042F9B4E5206CDC
:103F00000AF050FC009000F085FA009A0749044836
:103F100006F036F9A8E500BF2C0700203007002086
:103F2000C08B0020040700207C07002054070020DD
:103F300006F0AABE017800294DD0002170B50646D2
:103F400009202DED028BB0EE408A07F0A9F9234934
:103F5000234A244B48681268A3FB02326423920C64
:103F600003FB02F24B681B1A9A42FBD8642400251B
:103F7000282006F04FFB013C0544F9D107EE905A8A
:103F80009FED195AB3EE026A96ED017AF8EEE77AE0
:103F9000D6ED026AB0EE480A0920C7EE855AD6ED82
:103FA000037AF8EEE77AA5EEC60A30EE477A86ED98
:103FB000040AE6EEC77AFDEEE77A17EE901A81F36F
:103FC0000801F16007F06CF90A20BDEC028BBDE836
:103FD000704006F063BD092007F062B9001000E0F0
:103FE0006C8B002083DE1B4380F3C7482DE9F04132
:103FF0005B4CA2B007462368DB0740F18680594D31
:10400000594E09E005F0B6FC04463046E4B22146BC
:1040100006F020FA0A2C06D0284605F059FC034683
:104020002846002BEED14F4805F0EEFC4E4988683B
:1040300010B922B0BDE8F08108460023402212A941
:1040400006F042FA494912A808AD0CF02FFD0124F0
:10405000464E8046314600200CF028FD002860D0F6
:10406000013445F8040F0A2CF4D1404900200CF02B
:104070001DFD70B120213E4808F032FB3D4806F09E
:1040800063F83D49384806F081F9002022B0BDE8C8
:10409000F08140460AF086FB034609983B600AF02F
:1040A0007DFB03460A98BB800AF078FB03460B9819
:1040B000FB800AF073FB03460C983B810AF06EFB11
:1040C00003460D987B810AF069FB03460E98BB817D
:1040D0000AF064FB03460F98FB810AF05FFB03467E
:1040E00010983B820AF05AFB034611987B820AF033
:1040F00055FB3875FFF754FBD0B91F491A4806F035
:1041000045F9012022B0BDE8F0811B49164806F0B0
:1041100095F80123194A1A491348236008F0C6FC90
:104120006DE723460A221749124806F029F8A8E746
:104130003A7D7B8A388AF989CDE90632BA897B894A
:10414000CDE904103889F988CDE90232BB883A6894
:10415000CDE900100C49074806F012F8CDE700BF82
:10416000D89C0020308C002068EC00201C08002027
:1041700050080020C08B0020D88300202090002011
:10418000198300002008002074080020704700BF39
:10419000D0E90232F0B59A428BB0044606D0084608
:1041A0002622694603F058FC064618B90026304618
:1041B0000BB0F0BD2268262123696D4608AF01FBD4
:1041C000023EAC460EF1100E1035BCE80F00BC45A7
:1041D0004EF8100C4EF80C1C4EF8082C4EF8043C0F
:1041E000EFD12868CEF800003046AB88AEF8043036
:1041F0002368D4E90221013301328B4208BF002336
:10420000A26023600BB0F0BD83680BB1252A01D8F2
:1042100000207047844642682620DCF8103000FBFE
:10422000023330B503F120051C68103353F80CEC51
:10423000103153F8080C53F8042CAB4241F8104CE1
:1042400041F80CEC41F8080C41F8042CECD11A6848
:1042500001200A609B888B80DCF80C10DCE90132BD
:104260000344013A8B4208BF0023CCE9013230BD40
:1042700008480023084A094930B441F2883500F162
:1042800014048360C0E90354C0E9003330BC08F073
:104290000DBC00BF0000202020900020CD21000098
:1042A0002DE9F043044688461746002138221E4671
:1042B0002DED0A8B83B0B0EE41CAB0EE61BAF0EEDC
:1042C00042BA159DF0EE62AA8DED010AB0EE43AA46
:1042D0009DF85090F0EE639AB0EE449AF0EE648A46
:1042E000B0EE458AF0EE60CA0CF07EFA41462046F8
:1042F00001F032FC3946204601F00AFD2046F1B2B9
:10430000002601F02BFC3E4B2046197801F028FCDA
:104310003C4B2046198901F025FC9DED010A204601
:1043200001F022FCB0EE6C0A204601F029FCB0EE50
:104330004C0A204601F030FC4946204601F038FC8A
:10434000B0EE6B0A204601F039FCB0EE4B0A204675
:1043500001F040FCB0EE6A0A204601F04BFCB0EEE2
:104360004A0A204601F056FCB0EE690A204601F0E8
:1043700059FCB0EE490A204601F05CFCB0EE680A38
:10438000204601F05FFCB0EE480A204601F062FCD6
:10439000284604F0D5FE204601F066FC284604F0CD
:1043A000EBFE204601F080FCD5ED217A204685F811
:1043B0007D60B8EEE77B9FED106B87EE060BB7EEE6
:1043C000C00B01F08FFC95F89410204685F88D60A5
:1043D00001F090FC296C204685F83D6001F090FCCE
:1043E0002046296D85F84D6001F08EFC204603B013
:1043F000BDEC0A8BBDE8F0830000000000005940CE
:10440000A0EB002000002020014B1860704700BF87
:10441000A0EB0020014B1860704700BFFC8F00200C
:10442000014B1868704700BFFC8F0020014B1860DB
:10443000704700BF70C60020014B1868704700BF6E
:1044400070C6002030B591B00446159838B14FF0D1
:10445000640C149D0CFB05FCBCFBF0F0C0B2169D77
:10446000CDE9000502A8FFF71BFF204602A901F0D5
:10447000DFFF204611B030BD1D4B1B68002B36D02E
:10448000B0EE607AF0B51B4C89B01B4E22781B4D04
:104490004AB92F683268DFF880C0D21BACFB0272C9
:1044A000B3EB921F1FD8336802282B604FF0000334
:1044B00023701AD8124B53F820201248B7EEC00AC6
:1044C000114BB7EEC77AB7EEC11A002908BF0346F1
:1044D0000E490F4806938DED041B8DED027B8DED8B
:1044E000000B05F04DFE09B0F0BD0A4AE5E7704744
:1044F00070C6002017960020E8F000209CB4002031
:10450000480400209C04002098040020D8070020C4
:10451000C08B0020D0070020D34D6210034B04490C
:104520001868044A1B68086013607047E8F00020B0
:1045300084A000209CB400202DE9F043304CADB0A5
:104540009C46304F2378DDF8D0902F4E63B92F4B27
:104550003568D3F800803B68DFF8BCE05B1BAEFB3E
:1045600003E3B8EB931F3FD83B683360002323700D
:10457000D9F80040002C3AD1134600940A46002492
:1045800001463598019010A8CCF80040C9F80040C9
:10459000FFF786FE2A2205A910A803F0DBFC2146BE
:1045A0001B4805F0F3F82A2205A9194804F032FF48
:1045B0002146174804F0EAFE382221461EA80CF0D6
:1045C00013F92A2205A91EA801F0AEFB02A81EA914
:1045D00001F02EFF02A90F4805F090FD0D4805F0EF
:1045E000B3FD02A805F078FE2DB0BDE8F083DCF83D
:1045F0000030642606FB03F3B3FBF4F3DCB2BBE745
:1046000016960020E8F0002084A00020FC8F0020F7
:10461000989C0020C08B0020D34D62102DE9F04102
:10462000894C05462368DB072DED048BC2B040F1B1
:10463000AD80864C864E08E005F09CF90146304678
:10464000C9B20A2908D005F005FF204605F040F957
:1046500003462046002BEFDC7D49886820B942B034
:10466000BDEC048BBDE8F08108460023802222A91E
:1046700005F02AFF774922A816AE0CF017FA01249C
:10468000744F8046394600200CF010FA002800F0E4
:104690008980013446F8040F0C2CF3D16D490020B9
:1046A0000CF004FA80B122216B4808F019F86B482D
:1046B00005F04AFD6A49664805F068FE002042B0F0
:1046C000BDEC048BBDE8F08140460AF063F8B7EE1C
:1046D000C00B179885ED000A0AF05CF8B7EEC00B26
:1046E000189885ED010A0AF055F8B7EEC00B199835
:1046F00085ED020A0AF04EF8B7EEC00B1A9885ED68
:10470000030A0AF047F8B7EEC00B1B9885ED040AC0
:104710000AF040F8B7EEC00B1C9885ED050A0AF0C8
:1047200039F8B7EEC00B1D9885ED060A0AF032F88D
:10473000FDEEC07B1E9817EE903A2B770AF02AF810
:10474000B7EEC00B1F9885ED080A0AF023F8B7EE04
:10475000C00B209885ED090A0AF01CF8B7EEC00BD3
:10476000219885ED0A0A0AF015F8B7EEC00B85ED21
:104770000B0AFFF715F8E0B93949354805F006FE90
:10478000012042B0BDEC048BBDE8F08134493048D3
:1047900005F054FD0123334A33492D48236008F0C6
:1047A00085F946E723460C2230492C4805F0E8FC01
:1047B00080E795ED099A95ED0B8A95ED0A1AB7EE0B
:1047C000C99AB7EEC88A95ED080AB7EEC11A95EDF9
:1047D000062A95ED053AB7EEC00A95ED044AB7EE04
:1047E000C22A95ED035AB7EEC33A95ED026AB7EEC9
:1047F000C44A95ED017AB7EEC55AB7EEC66A1C49B0
:10480000B7EEC77A15488DED109B8DED148B95EDA5
:10481000008A8DED121BB7EEC81A8DED0E0B95F9BF
:104820001C4053EC112B0C948DED0A2B8DED083BA5
:104830008DED064B8DED045B8DED026B8DED007BF8
:1048400005F09EFC98E700BFDC9C0020F08C002067
:1048500074EC00201C0800203C090020C08B0020C4
:10486000D883002020900020198300000C0900202C
:104870006009002070B5054686B00A200E4606F095
:104880000DF93B4928463B4C05F080FD06E005F05C
:1048900071F801462846C9B205F0DCFD204605F056
:1048A00017F803462046002BF1DCAB681BB9002447
:1048B000204606B070BD06222F492E4805F0F6FBB3
:1048C0002C4805F0A1F8AB68132BF0D10021284645
:1048D00005F0ECFD0378232BE9D103A80423012282
:1048E000294605F031FE039800283ED01022002111
:1048F0000BF064FD034603A8338005F0EDFC03A82C
:104900000B230522294605F01FFE039858B31022F9
:1049100000210BF053FD034603A8736005F0DCFC97
:104920000C22122329460DEB020005F00DFE039820
:10493000B8B1102200210BF041FD034603A8B3607B
:1049400005F0CAFCFEF72CFF044608B90124AFE7C6
:10495000D6E90131328809480091094905F010FC77
:10496000A6E70848E5E70748D1E70648BEE700BFE5
:10497000D8830020508D0020D4080020C08B002058
:10498000DC080020408A002007F040BE07F082BE0D
:1049900007F01ABE084607F08DBE00BF70B584222E
:1049A0000E46002104460BF01FFF84220025002143
:1049B000A0180BF019FF2946862204F59070C4E96F
:1049C0004255C4E94455C4E946550BF00DFF862213
:1049D000294604F5D3700BF007FF2046C4F82C528B
:1049E00084F83052C4F8346270BD00BFC0F81C11A6
:1049F000A0F81821A0F81631704700BF2DE9F0414A
:104A00001C4E04460D4690461B4F33689D4209D903
:104A1000D4F8340203681B69BB4221D107F0F6FDCC
:104A20000028F2D0D4F83402144A03685B69934238
:104A30001DD107F02FFE431C16D094F82F32C0B2C0
:104A400094F830220344A8EB0000DBB2B0FA80F007
:104A50001A44400984F82F3284F83022BDE8F081EE
:104A600098470028D1D0DDE70020BDE8F0819847C5
:104A7000E1E700BFE8F00020C9290000CD290000CF
:104A80002DE9F04182B00B460421002401AE144A06
:104A900005460DEB010001940AF056FBDFF8448057
:104AA0003718D5F8342216F8014B136820461B68D6
:104AB000434511D107F0FEFD95F82F22B74295F836
:104AC00030321444E4B2234485F82F4285F8303262
:104AD000E7D102B0BDE8F081104621469847EBE7E8
:104AE000500A0020D52900002DE9F04182B00024B1
:104AF0000B46164A6E460546062168460094ADF8F8
:104B000004400AF021FBDFF848803718D5F834223A
:104B100016F8014B136820461B68434511D107F076
:104B2000C9FD95F82F22B74295F830321444E4B20B
:104B3000234485F82F4285F83032E7D102B0BDE832
:104B4000F081104621469847EBE700BF500A00204D
:104B5000D52900002DE9F04100230446D0F83402A5
:104B60000F4684F82F32164684F830320368504DD1
:104B70001B68AB4240F085803F2007F09BFD94F816
:104B80002F32204694F8302239463F33DBB284F886
:104B90002F32134484F83032FFF772FFD4F8340216
:104BA00003681B68AB426FD12C2007F083FD94F89B
:104BB0002F3294F830222C33D4F83402DBB21A446A
:104BC00084F82F3284F8302203681B687EB1AB4230
:104BD00067D1312007F06EFD94F82F2294F830321F
:104BE0003132D2B2134484F82F22DBB20EE0AB4252
:104BF0005AD1302007F05EFD94F82F2294F830321D
:104C00003032D2B2134484F82F22DBB2D4F834020B
:104C100084F8303203681B68AB423FD13B2007F079
:104C200049FD94F82F12204694F830323B31C9B236
:104C30000B4484F82F12DBB243EA012184F83032AE
:104C4000FFF752FFD4F8340203681B68AB4222D14D
:104C50003B2007F02FFD94F82F3294F830223B339D
:104C6000D4F83402DBB21A4484F82F3284F83022AC
:104C700003681B68AB420AD10A20BDE8F04107F087
:104C800019BD3F2198477AE72C2198478FE70A21E1
:104C9000BDE8F04118473B219847DCE73B219847A6
:104CA000BFE73121984797E730219847A4E700BF35
:104CB000D52900002DE9F04100230446D0F8340244
:104CC0000D4684F82F3284F830320368444F1B6855
:104CD000BB4278D1232007F0EDFC94F82F3229460F
:104CE00094F8302220462333DBB21A4484F82F3262
:104CF00084F83022FFF7C4FE94F886301BB304F129
:104D0000870812E007F0D6FC94F82F12863E94F83C
:104D100030320D4494F88620361BEDB2B2422B445B
:104D200084F82F5284F830320DDDD4F83422464610
:104D300018F8015F136828461B68BB42E2D0294679
:104D400010469847E0E7D4F8340203681B68BB427A
:104D500042D13B2007F0AEFC94F82F12204694F885
:104D600030323B31C9B20B4484F82F12DBB243EA34
:104D7000012184F83032FFF7B7FED4F8340203681B
:104D80001B68BB4225D13B2007F094FC94F82F32DE
:104D900094F830223B33D4F83402DBB21A4484F85E
:104DA0002F3284F8302203681B68BB420ED10A20E0
:104DB00007F080FC0023A4F8843084F8863084F85F
:104DC0008830BDE8F0812321984786E70A2198477B
:104DD000F0E73B219847D9E73B219847BCE700BF64
:104DE000D5290000F8B500230446D0F834020D465A
:104DF00084F82F3284F8303203685B4F1B68BB4263
:104E000040F09E80212007F055FC94F82F32204678
:104E100094F8302229462133DBB21A4484F82F3229
:104E200084F83022FFF72CFED4F8340203681B68A4
:104E3000BB4240F095802C2007F03CFC94F82F32C8
:104E4000204694F830222C33B4F81611DBB21A4401
:104E500084F82F3284F83022FFF746FED4F834026B
:104E600003681B68BB4278D13B2007F023FC94F811
:104E70002F3294F830223B33B4F81611DBB21A44C7
:104E800084F82F3284F8302209B3002611E007F0AD
:104E900011FC94F82F12013694F830320D44B4F816
:104EA0001621EDB296422B4484F82F5284F830320A
:104EB0000DDAD4F83422D4F81C1113688D5D1B6808
:104EC0002846BB42E3D0294610469847E1E7D4F88C
:104ED000340203681B68BB423CD13B2007F0EAFB6D
:104EE00094F82F12204694F830323B31C9B20B446B
:104EF00084F82F12DBB243EA012184F83032FFF745
:104F0000F3FDD4F8340203681B68BB421FD13B2079
:104F100007F0D0FB94F82F3294F830223B33D4F8CA
:104F20003402DBB21A4484F82F3284F8302203684A
:104F30001B68BB4207D10A2007F0BCFB0120F8BD6B
:104F40002121984761E70A2198470120F8BD3B21BC
:104F50009847DFE73B219847C2E73B21984786E720
:104F60002C2198476AE700BFD5290000D0F81C31F2
:104F70000BB1FFF737BF1846704700BF2DE9F0416E
:104F8000002384B0DFF8BC8004462B4E0D462B4F27
:104F9000ADF80C30CDE9013333689D4221D9019B36
:104FA000042B1ED8D4F8340203689B69BB4226D177
:104FB00007F00AFB431CEFD0C3B23B2B11D0D4F84F
:104FC000340203685B6943451BD107F063FB019B17
:104FD0005A1C10336B44019203F8080C33689D424D
:104FE000DDD8D4F8340203685B69434521D107F06A
:104FF00051FB3B2807D0002004B0BDE8F081984762
:10500000D8E79847E3E701AA0D4902A80BF0E4F9B5
:105010000128F0D1019BB3F5803FECD2B4F82F0208
:1050200040BA80B2C01AB0FA80F0400904B0BDE8BE
:10503000F0819847DDE700BFE8F00020D1290000AB
:10504000500A0020CD2900002DE9F041002382B054
:10505000524D8046524E0C46524FCDE900332B68DC
:105060009C4233D9019B022B30D8D8F83402036814
:105070009B69B3423BD107F0A7FA431CEFD0C3B200
:105080002C2B23D03B2B21D0D8F8340203685B694A
:10509000BB422ED107F0FEFA421CE0D0019AC0B20A
:1050A00098F82F3202F1010C0832034498F83012BC
:1050B0006A44CDF804C0DBB202F8080C88F82F323D
:1050C0005A182B6888F830229C42CBD8D8F8340282
:1050D00003689B69B3424FD107F076FAC0B22C281F
:1050E00009D03B2807D0002002B0BDE8F0819847E6
:1050F000C3E79847D0E701AA2B4968460BF06CF943
:105100000128F0D1019BFF2BEDD8264E88F8003006
:105110002B689C42E7D9D8F8340203685B69B34234
:1051200028D107F0B7FAC2B20130F1D098F82F3287
:105130003B2A98F830121344DBB2194488F82F3216
:1051400088F830121AD02C2A04D198F80130013393
:1051500088F8013098F80230591C434488F802104E
:105160001A712B689C42BED9D8F8340203685B6977
:10517000B342D6D09847D6E79847AFE798F80230C1
:1051800000222146404643441A7188F80220FFF766
:10519000F5FE0346012088F80330A5E7E8F000207B
:1051A000D1290000CD290000500A002000232DE95C
:1051B000F043474F83B004461D460E46DFF8188182
:1051C000DFF81891CDE900333B689E422FD9019B4F
:1051D000022B2CD8D4F8340203689B69434532D1A2
:1051E00007F0F2F9421CEFD0C5B22C2D1FD0D4F835
:1051F000340203685B694B4527D107F04BFA411C29
:10520000E2D0C5B2019A94F82F32501C08322B44D8
:1052100094F830126A440190DBB202F8085C84F81A
:105220002F325A183B6884F830229E42CFD82C2265
:1052300031462046FFF7E2FB804640B9002528466C
:1052400003B0BDE8F0839847CCE79847D7E701AAB9
:10525000204968460BF0C0F80128EFD1019BFF2BD5
:10526000ECD8DFF8789084F82C323B689E4215D950
:10527000D4F8340203685B694B4524D107F00AFA7D
:10528000431CF2D094F82F32C5B294F830222B444C
:10529000DBB21A4484F82F3284F83022302D14D037
:1052A000312DCBD13B223146204684F82D82FFF7A9
:1052B000A5FB05460028C1D031462046FFF75EFE1B
:1052C00084F82E02BBE79847DAE74FF00008E9E7D9
:1052D000E8F00020500A0020D1290000CD2900006C
:1052E0002DE9F041002384B0D0F8102100930293FF
:1052F000ADF80C300193A0F80A3180F80831002A8B
:1053000050D080460C467D4D7D4E7E4F2B689C4292
:1053100031D9019B022B2ED8D8F8340203689B693F
:10532000B34235D107F050F9411CEFD0C3B22C2B5A
:1053300021D0D8F8340203685B69BB422AD107F058
:10534000A9F9431CE2D0019AC0B298F82F3202F1B9
:10535000010C1032034498F830126A44CDF804C0AE
:10536000DBB202F8100C88F82F325A182B6888F834
:1053700030229C42CDD82B689C420DD8D8F83402FC
:1053800000250368DB689847284604B0BDE8F08133
:105390009847C9E79847D4E72C2221464046FFF7B3
:1053A0002DFB20B90025284604B0BDE8F08101AAF4
:1053B000554968460BF010F80128F3D1019BFF2BEB
:1053C000F0D888F8083100234D4E4E4F01932B68DA
:1053D0009C4232D9019B042B2FD8D8F834020368A1
:1053E0009B69B34240F0838007F0EEF8431CEED097
:1053F000C0B23B2821D0D8F8340203685B69BB42B5
:1054000077D107F047F9421CE1D0C0B298F82F32AB
:1054100098F830120344019ADBB288F82F320B441B
:1054200088F83032531C019302F110030DEB030294
:105430002B689C4202F8080CCCD82B689C429DD962
:105440003B2221464046FFF7D9FA0028AAD001AAFC
:105450002D4902A80AF0C0FF0128A3D1019BB3F592
:10546000803F9FD29BB2B8F80C219A42A8F80A312B
:1054700084D30023234E01932B689C4223D9B8F890
:105480000A21019B9A421ED9D8F8340203685B694D
:10549000B34230D107F0FEF8C2B20130ECD098F838
:1054A0002F3298F830121344DBB288F82F320B44B5
:1054B000D8F8101188F83032019B581C0190CA545A
:1054C0002B689C42DBD82B689C427FF657AF3B226F
:1054D00021464046FFF792FA054600283FF462AFA6
:1054E00021464046FFF74AFD88F80E015BE79847E2
:1054F0007CE7984787E79847CEE700BFE8F00020B1
:10550000D1290000CD290000500A00202DE9F041EA
:10551000002384B0844D8046844E0C46844F009313
:105520000293ADF80C300193A0F8223180F82031BD
:105530002B689C4231D9019B022B2ED8D8F834021B
:1055400003689B69B34235D107F03EF8411CEFD0A8
:10555000C3B22C2B21D0D8F8340203685B69BB425C
:105560002AD107F097F8431CE2D0019AC0B298F80C
:105570002F3202F1010C1032034498F830126A44C1
:10558000CDF804C0DBB202F8100C88F82F325A189C
:105590002B6888F830229C42CDD82B689C420DD8CD
:1055A000D8F8340200250368DB689847284604B021
:1055B000BDE8F0819847C9E79847D4E72C222146F7
:1055C0004046FFF71BFA002800F0A38001AA5949C2
:1055D00068460AF001FF012840F09B80019BFF2BE9
:1055E00000F2978088F820310023504E504F0193ED
:1055F0002B689C4232D9019B042B2FD8D8F8340257
:1056000003689B69B34240F0898006F0DDFF431CCC
:10561000EED0C0B23B2821D0D8F8340203685B69D1
:10562000BB427DD107F036F8421CE1D0C0B298F8F9
:105630002F3298F830120344019ADBB288F82F32E7
:105640000B4488F83032531C019302F110030DEB28
:1056500003022B689C4202F8080CCCD82B689C42B1
:105660009ED93B2221464046FFF7C8F9002850D07A
:1056700001AA304902A80AF0AFFE012849D1019BD6
:105680004FF6FE72934244D80022294EA8F82231E8
:1056900001922B689C4225D9019BB8F822219A429D
:1056A00020D97E2B1ED8D8F8340203685B69B34238
:1056B00038D106F0EFFFC2B20130EAD098F82F32AD
:1056C00098F830121344DBB288F82F320B4488F874
:1056D0003032019B591C434483F825212B680191EA
:1056E0009C42D9D82B689C427FF65AAF019B00217F
:1056F0003B224046434483F825112146FFF77EF9BB
:10570000054630B121464046FFF738FC88F82401B1
:105710004CE70025284604B0BDE8F081984776E7BD
:10572000984781E79847C6E7E8F00020D1290000B4
:10573000CD290000500A00202DE9F843002304463B
:10574000D0F834022380A37023710368384A1B69A0
:10575000934249D106F05AFF002842D0DFF8D880A2
:105760000027D8F80050D8F8003005F1640984F813
:105770002F7284F83072994533D92E4ED4F8340202
:1057800003685B69B34250D106F084FFC2B20130B6
:1057900027D094F82F3294F830121344213ADBB218
:1057A00084F82F320B4484F830321E2A11D8DFE8F7
:1057B00002F01D262E1010101010101010101010D6
:1057C00010101010101010101010101010101010D9
:1057D0003400D8F8003084F82F72994584F830727C
:1057E000CCD80020BDE8F8839847B5E705F57A7175
:1057F0002046FFF775FD0028F3D00320F2E7494665
:105800002046FFF783FE8000C0B2BDE8F88349461A
:105810002046BDE8F843FFF717BC49462046FFF78E
:10582000C5FC4000C0B2BDE8F8839847AEE700BFB2
:10583000C9290000CD290000E8F0002030B590F81B
:1058400002C00C4685B000220CF1010300EB0C01F4
:105850000092DBB2837009792C29CDE90122CDF8C1
:105860000B201FD10CF10A0C5FFA8CFC63452BD87E
:1058700011460DF1040E1546C21801331279DBB240
:105880002C2A1DD0E2B1634505F101054FF001015D
:1058900083700EF8012BEFD91844009502792C2A59
:1058A00003D012B1002005B030BD6A46084901A8F6
:1058B0000AF092FD0128F5D1009B236005B030BDB0
:1058C0000029ECD00095EAE718440279E7E700BF29
:1058D000500A002070B582780D4684B00024531C15
:1058E00081180294DBB28DF80C4001948370097921
:1058F0002C291CD1111DC9B28B422DD80DF1080CD9
:105900002646C21801331279DBB22C2A20D0FAB114
:105910008B4206F101064FF0010483700CF8012B55
:10592000EFD91844019602792C2A03D012B1002035
:1059300004B070BD01AA0A4902A80AF04DFD012871
:10594000F5D1019B03F18002FF2AF0D82B70EFE71D
:10595000002CE9D00196E7E718440279E4E700BF9C
:10596000540A002030B590F802C00C4685B00022E1
:105970000CF1010300EB0C010092DBB20392837087
:1059800009792C29CDE901221FD10CF10B0C5FFA0A
:105990008CFC63452BD811460DF1040E1546C21838
:1059A00001331279DBB22C2A1DD0E2B1634505F137
:1059B00001054FF0010183700EF8012BEFD9184457
:1059C000009502792C2A03D012B1002005B030BD19
:1059D0006A46084901A80AF0FFFC0128F5D1009B9E
:1059E000236005B030BD0029ECD00095EAE71844EB
:1059F0000279E7E7540A002010B5002386B090F83A
:105A000002C0002204930593019200EB0C02CDE941
:105A100002330CF10103DBB2837012792C2A18D106
:105A20000CF10F0C0C465FFA8CFC63450CD802A9F4
:105A3000C21801331279DBB22C2A0DD032B1634582
:105A4000837001F8012BF3D9184402792C2A03D072
:105A500012B1002006B010BD01AA054902A80AF043
:105A6000BBFC0128F5D1019B236006B010BD00BF2F
:105A7000580A002010B50446FEF790FF204610BDDE
:105A8000F0B585B00E460746154601A91C46FFF73E
:105A900069FF10B9002005B0F0BD02A93846FFF734
:105AA00061FF0028F6D003A93846FFF7A5FF0028BC
:105AB000F0D069463846FFF70DFF0028EAD00DF117
:105AC00001013846FFF706FF0028E3D00DF102017F
:105AD0003846FFF7FFFE0028DCD00DF10301384601
:105AE000FFF7F8FE0028D5D0019B039A3360029B94
:105AF0009DF801102B6022609DF800300A9A0B9CE3
:105B0000137021709DF802200C999DF803300A70E3
:105B10000D9A1370BFE700BF10B582B00C4601A903
:105B2000FFF76AFF08B1019B236002B010BD00BF00
:105B300010B582B00446084601910BF081FC83B297
:105B4000019920461A46FEF751FF0C21204602B06B
:105B5000BDE81040FFF70ABA0180704781707047B6
:105B6000C170704781807047F2EE047A20EE270AF8
:105B7000FDEEC07A17EE903A83F308038371704705
:105B8000F2EE047A20EE270AFDEEC07A17EE903A84
:105B900083F30803C3717047F2EE047A20EE270AFC
:105BA000FDEEC07A17EE903A83F308030372704754
:105BB0006429A8BF64214172704700BFF3EE047AE4
:105BC00020EE270AFDEEC07A17EE903A83F3070322
:105BD00083727047DFED067A30EE270A30EE000A56
:105BE000FDEEC07A17EE903A83F309038381704784
:105BF0000000C842DFED067A30EE270A30EE000AD8
:105C0000FDEEC07A17EE903A83F30903C381704723
:105C10000000C842FDEEC07A17EE903A83F30C0301
:105C200003827047FDEEC07A17EE903A83F30C03BF
:105C300043827047FDEEC07A17EE903A83F30C036F
:105C400083827047FDEEC07A17EE903A83F30C031F
:105C5000C3827047FDEEC07A17EE903A83F30C03CF
:105C600003837047000000009FED096B9FED0A7BE6
:105C70000B4A30EE060B20EE070BFDEEC07B17EE55
:105C8000903A9342A8BF134623EAE373C361704777
:105C90000000000000805640000000000088C34063
:105CA00040771B00000000009FED096B9FED0A7B11
:105CB0000B4A30EE060B20EE070BFDEEC07B17EE15
:105CC000903A9342A8BF134623EAE37303627047F6
:105CD0000000000000806640000000000088C34013
:105CE00080EE3600FDEEC07A17EE903A83F3100393
:105CF000838470471F29A8BF1F2180F82610704792
:105D000081F313018162704781F31901C162704709
:105D1000002300F1300C0363436319B1072260468E
:105D20000AF060BE704700BF292A01D800207047E2
:105D30004FF0000C04232DE9F0430646E646102000
:105D400001279842054611F80C2028BF1D465B1B11
:105D500007FA05F4082DA0EB050042FA03F204F15E
:105D6000FF34C0B204EA020418BFE2B213F0FF032A
:105D700002FA00F202D10CF1010C08234EEA0202F1
:105D80001FFA82FE0028DCD104240127A6F800E0D7
:105D90009C42A64611F80C2028BF9E46A3EB0E039A
:105DA00007FA0EF5BEF1080FA4EB0E0442FA03F257
:105DB00005F1FF35E4B205EA020518BFEAB213F0B7
:105DC000FF0302FA04F202D10CF1010C0823024392
:105DD000D0B2002CDCD1B070012708209842864652
:105DE00011F80C2028BF9E46A3EB0E0307FA0EF510
:105DF000BEF1080FA0EB0E0042FA03F205F1FF35E9
:105E0000C0B205EA020518BFEAB213F0FF0302FAB6
:105E100000F202D10CF1010C08232243D4B2002875
:105E2000DCD1F4704FF0010E10249C42274611F88B
:105E30000C2028BF1F46DB1B0EFA07F5082FA4EB2A
:105E4000070442FA03F205F1FF35E4B205EA020560
:105E500018BFEAB213F0FF0302FA04F202D10CF108
:105E6000010C0823024390B2002CDED1B080012740
:105E700008209842864611F80C2028BF9E46A3EBC6
:105E80000E0307FA0EF5BEF1080FA0EB0E0042FA62
:105E900003F205F1FF35C0B205EA020518BFEAB208
:105EA00013F0FF0302FA00F202D10CF1010C0823F7
:105EB0002243D4B20028DCD1B471012708249C42CB
:105EC000A64611F80C2028BF9E46A3EB0E0307FA46
:105ED0000EF5BEF1080FA4EB0E0442FA03F205F131
:105EE000FF35E4B205EA020518BFEAB213F0FF037A
:105EF00002FA04F202D10CF1010C08230243D0B2E1
:105F0000002CDCD1F071012708209842864611F858
:105F10000C2028BF9E46A3EB0E0307FA0EF5BEF138
:105F2000080FA0EB0E0042FA03F205F1FF35C0B2F4
:105F300005EA020518BFEAB213F0FF0302FA00F205
:105F400002D10CF1010C08232243D4B20028DCD189
:105F50003472012707249C42A64611F80C2028BF62
:105F60009E46A3EB0E0307FA0EF5BEF1080FA4EB55
:105F70000E0442FA03F205F1FF35E4B205EA020528
:105F800018BFEAB213F0FF0302FA04F202D10CF1D7
:105F9000010C08230243D0B2002CDCD1707201271F
:105FA00007209842864611F80C2028BF9E46A3EB96
:105FB0000E0307FA0EF5BEF1080FA0EB0E0042FA31
:105FC00003F205F1FF35C0B205EA020518BFEAB2D7
:105FD00013F0FF0302FA00F202D10CF1010C0823C6
:105FE0002243D4B20028DCD1864601270920B472AE
:105FF0009842054611F80C2028BF1D465B1B07FA86
:1060000005F4082DA0EB050042FA03F204F1FF3479
:10601000C0B204EA020418BFE2B213F0FF0302FAAE
:1060200000F202D10CF1010C08234EEA02021FFA21
:1060300082FE0028DCD109240127A6F80CE09C424E
:10604000A64611F80C2028BF9E46A3EB0E0307FAC4
:106050000EF5BEF1080FA4EB0E0442FA03F205F1AF
:10606000FF35E4B205EA020518BFEAB213F0FF03F8
:1060700002FA04F202D10CF1010C0823024390B29F
:10608000002CDCD1F0814FF0010E0C209842074625
:1060900011F80C2028BF1F46DB1B0EFA07F5082F4E
:1060A000A0EB070042FA03F205F1FF35C0B205EAA2
:1060B000020518BFEAB213F0FF0302FA00F202D1A0
:1060C0000CF1010C0823224394B20028DED1348263
:1060D00001270C249C42A64611F80C2028BF9E469E
:1060E000A3EB0E0307FA0EF5BEF1080FA4EB0E04A6
:1060F00042FA03F205F1FF35E4B205EA020518BFE2
:10610000EAB213F0FF0302FA04F202D10CF1010C1F
:106110000823024390B2002CDCD170824FF0010EB4
:106120000C209842074611F80C2028BF1F46DB1BA5
:106130000EFA07F5082FA0EB070042FA03F205F16B
:10614000FF35C0B205EA020518BFEAB213F0FF033B
:1061500002FA00F202D10CF1010C0823224394B29E
:106160000028DED1B482012704460C2098428646DE
:1061700011F80C2028BF9E46A3EB0E0307FA0EF57C
:10618000BEF1080FA0EB0E0042FA03F205F1FF3555
:10619000C0B205EA020518BFEAB213F0FF0302FA23
:1061A00000F202D10CF1010C0823224394B2002822
:1061B000DCD1864601270C20F4829842054611F86E
:1061C0000C2028BF1D465B1B07FA05F4082DA0EB29
:1061D000050042FA03F204F1FF34C0B204EA0204FB
:1061E00018BFE2B213F0FF0302FA00F202D10CF181
:1061F000010C08234EEA02021FFA82FE0028DCD1BD
:106200000746A6F818E015204FF0010E9842044604
:1062100011F80C2028BF1C461B1B0EFA04F5082C95
:10622000A0EB040042FA03F205F1FF35C0B2D2B28E
:1062300018BF2A4013F0FF0302FA00F202D10CF15A
:10624000010C082317430028E0D104464FF0010E4B
:106250001620F7619842054611F80C2028BF1D460C
:106260005B1B0EFA05F7082DA0EB050042FA03F2BE
:1062700007F1FF37C0B2D2B218BF3A4013F0FF03A4
:1062800002FA00F202D10CF1010C08231443002899
:10629000E0D13462012710249C42A64611F80C205C
:1062A00028BF9E46A3EB0E0307FA0EF5BEF1080FBA
:1062B000A4EB0E0442FA03F205F1FF35E4B205EA5D
:1062C000020518BFEAB213F0FF0302FA04F202D18A
:1062D0000CF1010C0823024390B2002CDCD1B084F5
:1062E000012705209842864611F80C2028BF9E46BB
:1062F000A3EB0E0307FA0EF5BEF1080FA0EB0E009C
:1063000042FA03F205F1FF35C0B205EA020518BFF3
:10631000EAB213F0FF0302FA00F202D10CF1010C11
:1063200008232243D4B20028DCD107464FF0010EE7
:10633000132086F826409842044611F80C2028BF06
:106340001C461B1B0EFA04F5082CA0EB040042FAB5
:1063500003F205F1FF35C0B2D2B218BF2A4013F0E4
:10636000FF0302FA00F202D10CF1010C08231743DB
:106370000028E0D119244FF0010EB7629C42254657
:1063800011F80C2028BF1D465B1B0EFA05F7082DDF
:10639000A4EB050442FA03F207F1FF37E4B2D2B2EC
:1063A00018BF3A4013F0FF0302FA04F202D10CF1D5
:1063B000010C08231043002CE0D1F06206F13707EE
:1063C00006F12F0001254FF0000808249C42A14649
:1063D00011F80C2028BF9946A3EB090305FA09FE22
:1063E000B9F1080FA4EB090442FA03F20EF1FF3EE3
:1063F000E4B20EEA020E18BF5FFA8EF213F0FF034A
:1064000002FA04F202D10CF1010C082348EA02025C
:106410005FFA82F8002CD9D100F8018F8742D2D1DF
:10642000012086F83740BDE8F08300BF000000007F
:1064300010B52DED068B8B78FEB00446022B00F2D2
:10644000B480614A52F8233091ED077AF2EE046A83
:106450008A7AB3EE046AB8EE474B07EE902A0A7ABE
:10646000F6EE000A07EE102AF8EEE77A8A89B8EE0F
:10647000C77A87EE862A02EE902ACA8907EE902A0A
:106480000A8B87EE266A09EE102A9FED507ACA8A97
:1064900008EE102A8A8AF8EEE77AB8EE499B0AEEEF
:1064A000102AF8EEE22AB0EE470AA7EEA07AB8EE7C
:1064B000488BA2EEA00AB8EE4AABB7EEC22A9FED17
:1064C0003C3B8DED1A9B4A8AB7EEC77A84EE035B9C
:1064D00009EE102AB8EE499BB7EEC00A8DED188B75
:1064E0000A8A9FED351B08EE102A8DED16AB8DED57
:1064F000149BB8EE488B4A7A8DED107BB7EEC67AC6
:106500000A9201F130028DED0E0B8DED0C2B8DED0D
:10651000087B8DED128B9FED2A4B35EE415B8DEDA7
:106520001C5BD1ED087A888CB8EE675B85EE037B47
:1065300005EE100AB8EE455B8DED205BC86A24902D
:10654000886A239091F82600229037EE447B8DEDE7
:106550001E7BC87901938B7907EE100A009226A85A
:1065600007EE903AB8EEC77A0B88F8EEE77A8A8899
:1065700087EE266AC978039202914FF4AF71144AEC
:1065800087EEA67AB7EEC66A8DED066BB7EEC77AD0
:106590008DED047B08F0D8FD26A9204603F04EFEC1
:1065A00020467EB0BDEC068B10BD0A4B4CE700BF09
:1065B000000000000088C34000000000008056403A
:1065C0000000000000806640C41000200000C8C227
:1065D000680C0020D00700200022028042808280C8
:1065E000C280028142818281C28102824282828291
:1065F000C282028342838283C28380F82020428445
:1066000080F82420C284028542858285C285028664
:1066100042868286C286028742878287C287A0F826
:106620004020A0F84220A0F84420A0F8462080F89E
:1066300048207047002380F82430704790F82430B9
:10664000013303F0070380F82430704781F3100111
:1066500001807047FDEEC07A17EE903A83F3100385
:1066600043807047000000009FED057B20EE070B84
:10667000FDEEC07B17EE903A03F30F038380704763
:1066800000000000006AE8409FED057B20EE070B4C
:10669000FDEEC07B17EE903A03F30F03C380704703
:1066A00000000000006AE8400F29A8BF0F21017216
:1066B000704700BF81F30401417270474181704708
:1066C0008181704740F6FF739942A8BF1946C18186
:1066D000704700BF81F3180109120182704700BFA3
:1066E00081F3180109124182704700BFDFED067A7D
:1066F00030EE270A20EE270AFDEEC07A17EE903A18
:1067000083F31003838270470000C842F2EE047ADC
:1067100020EE270AFDEEC07A17EE903A83F31003BD
:10672000C3827047DFED057A20EE270AFDEEC07ABE
:1067300017EE903A83F31003038370470000C842BA
:10674000DFED067A30EE270A20EE270AFDEEC07A4A
:1067500017EE903A83F31003438370470000C8425A
:10676000F2EE047A20EE270AFDEEC07A17EE903A98
:1067700083F30A0383837047DFED057A20EE270A4F
:10678000FDEEC07A17EE903A83F30C03C383704793
:106790000000C842F2EE047A20EE270AFDEEC07A2D
:1067A00017EE903A83F3080380F82030704700BF5B
:1067B000DFED057A20EE270AFDEEC07A17EE903A5B
:1067C00083F30A034384704700007A44C18470470E
:1067D000018570474185704781857047C185704745
:1067E00001867047DFED087A48F6A04220EE270ABE
:1067F000FDEEC07A17EE903A9342A8BF134623EA03
:10680000E3734386704700BF0000C842DFED057A9E
:1068100020EE270AFDEEC07A17EE903A83F31003BC
:106820008386704700007A44FDEEC07A17EE903AF6
:1068300083F31003C3867047FDEEC07A17EE903ADB
:1068400083F3100303877047FDEEC07A17EE903A8A
:1068500083F3100343877047FDEEC07A17EE903A3A
:1068600083F3100383877047F5EE007A20EE270A42
:10687000FDEEC07A17EE903A83F3080380F83E30BD
:10688000704700BFF5EE007A20EE270AFDEEC07AD1
:1068900017EE903A83F3080380F83F30704700BF4B
:1068A000F5EE007A20EE270AFDEEC07A17EE903A58
:1068B00083F3080380F84030704700BFF5EE007A9C
:1068C00020EE270AFDEEC07A17EE903A83F3080314
:1068D00080F84130704700BFDFED067A20EE270ACE
:1068E000FDEEC07A17EE903A83F3080380F8423049
:1068F000704700BF00004842DFED067A30EE270AFD
:10690000FDEEC07A17EE903A83F3080380F8433027
:10691000704700BF0000C842DFED067A30EE270A5C
:10692000FDEEC07A17EE903A83F3080380F8443006
:10693000704700BF0000C842DFED067A30EE270A3C
:10694000FDEEC07A17EE903A83F3080380F84530E5
:10695000704700BF0000C842DFED067A20EE270A2C
:10696000FDEEC07A17EE903A83F30C03A0F84630A0
:10697000704700BF0000C8420F29A8BF0F2180F850
:1069800048107047252A01D8002070472DE9F041B2
:1069900001228646087808230027102400F00F0003
:1069A00016468EF824009C42A04611F802C028BF6B
:1069B0009846A3EB080306FA08F5B8F1080FA4EB14
:1069C00008044CFA03FC05F1FF35E4B205EA0C05B6
:1069D00018BF5FFA85FC13F0FF030CFA04FC01D129
:1069E0000132082347EA0C0C1FFA8CF7002CDAD18D
:1069F000AEF80070102501279D42A84611F802C08C
:106A000028BF9846A3EB080307FA08F6B8F1080F69
:106A1000A5EB08054CFA03FC06F1FF36EDB206EAD9
:106A20000C0618BF5FFA86FC13F0FF030CFA05FC96
:106A300001D10132082344EA0C0C1FFA8CF4002D1A
:106A4000DAD1AEF80240012710249C42A04611F88A
:106A500002C028BF9846A3EB080307FA08F6B8F16E
:106A6000080FA4EB08044CFA03FC06F1FF36E4B26D
:106A700006EA0C0618BF5FFA86FC13F0FF030CFA57
:106A800004FC01D10132082345EA0C0C1FFA8CF5F5
:106A9000002CDAD1AEF80450012710259D42A846FB
:106AA00011F802C028BF9846A3EB080307FA08F6BE
:106AB000B8F1080FA5EB08054CFA03FC06F1FF3608
:106AC000EDB206EA0C0618BF5FFA86FC13F0FF036E
:106AD0000CFA05FC01D10132082344EA0C0C1FFA20
:106AE0008CF4002DDAD1AEF80640012704249C4234
:106AF000A04611F802C028BF9846A3EB080307FA86
:106B000008F6B8F1080FA4EB08044CFA03FC06F1F0
:106B1000FF36E4B206EA0C0618BF5FFA86FC13F0F3
:106B2000FF030CFA04FC01D10132082345EA0C0CE6
:106B30005FFA8CF5002CDAD18EF808500127042575
:106B40009D42A84611F802C028BF9846A3EB08034F
:106B500007FA08F6B8F1080FA5EB08054CFA03FC94
:106B600006F1FF36EDB206EA0C0618BF5FFA86FCA6
:106B700013F0FF030CFA05FC01D10132082344EAAB
:106B80000C0C5FFA8CF4002DDAD18EF80940012745
:106B900010249C42A04611F802C028BF9846A3EBDF
:106BA000080307FA08F6B8F1080FA4EB08044CFA3A
:106BB00003FC06F1FF36E4B206EA0C0618BF5FFAE2
:106BC00086FC13F0FF030CFA04FC01D10132082308
:106BD00045EA0C0C1FFA8CF5002CDAD1AEF80A50FD
:106BE000012710259D42A84611F802C028BF9846EB
:106BF000A3EB080307FA08F6B8F1080FA5EB0805A0
:106C00004CFA03FC06F1FF36EDB206EA0C0618BF9B
:106C10005FFA86FC13F0FF030CFA05FC01D1013288
:106C2000082344EA0C0C1FFA8CF4002DDAD1AEF8DC
:106C30000C40012710249C42A04611F802C028BF36
:106C40009846A3EB080307FA08F6B8F1080FA4EB7F
:106C500008044CFA03FC06F1FF36E4B206EA0C061F
:106C600018BF5FFA86FC13F0FF030CFA04FC01D195
:106C70000132082345EA0C0C1FFA8CF5002CDAD1FE
:106C8000AEF80E50012710259D42A84611F802C00B
:106C900028BF9846A3EB080307FA08F6B8F1080FD7
:106CA000A5EB08054CFA03FC06F1FF36EDB206EA47
:106CB0000C0618BF5FFA86FC13F0FF030CFA05FC04
:106CC00001D10132082344EA0C0C1FFA8CF4002D88
:106CD000DAD1AEF81040012710249C42A04611F8EA
:106CE00002C028BF9846A3EB080307FA08F6B8F1DC
:106CF000080FA4EB08044CFA03FC06F1FF36E4B2DB
:106D000006EA0C0618BF5FFA86FC13F0FF030CFAC4
:106D100004FC01D10132082345EA0C0C1FFA8CF562
:106D2000002CDAD1AEF81250012710259D42A8465A
:106D300011F802C028BF9846A3EB080307FA08F62B
:106D4000B8F1080FA5EB08054CFA03FC06F1FF3675
:106D5000EDB206EA0C0618BF5FFA86FC13F0FF03DB
:106D60000CFA05FC01D10132082344EA0C0C1FFA8D
:106D70008CF4002DDAD1AEF81440012710249C4287
:106D8000A04611F802C028BF9846A3EB080307FAF3
:106D900008F6B8F1080FA4EB08044CFA03FC06F15E
:106DA000FF36E4B206EA0C0618BF5FFA86FC13F061
:106DB000FF030CFA04FC01D10132082345EA0C0C54
:106DC0001FFA8CF5002CDAD1AEF8165001271025E9
:106DD0009D42A84611F802C028BF9846A3EB0803BD
:106DE00007FA08F6B8F1080FA5EB08054CFA03FC02
:106DF00006F1FF36EDB206EA0C0618BF5FFA86FC14
:106E000013F0FF030CFA05FC01D10132082344EA18
:106E10000C0C1FFA8CF4002DDAD1AEF818400127C3
:106E200010249C42A04611F802C028BF9846A3EB4C
:106E3000080307FA08F6B8F1080FA4EB08044CFAA7
:106E400003FC06F1FF36E4B206EA0C0618BF5FFA4F
:106E500086FC13F0FF030CFA04FC01D10132082375
:106E600045EA0C0C1FFA8CF5002CDAD1AEF81A505A
:106E7000012725460A249C42A04611F802C028BFDB
:106E80009846A3EB080307FA08F6B8F1080FA4EB3D
:106E900008044CFA03FC06F1FF36E4B206EA0C06DD
:106EA00018BF5FFA86FC13F0FF030CFA04FC01D153
:106EB0000132082345EA0C0C1FFA8CF5002CDAD1BC
:106EC000AEF81C5001270C259D42A84611F802C0BF
:106ED00028BF9846A3EB080307FA08F6B8F1080F95
:106EE000A5EB08054CFA03FC06F1FF36EDB206EA05
:106EF0000C0618BF5FFA86FC13F0FF030CFA05FCC2
:106F000001D10132082344EA0C0C1FFA8CF4002D45
:106F1000DAD1AEF81E40012708249C42A04611F8A1
:106F200002C028BF9846A3EB080307FA08F6B8F199
:106F3000080FA4EB08044CFA03FC06F1FF36E4B298
:106F400006EA0C0618BF5FFA86FC13F0FF030CFA82
:106F500004FC01D10132082345EA0C0C5FFA8CF5E0
:106F6000002CDAD18EF8205001270A259D42A84630
:106F700011F802C028BF9846A3EB080307FA08F6E9
:106F8000B8F1080FA5EB08054CFA03FC06F1FF3633
:106F9000EDB206EA0C0618BF5FFA86FC13F0FF0399
:106FA0000CFA05FC01D10132082344EA0C0C1FFA4B
:106FB0008CF4002DDAD1AEF8224007284AD8DFE859
:106FC00010F00800560298021402D2019001EE005F
:106FD0004C000027102501269D422C46885C28BFC6
:106FE0001C462D1B1B1B082CEDB240FA03F004D0ED
:106FF00006FA04F4013C2040C0B2A84013F0FF039D
:1070000040EA070001D10132082387B2002DE3D105
:10701000AEF82670102601279E423446885C28BFB1
:107020001C46361B1B1B082CF6B240FA03F004D09A
:1070300007FA04F4013C2040C0B2B04013F0FF0353
:1070400040EA050001D10132082385B2002EE3D1C8
:10705000AEF828500120BDE8F081082601279E42A5
:107060003446885C28BF1C46361B1B1B082CF6B216
:1070700040FA03F004D007FA04F4013C2040C0B207
:10708000B04013F0FF0340EA050001D101320823AC
:10709000C5B2002EE3D1082401278EF843509C424C
:1070A0002546885C28BF1D46641B5B1B082DE4B287
:1070B00040FA03F004D007FA05F5013D2840C0B2BC
:1070C000A04013F0FF0340EA060001D1013208237B
:1070D000C6B2002CE3D1082501278EF844609D42FA
:1070E0002E46885C28BF1E46AD1B9B1B082EEDB2AA
:1070F00040FA03F004D007FA06F6013E3040C0B271
:10710000A84013F0FF0340EA040001D10132082334
:10711000C4B2002DE3D18EF8454001270C249C42D7
:107120002646885C28BF1E46A41B9B1B082EE4B283
:1071300040FA03F004D007FA06F6013E3040C0B230
:10714000A04013F0FF0340EA050001D101320823FB
:1071500085B2002CE3D104260127AEF846509E42AA
:107160003546885C28BF1D46761B5B1B082DF6B292
:1071700040FA03F004D007FA05F5013D2840C0B2FB
:10718000B04013F0FF0340EA040001D101320823AC
:10719000C4B2002EE3D101208EF848405BE70826F8
:1071A00001279E423446885C28BF1C46361B1B1BA9
:1071B000082CF6B240FA03F004D007FA04F4013CBC
:1071C0002040C0B2B04013F0FF0340EA050001D1F7
:1071D00001320823C5B2002EE3D1082401278EF81E
:1071E0003E509C422546885C28BF1D46641B5B1BA5
:1071F000082DE4B240FA03F004D007FA05F5013D8A
:107200002840C0B2A04013F0FF0340EA060001D1BD
:1072100001320823C6B2002CE3D1082501278EF8DD
:107220003F609D422E46885C28BF1E46AD1B9B1BBF
:10723000082EEDB240FA03F004D007FA06F6013E3C
:107240003040C0B2A84013F0FF0340EA040001D16F
:1072500001320823C4B2002DE3D18EF8404001274B
:1072600008249C422646885C28BF1E46A41B9B1B04
:10727000082EE4B240FA03F004D007FA06F6013E05
:107280003040C0B2A04013F0FF0340EA050001D136
:1072900001320823C5B2002CE3D1082601278EF85D
:1072A00041509E423546885C28BF1D46761B5B1BBD
:1072B000082DF6B240FA03F004D007FA05F5013DB7
:1072C0002840C0B2B04013F0FF0340EA040001D1EF
:1072D00001320823C4B2002EE3D101208EF84240CF
:1072E000B9E60027102501269D422C46885C28BF60
:1072F0001C462D1B1B1B082CEDB240FA03F004D0DA
:1073000006FA04F4013C2040C0B2A84013F0FF0389
:1073100040EA070001D10132082387B2002DE3D1F2
:10732000AEF83A70102601279E423446885C28BF8A
:107330001C46361B1B1B082CF6B240FA03F004D087
:1073400007FA04F4013C2040C0B2B04013F0FF0340
:1073500040EA050001D10132082385B2002EE3D1B5
:10736000AEF83C5076E60027102501269D422C46BB
:10737000885C28BF1C462D1B1B1B082CEDB240FA55
:1073800003F004D006FA04F4013C2040C0B2A84047
:1073900013F0FF0340EA070001D10132082387B24E
:1073A000002DE3D1AEF83670102601279E423446F8
:1073B000885C28BF1C46361B1B1B082CF6B240FA03
:1073C00003F004D007FA04F4013C2040C0B2B040FE
:1073D00013F0FF0340EA050001D10132082385B212
:1073E000002EE3D1AEF8385034E6002710250126F0
:1073F0009D422C46885C28BF1C462D1B1B1B082C5D
:10740000EDB240FA03F004D006FA04F4013C204047
:10741000C0B2A84013F0FF0340EA070001D10132D7
:10742000082387B2002DE3D1AEF832701026012771
:107430009E423446885C28BF1C46361B1B1B082C0A
:10744000F6B240FA03F004D007FA04F4013C2040FD
:10745000C0B2B04013F0FF0340EA050001D1013291
:10746000082385B2002EE3D1AEF83450F2E50027B0
:10747000102501269D422C46885C28BF1C462D1BEA
:107480001B1B082CEDB240FA03F004D006FA04F4FA
:10749000013C2040C0B2A84013F0FF0340EA0700BF
:1074A00001D10132082387B2002DE3D1AEF82A7052
:1074B000102601279E423446885C28BF1C46361B96
:1074C0001B1B082CF6B240FA03F004D007FA04F4B0
:1074D000013C2040C0B2B04013F0FF0340EA050079
:1074E00001D10132082385B2002EE3D1AEF830502D
:1074F000B0E50027102501269D422C46885C28BF58
:107500001C462D1B1B1B082CEDB240FA03F004D0C7
:1075100006FA04F4013C2040C0B2A84013F0FF0377
:1075200040EA070001D10132082387B2002DE3D1E0
:10753000AEF82C70102601279E423446885C28BF86
:107540001C46361B1B1B082CF6B240FA03F004D075
:1075500007FA04F4013C2040C0B2B04013F0FF032E
:1075600040EA050001D10132082385B2002EE3D1A3
:10757000AEF82E506EE500BFB1F84630F1EE003A9D
:107580009FEDAD3AF2EE044A06EE103ADFEDAB7A2B
:107590009FEDAB4AB8EEC66A8A8F10B52DED0A8B07
:1075A00091F84230ADF5A36D06EE903A8B8E01EE68
:1075B000903A91F84530F8EEE66A07EE103A4B8EB5
:1075C000F8EEE11A02EE103A91F84430C6EE832A42
:1075D00006EE903A91F8433009EE103A91F84130B6
:1075E00081EE843A08EE103A91F8403000EE103AFD
:1075F00091F83F30C6EE271A01EE103A91F83E306E
:10760000B8EE477AB8EEC22AF8EE666A37EE677AC5
:1076100082EE276A02EE103A4B8FB7EEC7AA07EE4A
:10762000102AB8EE499A874A76EEE76AB7EEE1BAD1
:1076300039EE679AB8EEC88AB8EEC00AB8EEC22A28
:10764000B8EEC11A28EE238A20EE230A22EE232A5E
:1076500021EE231AB7EEC99AB7EEC88AB7EEC00A70
:10766000B7EEC11AB7EEC33A8DED40AB91F8484082
:10767000B8EE47AB07EE103A44940446088F0CEE80
:10768000100AB8EE4CCB9FED6A5B8DED2CCBC88E0B
:107690008DED42BBB7EEE6BA0CEE100AB7EEC66A45
:1076A00046A8B8EE4CCB8DED3EBB8DED3C9BB7EEC6
:1076B000E2BAB8EE479BB7EEC22A8DED388B8DED5E
:1076C000360B8DED341B8DED322B8DED2ACB8DEDF0
:1076D00030AB8DED3ABB8DED2E9B8DED283B8DEDC6
:1076E000266B0B8E2493CB8D23938B8D22934B8D06
:1076F00021930B8D2093CB8C1F9391F824301E93F4
:107700004B8C07EE103A91F8203006EE903ACB8B76
:10771000B8EEC77A06EE103A8B8BF8EEE66A87EE83
:10772000048A07EE103A4B8B86EEA40A06EE903AD6
:107730000B8B04EE103ACB8AB8EEC77AB8EEC66A65
:10774000F8EEE66A87EE242A07EE103A8B8A86EE78
:10775000271A86EEA76A06EE903A4B8A0C93B8EE8B
:10776000C44AB8EEC77AF8EEE66A84EE273A87EEA6
:10777000244A86EEA77A36EE676AB7EEC00AB7EEFD
:10778000C11AB7EEC22AB7EEC66AB7EEC88AB7EE1C
:10779000C44AB7EEC33A8DED1A0B8DED181B37EEC8
:1077A000677A8DED162BB7EEC77A8DED146B8DEDE4
:1077B000104B8DED123B8DED1C8B8DED0E7B0B8AEE
:1077C0000B93CB890A938B8909934B8908934B7A46
:1077D00007930B7A0693B1F9063004EE103AB1F92B
:1077E000043006EE103AB8EEC44B4B88B8EEC66BC8
:1077F00084EE053B07EE103A0B884FF4806186EE6D
:10780000054BB8EE477B8DED007B8DED043B8DED98
:10781000024B07F099FC46A9204602F00FFD2046D6
:107820000DF5A36DBDEC0A8B10BD00BFAFF300805A
:1078300000000000006AE840000048420000C84222
:1078400000007A44880D00202DE9F041082A0589BE
:1078500040F2D2430446104628BF08209D4282B021
:1078600057D0002A36D04FF0010C00254FF0080EFB
:10787000A67A8642324628BF0246082EA0EB0200B6
:107880000CFA02F3A6EB0207C0B203F1FF3303FACE
:1078900000F303EA010343FA00F303FA07F3DBB250
:1078A00002D12668E768F555E668276817F806806C
:1078B00043EA0803BB55A37A9B1ADBB2A37223B930
:1078C000E36884F80AE00133E36023699B1A2361CB
:1078D0000028CDD1A369CBB1E268BAB1204650F8F7
:1078E000141B0A4400916946019298476368A27A82
:1078F000DB00236142B12368E2689A5C1A70236955
:10790000A27A083B134423610023E36002B0BDE880
:10791000F0814B004D0803F0AA0305F055010B431D
:1079200099089B0001F0330103F0CC030B431909C4
:1079300041EA0311C0F10803C9B21941C9B290E785
:107940002DE9F041102A058940F2D2430446104641
:1079500028BF10209D4282B057D0002A36D04FF069
:10796000010C00254FF0080EA67A8642324628BF49
:107970000246082EA0EB02000CFA02F3A6EB020767
:10798000C0B203F1FF3303FA00F303EA010343FA41
:1079900000F303FA07F3DBB202D12668E768F55576
:1079A000E668276817F8068043EA0803BB55A37A00
:1079B0009B1ADBB2A37223B9E36884F80AE00133AF
:1079C000E36023699B1A23610028CDD1A369CBB161
:1079D000E268BAB1204650F8141B0A440091694687
:1079E000019298476368A27ADB00236142B1236861
:1079F000E2689A5C1A702369A27A083B13442361F7
:107A00000023E36002B0BDE8F081114D45F255530B
:107A100003EA510305EA41014CF6CC450B4343F21E
:107A2000333101EA93019B001D4041EA050340F612
:107A30000F71084D01EA131105EA03139BB21943B4
:107A4000C0F1100349BA89B2194189B285E700BF74
:107A5000AAAAFFFFF0F0FFFF252A01D800207047F7
:107A6000F0B50B4626278BB00446002118463A464F
:107A7000102508F0B9FE0426002141F2E1024FF47E
:107A800096730570ADF814203246069107938DF871
:107A90001660CDE90307CDE9081103A894F8241076
:107AA000FFF7D2FE2A46218803A8FFF749FF2A469E
:107AB000618803A8FFF744FF2A46A18803A8FFF7BF
:107AC0003FFF2A46E18803A8FFF73AFF3246217AB2
:107AD00003A8FFF7B9FE3246617A03A8FFF7B4FEA8
:107AE0002A46618903A8FFF72BFF2A46A18903A82C
:107AF000FFF726FF2A46E18903A8FFF721FF2A4660
:107B0000218A03A8FFF71CFF2A46618A03A8FFF712
:107B100017FF2A46A18A03A8FFF712FF2A46E18A27
:107B200003A8FFF70DFF2A46218B03A8FFF708FFE4
:107B30002A46618B03A8FFF703FF0A22A18B03A843
:107B4000FFF7FEFE0C22E18B0DEB0200FFF7F8FEC3
:107B5000082294F8201003A8FFF776FE0A22618C11
:107B600003A8FFF7EDFE94F82430072B48D8DFE890
:107B700013F008003F011201E500B8008B006B0014
:107B80004A00E18C102203A80025FFF7D9FE10223D
:107B9000218D03A8FFF7D4FE082214469DF8163065
:107BA0009342194628BF1146082BA2EB0102D2B21C
:107BB00004D1069B0398C5549DF816305B1A0698AD
:107BC000DBB201308DF8163013B906908DF81640EF
:107BD000079B5B1A0793002AE0D1099B83B1069AA1
:107BE00072B1039C01A908A82244CDE9014298473B
:107BF000049B9DF81620DB000793002A40F02581A6
:107C000001200BB0F0BD082294F8431003A8FFF741
:107C10001BFE082294F8441003A8FFF715FE082263
:107C200094F8451003A8FFF70FFE0C22B4F8461095
:107C30000DEB0200FFF784FE03A8042294F848101D
:107C4000FFF702FE0120DCE7082294F83E1003A8AB
:107C5000FFF7FAFD082294F83F1003A8FFF7F4FDA0
:107C6000082294F8401003A8FFF7EEFD082294F8CC
:107C7000411003A8FFF7E8FD03A8082294F842107A
:107C8000FFF7E2FD0120BCE7618F102203A8002569
:107C9000FFF756FE1022A18F03A8FFF751FE08221E
:107CA00014469DF816309342194628BF1146082BFA
:107CB000A2EB0102D2B204D1069B0398C5549DF8F1
:107CC00016305B1A0698DBB201308DF8163013B906
:107CD00006908DF81640079B5B1A0793002AE0D1A7
:107CE0007BE7E18E102203A80025FFF729FE102272
:107CF000218F03A8FFF724FE082214469DF81630B2
:107D00009342194628BF1146082BA2EB0102D2B2BA
:107D100004D1069B0398C5549DF816305B1A06984B
:107D2000DBB201308DF8163013B906908DF816408D
:107D3000079B5B1A0793002AE0D14EE7618E102261
:107D400003A80025FFF7FCFD1022A18E03A8FFF772
:107D5000F7FD082214469DF8163011469A4228BFB6
:107D60001946082BA2EB0102D2B204D1069B03985C
:107D7000C5549DF816305B1A0698DBB201308DF8B9
:107D8000163013B906908DF81640079B5B1A0793BF
:107D9000002AE0D121E7A18D102203A80025FFF7DA
:107DA000CFFD1022E18D03A8FFF7CAFD082214467B
:107DB0009DF8163011469A4228BF1946082BA2EBAF
:107DC0000102D2B204D1069B0398C5549DF8163027
:107DD0005B1A0698DBB201308DF8163013B90690A5
:107DE0008DF81640079B5B1A0793002AE0D1F4E652
:107DF000618D102203A80025FFF7A2FD1022218E1D
:107E000003A8FFF79DFD082214469DF81630114681
:107E10009A4228BF1946082BA2EB0102D2B204D124
:107E2000069B0398C5549DF816305B1A0698DBB282
:107E300001308DF8163013B906908DF81640079B67
:107E40005B1A0793002AE0D1C7E6039B069A9A5C67
:107E50001A70D5E62DE9F041202A058940F2D24377
:107E60000446104628BF20209D4282B057D0002AE9
:107E700036D04FF0010C00254FF0080EA67A86424E
:107E8000324628BF0246082EA0EB02000CFA02F38D
:107E9000A6EB0207C0B203F1FF3303FA00F303EAD3
:107EA000010323FA00F303FA07F3DBB202D12668D9
:107EB000E768F555E668276817F8068043EA08037F
:107EC000BB55A37A9B1ADBB2A37223B9E36884F88B
:107ED0000AE00133E36023699B1A23610028CDD1B6
:107EE000A369CBB1E268BAB1204650F8141B0A442A
:107EF00000916946019298476368A27ADB0023618A
:107F000042B12368E2689A5C1A702369A27A083B3E
:107F1000134423610023E36002B0BDE8F0814B0805
:107F2000490003F0553301F0AA3119438B08890049
:107F300003F0333301F0CC310B4319091B0101F07D
:107F40000F3103F0F0331943C0F1200309BAD940CF
:107F50008DE700BF292A01D800207047F0B50B46F5
:107F60002A2789B00446002118463A46042608F01C
:107F70003BFC1025002141F2E1024FF4A67305708D
:107F8000ADF80C202A4601900DEB060004910593F4
:107F900002978DF80E60CDE906112188FFF7D0FC1D
:107FA000A17832460DEB0600FFF74EFCE1780DEBB1
:107FB00006000822FFF748FC2A46A1880DEB0600C0
:107FC000FFF7BEFCA17908220DEB0600FFF73CFC91
:107FD000E17908220DEB0600FFF736FC217A082232
:107FE0000DEB0600FFF730FC617A07220DEB06006F
:107FF000FFF72AFCA17A07220DEB0600FFF724FC0D
:10800000A18909220DEB0600FFF79AFCE1890922FC
:108010000DEB0600FFF794FC218A0C220DEB060005
:10802000FFF78EFC618A0C220DEB0600FFF788FC3F
:10803000A18A0C220DEB0600FFF782FCE18A0C22DC
:108040000DEB0600FFF77CFC218B0C220DEB0600EC
:10805000FFF776FCE16915220DEB0600FFF7FAFE4B
:10806000216A0DEB06001622FFF7F4FE2A46A18CCA
:108070000DEB0600FFF764FC94F8261005220DEBCB
:108080000600FFF7E1FBA16A13220DEB0600FFF7E4
:10809000E1FE04F12F05E16A373419220DEB0600E9
:1080A000FFF7D8FE15F8011F082201A8FFF7CCFB47
:1080B000A542F7D1012009B0F0BD00BF002340F276
:1080C000EE22C9B210B50446037580F82730C0E926
:1080D0000A3204F0F1FC012204F11F01204604F0F1
:1080E0006FFE204604F064FEFA2002F0D7FC204622
:1080F00010BD00BF70B505460C4E10210C4805F1AF
:108100001E04263504F0ECFA202004F0D3FA14F80B
:10811000011F00231022304602F040F8A542F3D19F
:108120000248BDE8704002F00FB800BFC08B0020CD
:10813000700A002010B5044607211F3004F0E4FE49
:1081400094F82630834201D1012010BD112104484A
:1081500004F0C6FA034801F0F7FF002010BD00BF8D
:108160005C0A0020C08B002010B5044608211630A0
:1081700004F0CAFEA37F834201D1012010BD1C215F
:10818000034804F0ADFA034801F0DEFF002010BD03
:10819000840A0020C08B002070B5054604F0A6FCC0
:1081A000284605F1150404F0E5FD0022BE2128460D
:1081B00005F11E0604F0AAFD284604F0CBFD04F8E4
:1081C000010FB442F8D12846FFF7CEFF48B195F928
:1081D0001720AB7D43EA022300EE103ABAEECE0A36
:1081E00070BD9FED010A70BD00C079C470B590F8F4
:1081F00027300446012B06D0022B25D073B1002373
:1082000080F8273070BD1C4BD0E90A121B685B1A3E
:108210009342F7D3022380F8273070BD012580F800
:10822000275004F063FC204604F0A4FD20462A46B3
:10823000442104F06BFD104B40F2EE201B68A3625A
:10824000BDE8704002F02ABC0D460126FFF7A4FFEE
:10825000204685ED000A84F8276004F047FC20469C
:1082600004F088FD32464421204604F04FFD024BC5
:108270001B68A36270BD00BFE8F0002070B50E4619
:1082800009490446154601F0D9FF41F214000021C6
:108290002044C4E9036501F0D1FF002104F58150B9
:1082A00001F0CCFF204670BDF00A002010B5044656
:1082B0000021007C02F046FC04F5815002F00CF82D
:1082C00041F21400204402F007F8204602F004F8BE
:1082D000204610BD0B4641F2140110B50446194466
:1082E00001F0CAFF204610BD10B5044601F58151CA
:1082F00001F0C2FF204610BDD1ED177A10B52DED6B
:10830000108BB8EEE78BD1ED187A86B00C46B8EE3C
:10831000E7FBD1ED137AB0EE480BB8EEE7EBD1ED09
:10832000147AB0EE4F1BB8EEE7CBD1ED167AB8EE6B
:10833000E7BBD1ED157AB8EEE7DB04F083FF28EE5A
:10834000086B2FEE0FFBB0EE409BB1EE4B8B36EE81
:108350000F0BB5EE400BF1EE10FA00F19480B1EE88
:10836000C01BB0EE480B8DED046B04F06BFFB0EE5C
:1083700040AB05F065F98DED000BB0EE490B05F053
:10838000ABF9B0EE408BB0EE4A0B05F0A5F928EE44
:108390000C1B2DEE488B21EE001B9DED007B8DED1F
:1083A000020BB0EE490BA7EE0E1B8DED001B05F086
:1083B00047F9A0EE0C8B20EE0D0B9DED025B9DEDC1
:1083C000001BA5EE001BB1EE480B04F03BFF9FED38
:1083D000327B9FED335B9DED046B20EE070B80EE4F
:1083E000057BB5EEC07BF1EE10FA03D59FED2E5B59
:1083F00037EE057BABEE0B6B9FED274B9FED285BBC
:1084000084ED1E7B2AEE04AB29EE049B8AEE057BED
:1084100089EE054B3FEE06FBB5EE40FBF1EE10FAA0
:1084200084ED1C7B84ED1A4B26D4B1EECF7BB7EEE6
:10843000005B9FED1F4B37EE447BB0EEC76B86EEC3
:10844000047B35EE477BB5EEC07BF1EE10FA0BD422
:10845000B4EE457BF1EE10FA35FE077B84ED207B10
:1084600006B0BDEC108B10BD9FED137B84ED207B1F
:1084700006B0BDEC108B10BDB0EE4F0B04F0B4FF96
:10848000B0EE407BD3E78DED006B04F0ADFFB0EEB6
:10849000401B9DED006B64E700000000008066401B
:1084A000182D4454FB210940000000000080764054
:1084B0000000000000408F400000000000000000AD
:1084C00030B5054685B00C46FAB9E16801A800232D
:1084D0000D2201F077FEE0680322154903685B680E
:1084E0009847E0680122134903685B68984701A92F
:1084F000284601F0DDFE01A801F0EEFE284605B099
:1085000030BDE06803685B699847E06803681B69F1
:1085100098470028F5D1E0680322054903685B68A5
:108520009847E0680122034903685B689847CCE7F5
:10853000E00A0020E40A00202DE9F04F1446BDB007
:108540008B4688220021814608F04EF92246594682
:1085500003A8FFF7B5FF059B002B00F04F810DF13D
:1085600024083CAF444620460C34002101F066FE4E
:10857000BC42F8D12C2103A801F06CFF00222C2171
:1085800003A801F0BDFF421C034600F08A8006AC40
:108590000022461C03A920460DF1CC0A01F0D4FFAD
:1085A0002146404601F0DCFE204601F095FE3246B1
:1085B0002C2103A801F0A4FF0CAA03461546019242
:1085C000B3F1FF3F324603A9204603F1010668D00C
:1085D00001F0BAFF214628460C3501F0C1FE2046C5
:1085E00001F07AFE32462C2103A801F089FF55459F
:1085F0000346E5D10123404689F8003001F0FAFF37
:10860000C9F80400019801F0FBFFB7EEC00A0FA8FB
:1086100089ED020B01F0F4FFB7EEC00A12A889ED54
:10862000040B01F0EDFFB7EEC00A15A889ED060BAB
:1086300001F0E6FFB7EEC00A18A889ED080B01F0BB
:10864000DFFFB7EEC00A1BA889ED0A0B01F0D2FFCD
:10865000C9F830001EA801F0CDFFC9F8340021A8E8
:1086600001F0CEFFB7EEC00A24A889ED0E0B01F091
:10867000C7FFB7EEC00A27A889ED100B01F0BAFFBB
:10868000C9F848002AA801F0B5FFC9F84C002DA888
:1086900001F0B0FFC9F8500030A801F0ABFFC9F8F5
:1086A000540000222C2103A801F02AFF421C03469B
:1086B00000F0AB8006AC0022461C03A9204601F066
:1086C00043FF2146404601F04BFE204601F004FEE8
:1086D00032462C2103A801F013FF0CAA03461546CD
:1086E0000192B3F1FF3F324603A9204603F1010690
:1086F00000F08B8001F028FF214628460C3501F060
:108700002FFE204601F0E8FD32462C2103A801F09F
:10871000F7FEBD420346E4D10123404639AC89F857
:10872000003001F067FFC9F80400019801F068FF0C
:10873000B7EEC00A0FA889ED020B01F061FFB7EE9A
:10874000C00A12A889ED040B01F05AFFB7EEC00A67
:1087500015A889ED060B01F053FFB7EEC00A18A863
:1087600089ED080B01F04CFFB7EEC00A1BA889ED9C
:108770000A0B01F03FFFC9F830001EA801F03AFFD4
:10878000C9F8340021A801F03BFFB7EEC00A24A8C5
:1087900089ED0E0B01F034FFB7EEC00A27A889ED72
:1087A000100B01F027FFC9F848002AA801F022FFAA
:1087B000C9F84C002DA801F01DFFC9F8500030A8E1
:1087C00001F018FFC9F8540033A801F013FFC9F8ED
:1087D000580036A801F00EFFC9F85C00204601F0F1
:1087E00009FFC9F8600058464946FFF785FD204655
:1087F00001F072FD4445A4F10C040BD103A801F073
:108800006BFD48463DB0BDE8F08F99F8003039ACBB
:10881000002BE8D1204601F05FFD4445A4F10C0493
:10882000F8D1EBE72DE9F043064691B00D4601E0A3
:108830005B699847E86803681B6998470446E868DD
:108840000368002CF4D15B68032245499847E86827
:10885000012244490368444F5B689847E868DFF8A1
:1088600018810368DFF81491DB6898472146304689
:1088700001F0E4FC00230D22E96801A801F0A2FC4C
:1088800001A801F08BFE039B33B3394604A801F025
:10889000D5FC04A901A801F0F5FD68B104A801F018
:1088A0001BFD01A9404601F029FC404601F04CFCAB
:1088B00001A801F011FDDDE7494607A801F0BEFC63
:1088C00007A901A801F0DEFD80B107A801F004FDB1
:1088D00004A801F001FDE4E701A801F0FDFC304629
:1088E00001F05CFE304611B0BDE8F0831F490AA8D4
:1088F00001F0A4FC0AA901A801F0C4FD48B10AA82E
:1089000001F0EAFC07A801F0E7FC04A801F0E4FC90
:10891000C7E717490DA801F091FC0DA901A801F0C6
:10892000B1FD04460DA801F0D7FC0AA801F0D4FC63
:1089300007A801F0D1FC04A801F0CEFC002CB0D1B6
:10894000B3683BB901A9304601F072FD01A801F0FE
:10895000C3FC8FE70749304601F06EFDF2E700BF28
:10896000B40A0020E40A0020B80A0020C40A00204B
:10897000D00A0020DC0A0020C08B0020C00A0020A2
:10898000F0B50446C06887B0002203684DF67C51FC
:1089900002264A4FDB6998474FF49673E0684FF41C
:1089A000006204F11401836001F0DEF94FF400620B
:1089B00004F61401E06801F0F1F90121207C02F0D5
:1089C000FDF80021207C02F0BDF8642002F066F87A
:1089D0000121207C02F0B6F84FF47A7002F05EF8C4
:1089E00000230D22E168684601F0ECFB394603A83C
:1089F00001F024FC03A9684601F094FD054603A894
:108A000001F06AFC013568464ED101F065FC012E8B
:108A100004D047E0E06803685B699847E068036852
:108A20001B6998470028F5D14FF47A7004F58155F9
:108A300002F034F8214603A8FFF7F4FE03A9284604
:108A400001F08EFC03A801F047FC04F580539B6AFB
:108A50007BB9214603A8FFF7E5FE03A9284601F0EC
:108A60007FFC03A801F038FC03E0E06803685B6961
:108A70009847E06803681B6998470028F5D1E068CB
:108A800003220F4903685B689847E06801220D499B
:108A900003685B689847E0680368DB6807B0BDE877
:108AA000F040184701269BE741F214006946204434
:108AB00001F04EFC684601F00FFCAFE7E80A002029
:108AC000E00A0020E40A00204E2100224FF0300C82
:108AD00080F8361002210280828082600273028256
:108AE000426102768283026280F824200285C2629B
:108AF00080F8302080F834C082870264A0F84C20CF
:108B00000265A0F85C204266A0F86C204267A0F8DD
:108B10007C20C0F88420A0F88C20C0F89420A0F815
:108B20009C20C0F8A42080F8BD10A0F8BE2080F8DA
:108B3000C020C0E93122C0E93322C0E93522A0F8C3
:108B4000AC2080F8AE20704738B5057804462D2D4E
:108B500008BF0134204605F025FE6422237802FB7D
:108B600000F0A3F13002092A05D814F8013FA3F15F
:108B70003002092AF9D92E2B03D02D2D08BF4042EF
:108B800038BD6378303B092BF7D8A27803EB830319
:108B9000303A00EB4300092A98BF80182D2D08BFFA
:108BA000404238BD70B50D46044605F0FBFD1B4B39
:108BB0006422A3FB00135B0902FB13002B802278C5
:108BC000174BA2F1300100FB03F3092905D814F873
:108BD000012FA2F130010929F9D92E2A0AD003EB7D
:108BE0008303104A002101332972A2FB03235B088F
:108BF0006B6070BD60780134A0F130010929EED8B6
:108C0000074A094EA6FB020214F8010FD20802FB24
:108C10000133A0F130010929F4D9E0E71F85EB51B8
:108C200080969800ABAAAAAACDCCCCCC2DE9F04175
:108C300090F8AD60044656B390F8AE30A3F141020F
:108C4000052A6FD9A3F16102052A94BF573B303B37
:108C500094F8AF201B01A2F14101DBB2052940F2DB
:108C6000F980A2F16101052994BF573A303A1344C3
:108C700094F8AC20DBB29A4200F0B680D4F8D4303D
:108C800000260133C4F8D4303046BDE8F08190F8B6
:108C9000BE3033B390F8BD20022A03D090F8AE1056
:108CA000002941D1D4F8C850002DEDD02B4604F155
:108CB000AE0704E02D6B002DE6D0D4F8C830996AD9
:108CC000A86A08F0C1F90028DED1EA6A94F8BE303B
:108CD0009A42D9DCEED10F223946284607F082FEAF
:108CE000E8E790F8AE30472B00F0CB800223D4F8B1
:108CF000C45084F8BD30C4F8C850002DC4D004F16D
:108D0000AE0704E02D6BC4F8C850002DBCD0A86A93
:108D1000394608F099F90028F4DBB5D00023C4F8EF
:108D2000C830B1E7373B93E743EA4213013B2B2BB3
:108D3000B8D801A252F823F0C16F0000B56F00004F
:108D4000A56F0000996F0000896F0000D76F0000C9
:108D5000CB6F0000297000001D700000E56C000062
:108D6000E56C0000E56C0000E56C0000E56C0000BF
:108D7000E56C0000E56C0000E56C0000E56C0000AF
:108D8000E56C0000E56C0000E56C0000E56C00009F
:108D9000E56C0000E56C0000E56C0000E56C00008F
:108DA000E56C0000E56C0000E56C0000E56C00007F
:108DB000E56C0000E56C0000C16F00000D70000064
:108DC000B56F0000A56F0000996F0000896F00006B
:108DD00003700000F96F0000EF6F0000E56C000009
:108DE000E56C0000E96F0000D4F8D83094F8C0209A
:108DF0000133C4F8D8307AB3D4F8D03094F8BD2019
:108E00000133C4F8D030002A00F0FD80012A4BD095
:108E1000D4F8C850002D3FF437AF2B46DFF840821E
:108E200040F201170BE008F079FAD8F80030AF846F
:108E30002B622D6B002D3FF427AFD4F8C830996A10
:108E4000A86A08F001F90346294605F11000002B35
:108E5000E9D019E7373A0AE794F8BD30002B57D02C
:108E6000012BD5D140F201127D4B616CA287A4F891
:108E70004C202164626D19681B68A1642265A3659A
:108E8000C6E790F8AF10774807F000FD00283FF4E0
:108E90002DAF04F1B0057449284608F0D5F8002834
:108EA00040F0A880012322E76D4A40F20113616C73
:108EB000206A21641168A060A164616DE06A216587
:108EC0001168A387A165E169A4F84C30616094F84A
:108ED000241060612173A16A216194F83010217619
:108EE00094F8351084F8341094F8371084F836105C
:108EF00011682380A163A16E616611682166A16F6C
:108F00001268A4F85C30A4F86C30C4E91C217FE737
:108F1000534B40F20110626D1968A4F84C00A16532
:108F20002265186840F201121B68D4F89810C4F842
:108F3000A030D4F8A830A4F88C20A4F89C20C4F861
:108F4000A430C4E9240163E7A1F15701B1FA81F12A
:108F5000490980F83010A5E600F12801AE30FFF78E
:108F600021FE9FE6A1F15301B1FA81F1490980F890
:108F7000241097E600F11C01AE30FFF713FE91E6D6
:108F8000AE30FFF7E1FD60658CE6AE3005F00AFC1F
:108F9000C4F8980086E6302980F8351094BF002385
:108FA000012380F8C0307DE680F837107AE6AE30D5
:108FB00005F0F8FB606475E6AE30FFF7C5FDA0670D
:108FC00070E6AE30FFF7C0FDA0666BE6A1F141018F
:108FD000B1FA81F1490980F8C01063E6AE30FFF7BD
:108FE000B3FDC4F888005DE6AE30FFF7ADFDC4F810
:108FF000A80057E61D49284608F026F8003818BF93
:109000000120430073E6164B40F20112616DA4F893
:109010004C2021651968A4F87C20A165E169616094
:1090200094F824102173A16A216194F830102176FC
:1090300094F8351084F8341094F8371084F836100A
:1090400019682280D4F88820A163C4F884201A68A3
:10905000C4F88020226AA260E26A626161E700BF10
:10906000E8F00020A40A0020AC0A0020B00A00208A
:1090700038B5D0F8CC30A1F10A0204460D460133D0
:10908000C0F8CC30222A2ED8DFE802F0182D2D1897
:109090002D2D2D2D2D2D2D2D2D2D2D2D2D2D2D2D00
:1090A0002D2D2D2D2D2D412D2D2D2D2D182D120039
:1090B00090F8AC3083F02C0380F8AC3094F8BF30DB
:1090C0000E2B30D90020A5F12A0194F8BE300022E1
:1090D000B1FA81F1013384F8BF20490984F8BE3028
:1090E00084F8AD1038BD90F8BF300D2B05D85A1C50
:1090F000034480F8BF2083F8AE1094F8AD00D0B9D7
:1091000094F8AC3085EA030184F8AC1038BD002334
:1091100002221846A4F8AC3084F8BD20A4F8BE3072
:1091200084F8C03038BD23440022204683F8AE20A6
:10913000FFF77CFDC7E7002038BD00BF000000003E
:1091400090ED026A00228388B8EE466B427007EE0B
:10915000103A037B9FED065BB8EEC77B86EE050BEE
:1091600030EE070B0BB1B1EE400B7047AFF3008050
:109170000000000065CDCD4190ED056A0022038A14
:10918000B8EE466B427007EE103A037E9FED065B29
:10919000B8EEC77B86EE050B30EE070B0BB1B1EED8
:1091A000400B7047AFF300800000000065CDCD415B
:1091B0000020704700B5036883B08C4601220DF192
:1091C00007015B688DF807C0984703B05DF804FBA2
:1091D000704700BF30B482B00C4602AB03E9060012
:1091E000C37C002B30D072B6C37CDA0708D54FF0B1
:1091F000E0214569D1F880212A408262C1F88021AE
:109200009D0708D54FF0E0218569D1F884212A40D7
:10921000C262C1F88421590708D54FF0E021C56921
:10922000D1F888212A400263C1F888211A0708D59D
:109230004FF0E021056AD1F88C212A404263C1F841
:109240008C21DB062FD462B683689C4235D0224B3A
:1092500084609B69214AC3F30111C3F3826352F80E
:1092600021100133B1FBF3F2CCB1944227D8B2FB09
:10927000F4F3B2FBF3F294422CD3B3F5817F20D305
:10928000174CC460036803220020019918615A62D8
:1092900001221C6419661A6102B030BC7047994201
:1092A000EFD3531CE9E74FF0E022416AD2F8903146
:1092B0000B408363C2F89031C5E7C468E2E700243D
:1092C000DFE7022BFBD9023B5A08140244EA0244AE
:1092D0001C43D6E71A46E4E700C00F40B410002054
:1092E000FF7F7F00F8B504460F46007F0021164639
:1092F00001F028FC04F11003A06993E80600FFF7D1
:1093000069FFA5692B685F66D96D11F4F81FFBD062
:109310005A6F5E66DA6D12F4F81FFBD05E6FEB7C5D
:10932000F6B213B3DF0704D5A96A4FF0E022C2F802
:109330000011980704D5E96A4FF0E022C2F8041141
:10934000590704D5296B4FF0E022C2F808111A071B
:1093500004D5696B4FF0E022C2F80C11DB0604D58E
:10936000AA6B4FF0E023C3F81021207F012101F008
:10937000E9FB3046F8BD00BF10B5044600221321BA
:10938000FFF7B0FFE36AC01A10BD00BF10B5044676
:1093900061B1836B1BB14022C021FFF7A3FF832281
:1093A00081212046FFF79EFF012010BD83228121ED
:1093B000FFF798FF01E003F011FA00221221204686
:1093C000FFF790FF0307F6D5082292212046FFF70A
:1093D00089FF012010BD00BF10B500220121044605
:1093E000FFF780FF00F00303032B10D000221221AF
:1093F0002046FFF777FF10F0080301D1184610BD93
:10940000082292212046FFF76DFF002010BD0120A9
:1094100010BD00BF2DE9F04117460C460022222165
:109420000546FFF75FFF00EB0708B8F1FF0F03D910
:10943000C0F1FF074FF0FF084FB1013CE61914F8E7
:10944000012F80212846FFF74DFFB442F7D15FFA84
:1094500088F2A2212846FFF745FF3846BDE8F08193
:1094600003680D4A1B69934210B504460FD10022D0
:109470001321FFF737FFE36AC01A50B1E36A0022F5
:10948000204601331146E362FFF72CFF10BD9847D9
:10949000F3E74FF0FF3010BDB973000038B5036833
:1094A0000446114A1B69934219D100221321FFF788
:1094B00019FFE36AC01AA0B100220D212046FFF770
:1094C00011FF0022054620461146FFF70BFF2A46F2
:1094D00005468D212046FFF705FF284638BD9847F1
:1094E000E9E74FF0FF3038BDB973000070B50022D6
:1094F0001D210446FFF7F6FEC0F30710092823D804
:109500001B4B00221E2153F820602046FFF7EAFE85
:109510000546002226212046C5F30715FFF7E2FE87
:1095200001230246AB4096FBF3F64FF47A7393FBAC
:10953000F6F3102B13DD40F00800A621C2B220463E
:10954000BDE87040FFF7CEBE00221E212046FFF787
:10955000C9FE002226212046FFF7C4FE024620460F
:1095600002F0F702A621BDE87040FFF7BBBE00BFC6
:1095700054040020052938B5054626DD0C2921DCD8
:10958000062922D009014CB2C322B1212846FFF797
:10959000A9FE0A22B7212846FFF7A4FE00221E21B9
:1095A0002846FFF79FFE03469E21284603F00F033F
:1095B00044EA0302D2B2FFF795FE2846BDE83840E0
:1095C000FFF794BF6FF03F04DEE7C522B1212846C4
:1095D0006024FFF787FE0C22B7212846FFF782FEA2
:1095E000DCE700BF38B541F678630446994205DDF3
:1095F00042F6A003994216DC102500E00025002267
:109600001D212046FFF76EFE03469D21204603F0F4
:109610000F0345EA0302D2B2FFF764FE2046BDE81D
:109620003840FFF763BF43F6F04399421ADD45F235
:109630004013994218DD47F61223994216DD4AF28B
:10964000E423994214DD4FF22443994212DD0B4B7F
:10965000994211DD0A4B9942D4BF6FF07F056FF03C
:109660006F05CCE72025CAE73025C8E74025C6E7C7
:109670005025C4E76025C2E77025C0E748E801002F
:1096800090D0030038B504460D46007F012101F05B
:1096900095FA207F012101F055FA206A431C13D06E
:1096A0000121C0B201F08AFA002194F8200001F0F3
:1096B00049FA0A2001F0F2F994F82000012101F0A2
:1096C00041FA0A2001F0EAF9A06903F0A1FC0022A6
:1096D00042212046FFF706FE122801D0002038BDA7
:1096E000802281212046FFF7FDFD0023E917A562B6
:1096F000254AE804C90441EA553104F0C5FE05468F
:1097000086212046C5F30742FFF7ECFDC5F307228B
:1097100087212046FFF7E6FD8821EAB22046FFF7C1
:10972000E1FD00228E212046FFF7DCFD00228F2183
:109730002046FFF7D7FD00220C212046FFF7D2FD7F
:1097400002468C21204642F00302D2B2FFF7CAFD46
:109750000422A6212046FFF7C5FD8422CD21204604
:10976000FFF7C0FD2B228B212046FFF7BBFD8F2288
:1097700089212046FFF7B6FD812220461146FFF7DA
:10978000B1FD012038BD00BF0048E80170B50446B6
:109790000E46FFF721FE08B1002070BD812205466C
:1097A00020461146FFF79EFDD6B101232A461D2112
:1097B00020462363FFF796FD02469D21204642F096
:1097C0000102D2B2FFF78EFD00228D212046FFF765
:1097D00089FD0022A2212046FFF784FD012070BDF3
:1097E00032461D2120462663FFF77CFD02469D215F
:1097F000204602F0FE02FFF775FDE5E70D4B07205E
:109800000D49002210B40D4C19610D491C600A2449
:109810001A735A609A60C3E9050109200221C3E95D
:109820000740C3E909125DF8044BC3E90B22C3E901
:109830000D227047989C002000127A00981000209A
:10984000708B00200B4BD3F83022120A0270D3F831
:1098500030224270D3F82022120E8270D3F82022D8
:10986000120CC270D3F82022120A0271D3F82032EF
:109870004371704700441F4010B590B0044602A8E1
:10988000FFF7E0FFBDF80C30074A04A85BBA00916F
:1098900030219BB205F058FC04A9204600F0CEFC14
:1098A000204610B010BD00BF1408002001207047F2
:1098B000B0F84630B0F848209BB292B2934202D240
:1098C000013AD01A7047416B01390A44D01A7047E7
:1098D000016972B6B0F84A20B0F84C3092B29BB22F
:1098E0009A423CBF806B1218C86AD31A62B6C0F3A2
:1098F00002601844704700BFB0F84A100246B0F842
:109900004C3089B29BB2994210B4046914D001332F
:10991000906B116B984298BF0023994206D85B1A4E
:10992000526AD05CC0B25DF8044B7047126A5DF8B1
:10993000044BD05CC0B2704772B6B0F84A0080B237
:10994000814201D062B6E2E7E36A13F0E06F03D12F
:109950004FF0FF3062B6E6E7E36901200024116AA8
:10996000A2F84A00C3F30900DBB2A2F84C404B70E6
:10997000F0E700BFB0F84A100246B0F84C3089B2A8
:109980009BB2994230B4046925D00133946B9C4258
:1099900016D9106B1FFA83FC984217D9106AC05C65
:1099A000C0B2956DA2F84CC045B199421CD3CB1AF8
:1099B000D16B994202D3D36DC5F8883030BC704763
:1099C0004FF0000C106B63469842E7D8181A556A9E
:1099D000285CC0B2E5E7084672B6B2F84A1089B210
:1099E000884204D062B6D0E70C44E31AE0E7E36AA9
:1099F00013F0E06F03D14FF0FF3062B6DEE7E069AD
:109A0000C0F30900F9E700BF90F8443043B110B546
:109A1000044602F0E3FE94F84430002BF9D110BD67
:109A2000704700BF38B5D0E90453D3E90312096881
:109A3000114228D090F84420044632B102F0CEFE04
:109A400094F84430002BF9D1636900210E4AA961D2
:109A5000207E03EB0010007D02EB0010456805201E
:109A60002860657E03EB051393F8343002EB031294
:109A7000A36D52681060A4F84A10A4F84C1013B1FA
:109A8000E26DC3F8842038BD1C7F002007EE901AD9
:109A90009FED9A7A0421B6EE005AF8EE677A9FEDB0
:109AA000986A41F6FF7CC7EE275A2DE9F0478E46AB
:109AB0000569012407EE901AF8EEE77A85EEA77A99
:109AC00077EE057AFDEEE77A17EE903A6345A8BF88
:109AD0006346012BB8BF012307EE903AF8EEE76A20
:109AE00076EEC76AC6EE877AF5EEC07AF1EE10FA26
:109AF00048BFF1EE677AF4EEC67AF1EE10FA03D8B9
:109B0000B0EE676A8E461C4601312129D2D1002170
:109B1000436902F40076A0F84A10B3F85AC08E42A6
:109B2000A0F84C10B3F85860A0F84610A0F8481000
:109B300080F84410816BDF68A1EB0606A1EB0C01F5
:109B4000C0E90F6139681E6941EA0601396014BF36
:109B500001210021817640F0AC80017E694E03EB4B
:109B60000118DFF8C09198F81470D8F81CA006EB23
:109B70000717B968C1F800907968D8F818700F60B5
:109B8000BAF1000F03D0D8F82010CAF80010477EB1
:109B9000D92103EB071898F834C006EB0C1CDCF84D
:109BA00008703960DCF80410D8F838700F60417E16
:109BB00003EB0111CF6B0FB1096C39600EF1FF316E
:109BC000BEF1080F4FEA0161CCBF4FF0000E4FF01D
:109BD000010E01F0F85144EA4E4421435C682961CA
:109BE000597801F110030021E960474941F8234009
:109BF00041694FF0010E454C02F0030C4F7891F88B
:109C00005610434B39554FF002174469617803EB06
:109C1000511301F01F019B000EFA01F11960EF6270
:109C2000AB6A43F08803AB6253073ED44CF4701325
:109C300002F00F01042908BF43F0804397062ED598
:109C4000817E43F0805300293AD11607AB6103D5DA
:109C50002B6943F000532B616B69D10623F08053CD
:109C600048BF43F080536B61D30503D52B6943F4A0
:109C700000532B61A36883B1264E3478002C3AD070
:109C8000611E254DC9B22B1F05EB810101E09942F0
:109C900025D053F8042F9042F9D1BDE8F087817E9A
:109CA0000029D2D043F0A003CFE71C4B4CEA0303BA
:109CB000BEE7477E4FF2D901124E03EB07186AE761
:109CC000417E43F0A00304EB011191F8341006EB40
:109CD0000116B668316821F440413160B5E7631C74
:109CE000DBB20F4A3370137845F8240043F00203C7
:109CF0001370BDE8F0870123074DF2E7001BB74B57
:109D0000EC78AD601C7F00200098002000E400E0AB
:109D1000403800381BF10020B4EB002010003C005C
:109D20002BF1002038F00100EFF31380B8B9EFF306
:109D300010834BB9EFF305823AB94FF48073EFF318
:109D4000118050B1984208D270470F2AF7D9054BBD
:109D50009B5CEFF311800028F4D1184670474FF058
:109D6000FF30F1E7F0E300E010B4416299B1036B1A
:109D70001A44446900218263B4F85830B4F85A4058
:109D8000D31AA0F84A10121BA0F84C105DF8044B2F
:109D9000C0E90F327047026BEBE700BF816241B14F
:109DA000C36A1A4400234263A0F84630A0F8483042
:109DB0007047C26AF6E700BF036D2DE9F041044623
:109DC0000F46066913B1426DC3F88420A37E2BB100
:109DD00072B6B36943F00053B36162B6B4F846504B
:109DE000636BADB20135AB424CD84FF0000845462D
:109DF000B4F848309BB29D4219D028E073691B0229
:109E000010D5B4F84830626B9BB201339A4236D910
:109E10009AB2E16A99422DD9E169CB5CDBB2F36178
:109E2000A4F84820B4F848309BB2AB420FD1FFF7FA
:109E30007BFF6369B3F856308342DFDAFF28F1DD38
:109E400002F0CCFCB4F848309BB2AB42EFD0E36AEE
:109E5000AB421AD9FFB2E3695F5572B6012084F8AC
:109E60004400A4F84680B36943F40003B36162B6CA
:109E7000BDE8F0815B1AA16ACB5CDBB2CFE70022C0
:109E80001346C6E71FFA85F8B2E7ED1AFFB2A36AD8
:109E90005F55E2E7FFF790BF0269536913F4401F73
:109EA00070B543D0D36A13F0E06FC3F3026E3AD0BB
:109EB000B0F84A50B0F84C60ADB2B6B207E0016AF3
:109EC00001F803C00EF1FF3313F0FF0E1DD0D1696E
:109ED0006B1C846BB0F84CC0C1F309019C4298BF65
:109EE00000231FFA8CFC9C45ECD0046B5FFA81FCCC
:109EF0001D469C42A3EB0404E1D8436A03F804C066
:109F00000EF1FF3313F0FF0EE1D1ABB2A0F84A30EF
:109F1000836D43B1B54254D3AD1B016CA94202D845
:109F2000C16DC3F884105369D90245D496693302D0
:109F300028D553691D0225D5B0F84650B0F84830F1
:109F4000ADB29BB206E0C169C95CC9B2D161D16A48
:109F50004C0512D4AB4238D0446B0133C16A9C42E9
:109F600098BF00239942A3EB0104ECD8816A095DF4
:109F7000C9B2D161D16A4C05ECD599B2AB42A0F817
:109F8000481025D0710216D553695B0213D5002104
:109F9000036D80F8441013B1416DC3F88810837EBF
:109FA0002BB172B6936923F00053936162B6936943
:109FB00023F48003936170BD536943F480135361AC
:109FC000B4E7816B891B0D44A7E79BB2A0F848302A
:109FD000936923F400039361936943F480039361CD
:109FE000D0E700BF0148FFF757BF00BFD08B00206C
:109FF0000148FFF751BF00BF308C00200148FFF738
:10A000004BBF00BF908C00200148FFF745BF00BF49
:10A01000F08C00200148FFF73FBF00BF508D0020AB
:10A020000148FFF739BF00BFB08D0020012A70B58D
:10A0300008BF0A228AB091B34FF0210E01E05FFA07
:10A0400086FE0EF1FF36B1FBF2F502FB15145FFA46
:10A0500084FC092C0CF137040CF1300C98BF5FFA2A
:10A060008CF40EF1280C88BFE4B29142EC442946EE
:10A070000CF8244CE3D24BB10EF1FF3E2D225FFAD7
:10A080008EFE0EF128036B4403F8242C036801A90B
:10A09000CEF122025B68714498470AB070BD30224D
:10A0A0004FF0210E8DF82520E5E700BF2DE9F041A6
:10A0B0000C46D1B1EAB180468E1800250E4F04E05F
:10A0C00002F0F8FAB44205440CD0D8F8003014F885
:10A0D000010B1B68BB42F3D0014640469847B4428F
:10A0E0000544F2D12846BDE8F0810D462846BDE87A
:10A0F000F0811546F6E700BFD52900002DE9F041B3
:10A100008C688AB0DCB10025884606462F462B466F
:10A11000212201A9404600F0D7F9202C22463368BD
:10A1200028BF202201A930465B68A41A154498472D
:10A130000744002CEBD138460AB0BDE8F081274631
:10A1400038460AB0BDE8F08100B5036883B040F638
:10A150000D2C022201A95B68ADF804C0984703B03A
:10A160005DF804FB054B022888BF034610B41C6849
:10A17000184663685DF8044B184700BFC08B002089
:10A180000EB400B582B003AA52F8041B019206F087
:10A190007DFA02B05DF804EB03B070475AB903686A
:10A1A000C9B2074A1B68934200B506D108465DF85C
:10A1B00004EB02F07FBAFFF739BF5DF804EB1847F4
:10A1C000D52900002DE9F84F00278B46814692469D
:10A1D000394603F1FF38174C174E00F02FF8256869
:10A1E0000BE002F057FA002810DA02F0F7FA2368C1
:10A1F000DBF808205B1B934215D2DBF800305B696B
:10A20000B342EED0584698470028EEDB08D082458E
:10A2100006D00137C1B2484600F01CF94745DED9E7
:10A220004846BDE8F88F012348468BF80C30BDE85E
:10A23000F88F00BFE8F00020CD290000F8B5002617
:10A240000446C0E90066866029B108460D4607F05D
:10A25000F7F8074608B92046F8BD013004F0B0FA17
:10A260000028F8D0294606702060C4E9017707F07D
:10A2700055F82046F8BD00BFF8B588424FF00005FC
:10A2800004468560C0E9005502D08E680F680EB99B
:10A290002046F8BD701C04F093FA0028F8D0394627
:10A2A00005702060C4E9016607F038F82046F8BD63
:10A2B00000238842C0E9003383600CD010B4D1E998
:10A2C0000042C1E90033C0E900428A685DF8044BEE
:10A2D0008B6082607047704710B50446006804F0D8
:10A2E00077FA204610BD00BFF8B50446154632B9CE
:10A2F000036803B11A7000232046A360F8BD4368C9
:10A300000E469A421CD9511C006804F025FD0746F0
:10A3100060B1A368C4E900050BB903702768314632
:10A320003846A56006F0FAFF2046F8BD206810B157
:10A3300004F04EFA276000232046C4E90133F8BD3B
:10A3400007683146A560384606F0E8FFECE700BF35
:10A35000814203D08A680968FFF7C6BF704700BF13
:10A36000884238B505460ED000680C4608B104F0A6
:10A370002FFAA0680023D4E90012A860C5E90012F2
:10A38000C4E90033A360284638BD00BF38B5054690
:10A390000C4649B1084607F053F8214602462846C4
:10A3A000FFF7A2FF284638BD2846A96038BD00BF88
:10A3B0002DE9F843044600680D4616468842A36816
:10A3C00009D8C218914206D20F1A4FF0010936B9C6
:10A3D0002046BDE8F8834FF00009002EF8D003EBCB
:10A3E0000608626890450CD908F1010104F0B4FC3C
:10A3F0000028EDD0A368C4E9000813B903702068F1
:10A40000A368B9F1000F08D12946184406F086FF69
:10A410002046C4F80880BDE8F8833246C1191844C4
:10A4200000F018FE2368002203F80820F0E700BFC0
:10A430008A680968FFF7BCBF38B5054641B10C46CC
:10A44000084606F0FDFF024621462846FFF7B0FF0A
:10A45000284638BD10B582B00023044601228DF88D
:10A46000041001A98DF80530FFF7A2FF204602B0C5
:10A4700010BD00BF10B504468A680968FFF798FF51
:10A48000204610BD8A6808B58368934209D30068E6
:10A4900030B1096839B106F05FFAB0FA80F04009CE
:10A4A00008BD002008BD084608BD00BF83688B4278
:10A4B00003D9006808B108447047024B00221846CF
:10A4C0001A7070471DF10020C2B170B5B1FA81F663
:10A4D0000C46760919B185689D4201D80E7070BD91
:10A4E000ED1A02F1FF3C016820466545194428BF7A
:10A4F00065462A4606F076FA665570BD704700BF7D
:10A500008368934207D910B50468A01806F0BEF915
:10A5100020B1001B10BD4FF0FF3070474FF0FF30EF
:10A5200010BD00BF836843B1096810B504682046B8
:10A5300006F056FC20B1001B10BD4FF0FF307047F5
:10A540004FF0FF3010BD00BF9A422DE9F0410546A3
:10A550000E4602D911461A460B460021A960B7687B
:10A560009742C5E9001114D39F4228BF1F463368A4
:10A5700013F80780D95533689C180DD0204606F093
:10A580005FFF214602462846FFF7AEFE336803F818
:10A5900007802846BDE8F081AC60F8E72DE9F0417E
:10A5A00007680646E7B18468D4B1B846454618F84E
:10A5B000010B04F0E7F80028F8D1013C3C4402E02C
:10A5C000A54205D8013C207804F0DCF80028F7D13A
:10A5D000621CAF42A2EB0502B26004D30023BB545D
:10A5E0003046BDE8F0813846294600F033FD376833
:10A5F000B268F3E7006808B104F0D4B8704700BF50
:10A60000006810B1002105F033BD9FED010A7047CD
:10A61000000000002A2849D8F8B5254F04463B78A9
:10A62000E3B9244B1B5DFF2B29D0234A02EB041214
:10A6300091680A6802F44050B0F5805F30D01C0683
:10A640001FD41E4C2360236AD80704D402F0C6F836
:10A65000236AD907FAD5194B586AF8BD174D184E19
:10A6600001E002F0BBF8AB6C1B06FAD4B36C13F03C
:10A670008003F6D13B700F4B1B5DFF2BD5D1002023
:10A68000F8BD0F4C03F07F032360236ADA0704D47C
:10A6900002F0A4F8236ADB07FAD5094B586AF8BD23
:10A6A00022F480521C060A60EBD4CAE700207047EF
:10A6B0001EF10020748500201C7F002000400C400B
:10A6C00000800C40082830B422D00A280CBF4FF478
:10A6D00005714FF44671104C104D636C626C2B4049
:10A6E0000F4802F003021A43636C03F0E0031343C4
:10A6F0000B436364436C426C2B4002F003021A4329
:10A70000436C03F0E0031343194330BC41647047CA
:10A710004FF44071DFE700BF00400C4000FCFFFF3A
:10A7200000800C4010B41F4C1F281F49A36C23F05D
:10A730002003A364626C8B6C22F4404223F020035C
:10A740008B644B6C23F4404312D942F4404243F4EF
:10A75000404362644B641349134A8B6C5DF8044BAD
:10A7600043F020038B64936C43F0200393647047A1
:10A770000F2808D942F4004243F4004309480A492B
:10A7800042644B64E7E7072804D942F4804243F46B
:10A790008043F3E7032862644B64DCD85DF8044B24
:10A7A000704700BF00400C4000800C40A249A34B02
:10A7B00088422DE9F047A24C5E699A69D4F80C8072
:10A7C0001BD9A04B984240F20281C31A9E491B0A32
:10A7D000A1FB031340F22761DB0903EB830303EBC7
:10A7E000830303F2E2438B4228BF0B46A3F548776D
:10A7F000964BA3FB0737FF0804E0954FB8428CBF88
:10A800000E2706278D4908F01F09D1F88030B94579
:10A8100043F0C003C1F880300CD228F01F08A1F526
:10A82000F82148EA0708C1F80C800B68002BFCDA15
:10A8300008F01F0916F0007324D186490C69864977
:10A84000A14300F0EA8082F4805134464FF48055F1
:10A8500014F0605F04D026F060561E43774B5E61B3
:10A8600011F4405F07D022F4405274492A438A61B0
:10A870008B6C1A07FCD446F00076704A5661936CD4
:10A880009B06FCD4754CA04200F2CE804FF0010C28
:10A890000146634603FB011203F1010E0CF10105B1
:10A8A000A24218D8BEF1080F4FF0010340F08D808E
:10A8B000BCF1040F00F291800A18A24200F2A480B9
:10A8C00005FB00F1AC4603F1010E03FB01120CF194
:10A8D0000105A242E6D90CF1FF318C0286EA812102
:10A8E0005F4810445F4A90427FD9DFF8A4A16C22F0
:10A8F0005D48584DB0FBFEF0D5F800E0B0FBFCF031
:10A90000DFF890C10EEA0C0CD44509D042F4005295
:10A910004FF4805CC5F800C02A602A68002AFCDA7F
:10A92000464A156905F007059D4203D01361936CF3
:10A93000DD03FCD411F4E05F09D026F4E05604F402
:10A94000E0543E4A26435661936C9907FCD447492C
:10A95000474A014491423CD8464BC909A3FB013107
:10A96000090B4B1E1B0286EA030212F4407F06D03D
:10A9700026F4407603F44073304A334353612F4A40
:10A98000536923F000735361936C9B06FCD43A4BDC
:10A990004F45A3FB00234FF0FF324FEA9343B0FB38
:10A9A000F1F1B2FBF3F3354A1060354A1160354AD4
:10A9B000136008D228F01F08214A48EA0707D76029
:10A9C0001368002BFCDABDE8F087734662E71227B4
:10A9D00018E74FF440730421C5E70CF1FF3120481C
:10A9E00007238C02104486EA8121274ADFF8A8A0B9
:10A9F000A2FB0020020D2548362A38BF362202FB72
:10AA000000F042EA0A0A74E74FEA8C24002386EA3F
:10AA10008C214FF0010EAC4662E71D4686F0C05413
:10AA200011464FF0C05313E700244FF0010C0246CB
:10AA300031462346E64653E700A4781F00C00F4086
:10AA4000000008400046C32323B24C001F85EB5191
:10AA500000366E0100800D4040300080FFB19F261F
:10AA6000808D5B00FF7EF64D00643F4D7FD1F00886
:10AA70007F17B42C9F10E50083DE1B436C8B0020F6
:10AA8000688B002060F00020819F5E16001BB700DD
:10AA90006C2000807F3001800020008000B970476A
:10AAA0002DE9F84F01218146214C224D224E54E8D8
:10AAB000003F2A68306844E80013002BF7D11F4993
:10AAC0004B684FF47A7BDFF878A01B1A01270BFB49
:10AAD00002F8DAF80020A3FB02325A4594BF9044F2
:10AAE000D84454E8003F2A68306844E80073002BDB
:10AAF000F7D14B68DAF800C01B1A0BFB02F2A3FB7C
:10AB00000C3CBCF57A7F94BF624402F57A72A2EBEA
:10AB10000802B2F57A7F06D3B9F1010908F57A780F
:10AB2000DFD1BDE8F88F01F059FE0449D9E700BF35
:10AB3000ECF00020E8F00020E4F00020001000E03D
:10AB400060F00020362816D80201104B03EB0010ED
:10AB50009B5810B4C2685C68144205D061B95DF8B6
:10AB6000044BC3F888207047836851B1084A5DF8E8
:10AB7000044B1A60704770475DF8044BC3F884209B
:10AB80007047044A5DF8044B1A6070471C7F002030
:10AB900038F001003830010036280BD8064B02018E
:10ABA00003EB00109A58C36892681A4214BF012040
:10ABB00000207047002070471C7F0020362829D8CD
:10ABC000164B0201012903EB00109A5810B4536888
:10ABD000C4680ED004290CD023EA040353608368B0
:10ABE000A9B1022917D003290CBF0D4A0D4A1A60DA
:10ABF00007E0234301295360836808D040F63802F8
:10AC00001A60436815225DF8044B1A6070473822B9
:10AC10001A60F6E77047044A1A60F2E71C7F0020CA
:10AC2000383001003800010038F0010030B4124A19
:10AC30000020124B0121124D124CC2F8F032C2F822
:10AC4000F402C2F8B810C2F8A000C2F8A450C2F8CA
:10AC5000B0105369DB07FCD551612378DB07F0D4D2
:10AC60001368054943F0010313600B68DB07FCD44C
:10AC700062B630BC704700BF00802A400504012442
:10AC800001000F0000812A4070B50E4C4FF6FF7E88
:10AC90000D4E04F17E05A6F58053002102E0B3427B
:10ACA00081B204D21A88481C02337245F7D124F8C5
:10ACB000021FAC4206F58056EDD1044B01221A70FA
:10ACC00070BD00BF62F0002000107C6020F1002009
:10ACD00041F2BB0398422FD8184B10B51B7804469D
:10ACE0003BB3A008164B04F00301164CA3FB002352
:10ACF000C21A03EB5203144A5B09C3EB831E9C4642
:10AD0000A0EB0E0341EA8C01FF2034F813C01A4473
:10AD10004FEA4C0C13030CEB023CBCEB023F07D98F
:10AD20001A880233D4B28C4208BF100A9C45F7D867
:10AD300010BDFFF7A9FFD4E7FF20704720F10020E6
:10AD40000541100464F00020C0070600F8B50F4666
:10AD5000164672B6344B40F20641344A9A610222DA
:10AD6000DA610022C3F8A020C3F8F012C3F8F4227D
:10AD7000C3F8F822C3F8FC224FF47022C3F8A420D1
:10AD80000122C3F8B02020F01F038219BFF34F8FB8
:10AD90004FF0E024C4F85C3F20339A42FAD8BFF366
:10ADA0004F8FBFF36F8F204D6B69DA07FCD50123FE
:10ADB0001F49B2B220F07F406B6142F47022C5F8A7
:10ADC000F01242F20121184CC5F8F412C5F8BC305B
:10ADD000C5F8A000C5F8A420C5F8B030154D01E0B5
:10ADE0005B0609D4636913F00100F9D04123636164
:10ADF000BDE8F840FFF71ABF082E0AD836B1324630
:10AE0000394637440646284600F024F9402363615A
:10AE1000E8E7A6F1080008263946324637440646D8
:10AE2000284600F017F9F1E700802A40F05AF05A5E
:10AE30003204180880812A4010B472B6284B0221CF
:10AE4000284C00229C614FF47024D96140F20641E5
:10AE5000C3F8F0120121C3F8F422C3F8F822C3F8B2
:10AE6000FC22C3F8A020A2F58052C3F8A4400240FF
:10AE7000C3F8B010BFF34F8F02F5805102F12003E9
:10AE80004FF0E02C994234BF0121802102EB4111A7
:10AE90008B42CCF85C2F1A4603F12003F8D1BFF3A4
:10AEA0004F8FBFF36F8F0E4A5369D907FCD501242A
:10AEB0000D490E4B54610340C2F8F0124FF470205C
:10AEC0000749C2F8A030C2F8A400C2F8B0404B69EC
:10AED000DB07FCD501235DF8044B4B61FFF7A6BEF1
:10AEE00000802A40F05AF05A2004180800F0FF00B1
:10AEF00041F2BB03984200F28980464B2DE9F047AE
:10AF00001B78C2B005468946002B7CD0AB08424E68
:10AF100005F00305414FA6FB03269A1B06EB5206DC
:10AF2000760945EA8605C6EB86169E1B3C4B37F82C
:10AF30001640334460004FEA033800EB0330B0EBB7
:10AF4000033F64D943464FF0FF0C1A880233D1B255
:10AF5000A94208BF4FEA122C9842F6D8E14541D0E9
:10AF6000B4F5006F41D302AC4FF48072FF2120464C
:10AF700005F03AFC08F5805008F102034246984279
:10AF800034BF01204FF4006008EB4000134602324A
:10AF90001B888242D9B24FEA13236354F6D104F8D6
:10AFA00005900DF107090DF2071A00254C464046A1
:10AFB000FFF742FF14F801CF08EB450002220DF124
:10AFC0000601631EBCF1FF0FA3EB090306D043EAA1
:10AFD0000C230135ADF80630FFF7B8FEA245E9D1E4
:10AFE00027F8165042B0BDE8F08745EA092502A9C6
:10AFF00002220134ADF80850FFF7A8FE27F81640EA
:10B0000042B0BDE8F087FFF73FFE7FE770474FF0A3
:10B01000FF0CA3E720F100200541100464F000209C
:10B02000C007060062B170B505460C468E18204672
:10B03000013415F8011BFFF75BFFB442F7D170BD77
:10B04000704700BF08B5F7F70BF9F7F761FB01F0A0
:10B05000C5FBFAE7844641EA000313F003036DD110
:10B06000403A41D351F8043B40F8043B51F8043BCB
:10B0700040F8043B51F8043B40F8043B51F8043BD2
:10B0800040F8043B51F8043B40F8043B51F8043BC2
:10B0900040F8043B51F8043B40F8043B51F8043BB2
:10B0A00040F8043B51F8043B40F8043B51F8043BA2
:10B0B00040F8043B51F8043B40F8043B51F8043B92
:10B0C00040F8043B51F8043B40F8043B51F8043B82
:10B0D00040F8043B51F8043B40F8043B51F8043B72
:10B0E00040F8043B403ABDD2303211D351F8043B12
:10B0F00040F8043B51F8043B40F8043B51F8043B52
:10B1000040F8043B51F8043B40F8043B103AEDD2C0
:10B110000C3205D351F8043B40F8043B043AF9D211
:10B12000043208D0D2071CBF11F8013B00F8013BE4
:10B1300001D30B8803806046704700BF082A13D3F1
:10B140008B078DD010F003038AD0C3F10403D21A09
:10B15000DB071CBF11F8013B00F8013B80D331F83D
:10B16000023B20F8023B7BE7043AD9D3013A11F8BD
:10B17000013B00F8013BF9D20B7803704B78437028
:10B180008B7883706046704701F1FF3C70B566466E
:10B19000002400E00134B0FBF2F502FB1503092B9B
:10B1A00003F1370E03F130035FFA8EFE98BF5FFAAA
:10B1B00083FE9042284606F801EFEBD2631C002282
:10B1C000C818CA547CB162461CF8015F10F8016DC2
:10B1D000A1EB0C0302328CF80060013B521A05709F
:10B1E00023449A42EFDB084670BD00BF4FF0010CCC
:10B1F0000CFA01FC01EB410100EB411170B5B1F813
:10B200000EE01FFA8CF5254C1FFA8EFE24782E01D5
:10B210000EFB033306F0F006E340B0F888417345B7
:10B22000A4B228BF73463443012AA0F888410DD048
:10B23000022A28D0C2B10CF00F02B0F888C11FFA60
:10B240008CFC4CEA020CA0F888C170BD9BB20CF0DB
:10B250000F022D02CB82B0F8803105F470659BB2ED
:10B260002B43A0F88031E8E7AEEB030E0CF00F02A1
:10B270001FFA8EFEA1F80AE0B0F880319BB21343AA
:10B28000A0F88031D9E79BB20CF00F02CB83B0F865
:10B2900080319BB21E43A0F88061CEE71896002053
:10B2A00036284BD8F8B52A4D044615F8202005EB72
:10B2B0008005012A2DD0022A3FD16B78C3F30110FB
:10B2C00003283ED0234A02EB803203F0030C2248CD
:10B2D00089B2634602EB4C1C0678BCF806E05801C4
:10B2E000BCF810301FFA8EFECEF1011E1EFA83F359
:10B2F00003F1FF3E0EFB01F1F1408E4523D95B1AAD
:10B30000C3F101039BB289B20244ACF8063011824A
:10B310000DE06A78C2F30113032B10D00F4800EB45
:10B3200083308BB202F00301AA78FFF75FFF0C4B6A
:10B33000EA7803EB04135B681A60F8BD70470948AC
:10B34000EFE7094AC1E7991E4FF6FF73DBE700BF3D
:10B35000A085002000C01D401896002000C03D4080
:10B360001C7F002000803E4000801E4000230F22F2
:10B3700048F2B82C194610B54FF470444FF4806E63
:10B38000A0F88C414FF46044A0F88E210A46A0F842
:10B390009031B0F888319BB243F0F003A0F88831C7
:10B3A00001EB4103013100EB431304299C80A3F816
:10B3B00006E05A841A865A805A81A3F80EC05A822F
:10B3C000DA825A83DA83EBD1B0F888319BB243F04A
:10B3D0000F03A0F88831B0F888319BB243F4706352
:10B3E000A0F8883110BD00BF374B384A996F3848F4
:10B3F00041F47F0170B5996741F20106D3F88010DE
:10B4000045F6C05543F226040A43C3F88020FFF7EF
:10B41000ADFF00F58040FFF7A9FF00F58040FFF782
:10B42000A5FF00F58040FFF7A1FF0022A0F5031063
:10B430004FF00F0E114600EB42134FEA421C01324F
:10B440009981042A5981A3F80EE09E82DD8020F8BC
:10B450000C1019829C81EED100221E484FF00F0E75
:10B4600041F20106114645F6C05543F2260400EBB1
:10B4700042134FEA421C01329981042A5981A3F8F0
:10B480000EE09E82DD8020F80C1019829C81EED1A6
:10B49000002211480F2641F20105114645F6C0541D
:10B4A00043F2260E00EB42134FEA421C013299810F
:10B4B000042A5981DE819D82DC8020F80C101982DB
:10B4C000A3F80CE0EED170BD00C00F40000003FCFB
:10B4D00000C03D4000001E4000401E4072B6EFF329
:10B4E0000583524CC4F884301EF0040F0CBFEFF3F8
:10B4F0000882EFF309824FF0E0234D4E4D4DD3F813
:10B50000280DD3F82C1DC4E92201D3F8341DD3F83B
:10B51000383DC4E924139369C4F89830D369C4F85A
:10B520009C3000F0D1F884ED280A01F045FA0B2197
:10B530004FF0FF32C4F8A4000B46C4F880103E4917
:10B54000301D5A40202402F00103013C01FB03F3AB
:10B5500083EA5202F7D1A84202D073680646EFE7A9
:10B56000324BC3F8A820BFF34F8F4FF0E023304990
:10B57000324AC3F8701FC3F8702FBFF34F8FBFF369
:10B580006F8F2F4A02252F48D36E2F4943F4405323
:10B59000D3660560D3692D4823F07F0343F0400351
:10B5A000D3610B6883423DD8264D00214FF0E02344
:10B5B0004FF0FF3229600126C5F808112449C5F86B
:10B5C0000011C5F80861C3F88021C3F88421C3F8CD
:10B5D0008821C3F88C21C3F8902101E000F066F9BE
:10B5E000D5F80C31002BF9D00134C5F80C614F2C83
:10B5F000F4D9184B022018494FF00042C1F840011D
:10B600005A63D5F80C313BB9144815490D4A01630A
:10B61000D2F80C31002BFAD04FF0E023114AC3F8D6
:10B620000C2DFEE7FFF7C2F8BEE700BF00FF2720A2
:10B6300080FF2720A8FF27202083B8EDA0FF272028
:10B6400000C00F40004008406C8B0020803DCD0BB7
:10B65000009F240000900D4000002E4000800F400D
:10B66000F100AD0B0400FA050A490A6838B108B5C3
:10B6700013180948834204D810460B6008BD1046D1
:10B68000704705F0D3FC0C234FF0FF3203601046E7
:10B6900008BD00BF1C90002000002820002070473B
:10B6A0004FF0FF30704700BF4FF4005300204B6055
:10B6B000704700BF012070474FF0FF30704700BF58
:10B6C00030BFFDE7FFF70ABF124AD2F880305B07B0
:10B6D000FBD5D2F880301048C3F30B230F4990ED0F
:10B6E000007A07EE903A91ED006AB8EE477A0C4A7C
:10B6F000F8EEE77A0B4BD2ED006A77EEC77A93ED5E
:10B70000007AB8EE477A67EE867A87EEA60A37EEB9
:10B71000400A704700810D4050F0002058F0002092
:10B720005CF0002054F00020836BF0B41BB1536830
:10B7300043F40043536072B6446B3CB31A4B22602F
:10B74000D3F8B0410C421DD1184E776804E07468FC
:10B75000E41BB4F5166F0BD2D3F8404144F4804497
:10B76000C3F84041D3F8B851D3F840416404EED552
:10B770000D4007D10C4CC0E90225D4F8B0310B4381
:10B78000C4F8B031426362B6F0BC7047064DC0E900
:10B790000224D5F8B0310B43C5F8B03102634263DF
:10B7A00062B6F0BC704700BF00002E40001000E001
:10B7B00070B5056B9DB106462A46002403E0126869
:10B7C0000134012A0CD0536813F08003F7D03263A0
:10B7D0002CB12846B36B2D689847013CF9D170BD58
:10B7E000C6E90C33F4E700BF30B4D9B91F4C204B85
:10B7F0000021204A01254FF0011099601D60C4E925
:10B80000023180245C60C2F8BC01D2F8B0311A4821
:10B810002B43C2F8B0310160D2F8B031002BFBD11C
:10B8200030BC70470904154B104C012541F08001D4
:10B830009860104A596000F580511D60D96000F58C
:10B840000051A364196100F5405100F58040596131
:10B8500000219861E164D2F8B03143F48033C2F83A
:10B86000B031D2F8B031002BFBD1C0E7000000208E
:10B87000C09A002000002E4098EF0020E09A00209F
:10B88000084901220B7802FA00F023EA0000087050
:10B8900030B9054AD2F8483123F08003C2F8483164
:10B8A000704700BF23F1002000002E402DE9F04F2B
:10B8B000974C83B0D4F84471FB07C4F8447153D556
:10B8C000D4F8AC21002A4AD0924EDFF860A2DFF80B
:10B8D0007492DFF874B2DFF87482C4F8AC21D6E950
:10B8E0000A20D4F8403143F40053C4F84031D4F86E
:10B8F00040319D04F5D5D4F8403123F40053C4F809
:10B9000040314FF00113C4F8B431D4F8B45115F0FC
:10B910000115FAD193B28446CAF80050B3F5086F06
:10B9200000F0CF8100F2DB8040F202318B4200F068
:10B93000E78100F29A80822B00F0CB81B3F5817F02
:10B9400040F08A8010F0780F83B200F003824FF04D
:10B950000113C4F8C031D4F8AC21002ABDD16C4A1F
:10B96000D2F8BC31002B42D17E0616D5684BD3F8F5
:10B97000AC21C3F8AC21D3F8BC21C3F8BC21D3F867
:10B98000B041002CFBD14FF0FF32C3F8B421D3F803
:10B99000843100F027FD604B1C60FC0103D55F4B38
:10B9A0001B6803B19847B80103D55D4B1B6803B111
:10B9B0009847790708D5564BD3F8843113F40073B0
:10B9C00047D0584B01221A70514BD3F848311A0610
:10B9D0000AD53B0608D5544A13782BB1013BDBB29C
:10B9E0001370002B00F0728203B0BDE8F08F4F4956
:10B9F000C2F8BC310868034240F0D181464A14685D
:10BA00001C40B1D05FEA144810D0424E4FF00109FB
:10BA100098FAA8F5B5FA85F506EBC51009FA05F50B
:10BA20004030FFF7C5FE38EA0508F1D1A4B2002C7A
:10BA30009AD0384E4FF0010894FAA4F5B5FA85F57E
:10BA400006EBC51008FA05F5FFF7B2FEAC43F3D1DB
:10BA50008AE7344A1370B7E7802B7FF478AF344815
:10BA600002210580FFF7C0FE75E7B3F5A06F00F077
:10BA70000B81A3F5D063012B3FF669AF2D4B5D68B9
:10BA8000002D3FF464AF1FFA8CFC4FEA124E04E025
:10BA90001D690C33002D3FF45AAF1A887245F7D157
:10BAA0005A886245F4D14FEA1E22032A00F0A5818C
:10BAB0001A89000C824228BF0246BEF5007F40F082
:10BAC000A181184B1C4918781C4B0192002818BF03
:10BAD00019461B48FFF7BEFA194D019AE1E142F2FF
:10BAE00021218B427CD033D942F221318B4200F0AC
:10BAF00081804FF6C0018B427FF429AF10F47F4F55
:10BB000083B27FF424AF43F46E4363F30F0CB5E7C5
:10BB100000002E40000000209CEF0020FCF00020E0
:10BB200000F1002029F100202AF1002098EF0020E8
:10BB3000CCEF00209C890020CC1E0060301F0060EC
:10BB400060E6222090EF00205DCFC6B8C0012E40F5
:10BB5000B3F5106F66D042F221018B427FF4F7AE4D
:10BB6000030C072B7FF4F3AEB24BB349F560D960F9
:10BB7000B249B360C3F80890C1E9002001221A60FD
:10BB8000AF4A5A60AF4A1A61D4F8B01141F00101CE
:10BB9000C4F8B01102F5805102F5005259619A6162
:10BBA000D4F8B031002BFBD1A74AF3649360012392
:10BBB000B264136048F2800353604FF00113C4F87D
:10BBC000BC31D4F8B03143F48033C4F8B0314FF411
:10BBD0008033CAF80030D4F8B031002BFBD1BAE67C
:10BBE00080B238B9994BC2F307421968984B196073
:10BBF000984B1A70944B00229A60F2640122B3644D
:10BC00001A6080225A604FF00113C4F8BC31D4F896
:10BC1000B03143F48033C4F8B031D4F8B031002BE4
:10BC2000FBD198E6C2F307428B4B1A708B4BC4F8DA
:10BC3000C8318B4BC4F8CC318A4BC4F8D03100F0FA
:10BC4000D3FB80222946884804F0CEFD874B802212
:10BC5000C6F8A0B0C6F8E0307B4BF5645A6001220C
:10BC6000B3649D601A604FF00113C4F8BC31D4F87E
:10BC7000B03143F48033C4F8B031CAF80050D4F87E
:10BC8000B031002BFBD166E66F4B0121F5641960E2
:10BC900080219D60B36459604FF00113C4F8BC313A
:10BCA000D4F8B03143F48033C4F8B031D4F8B031B3
:10BCB000002BFBD1130C5B0643F08073C4F85431A6
:10BCC00049E6654B01216A481B780370FFF78CFD3C
:10BCD00041E683B210F078007FF439AE03F07F02C2
:10BCE00058F82210624A1080180600F19E80CB0797
:10BCF00001D50123137002215D48FFF775FD2AE687
:10BD000010F0780F83B27FF422AE03F07F0213F0BD
:10BD1000800F58F8223014BF43F4803343F00103FE
:10BD200048F822300022484BF2649A600122B36442
:10BD30001A6080225A604FF00113C4F8BC31D4F865
:10BD4000B03143F48033C4F8B031D4F8B031002BB3
:10BD5000FBD100E603F07F0213F0800F58F8223089
:10BD600014BF23F4803323F0010348F8223000226B
:10BD7000354BF2649A600122B3641A6080225A60E3
:10BD80004FF00113C4F8BC31D4F8B03143F4803320
:10BD9000C4F8B031D4F8B031002BFBD1DBE5002082
:10BDA000086026490C88486842F221018C427FF4E1
:10BDB00025AE80B200287FF421AE2E492E4C03C957
:10BDC000A18086284FEA11412060A1717FF416AE50
:10BDD00072B62A48017841F008010170D2F8481182
:10BDE0000D0605D480200143C2F84401C2F8481171
:10BDF00062B6234A5021117000E6000C2A78824274
:10BE000028BF0246BEF5E06F44D11E4B1E4D187888
:10BE10001E491F4B0192002818BF19462846FFF7FC
:10BE200019F907236B70019A3BE0C9033FF561AF35
:10BE300061E700BFE09A002090FF0020909C002066
:10BE400080000700900F0120C09A0020E8F0002039
:10BE5000F8F0002027F1002028F100200200CC009B
:10BE6000C80002000200C800800000201993D574A9
:10BE7000CCEF002090EF0020F0F0002023F1002014
:10BE80002AF1002029F1002060E62220301F006006
:10BE9000CC1E00602946104D01922846FFF7DAF8C3
:10BEA000019A25F01F031544BFF34F8F4FF0E02197
:10BEB000C1F8703F20339D42FAD8BFF34F8FBFF3D4
:10BEC0006F8F05481146FFF78FFC44E50320FFF70D
:10BED000D7FC0DF0A5FC00BF60E622202DE9F0475D
:10BEE0001F46831E022B01D9BDE8F087DFF84C9076
:10BEF00015460C463C2209EBC01806464FEAC01A0C
:10BF0000002108F10400240404F06EFCB5FA85F267
:10BF10000123520944EA427449F80A40C8F83870CB
:10BF2000C8F80830002FDFD0034AB34011680B4334
:10BF30001360BDE8F08700BF9CEF002000000020E8
:10BF40002DE9F0470D46811E022901D9BDE8F08791
:10BF5000C701DFF84C909246044640373C2200214E
:10BF60001E4609EB07082D0408F1040004F03CFC10
:10BF7000BAFA8AF2520945EA427249F807200122C8
:10BF8000C8F83860C8F80820002EDFD0034B103402
:10BF90001968A2400A431A60BDE8F0879CEF0020B0
:10BFA0000000002012048160C36101F5405342F09B
:10BFB000800210B40124426001F50052046001F5D2
:10BFC000805401F58041C46081615DF8044BC0E993
:10BFD00004237047831E0A46022B00D97047064B84
:10BFE00000F110014FF0010C03EBC0100CFA01F14D
:10BFF0004030FFF799BB00BF00000020831E0A46B7
:10C00000022B00D970470121024B814003EBC01085
:10C01000FFF78ABB0000002040687047124A134BAC
:10C02000D2F8200220F07F40984210B584B002D2AE
:10C0300000EB800040000E4C01A90A22FFF7A4F893
:10C0400001A90023204611F8012B01333AB10A2B34
:10C0500020F8022FF7D11623237004B010BD5B0027
:10C06000DBB2237004B010BD00441F4080969800DE
:10C070000096002000F0D6BA00F066BB00F03CBB92
:10C080000846114600F02CBBF8B5144C4FF0E025E3
:10C09000134E4FF4003204EB4024124F06EB4016CF
:10C0A0000346C5F88C2121463A883046FFF77AFFCF
:10C0B0003B882344BFF34F8FC5F85C4F2034A34225
:10C0C000FAD8BFF34F8FBFF36F8F03203146FFF7CE
:10C0D00095FF4FF40033C5F80C31F8BDE0E622209F
:10C0E000009B002012F10020244B2DE9F0411C8818
:10C0F0004368C569C3F30E43E41A002C24DD2049CC
:10C1000020480A780078D3B21F4E82421F4807D0D9
:10C1100010F8038036F81870C7F50072944218D9E9
:10C120000133002226F81540082B194E88BF13460C
:10C1300026F8152098BFDAB2C554164B0A701A6853
:10C1400014441C60BDE8F0812846BDE8F041FFF7CB
:10C150009BBF07EB4820104922462744084401EBC7
:10C160004521FEF777FF0B4A284626F8187013681A
:10C170002344BDE8F0411360FFF786BF12F10020B1
:10C1800021F1002022F1002024F0002044F00020C2
:10C1900034F0002020F00020E0E622201D4B1A7829
:10C1A000002A36D102F0FF031B4A12788AB32DE928
:10C1B000F0411A4D2A8852B3194EC2F50068194F42
:10C1C0003278194C07EB421704EBC224424638463A
:10C1D0002146FFF7E7FE04EB0802BFF34F8F4FF055
:10C1E000E023C3F8704F2034A242FAD8BFF34F8F38
:10C1F000BFF36F8F04203946FFF7ECFE337801332D
:10C20000DBB2032B88BF0023337000232B80BDE8F3
:10C21000F081704726F1002028F1002014F1002061
:10C2200025F10020009C0020E0F622202DE9F04FAF
:10C2300085B0CDE90110002900F0BF800023604CDB
:10C24000DFF89881DFF898A15E4F009301235E4AE2
:10C2500023705E4B1978B8F8003002EB4119002BBF
:10C2600040F0A7801E461D469B464846FFF7D4FE79
:10C2700010F0800000F08C80BFF34F8F9AF80030F0
:10C2800084F800B005B93E68002B7DD13B689B1B4C
:10C29000782B00F287804E4B1B78002B74D000F077
:10C2A0009DFA0122B8F8003015462270002BDCD030
:10C2B000464AC3F5006011781A4600EBC120454D8F
:10C2C000C9022844019D954217D20393DDE901512B
:10C2D0002A46FEF7BFFE039B4FF040425B1BA8F8C7
:10C2E00000303D4BC3F88420BFF34F8F00980023EC
:10C2F0002844237005B0BDE8F08F364BCD18029965
:10C30000FEF7A8FE00234FF4006229464846FFF7D7
:10C3100049FEBFF34F8F05F1200205F500639342FC
:10C3200034BF012340234FF0E02205EB4313C2F852
:10C33000705F2035AB42FAD1BFF34F8FBFF36F8FE1
:10C3400004204946FFF746FE204A13780133DBB24A
:10C35000032B84BF00231D4A1370B8F80030019AE4
:10C36000D11A009A1A4401910092029A1A440023A9
:10C370000292194AA8F80030C2F88430BFF34F8FF8
:10C38000237000297FF462AF009805B0BDE8F08FFC
:10C390004FF400620D4B8AF8000019781346A8F894
:10C3A00000208AE7012300988AF8003005B0BDE834
:10C3B000F08F1A46C3F500607FE70198E5E700BFFC
:10C3C00026F10020E8F00020009C002025F100204C
:10C3D00028F10020E0F6222000002E4014F1002079
:10C3E00024F10020704700BF2D4B002180222D48F2
:10C3F00070B51B7800242C4D8B422C4E0CBF402373
:10C400004FF400732B80338004F0EEF9284A214664
:10C41000284B14704FF4807227481C8004F0E4F914
:10C42000264A1021264B0220C2E90044C2E90244F8
:10C43000244AC3E900441470234AC3E90244234B4D
:10C440001C70234614602246FFF77AFD224631888D
:10C4500003201F4BFFF742FD2346012229880420B9
:10C46000FFF76EFD20460134FFF70EFE082CF9D1D0
:10C47000184B00214A221848184C0460C3F8841055
:10C48000C3F88020D3F84821154942F08072C3F8E0
:10C49000482121B1134A137843F00103137070BD92
:10C4A00029F10020009C002016F1002012F100204C
:10C4B00025F1002014F10020009B002024F0002032
:10C4C00034F0002021F1002020F0002022F1002093
:10C4D00029A1000000002E40FCF00020DDA100009A
:10C4E000000000002BF100202DE9F04F4FF0E02379
:10C4F0004FF40032DFF8C8A083B0C3F88C218B461C
:10C500009AF8004000294FD08046E4B20027DFF8B7
:10C51000B490264BABEB070225491B78A34204F1EC
:10C5200001043FD0092C234B404628BF00241E5D48
:10C5300039F816C00CEB462319441F4B33F816503C
:10C54000A5EB0C05AA421CD20CEB462C18491B4C3F
:10C5500061440192FEF77EFD216839F81650584675
:10C56000019AA1EB0B012A44394429F816202160D5
:10C570004FF0E0234FF40032C3F80C2103B0BDE8C4
:10C58000F08F2A462F44FEF765FD0C49E3B2304692
:10C590000A68A844521B0A608AF80030FFF774FD4D
:10C5A000BB45B6D83846E3E70846E1E721F100206D
:10C5B000E0E6222044F0002024F0002020F00020BB
:10C5C00022F1002034F000200B4B0C4A127819782D
:10C5D000D3B28A420DD0013309480A4A092B0A49CD
:10C5E00028BF0023C35C31F8131002EB4323585CCF
:10C5F00070474FF0FF30704721F1002022F10020FA
:10C6000044F00020E0E6222034F00020044B10B576
:10C610001C680CB1204610BD00F0E0F8204610BDAB
:10C6200020F000202DE9F84F144E154D33782A786C
:10C63000934221D0DCB2DFF85090DFF850B0DFF841
:10C640005080104F0134082C5FFA84FA01D900247D
:10C65000A24619F80400DBF8003038F8102037F84B
:10C660001010521A9B1ACBF80030FFF70DFD86F818
:10C6700000A02B78A342E5D1BDE8F88F22F100207D
:10C6800021F1002034F0002044F0002020F00020B0
:10C6900024F0002000B583B001210DF10700FFF761
:10C6A00023FF20B19DF8070003B05DF804FB4FF0B5
:10C6B000FF30F9E7094B00B583B01B788DF8070010
:10C6C0003BB101210DF10700FFF7B0FD03B05DF8AC
:10C6D00004FB03F0FF0003B05DF804FB28F1002029
:10C6E000044B1B7803F0FF020BB1FFF79FBD104610
:10C6F000704700BF28F100202DE9F0410024DFF849
:10C70000448001230D4D27460D4E88F800303378C4
:10C7100028462035A34204F1010405D0FFF77CFC34
:10C72000030658BF07F50067042CF0D1BFF34F8F05
:10C730000023384688F80030BDE8F081009C0020D6
:10C7400025F1002026F100202DE9F8431D4B1B7830
:10C7500013B11D4D2A880AB9BDE8F8831B4EC2F5F6
:10C7600000691B4933784A461A4C01EB43181A4FAB
:10C7700004EBC324012340463B7021460023FFF70E
:10C7800011FC04EB0902BFF34F8F4FF0E023C3F815
:10C79000704F2034A242FAD8BFF34F8FBFF36F8F90
:10C7A00004204146FFF716FC33780133DBB2032B3C
:10C7B00088BF0023337000232B80BFF34F8F3B7063
:10C7C000BDE8F88328F1002014F1002025F10020B5
:10C7D000009C0020E0F6222026F100202DE9F843FD
:10C7E0002D4B1E7866B12D4F3B784BB90123F107D5
:10C7F0003B7043D4B20726D400233B70730701D4A7
:10C80000BDE8F883264B1A68002AF9D0EFF30582B9
:10C81000002AF5D1EFF3108572B61868002834D0DD
:10C82000204C2178002930D10122227042691A60FF
:10C83000002A2ED0916105B962B60025836845773C
:10C8400098472570DCE7DFF8648098F80030002B0B
:10C85000D2D00025DFF858902B4659F823400135F7
:10C86000236820461B69984710B163699B68984705
:10C8700098F80020EBB29A42EFD8BDE7FFF7C6FE6A
:10C880000028B7D0AFF30080B4E7002DB8D162B66E
:10C89000B6E7054B1A60CEE72BF100201CF1002013
:10C8A000A4EB00201AF10020B0EB00201BF10020C7
:10C8B000B4EB0020EFF3108272B6437F5BB9017FC7
:10C8C000012930B40BD0032913D00123437702B9D7
:10C8D00062B630BC70470AB962B670477047124CF6
:10C8E0002168B1B1114943610B68086083615861E7
:10C8F000EBE70F4D0F492C688CB143610B688361E6
:10C9000058614FF0E0234FF080540860C3F8044DA5
:10C91000DBE7064B20601860C0E90511D5E7C0E9E8
:10C9200005442860EDE700BFA4EB0020B0EB002039
:10C93000ACEB0020A8EB002090F81CC04160BCF1DB
:10C94000020FC26001D183681847FFF7B3BF00BF71
:10C9500070B5EFF3108272B60C4C206880B10C4EAB
:10C9600000254369236073B19D6102B962B6836893
:10C9700045779847EFF3108272B620680028F0D10F
:10C9800002B962B670BD3360EFE700BFACEB0020C8
:10C99000A8EB0020FFF7DCBF0449054A4968054BB6
:10C9A0001960136801331360704700BF001000E086
:10C9B000E8F00020E4F00020074A506A936A194624
:10C9C0008446506A936A9942F9D18445F7D1DB0BCA
:10C9D00043EA4040704700BF00400D4008B5D0E931
:10C9E00000325BB1BAB10F4BA3FB0213DB0803EBC0
:10C9F0004303B2EB83030AD1012008BD094BA3FB1B
:10CA00000213DB0803EB4303B2EB830301D0D21A1A
:10CA10004260F02AF0D804F009FB1C2203460020F3
:10CA20001A6008BDABAAAAAA70B5044638B319B1FA
:10CA3000B2FA82F67609A2B9206800B36268F2B150
:10CA4000184B194902FB03F3B1EBB30F17D3A368DB
:10CA5000E3B90022012322606260A260E26018460E
:10CA600070BD1D46049BC0E90012C360FFF7B6FF0E
:10CA700003460028F3D06DB90123184670BD04F0B9
:10CA8000D5FA162200230260184670BD002103F07B
:10CA9000ABFEDEE7626831462068A56003F0A4FEC5
:10CAA0000123DCE7ABAAAAAA55555515034608464B
:10CAB000194604F077BA00BF38B50D460446002188
:10CAC0002846FEF77BF8084B2A0103EB0515995819
:10CAD0000023EA68A360E3732382A374C4F80B30D5
:10CAE000C4E9002138BD00BF1C7F0020F0B5D0E9AB
:10CAF000005C72B6DCF80430EF4323EA0503CCF89F
:10CB0000043062B67C20DFF8C0E02D492D4E4C6821
:10CB1000DEF80020A6FB0232920C52004B681B1B71
:10CB20009A42FBD8DCF808302B4204D1431E13F0A4
:10CB3000FF00ECD1F0BD72B6CCF88850DCF80430C0
:10CB40002B43CCF8043062B61E4B4868DEF8002058
:10CB50001B49A3FB0232920CC2EB021252014B683A
:10CB60001B1A9A42FBD872B6DCF804301F40154BF2
:10CB7000CCF804704868DEF800201149A3FB0232AB
:10CB80004623920C03FB02F24B681B1A9A42FBD815
:10CB9000DCF808302B420CBF0120002062B6094BA4
:10CBA0004C684FF4CD71DEF80020A3FB0232920CEA
:10CBB00001FB02F202494B681B1B9A42FBD8F0BDF5
:10CBC000001000E083DE1B436C8B0020CB0770B4A9
:10CBD000D0E9004028D572B6C0F888404368254D9A
:10CBE000234325494360254B6E680A68A3FB023244
:10CBF000920C02EB820252006B689B1B9A42FBD89C
:10CC0000C0F8844062B61D4B68680A681949A3FBE6
:10CC10000232920CC2EBC203C2EBC3024B681B1A76
:10CC20009A42FBD870BC704772B6C0F8884043681F
:10CC3000104D234310494360104B6E680A68A3FBF4
:10CC40000232920C02EB82126B689B1B9A42FBD859
:10CC5000C0F8844062B6094B68680A680549A3FBBE
:10CC60000232920C02EB82024B681B1A9A42FBD8EA
:10CC700070BC7047001000E06C8B002083DE1B430B
:10CC800070B4D0E9004172B64B681D4823431D4D76
:10CC90004B60C1F888401C4B46682A68A3FB0232EF
:10CCA000920C02EB420243689B1B9A42FBD84B68F2
:10CCB000134E23EA04034B60134B40682A68A3FB1E
:10CCC0000232920C02EB8202520073681B1A9A42E3
:10CCD000FBD88B68234214BF0120002062B60A4BA8
:10CCE000352174682A68A3FB0232920C01FB02F220
:10CCF00003494B681B1B9A42FBD870BC704700BFAE
:10CD0000001000E06C8B002083DE1B432DE9F04116
:10CD1000082506460F4690460124274230464FEA32
:10CD2000440414BF01210021FFF750FF013DE4B28C
:10CD3000F3D1B8F1000F0AD172B6D6E900135A68E0
:10CD400022EA01025A603268C3F8882062B6BDE860
:10CD5000F08100BFF8B508240027012506463046BB
:10CD6000FFF78EFF6B0000B12F43013CDDB2F6D11F
:10CD70003846F8BD70B508250124064614F0CC0FDE
:10CD800030464FEA440414BF01210021FFF71EFF83
:10CD9000013DE4B2F2D172B6D6E900135A6822EA34
:10CDA00001025A603268C3F8882062B670BD00BFC5
:10CDB00000238360C37303828374C0F80B30704711
:10CDC000837C2DE9F04704462BB1002318462382CB
:10CDD000A374BDE8F08789461546FFF787FE002853
:10CDE000F3D00826002D45D0012515F0F00F204680
:10CDF0004FEA450514BF01210021FFF7E7FE013E80
:10CE0000EDB2F2D172B6D4E900135A6822EA0102F7
:10CE10005A602268C3F8882062B601264FF00008E5
:10CE20003746C2462046FFF72BFF05462046FFF750
:10CE300027FF012D01D1012847D085422ED0012D99
:10CE400004EB080325D01A7A22EA06021A72760049
:10CE5000294620460137FFF7B9FE16F0FF06FFB25C
:10CE6000E0D108F101085FFA88F8B8F1080F2CD07A
:10CE70000126D7E7012515F0EC0F20464FEA4505BE
:10CE800014BF01210021FFF7A1FE013EEDB2F2D156
:10CE9000B8E71A7A012532431A72D8E7237CBB42DD
:10CEA0000DD904EB08031A7A164214BF0125002598
:10CEB000002DEED1082F24D8BA466774C3E70CBF03
:10CEC0000125002504EB0803F2E7402F7FF67DAF34
:10CED00084F810A0BAF1000F01D10123A374227AC3
:10CEE000002A3FF472AF09F1FF33083409F1070952
:10CEF00001E014F8012F03F8012F4B45F9D101206F
:10CF000067E7BA469FE700BF81B100EB010C084B11
:10CF1000002110F8012B5140604501F00F0203EB96
:10CF200011119A5C097C81EA0201F2D1084670472E
:10CF3000A01F0060324B334930B5D3E9115420793A
:10CF4000C8771A6C95F804C081F81CC0087752B1F4
:10CF5000B2F5004F23D32C4911442A4A1964D076E4
:10CF600082F81BC030BD19680F24D86C8C6540F264
:10CF70000134CA610C614FF47C544C610321046894
:10CF8000246883F83D10214B9C4226D1037F4260E8
:10CF9000022BC26026D18368BDE8304018472D6857
:10CFA000E98B090422D492B2EA832168EC8BA4B203
:10CFB000EC82CC8B240405D5CC8BC2F3080204F49C
:10CFC0007E442243CA83CA8B92B2CA8200210D4A90
:10CFD0001964D07682F81BC030BD23461146BDE8E7
:10CFE00030401847BDE83040FFF764BCE98BC2F31E
:10CFF000080E92B201F47E4141EA0E01E983D4E7C2
:10D00000708B002000800E400180FFFF79A9000096
:10D0100043682DE9F04FD3E90041814D4FF0B80A44
:10D0200022684FF0020822EA01027E492260AA69C2
:10D0300011407D4A0A43AA6190F810E07B4A03EB55
:10D040000E0603EB8E0E317C02EB01118968C1F8EC
:10D0500000A090F811C003EB0C050CF10A0C95F838
:10D06000241002EB01118968C1F800A0817C03EB58
:10D07000010903EB810199F838B002EB0B1BDBF8D7
:10D0800008B0CBF800A0D4F800A05F684AEA070A0D
:10D09000C4F800A0347CDEF814E002EB04146468E9
:10D0A000C4F800E095F8244053F82CC002EB0414B7
:10D0B0006468C4F800C0C96B99F8384002EB0412E8
:10D0C000526811609A6C99F8441011601A6A317FA5
:10D0D0005B6B116095F830201A600F220368C3F86B
:10D0E00010809A65C27C002A31D072B6C37CDC07FE
:10D0F00008D54FF0E0214469D1F8802122408262B6
:10D10000C1F88021990708D54FF0E0218469D1F852
:10D1100084212240C262C1F884215A0708D54FF009
:10D12000E021C469D1F8882122400263C1F8882136
:10D130001F0708D54FF0E021046AD1F88C21224066
:10D140004263C1F88C21DE0655D462B60368384CC0
:10D150008268A24259D0324A846092693549C2F34A
:10D160000116C2F38262344D51F826100132B1FB30
:10D17000F2F2AA4231D80022C260002403211C61CD
:10D180000724596201211A641C661961C37C13B318
:10D19000DD0704D5816A4FF0E022C2F800119C0738
:10D1A00004D5C16A4FF0E022C2F80411590704D532
:10D1B000016B4FF0E022C2F808111A0704D5416B49
:10D1C0004FF0E022C2F80C11DB0604D5826B4FF061
:10D1D000E023C3F81021BDE8F08F1849A1FB0251EC
:10D1E000090DB2FBF1F2A24288BF0131B1F5817F96
:10D1F0000DD3134AC0E74FF0E022416AD2F89031D4
:10D200000B408363C2F890319FE7C268B5E70229FB
:10D21000B1D902394C08220242EA04420A43ABE780
:10D2200000C00F40CFFFFFE3100000081C7F00206C
:10D2300000093D00B4100020FF083D0083DE1B43C1
:10D24000FF7F7F0000F000B82DE9F04151EC110B99
:10D250004342614C21F00046034346EAD37382B057
:10D26000A3428DED000B3CD8DDE900E7CEF10003D1
:10D2700043EA0E0327F0004848EAD373A34230D8AC
:10D2800001F1404303F58013034311EE102A3DD012
:10D290008D1705F0020558EA0E0E45EAD77529D01C
:10D2A000324338D0A64244D0A04534D0A8EB06087B
:10D2B000B8F1747F4FEA285338DA002945DA3C3355
:10D2C00043DA9FED370B012D53D0022D48D075B1B5
:10D2D0009FED356B9FED367B30EE460B30EE470B06
:10D2E00005E09DED006B41EC170B37EE060B02B02D
:10D2F000BDE8F081022D16D09DED007B9FED2E0B39
:10D30000032D00FE070B02B0BDE8F08102B0BDE8BE
:10D31000F04100F08DB89FED2A0B9FED2B7B002F85
:10D3200020FE070BE3E79FED220BE0E79FED240BC8
:10D33000C9E7B04505F1FF3524D0022D2AD8274B87
:10D3400003EBC50393ED000BD1E79DED007B41ECB2
:10D35000160B87EE060B00F0B3F900F069F8B2E7A0
:10D360009FED116B9FED127B30EE460B37EE400BBD
:10D37000BDE710EE901A53EC102B01F1004343EC83
:10D38000102BB4E7022D08D8154B03EBC50393ED22
:10D39000000BACE79FED020BA9E79FED0D0BA6E795
:10D3A0000000000000000000075C143326A6A13C2A
:10D3B000182D4454FB210940182D4454FB2109C069
:10D3C000182D4454FB21F93F182D4454FB21F9BF7B
:10D3D000182D4454FB21E93F0000F07F9802002003
:10D3E000800200200000000008B52DED048BB0EE97
:10D3F000408B00F0B1F9B4EE488BF1EE10FA06D68E
:10D400009FED099BB4EEC98BF1EE10FA02D4BDEC8E
:10D41000048B08BD03F00AFE89EE090BBDEC048BFA
:10D420002123036008BD00BF0000000000000000D1
:10D4300038B5B0EE407B17EE905A794B25F000449A
:10D440009C422DED0C8B16DD764B9C420EDC09D0F8
:10D450009FED577B9FED580B002D37FE000BBDEC69
:10D460000C8B38BD10EE103A002BF1D037EE070BC5
:10D47000BDEC0C8B38BD6C4B9C425CDCA3F1DE73C5
:10D480009C424CDD4FF0FF339FED4DAB27EE075B29
:10D4900025EE056B9FED4C8B9FED4D1BA6EE0A8B89
:10D4A0009FED4D3BA8EE061B9FED4DBBA1EE063B4D
:10D4B0009FED4DDBA3EE06BB9FED4D9BABEE06DB78
:10D4C0002DEE05DB9FED4C0B9FED4D2BA6EE090BD2
:10D4D0009FED4D4BA0EE062B9FED4DCBA2EE064BE4
:10D4E0005A1CA4EE06CB2CEE06CB39D03DEE0CDB5D
:10D4F0004E494F4A01EBC30102EBC30391ED006BB0
:10D5000093ED000B9DEE076B36EE477B002D30EE62
:10D51000470BA4DAB1EE400BBDEC0C8B38BD9FED90
:10D520003E6BB7EE005B30EE066BB4EEC56BF1EE12
:10D5300010FAA7DD93E700F0C3F83E4B9C4218DCDD
:10D54000A3F550239C4229DCB0EE007BBFEE006BBC
:10D5500030EE075BA0EE076B002386EE057B93E7BA
:10D560003DEE0CDBADEE477BBDEC0C8BB0EE470B1C
:10D5700038BD314B9C420BDAB7EE087BB7EE006B3F
:10D5800030EE475BA0EE076B022385EE067B7BE760
:10D59000BFEE006B032386EE007B75E7B7EE007BE2
:10D5A000012330EE475B30EE070B85EE007B6BE727
:10D5B000182D4454FB21F93F182D4454FB21F9BF89
:10D5C00011DA22E33AAD903FEB0D76244B7BA93F75
:10D5D000513DD0A0660DB13F6E204CC5CD45B73F43
:10D5E000FF8300922449C23F0D5555555555D53FEF
:10D5F0002F6C6A2C44B4A2BF9AFDDE522DDEADBF63
:10D600006D9A74AFF2B0B3BF711623FEC671BCBF82
:10D61000C4EB98999999C9BF9C7500883CE4377E02
:10D62000FFFF0F440000F07FFFFFDB3F00040020FE
:10D63000E0030020FFFFF23F0080034000000000F5
:10D64000B0EE407B17EE903A1B4A23F00043934222
:10D650001BDD1A4A934202DD30EE400B704700B5E5
:10D6600085B0684600F07CF800F0030001289DEDCD
:10D67000021B9DED000B0CD0022812D070B10120CE
:10D6800000F09AFD05B05DF804FB9FED091B00F06A
:10D69000FBBC00F091FDB1EE400BF3E700F0F4FCB1
:10D6A000F0E700F0F1FCB1EE400BEBE7AFF30080E8
:10D6B0000000000000000000FB21E93FFFFFEF7FBA
:10D6C00051EC100B10EE102A21F0004343EC102B0C
:10D6D000704700BF00000000B0EE407B17EE903AAC
:10D6E0001B4A23F0004393421CDD1A4A934202DD99
:10D6F00030EE400B704700B585B0684600F030F85A
:10D7000000F0030001289DED021B9DED000B0ED0E3
:10D71000022813D070B100F0B7FCB1EE400B05B099
:10D720005DF804FB9FED081B002000F045BD00F0F4
:10D73000ABFCF4E7012000F03FFDF0E7012000F032
:10D740003BFDB1EE400BEAE70000000000000000E6
:10D75000FB21E93FFFFFEF7FB1EEC00B704700BF39
:10D7600070B553EC102B9C4923F000458D4288B0D6
:10D7700004466ADD99498D421E461BDC002B9FED55
:10D78000867B40F3EB8030EE477BA1F51B21A1F5B2
:10D79000F0618D426AD09FED826B012037EE465BCF
:10D7A00037EE457B84ED005B37EE467B84ED027BF4
:10D7B00008B070BD8A498D4260DD8A498D424DDCDA
:10D7C0002A1510EE100AA2F21642A5EB025141EC06
:10D7D000170B9FED755BBDEEC76BB8EEC66B37EEF2
:10D7E000467B27EE057BFDEEC74B8DED026BB8EE59
:10D7F000E46B37EE467B27EE057BB5EE407BF1EE22
:10D8000010FA8DED046B8DED067B40F0968014EEE2
:10D81000903A002B0CBF012302237349019102218E
:10D82000009102A8214600F0E7F8002EC0DA94ED3E
:10D83000006B94ED027BB1EE466BB1EE477B84ED5D
:10D84000006B84ED027B4042B2E700200021C4E976
:10D850000201002084ED000B08B070BD30EE407B6B
:10D86000002084ED027B84ED007BA1E79FED505BFF
:10D870009FED516B37EE457B01208FE7FFF720FFCF
:10D88000B6EE007B9FED4E5BA0EE057BFDEEC77B09
:10D890009FED413B17EE900A9FED416B1F28B8EEBC
:10D8A000E75BB1EE454BA5EE430B25EE067B1CDC9A
:10D8B0004E4B421E53F82230AB4216D030EE476B2F
:10D8C00084ED006B30EE460B30EE470B002E84EDFE
:10D8D000020BBFF66DAFB1EE466BB1EE400B84EDBF
:10D8E000006B84ED020B404262E730EE476B16EEB0
:10D8F000903AC3F30A53C3EB1553102B4FEA25524A
:10D90000DEDDB0EE403B9FED2A6B9FED2B2BA4EEAE
:10D91000063B30EE437BA4EE067B95EE027B33EEB6
:10D92000476B16EE903AC3F30A53D21A312A06DC3B
:10D93000B0EE430B84ED006BC4E703236DE79FED6E
:10D94000226BB0EE430B9FED222BA4EE060B33EEC1
:10D95000407BA4EE067B95EE027BAFE7244930EED8
:10D96000077B8D420ED09FED0E6B4FF0FF3037EEF0
:10D97000065B37EE457B84ED005B37EE067B84ED7E
:10D98000027B15E79FED0A5B9FED0B6B37EE057B86
:10D990004FF0FF30EBE700BF00004054FB21F93FA0
:10D9A0003163621A61B4D03D000000000000704194
:10D9B0000000601A61B4D03D7370032E8A19A33B36
:10D9C00083C8C96D305FE43F0000002E8A19A33B75
:10D9D000C14920259A837B39FB21E93F7BD902404D
:10D9E000FB213941FFFFEF7F94880020E88400206D
:10D9F000FB21F93F000000002DE9F04F2DED088BD1
:10DA0000ADF5157D1C4604930791AB4BA69912F119
:10DA1000140F53F82150824604F1FF38C0F2998266
:10DA2000A649D31E81FB0301DB17C3EBA1030393BC
:10DA30000133A3EB8303DB00D3180693039B15EBA1
:10DA40000801A3EB08031AD401319FED956BA79849
:10DA500019441CAA0AE050F8234007EE904A01330B
:10DA6000B8EEE77B8B42A2EC027B08D0002BF2DA07
:10DA7000B0EE467B01338B42A2EC027BF6D1002D47
:10DA8000C0F2C982049B1CAA02EBC3046CAE4FEA2D
:10DA9000C30C4046EF180AEBC301B8F1000F9FED2D
:10DAA000807B09DB22465346B3EC025B32ED026B0E
:10DAB0008B42A5EE067BF7D10130B842A6EC027B83
:10DAC00004F10804E9D108AF07EB85039FED769BCD
:10DAD0009FED778B043BDDF818B005930AEB0C043F
:10DAE00007EB85096CAE2946019594AB03EBC103A6
:10DAF000002913ED280B16DD06EBC1033A4620EE94
:10DB0000097B33ED025BB0EE406BBDEEC77BB342E9
:10DB1000B8EEC77BA7EE486BBDEEC66B37EE050BC4
:10DB2000A2EC016AEBD15846029100F09DFBB0EEE9
:10DB300040ABB4EE000B2AEE000B00F01DFCB2EE81
:10DB4000007BA0EE47ABBDEECABBBBF1000FB8EE49
:10DB5000CB7B02993AEE47AB74DD01F1FF3ECBF18E
:10DB6000180357F82E2042FA03FC0CFA03F3D21ADA
:10DB7000CBF117001BEE103A42FA00F56344002D7A
:10DB800047F82E200BEE103A64DCB5EE40ABF1EE18
:10DB900010FA40F0C480019B01F1FF3E73450DDC9B
:10DBA0004FEA810C07EB8103002053F8042D4B450D
:10DBB00040EA0200F9D1002840F0F280019B013BCD
:10DBC00057F82330002B40F0E680059B012553F8E1
:10DBD000042D0135002AFAD001F1010E0D447046E2
:10DBE000049B1944039B03EB0E0C0CF1804CA79B88
:10DBF0000CF1FF3C03EB8C0C1CAB06EBCE0E03EBE5
:10DC0000C1019CED017AB8EEC77BB8F1000F81ED40
:10DC1000007B0CF1040C0A469FED216B01F1080119
:10DC200009DB534601E032ED027BB3EC025BA34219
:10DC3000A5EE076BF7D10130A842AEEC026BE0DD38
:10DC4000294652E740F09D804B1E57F82350ED15B2
:10DC5000002D9ADD1BEE103A002903F101030BEEB3
:10DC6000103A40F38C813A68002A40F08280012902
:10DC70002DD03B46012053F8042F002A7CD0431CB2
:10DC8000C2F18072994247F820201FDD57F8232007
:10DC900007EB810C07EB83036FF07F4011E000BFBF
:10DCA0000000000000000000000000000000703EC6
:10DCB0000000000000007041B4820020ABAAAA2A34
:10DCC0001A68821A43F8042B6345F9D10122BBF18B
:10DCD000000F0DDDBBF1010F00F03381BBF1020F2E
:10DCE00006D1481E57F82030C3F3150347F82030FB
:10DCF000022D7FF44AAFB7EE000B30EE4AAB002A9C
:10DD00003FF443AF5846029100F0AEFA3AEE40AB12
:10DD1000B5EE40ABF1EE10FA02993FF43CAF069C31
:10DD2000B0EE4A0B6042A8468B46019D00F09CFA7B
:10DD30009FEDC16BB4EEC60BF1EE10FAC0F2478155
:10DD40009FEDBF7B20EE077BBDEEC77B0BF1010291
:10DD5000B8EEC75BA5EE460BBDEEC00B183410EE57
:10DD6000103A47F82B3017EE103A069447F8223055
:10DD70002AE00123002083E7013088427FF47BAF53
:10DD8000A5E7B6EE007BB4EEC7ABF1EE10FA80F279
:10DD9000E5800025F9E601F1010E704675461FE7A2
:10DDA000069BA3F1180157F82E300691A84672463B
:10DDB000019D4BB9ACF104033B4453F8040D013A07
:10DDC00018390028F9D006910698B7EE000B019299
:10DDD00000F04AFA019A002AC0F221819FED986B67
:10DDE00002F1010C6CA907EB8C034FEACC0E01EB9E
:10DDF000CC0133ED017ABB42B8EEC77B27EE007B46
:10DE000020EE060B21ED027BF3D19FED8F4BAEF19F
:10DE100008036CA9CE18002444AF002D9FED8C7B25
:10DE200010DBB0EE446B8C483146002303E09C428B
:10DE300008DBB0EC026BB1EC025B01339D42A5EE56
:10DE4000067BF4DA07EBC403944283ED007B4FEAD0
:10DE5000C40104F10103A6F1080601D01C46DCE769
:10DE6000A69B022B1DDC002B00F38B800FD19FEDB6
:10DE7000787BBE443EED026B774537EE067BF9D1E9
:10DE800043460BB1B1EE477B079B83ED007B1BEE56
:10DE9000103A03F007000DF5157DBDEC088BBDE8C9
:10DEA000F08FA69B032BF2D1002A00F0E38002F151
:10DEB000005307EBC20030ED026BB0EE475B8742C8
:10DEC00037EE067B36EE476B80ED007B36EE056B5A
:10DED00080ED026BEFD1012A40F3CC80394491ED03
:10DEE000006BDA0046A907EBC30333ED027BB0EE0B
:10DEF000465B994236EE076B37EE467B83ED006B4F
:10DF000037EE057B83ED027BEFD19FED517B02F174
:10DF100008033B4407F1100233ED026B9A4237EEDF
:10DF2000067BF9D14346002B59D1D7E90001D7E947
:10DF30000223079C84ED047BC4E90001C4E90223A9
:10DF4000A5E7481E57F82030C3F3160347F82030E2
:10DF5000CEE600216FF0170303916DE51BEE103A3A
:10DF6000002903F101030BEE103AC8BF02253FF769
:10DF70007AAEB7EE007B37EE4AAB022505E600220B
:10DF8000A5E69FED337B07EBCC0C3CED026B6745C0
:10DF900037EE067BF9D1434697ED006B8BBB079BB1
:10DFA000002A83ED007B36EE477B0CDD46A901237A
:10DFB000B1EC026B01339A4237EE067BF8DA434646
:10DFC0000BB1B1EE477B079B83ED027B5FE7BDEEB4
:10DFD000C00B5A4610EE103A47F82B30F4E697ED96
:10DFE000005BB1EE477B97ED026BB1EE455B079BA3
:10DFF000B1EE466B83ED005B83ED026B83ED047B3A
:10E0000045E7079BB1EE475B002A83ED005B36EEE8
:10E01000477BCBDCD5E7049B4FEAC30C53E5A69BBB
:10E02000022B1BDC002B21DC7FF431AF9FED087B42
:10E0300026E700BFAFF30080000000000000704141
:10E04000000000000000703E00000040FB21F93F8E
:10E050000000000000000000B8020020A69B032B77
:10E060007FF415AF9FED067B44AF5BE79FED047B2C
:10E0700044AF90E79FED027B54E700BFAFF3008011
:10E08000000000000000000010EE903A23F0004372
:10E09000B3F1795F2DED028B2EDAFDEEC07B17EE2A
:10E0A000903A002B65D020EE004B9FED358B9FED15
:10E0B000362B9FED373BA4EE082B9FED375BA4EE8C
:10E0C000023B9FED376BA4EE035B9FED377BA4EE25
:10E0D000056BA4EE067B24EE077B21EE401BB6EE1B
:10E0E000006BA4EE071BB7EE000B94EE061BBDEC15
:10E0F000028B30EE410B70479FED218B20EE004BE1
:10E100009FED212B9FED223BA4EE082B9FED225B80
:10E11000A2EE043B9FED226BA3EE045B9FED227BFE
:10E12000A5EE046B224AA6EE047B934227EE047B05
:10E13000D3DD204A934217DCB7EE006B0020A3F535
:10E14000001141EC150B36EE456B21EE401BB6EE8F
:10E15000003BA4EE071B94EE035BBDEC028B35EE97
:10E16000410B36EE400B7047B6EE076BB5EE025B27
:10E17000EBE7B7EE000BBDEC028B7047AFF300800E
:10E18000D43888BEE9FAA8BDC4B1B4BD9EEE213E24
:10E19000AD529C804F7E92BE9015CB19A001FA3EE5
:10E1A0007751C1166CC156BF4C5555555555A53FB5
:10E1B0003233D33F0000E93F10EE903A23F00043A2
:10E1C000B3F1795F04DAFDEEC07B17EE903A5BB3F2
:10E1D00020EE007B9FED162B9FED173B9FED184B1C
:10E1E000A7EE023B9FED185BA3EE074B9FED186B6C
:10E1F000A4EE075BA5EE076B20EE075B30B99FED41
:10E20000164BA7EE064BA4EE050B70479FED144B83
:10E2100026EE456BB6EE003BA1EE036B96EE071BB8
:10E22000A5EE041B30EE410B704700BFAFF300803A
:10E230007CD5CF5A3AD9E53DEB9C2B8AE6E55ABE10
:10E240007DFEB157E31DC73ED561C119A0012ABFAC
:10E25000A6F810111111813F495555555555C5BFA7
:10E26000495555555555C53F53EC102B10B4C3F3C4
:10E270000A54194674BB23F00041114327D09FED87
:10E28000307B3B4920EE077B884253EC172B43DB66
:10E29000C3F30A541946363C4CF2503C604522DC2C
:10E2A000204440F2FE74A0421DDC002829DC10F15D
:10E2B000350F38DB21F0FF41363021F4E0019FEDCE
:10E2C000227B41EA005343EC102B20EE070B5DF854
:10E2D000044B704740F2FF7C6445DDD130EE000B0B
:10E2E0005DF8044B70479FED1A7B9FED1B5BB0EE12
:10E2F000470B002B5DF8044B27FE057B27EE000B38
:10E30000704721F0FF4121F4E00141EA005343EC62
:10E31000102B5DF8044B70479FED110B5DF8044B1B
:10E3200027EE000B70479FED0E7B9FED0F5BB0EE6D
:10E33000470B002B27FE057B27EE000BC7E700BF2E
:10E340000000000000005043000000000000903C6E
:10E350009C7500883CE4377E9C7500883CE437FE61
:10E3600059F3F8C21F6EA50159F3F8C21F6EA581BB
:10E37000B03CFFFF0000000010B582B08DED000B37
:10E3800001990098C1F30A52A2F2FF33132B84467D
:10E3900031DC002B21DB3A4A1A4101EA0204044332
:10E3A0008E462DD09FED347B9DED006B36EE077BC6
:10E3B000B5EEC07BF1EE10FA09DD002904DA4FF466
:10E3C000801141FA03F39E442EEA020100200B461D
:10E3D000024643EC102B02B010BD9FED277B30EEC0
:10E3E000077BB5EEC07BF1EE10FAF0DD002928DBEB
:10E3F00000200146EBE7332B06DDB3F5806F1BD021
:10E400009DED000B02B010BDA2F213424FF0FF3E93
:10E410002EFA02F21042F3D09FED177B9DED006BB8
:10E4200036EE077BB5EEC07BF1EE10FACFDD0029AA
:10E4300013DB2CEA0200CAE79DED007B37EE070BE9
:10E44000E0E721F0004101430E4B00294FF00000AE
:10E450000CBF4FF000411946B9E7142B09D0012435
:10E46000C3F1340304FA03F39C44604588BF0919DF
:10E47000DFE70131DDE700BF9C7500883CE4377EB3
:10E48000FFFF0F000000F0BF53B94AB9002908BFD1
:10E4900000281CBF4FF0FF314FF0FF3000F070B983
:10E4A000ADF1080C6DE904CE00F006F8DDF804E0EB
:10E4B000DDE9022304B070472DE9F047089E0D46C0
:10E4C00004460F46002B4AD18A42944665D9B2FAD7
:10E4D00082F343B102FA03FCC3F120029F4020FA09
:10E4E00002F217439C404FEA1C4E1FFA8CF5B7FB13
:10E4F000FEF1220C0EFB117742EA074201FB05F008
:10E5000090420AD91CEB020201F1FF3780F01C8116
:10E51000904240F2198102396244121AA4B2B2FB4D
:10E52000FEF00EFB102244EA024400FB05F5A54272
:10E530000AD91CEB040400F1FF3280F00781A542E8
:10E5400040F204816444023840EA0140641B002127
:10E550001EB1DC400023C6E90043BDE8F0878B42D2
:10E5600008D9002E00F0ED800021C6E9000508461C
:10E57000BDE8F087B3FA83F1002949D1AB4202D359
:10E58000824200F2F880841A65EB030201201746EC
:10E59000002EE2D0C6E90047DFE702B9FFDEB2FA9B
:10E5A00082F3002B40F090808A1A4FEA1C471FFA32
:10E5B0008CFE0121B2FBF7F507FB1520220C42EA85
:10E5C00000420EFB05F0904208D91CEB020205F157
:10E5D000FF3802D2904200F2CB804546121AA4B214
:10E5E000B2FBF7F007FB102244EA02440EFB00FEE8
:10E5F000A64508D91CEB040400F1FF3202D2A6455F
:10E6000000F2BB801046A4EB0E0440EA05409FE7F1
:10E61000C1F120078B4022FA07FC4CEA030C05FAF3
:10E6200001F420FA07F3FD404FEA1C492343B5FBF0
:10E63000F9F81FFA8CFE09FB18551C0C44EA054436
:10E6400008FB0EF5A54202FA01F200FA01F00BD91F
:10E650001CEB040408F1FF3A80F08880A54240F2E8
:10E660008580A8F102086444641B9DB2B4FBF9F3F1
:10E6700009FB134445EA044403FB0EFEA64508D9F2
:10E680001CEB040403F1FF356CD2A6456AD9023BAA
:10E69000644443EA0843A3FB0295A4EB0E04AC4296
:10E6A000C846AE4656D353D056B1B0EB080264EB21
:10E6B0000E0404FA07F7CA40CC401743C6E90074B9
:10E6C00018460021BDE8F087C3F1200102FA03FCDF
:10E6D00020FA01F225FA01F19D402A434FEA1C4736
:10E6E0001FFA8CFEB1FBF7F007FB1015110C41EA85
:10E6F000054100FB0EF58D4204FA03F408D91CEB2A
:10E70000010100F1FF382FD28D422DD9023861442A
:10E71000491B92B2B1FBF7F507FB151142EA014222
:10E7200005FB0EF1914208D91CEB020205F1FF38FE
:10E7300016D2914214D9023D6244521A45EA004170
:10E7400038E73146304608E73946E6E61046FBE64C
:10E750004845A9D2B9EB020865EB0C0E013BA3E7D3
:10E760004546EAE72B4694E74046D1E7D0467BE7AB
:10E77000023D624432E708460AE76444023842E751
:10E78000704700BF024B1844407800F00800704703
:10E79000FC120020002101F059BC00BF0A22002118
:10E7A00001F05CBD0A22002101F058BD034B1B5C47
:10E7B00003F00303012B08BF20307047FD12002037
:10E7C000024B0146186800F00BB800BFAC95002062
:10E7D000024B0146186802F045BF00BFAC9500200F
:10E7E0002DE9F04F01F10B06162E83B0044624D814
:10E7F000102900F2BA8000F0A3FA10261822022095
:10E80000B54F3A44A2F1080153688B4200F0BA8038
:10E810005A68D96822F003021A449D68E9608D6045
:10E82000516841F001012046516003F1080500F0F4
:10E830008DFA284603B0BDE8F08F36F0070600F1E8
:10E840009480B14200F2918000F07AFAB6F5FC7F34
:10E85000C0F09A81730A00F08F80042B00F26F8160
:10E86000B30903F1390003F1380CC3009A4F3B445C
:10E87000A3F108055B689D4206D10CE0002980F2F7
:10E880002781DB689D4206D05A6822F00302911B63
:10E890000F29F3DD60463D69DFF850C265457CD045
:10E8A0006A6822F00302931B0F2B00F37B81002B7D
:10E8B000C7E904CC80F26C81B2F5007F80F01A8148
:10E8C000D308796801334FEA521E012202FA0EF290
:10E8D0000A4357F833E0C5F808E007EBC3010839ED
:10E8E000E9607A6047F83350CEF80C50831001216C
:10E8F0009940914257D8114206D120F003004900B7
:10E90000114200F10400FAD007EBC0094D468646DB
:10E91000D5F80C80454508D11DE1002B80F22481FB
:10E92000D8F80C80454500F01681D8F8042022F074
:10E930000302931B0F2BF0DD2046D8E9025408EBAD
:10E94000060146F00106C8F80460EC60A56043F0DB
:10E950000104C7E90411C1E902CC4C6048F8023057
:10E9600000F0F4F908F1080502E00C23236000250B
:10E97000284603B0BDE8F08F4FF4007340204FF0FD
:10E980003F0C73E7D3689A4208BF02307FF440AF70
:10E990003D69DFF858C1654582D17A68831001214D
:10E9A00099409142A7D9BD686B6823F003094E4591
:10E9B00003D8A9EB06030F2B7ADCDFF834B1474B01
:10E9C000DBF800201B680132334405EB090A00F034
:10E9D000338103F580530F3323F47F6828F00F0849
:10E9E0004146204602F0FAFA411C024600F0F3804C
:10E9F000824500F2EE803A4B19684144196008469E
:10EA000000F04E81DBF80010019301311BBFA2EB37
:10EA10000A010918CBF80020196012F0070B00F06A
:10EA20001781CBF108010A44CBF58051904408319D
:10EA3000A1EB0801C1F30B0A51462046009202F0F7
:10EA4000CDFA421CDDE9002300F04F81801A00EB73
:10EA50000A081968BA6048F001005144BD4250608C
:10EA6000196000F02981B9F10F0F40F22781686821
:10EA7000A9F10C0C2CF0070C00F0010040EA0C008E
:10EA800068604FF0050E05EB0C00BCF10F0FC0E9FC
:10EA900001EE00F2328150681546124B1A688A4224
:10EAA00038BF1960104B1A688A4238BF196094E069
:10EAB000AA1943F0010346F001066E602046BA60D1
:10EAC000536000F043F90835284603B0BDE8F08FE5
:10EAD000D9681A44A1E600BF9091002050EE0020B2
:10EAE00020EE002048EE00204CEE002098910020FF
:10EAF00098950020B2F5206F4FEA522363D3142B70
:10EB000000F2B78003F15C01C9005B3307EB010E33
:10EB10007958AEF1080E8E4500F091804B6823F0D5
:10EB20000303934202D989688E45F7D1D1F80CE0EE
:10EB30007A68C5E9021ECEF80850CD60D6E6142BDF
:10EB400059D9542B00F29D80330B03F16F0003F170
:10EB50006E0CC3008AE60EF1010E1EF0030F05F1E4
:10EB600008057FF4D5AE51E0424445465368D8F8D5
:10EB70000C1043F00103536055F8083F2046D9605C
:10EB80008B6000F0E3F8F3E6F00806F1080237E6E0
:10EB90002A442046536843F001035360083500F0CF
:10EBA000D5F8E5E6A919204646F0010643F0010430
:10EBB0006E60C7E90411C1E902CC4C60AB5000F0B3
:10EBC000C5F80835D4E6930903F13901C900383393
:10EBD0009CE7BD425FD0BD68686820F003084645E9
:10EBE000A8EB060302D80F2B3FF762AF204600F0D8
:10EBF000ADF80025BCE603F15C0003F15B0CC3003B
:10EC000034E659F808394B4540F0968010F0030F70
:10EC100000F1FF30F5D17B6823EA01037B604900F6
:10EC200099423FF6C0AE19B9BDE649000EF1040E97
:10EC30001942FAD0704667E603F11008D0E69A1040
:10EC40004FF001087B6808FA02F21A437A6070E715
:10EC500002EB08014942C1F30B0A514620460092DB
:10EC600002F0BCF9431CDDE900237FF4EFAEDA4685
:10EC7000EFE6542B25D8130B03F16F01C9006E3357
:10EC800044E7B3F5AA7F25D8F30B03F1780003F12D
:10EC9000770CC300EAE5294B186840441860B1E6D8
:10ECA000CAF30B0CBCF1000F7FF4ACAEBD68C844D6
:10ECB00048F001006860F0E61546EEE60123536077
:10ECC00094E7B3F5AA7F23D8D30B03F17801C900E9
:10ECD00077331BE740F25452934223D8B30C03F12D
:10ECE0007D0003F17C0CC300C0E5ABF1080BD844F8
:10ECF000A8EB02084FF0000AABE605F10801204638
:10ED0000009302F0AFFCBD68009B68681968C4E618
:10ED100040F254518B420BD8930C03F17D01C90092
:10ED20007C33F3E64FF47E737F204FF07E0C9DE53D
:10ED30004FF47E717E23E9E67B6870E720EE0020C9
:10ED4000014802F071BB00BF18EE0020014802F03C
:10ED50006DBB00BF18EE002010B4044C03460A46F9
:10ED600020685DF8044B194600F002B8AC9500200D
:10ED70002DE9F84F1746002900F098800C4607F15E
:10ED80000B058046FFF7DCFF162D54F8041C5BD8FA
:10ED900010252A46AF425CD821F003069642A4F122
:10EDA000080962DABC4BD3F808C009EB06008445B9
:10EDB00000F09780D0F804C02CF0010303445B6896
:10EDC000DB0768D42CF0030C06EB0C03934247DA04
:10EDD000CB0710D454F8083CA9EB030ADAF8043046
:10EDE00023F003018C44B444944580F211817318DC
:10EDF000934280F2E88039464046FFF7F1FC07462F
:10EE0000E0B154F8043C23F001034B44A0F10802A4
:10EE1000934200F0D280321F242A00F2F580132A98
:10EE200000F2AC80034622461168196051685960AF
:10EE300092689A602146404602F014FC4046FFF773
:10EE400085FF3846BDE8F88F25F00705002D2A46D6
:10EE5000A0DA0C23C8F8003000273846BDE8F88F48
:10EE60001E46D0E90223D3609A60731B0F2B22D871
:10EE7000D9F8043003F0010333434E44C9F8043099
:10EE8000736843F00103736040462746FFF75EFF57
:10EE90003846BDE8F88FC907ADD454F8083CA9EB53
:10EEA000030ADAF8041021F00301A0E7BDE8F84FE7
:10EEB0001146FFF795BCD9F8042009EB050102F0D3
:10EEC00001024E4443F001032A43C9F804204B6079
:10EED000736843F0010308317360404602F0C2FBDF
:10EEE000D2E7DCF8040020F0030B06EB0B0C05F175
:10EEF000100084454DDAC9073FF57DAF54F8081C72
:10EF0000A9EB010ADAF8041021F003018B44B344A1
:10EF100058453FF76CAF5746DAF80C1057F8080F12
:10EF2000321F242AC160886000F2DB80132A40F27D
:10EF3000D6802168CAF808106168CAF80C101B2A2C
:10EF400000F2DF8008340AF1100221681160616864
:10EF50005160A16891600AEB0501ABEB050242F03C
:10EF6000010299604A60DAF8043003F001032B4390
:10EF70004046CAF80430FFF7E9FE6EE723680360F5
:10EF8000636843601B2A68D804F1080200F1080393
:10EF90004AE709EB05029A60ACEB050343F0010375
:10EFA000536054F8043C03F001032B43404644F8FB
:10EFB000043CFFF7CBFE27464FE750F8043C23F014
:10EFC00003031E4451E75746DAF80C1057F8080FB0
:10EFD000321F242AC16088604CD8132A48D921687E
:10EFE000CAF808106168CAF80C101B2A56D80834F1
:10EFF0000AF110021E462368136063685360A36819
:10F000009360D1463C4630E7214601F071FB11E7A1
:10F01000D0E902135746CB60996057F8081FDAF819
:10F020000C30CB60321F242A99602DD8132A29D99D
:10F030002368CAF808306368CAF80C301B2A42D823
:10F0400008340AF1100322681A6062685A60A268E4
:10F050009A606646D1463C4607E7A3688360E3684A
:10F06000C360242A26D004F1100200F11003DBE66D
:10F070003A46BFE7214638461E46D14601F038FBE6
:10F080003C46F2E63B46DEE7214638466646D14638
:10F0900001F02EFB3C46E8E690910020A168CAF8FA
:10F0A0001010E168CAF81410242A20D010340AF194
:10F0B00018029FE7236903616169416104F1180245
:10F0C00000F11803B0E6A368CAF81030E368CAF884
:10F0D0001430242A21D010340AF11803B3E73A4639
:10F0E00033E72146384601F003FB164B33E722692C
:10F0F000CAF818206269CAF81C2018340AF12002E4
:10F1000078E7A168CAF81010E168CAF81410242A38
:10F110000DD010340AF1180217E72369CAF8183025
:10F120006369CAF81C3018340AF120038BE722699E
:10F13000CAF818206269CAF81C2018340AF12002A3
:10F1400003E700BF909100200CB410B51F4B0029BD
:10F150001C689CB035DB4FF40273ADF8143002909C
:10F1600006901FAB18D001394FF6FF72049107913A
:10F17000ADF8162002A91E9A0193204602F0A0FFC6
:10F18000421C01DA8B232360029B00221A701CB000
:10F19000BDE8104002B070474FF6FF72049107912E
:10F1A000ADF8162002A91E9A0193204602F088FFAE
:10F1B000431C01DA8B2323601CB0BDE8104002B071
:10F1C00070478B2323604FF0FF30F5E7AC950020AC
:10F1D0002DE9F04F2DED108B97B08A460021079254
:10F1E000129100220021CDE904128046514611916E
:10F1F0000F4611F8012B2D2A5ED801A050F822F0FD
:10F20000E1D30000F9D20000F9D20000F9D20000E9
:10F21000F9D20000F9D20000F9D20000F9D20000C2
:10F22000F9D200002FD200002FD200002FD2000010
:10F230002FD200002FD20000F9D20000F9D2000036
:10F24000F9D20000F9D20000F9D20000F9D2000092
:10F25000F9D20000F9D20000F9D20000F9D2000082
:10F26000F9D20000F9D20000F9D20000F9D2000072
:10F27000F9D20000F9D20000F9D20000F9D2000062
:10F280002FD20000F9D20000F9D20000F9D200001C
:10F29000F9D20000F9D20000F9D20000F9D2000042
:10F2A000F9D20000F9D20000F9D200001BDA000008
:10F2B000F9D2000007DA000000210991302A7DD040
:10F2C000002308932F2A144640F2CD844FF0000902
:10F2D00038464E464D4612E00130082D1190C8BF09
:10F2E00009EB89090478C6BF02EB4902A2F1300993
:10F2F000A3F130062F2C05F1010522466FDD06EB48
:10F300008603392C02EB4303E6DD9F49012201F01D
:10F3100023FB002837D1119B1A46013311935478EF
:10F32000002D40F04385302C40F02485C3F10102CC
:10F330009818013311931C78302CF9D0A4F13103C3
:10F34000082B00F20183119F431CA4F1300B0B9397
:10F350000125BC464FF0000E06EB86060BEB460679
:10F3600000200CF1010311939CF80140A4F130013D
:10F37000092900F2BB8201308B46002940F04F84FE
:10F38000DDF844C0EDE70020652CAE460B908446C6
:10F3900001D0452C30D1002D6BD1089B034367D1A0
:10F3A000079B9FED778B13B1079BC3F800A0B0EECE
:10F3B000480B17B0BDEC108BBDE8F08F7A7802F0E7
:10F3C000DF02582A00F00C84013711973A78302A6E
:10F3D000FAD0002A00F0B7800123089372E76A4947
:10F3E000012201F0B9FA002800F0C080AE464FF0CB
:10F3F000000CCDF82CC060464FF0000B002D7ED0E5
:10F4000007EE906A0B9BB8EE677BABEB0303BEF194
:10F41000000F08BFAE46102D0A932B46A8BF10233D
:10F42000092D8DED047B0CDD584A02EBC30212ED71
:10F43000125B06EE909AB8EE666BA7EE056B8DED4B
:10F44000046B0F2D00F3A8800A9A002A00F0E483D1
:10F450000A9A40F33C83162A40F398840A99C5F12E
:10F4600025028A4280F2A6840A9AEB1A134499E094
:10F470000025DDF844A00AF1010311939AF8014038
:10F480002B2C00F05E822D2C00F0F78100230A93D4
:10F49000A4F13003092B00F2EB81302C05D1119B34
:10F4A000013311931C78302CFAD0A4F13103082BCE
:10F4B000A2D8119A0C92531C1193A4F1300B5478DA
:10F4C0002F2C07DCDEE3013311934C782F2CA2F1B3
:10F4D000300B06DD0BEB8B02392C194604EB420294
:10F4E000F1DD0C9A9B1A082B40F3CC8344F61F6B7A
:10F4F0000A9B002B82D0CBF1000B002D80D1089B02
:10F50000034320D1BCF1000F7FF44AAF692C00F017
:10F51000CF8300F3F382492C00F0CA834E2C7FF492
:10F520003FAF1B4911A802F0BFFC00283FF438AFE1
:10F53000119B1B78282B00F0F284164802F034F857
:10F54000B0EE408B01E09FED0E8B079A0AB1119B44
:10F550001360099B002B3FF42AAFB1EE488BB0EE4D
:10F56000480B17B0BDEC108BBDE8F08F119B0B90D2
:10F570005A1C11925C78AE46F8E600BFAFF30080EB
:10F580000000000000000000881400201803002084
:10F5900098140020D88300200A9AEB1A1344002BF9
:10F5A00040F3B08213F00F010AD0C34A02EBC1024C
:10F5B0009DED046B92ED007B27EE067B8DED047BC9
:10F5C00033F00F0240F038820023089300962B4658
:10F5D00072463946404605F0BFFF8146002800F0DC
:10F5E000E1820B9BA3EB0B0B0A9B9FEDA9EB002B7E
:10F5F0009FEDA9CB9FEDAADB9FEDABBBB4BF5A46F5
:10F6000000224FF0000A23EAE3730B920C93544656
:10F61000D9F80410404605F01DFF0646002800F00A
:10F620000E81D9F810209DED048B0232920009F171
:10F630000C010C30FBF70EFDB0EE480B14AA13A919
:10F64000404606F045FB1290002800F0E4800121BE
:10F65000404606F029F80446002800F0F080139A8E
:10F66000002AC0F2DE800B9B0C9F02EB030B089B71
:10F67000149DD21A2A44914B013A9A42C5F136059B
:10F6800080F29880991A1F29A5EB010500F3E38009
:10F69000012202FA01F30D9300230E932F44089BDD
:10F6A0005D44AB455A461F44A8BF2A46BA42A8BF8C
:10F6B0003A46002A03DDAD1ABF1AABEB020B0B9BD7
:10F6C000002B00F38880002D00F39C800A9B002B08
:10F6D00000F3B780002F00F3A980BBF1000F08DD15
:10F6E00021465A46404606F01BF90446002800F021
:10F6F000A68012993246404606F0ACF982460028B0
:10F7000000F09D800023C568C360214606F080F9A3
:10F710000028C0F2C78300F061832146504606F0FE
:10F7200041FBB0EE007BB4EEC70BF1EE10FA46D809
:10F73000002D00F0CB80B7EE009B0598604B0022B7
:10F740006049DFF884C100EA0107674500F0D48012
:10F75000089959B1B7F1D46F08D8B4EECB9BF1EE4C
:10F7600010FA40F2568103F1D661CB1BB0EE480B84
:10F7700043EC1A2B06F018FAAAEE008B8DED048BE1
:10F7800018EE903A089A22B94E4A1A40974200F071
:10F79000E4801299404605F083FE3146404605F06C
:10F7A0007FFE2146404605F07BFE5146404605F06F
:10F7B00077FE2DE701230021CDE90D316EE7B6EE8E
:10F7C000009B20EE099B002D5FD1B1EE497B05988F
:10F7D00053EC172BB4E721461A46404606F040F892
:10F7E000044660B30146129A404605F08BFF30B3E1
:10F7F0000F901299404605F053FE0F9A1292002D79
:10F800007FF764AF12992A46404606F089F81290B5
:10F8100000287FF45BAF22239FED258BC8F80030D2
:10F82000BCE00C9BDDF82CB09F1A20E731463A462D
:10F83000404606F075F8064600287FF44EAF129851
:10F84000E9E731460C9A404606F00AF806460028D9
:10F850007FF440AFF3E7C2F17F4202F57F0202F589
:10F860007B420121E23201FA02F3CDE90D1315E7E3
:10F87000CDF844A04FF0000BC0E501230A930AF134
:10F88000020311939AF8024002E6B0EE497B9EE72C
:10F890009535A094FFFFCF3F9535A094FFFFDF3F44
:10F8A00035E5AF350000E03F0000C0FFFFFFDF415E
:10F8B000000000000000F07F1803002002FCFFFFA2
:10F8C0000000F03F0000F07F0000E07FDDE904125F
:10F8D000002900F08580DDE90412012900F0D881BB
:10F8E0001046B74BB7EE009B002229E7652C4FF07E
:10F8F000010C3FF4BEAD4CE543EC1A2BA0F1547360
:10F9000005939DED04FBB0EE4F0B06F04DF9AD49AC
:10F91000AAEE00FB1FEE903AAB4A194091428DEDE2
:10F9200004FB72D9A94B18EE902A9A4203D118EE23
:10F93000103A013383D0A54A4FF0FF33CDE90432AA
:10F9400027E700230A939AE7652C00F0D080452C26
:10F9500000F0CD804FF0010CD1E551EC190B0D9367
:10F9600009F022FF09F0F2FE049B1D430D9B41ECC0
:10F97000170BC3F313031D4339EE479B00F0A08020
:10F98000B4EECC9BF1EE10FA05D4B4EECD9BF1EEC3
:10F9900010FA7FF7FEAE9DED048B129801464046AB
:10F9A00005F07EFD3146404605F07AFD2146404691
:10F9B00005F076FD4946404605F072FD5146404649
:10F9C00005F06EFDC1E501220992791C11917A784A
:10F9D000002A3FF4E5AC0F4670E400220992F4E7F8
:10F9E000C2F313031046002B7FF47BAFB7EE007B0E
:10F9F000B4EEC70BF1EE10FA00F1D381B6EE009B26
:10FA000020EE099BB1EE497BE2E603F154730593C6
:10FA1000B8E6BCEEC99B19EE103A012B38BF0123A2
:10FA200009EE103AB8EE499B002D40F03E81B1EE50
:10FA3000497B53EC172B96E6B2F59A7F00F3B28020
:10FA4000102A4FEA221340F38682614C9DED047B1D
:10FA500000202246014613F0010F01F101014FEA97
:10FA6000630304D092ED006B012027EE067B012B8F
:10FA700002F10802EFD108B18DED047B059BA3F1E3
:10FA80005473059304EBC1049DED046B94ED007B6E
:10FA90004C4B27EE067B17EE902A4E4913408B42C3
:10FAA0008DED047B7ED8A1F580118B4240F2D6818A
:10FAB000464C4FF0FF33CDE904340023089385E52D
:10FAC000B4EECE9BF1EE10FA7FF563AE63E716322B
:10FAD000FFF662AD0B9BA3EB0B0B3F4B03EBCB0392
:10FAE00093ED007B9DED046B86EE078B2DE54FF0CB
:10FAF000000ECDF82CE04FF0010C4EE46E2C3FF4DC
:10FB000010AD4DE43FF460AD5B4213F00F010AD03D
:10FB1000314A02EBC1029DED046B92ED007B86EE53
:10FB2000077B8DED047B1B113FF44EAD1F2B33DCA7
:10FB300013F0100218BF6A229DED047B0892274A39
:10FB40000021D80704D592ED006B012127EE067B3A
:10FB50005B1002F10802F4D109B18DED047B089B22
:10FB600093B1DDE90401C1F30A52C2F16B03002B2A
:10FB70000ADD1F2B40F32F820020342B049040F32A
:10FB800040824FF05C7305939DED047BB5EE407BA6
:10FB9000F1EE10FA7FF41AAD22239FED058BC8F821
:10FBA0000030D2E422239FED048BC8F80030CCE46F
:10FBB0000000000000000000000000000000F07FD6
:10FBC0000000F0BF0000F07FFFFF9F7CFFFFEF7F92
:10FBD000F00200200000A07C180300202004002078
:10FBE0000293099B019312AB0093A74A13AB11A98F
:10FBF000404601F08FFE10F00F0504463FF4A3AC21
:10FC0000062D74D1079B9FED9A8B0137002B3FF493
:10FC1000CEAB1F60FFF7CBBB9DED048B95E40B9B38
:10FC2000DDF844C003440B93012805F101031A4693
:10FC300014D02844441E03E046009C420DD00133FA
:10FC40002A46082A1D4606EB8600F5D9102BDCBF94
:10FC500009EB89094FEA4909EFE70232082D3CDC3C
:10FC60001546FFF779BB89490122384600F074FE3A
:10FC7000002800F082804FF0000EF146764675466F
:10FC8000FFF7B5BB44F61F639B45A8BF9B462FE417
:10FC9000DDE904231846002B7FF423AE22239FEDD9
:10FCA000748B1298C8F8003078E6B0EE497BC0E655
:10FCB000774911A802F0F8F800283FF471AB119BC6
:10FCC0007449013B11A8119302F0EEF810B9119B91
:10FCD000013311939FED688B37E4102ADCBF09EBE9
:10FCE000890901EB490915460020FFF73ABB129A32
:10FCF0003AB1352114A806F087F81299404605F06C
:10FD0000CFFB013D139B042D00F28F81DFE805F04E
:10FD1000032D2A1F0300149A049203F23342159B09
:10FD200023F4801343EA02530593E50502D543F01B
:10FD300000430593584A1A409DED048B002A7FF436
:10FD400004AC01F073F922230360FFF7FEBB4FF010
:10FD5000FF336FF00046CDE90436E3057FF55CAF75
:10FD6000059BE4E74C4B0593F7E7149B0493159B25
:10FD70000593DAE70020FFF7E1BA119B1A46013339
:10FD80001193547806468146FFF7CDBA434B03EBF7
:10FD9000C20393ED008B9DED047B28EE078BFFF7EC
:10FDA000D4BBBEEE007BB6EE009B11E5AE460B90D9
:10FDB000FFF7DCBA394BC5F10F054A1B03EBC5054C
:10FDC00003EBC20395ED008B93ED007B9DED046B7F
:10FDD00028EE068B28EE078BFFF7B7BB002D00F04F
:10FDE0009580DDE904BC2E4BCCF3130199426246A9
:10FDF00000F0D2800E9B002B00F0A580DDE90412FC
:10FE0000134217461AD0B0EE480B002D00F0A68022
:10FE100005F0CAFE089B7BB1C7F30A53C3F16B031D
:10FE2000002B09DD1B0503F17F51002001F5401176
:10FE300041EC170B20EE070B38EE008B089B5BB1F3
:10FE40009FED0F7B144B28EE078B18EE902A134082
:10FE500013B92223C8F8003012989FE502F15473B9
:10FE6000059300230893FFF7B1BB00BFAFF30080F9
:10FE70000000000000000000000000000000F07F13
:10FE800000000000000050398C82002088140020FF
:10FE90008C140020901400200000F07F1803002034
:10FEA000FFFF0F00DDE904120D43C7D1C2F31303B6
:10FEB0001746002BC2D122F000431B0D1B05B3F1E6
:10FEC000D66FBBD9DAF814301BB9DAF81030012B31
:10FED000B4DD51460122404605F022FD214682460E
:10FEE00005F096FD0028A9DD089B002B7ED1504B24
:10FEF0003B40A3F580136FEA13536FEA0353059356
:10FF00004FF0FF3304939DED048B97E7DDE9041276
:10FF1000C2F313030B4317467FF46CAFE4E7454984
:10FF200011A814AA01F0DCFF05287FF406AB159B8D
:10FF300043F0FF4343F4E0030593149B04939DEDCA
:10FF4000048BFFF702BBDDE904010D9B03423FF484
:10FF500075AF0F4657E7384C00218FE505F024FEBA
:10FF6000089B002B55D0C7F30A53C3F16B03002B3A
:10FF700009DD1B0503F17F5101F54011284641ECD5
:10FF8000170B20EE070B38EE408BB5EE408BF1EEF1
:10FF900010FA7FF455AF81E6089B04991BB3244BFC
:10FFA0001340B3F1D46F1ED81B0DC3F16B034FF098
:10FFB000FF3000FA03F399427FF41CAF1F4B9A42C3
:10FFC00030D01B4B134003F580130593002304939B
:10FFD0009DED048B32E74FF0FF3202FA03F3049AEF
:10FFE0001A400492D0E54FF0FF33E4E7104B3B405A
:10FFF000B3F1D66F3FF77DAFB3F15C7F3FF720AF32
:02000004600199
:100000004CE6C2F14B024FF0FF3393400B40059397
:10001000BAE538EE408BB5EE408BF1EE10FA7FF486
:100020001BAF3BE60131CCD109E400237DE600BFE4
:100030000000F07FA0820020F0020020FFFFEF7F91
:10004000014BFFF7C5B800BF2490002010B4054C49
:10005000054B84460A4620685DF8044B6146FFF76D
:10006000B7B800BFAC95002024900020000000002D
:1000700010B5234C234B84460A4620686146FFF79F
:10008000A7F8B4EE400BF1EE10FA27D6F7EEC07BDE
:100090009FED1D7AF0EEE76AF4EE476AF1EE10FA92
:1000A0000EDDB0EEC05B9FED146BB4EE465BF1EE7F
:1000B00010FA05DC236822221A60B0EE670A10BD30
:1000C00017EE903A13F0FF4FF7D1104B10EE902A35
:1000D0001340002BEED1B0EE670A10BD10EE903A3F
:1000E000002B0B4804DA01F067FAF1EE407AE4E7FE
:1000F000BDE8104001F060BAFFFFFFFFFFFFEF7F98
:10010000AC95002024900020FFFF7F7F0000F07F4F
:10011000D8830020012B2DE9F84F40D0242B98469E
:100120003DD84C4D8E4676461EF801BB15F80B4067
:1001300014F00804F7D1BBF12D0F72D0BBF12B0FD7
:1001400008BF9EF800B06FF0004908BF06F1020E2C
:10015000002B42D0102B57D0B9FBF8F700252E46C4
:1001600008FB179A05E033D008FB06C601251EF8E8
:1001700001BBABF1300CBCF1090F06D9ABF1410C5E
:10018000BCF1190F12D8ABF1370C634517DDB5F18F
:10019000FF3FECD0B742E6D24FF0FF35E7E700F083
:1001A00045FF162303600020BDE8F88FABF1610C1A
:1001B000BCF1190F03D8ABF1570C6345E7DC6B1C9E
:1001C00027D08CB90AB1A5BB11603046BDE8F88FC5
:1001D000E245C9DA4FF0FF35C9E7BBF1300F05D072
:1001E0004FF00A084346B7E77642EBE79EF8003047
:1001F00003F0DF03582B21D14FF010089EF801B017
:1002000043460EF1020EA7E7BBF1300F1AD0984615
:10021000A2E72223036072B10EF1FF314E46116056
:10022000D3E79EF800B04FF0004906F1020E01241A
:100230008EE7B146F0E74E463046C7E74FF0080874
:10024000434689E79EF8005005F0DF05582DD3D0CE
:10025000984681E7FD120020FFF75CBF10B4054C03
:100260008446134620685DF8044B0A466146FFF752
:1002700051BF00BFAC9500202DE9F04707464C4820
:100280000E46354616F801EB10F80EC01CF0080CAF
:10029000F7D1BEF12D0F5AD0BEF12B0F03BF96F848
:1002A00000E06446AE1C64465BB1102B54D04FF0A6
:1002B000FF38B8FBF3F803FB08FA6FEA0A0A99461D
:1002C00008E0BEF1300F5AD00A23DFF8E8804FF083
:1002D000050A99460025284605E02CD009FB00C0F8
:1002E000012516F801EBAEF1300CBCF1090F06D96F
:1002F000AEF1410CBCF1190F0BD8AEF1370C6345D0
:1003000010DDB5F1FF3FECD04045E6D94FF0FF35A9
:10031000E7E7AEF1610CBCF1190F03D8AEF1570C51
:100320006345EEDC6B1C0BD004B140420AB165B9E9
:100330001160BDE8F087D445D0DD4FF0FF35D0E740
:1003400022233B602846002AF3D0711EF0E796F87E
:1003500000E00124AE1CA7E7BEF1300F21D13078B8
:1003600000F0DF00582816D14FF0100996F801E090
:100370004FF00F0A02366FF070484B46AAE7337809
:1003800003F0DF03582BEFD008234FF0070A6FF07C
:10039000604899469EE799466FF070484FF00F0A03
:1003A00098E74FF00F0A6FF07048994692E700BF48
:1003B000FD12002099999919FFF75EBF10B4054C02
:1003C0008446134620685DF8044B0A466146FFF7F1
:1003D00053BF00BFAC9500200EB410B59FB021AC48
:1003E0004FF4017154F8042B0192ADF81C100490E5
:1003F000089001F025F8059009900B480B490C91E5
:1004000000234FF6FF7C10931593019A0068ADF816
:100410001EC0234604A9039403F0F4FB1FB0BDE8FB
:10042000104003B0704700BFAC95002095E4000079
:1004300010B50C46B1F90E1000F0BAFD002803DB30
:10044000236D0344236510BDA38923F48053A38146
:1004500010BD00BF002070472DE9F0410C46B1F9F6
:100460000C101F46CB05054616460BD421F48051CF
:10047000A1813B46B4F90E1032462846BDE8F04152
:1004800000F0BEBDB4F90E100223002200F074FD8E
:10049000B4F90C10EAE700BF10B50C46B1F90E1024
:1004A00000F06AFDA389421C0EBF23F4805343F47D
:1004B00080532065A38110BDB1F90E1000F04ABD34
:1004C000024A0349034800F0EFB800BFA09500209E
:1004D000093F0100488A00200C4B4168994210B541
:1004E000044601D005F0F0FCA168094B994202D006
:1004F000204605F0E9FCE168064B994204D020460D
:10050000BDE8104005F0E0BC10BD00BF54EE002077
:10051000BCEE002024EF00202DE9F8432A4C2B4BA1
:100520002B48DFF8C090DFF8C0802A4F1860002504
:1005300004230822294604F15C00274E6566C4E9BD
:100540000253C4E90055C4E90455A56100F04CF913
:10055000224B63670822294604F1C400C4E9074915
:10056000C4E90987C4E91A55C4E91E55C4F8CC503A
:100570002567C4F88050E66200F036F9184BC4F8DD
:10058000DC30294604F16803082204F59670C4F8AB
:100590008430C4E92298C4E92476C4E93455C4E916
:1005A0003855C4F83451C4F8D850C4F8E85000F0B5
:1005B0001BF904F1D003C4E93C98C4E93E76C4F8C1
:1005C000EC30BDE8F88300BF54EE00208CEF002033
:1005D00001E50000D9E40000F9E400000900010091
:1005E0001200020071E4000099E4000010B5044616
:1005F0000A4800F019FF636B23B9094B094A1B68CD
:10060000626323B1BDE81040044800F00FBFFFF75C
:1006100083FFBDE81040014800F008BF1CEE002039
:100620008CEF002019E50000014800F0FDBE00BF7E
:100630001CEE0020014800F0F9BE00BF1CEE0020B7
:10064000F0B5ADF5057D04AF009313464FF400728D
:100650000E460392394603AA054600F0F5F988B123
:1006600004460246039B3146284600F0C9FCBC42C2
:10067000039004D02846214600F0F4FF03980DF5BE
:10068000057DF0BD4FF0FF30F9E700BF10B4054C19
:100690008446134620685DF8044B0A466146FFF71E
:1006A000CFBF00BFAC9500202DE9F84380460F4630
:1006B00016464FF00009D6E90154013D11D4A38933
:1006C000012B05F1FF3508D9B4F90E30013321466D
:1006D00003D04046B84749EA00096B1C04F168049E
:1006E000EDD13668002EE6D14846BDE8F88300BF5C
:1006F00088420DD98B1883420AD900EB020CBAB19B
:10070000624613F801CD02F801CD9942F9D1704744
:100710000F2A0ED8034602F1FF3C4AB10CF1010C3E
:10072000013B8C4411F8012B03F8012F6145F9D1ED
:10073000704740EA01039B0750D1A2F1100370B546
:1007400001F1200C23F00F0501F1100E00F110044F
:10075000AC441B095EF8105C44F8105C5EF80C5C5D
:1007600044F80C5C5EF8085C44F8085C5EF8045CD5
:1007700044F8045C0EF1100EE64504F11004E9D1D2
:10078000013312F00C0F01EB031102F00F0400EB28
:10079000031327D0043C24F003064FEA940C1E44B4
:1007A0001C1F8E465EF8045B44F8045FB442F9D126
:1007B0000CF1010402F0030203EB840301EB84015A
:1007C00002F1FF3C4AB10CF1010C013B8C4411F8E1
:1007D000012B03F8012F6145F9D170BD02F1FF3CF7
:1007E00003469BE72246EBE7830730B548D0541E0B
:1007F000002A3FD0CAB2034601E0013C3AD303F8D5
:10080000012B9D07F9D1032C2DD9CDB245EA052541
:100810000F2C45EA054536D9A4F1100222F00F0C41
:1008200003F1200EE6444FEA121C03F1100242E9E4
:10083000045542E9025510327245F8D10CF101021B
:1008400014F00C0F03EB021204F00F0C13D0ACF1F8
:10085000040323F003030433134442F8045B93427C
:10086000FBD10CF003042CB1C9B21C4403F8011BEA
:100870009C42FBD130BD64461346002CF4D1F9E70D
:1008800003461446BFE71A46A446E0E711F0FF010D
:10089000034644D0820732D110B5046841EA012EE4
:1008A0004EEA0E4E8EEA0402A2F1013323EA02035D
:1008B000A4F1013222EA0402134313F0803F0FD166
:1008C00050F8044F84EA0E0CA4F10133ACF101326C
:1008D00023EA040322EA0C02134313F0803FEFD013
:1008E000037823B936E010F8013F002B32D099424B
:1008F000F9D110BD8A4211D09A071846CCD01846BB
:1009000013F8012B002AF5D11046704799071846B5
:1009100007D0184601330278002AF7D170478207C2
:10092000F7D10268A2F1013323EA020313F0803FFA
:1009300008D150F8042FA2F1013323EA020313F087
:10094000803FF6D00378002BE8D010F8013F002B51
:10095000FBD17047184610BD002A3ED040EA010383
:100960009B0730B584462FD1032A2DD90B4608E0CA
:10097000043A8446194625D01EF0803F22D1032A2E
:1009800022D90468194653F8045BA4F1013EAC4235
:1009900084462EEA040E00F10400E9D09CF8000021
:1009A0000C78A0421BD1E64668B11EF8010F11F881
:1009B000014FA2EB0E03A04203F1FF330FD11CEB5A
:1009C0000303F1D1002030BD9CF800000C78844274
:1009D00005D1012AF6D0E646E6E710467047001B2F
:1009E00030BD00BF40EA01039B0730B501D1032AA7
:1009F0000FD8844601F1FF3E07E01EF8011F03F8FF
:100A0000011B541EC1B19C4622466346002AF4D104
:100A100030BD0B468446194653F8045BA5F10134FA
:100A200024EA050414F0803FE4D1043A032A4CF888
:100A3000045B1946EFD8DDE79444002CE8D003F8B6
:100A4000011B6345FBD130BD30B5146815469BB022
:100A50001A4609B1002C19D100214FF42273ADF8C8
:100A60000C30009104914FF6FF7302910591ADF89F
:100A70000E3069461E9B01F023FB002813DB009B10
:100A8000286000221A7004981BB030BD4FF4C16377
:100A900000910491ADF80C302146E4DA8B23036019
:100AA00000201BB030BD0020EEE700BF024A1268F4
:100AB0000123503200F002B8AC950020F0B4074694
:100AC00010B33E468C4616F8010B01E0A04216D04A
:100AD0001CF8014B002CF9D1D8B116F8015B0C467B
:100AE00001E0002BF9D014F8013B9D42F9D14DB142
:100AF000002306F8013C16603846F0BC70475BB135
:100B00003746DEE72E46F6E71768002FD9D138467C
:100B1000F3E7F0BC10607047166038463B70ECE7B6
:100B200001292DE9F0415BD94FF00108C6460024A8
:100B30004FF0FF35434608E0A3EB05081C464FF095
:100B4000010E04EB0E038B4210D200EB0E0CC75CBF
:100B50001CF80560B742EFD332D04FF001082546AC
:100B6000C646444404EB0E038B42EED30127C2F881
:100B70000080BE4600244FF0FF363B4607E09F1B37
:100B80001C464FF0010E04EB0E038B4210D200EB1B
:100B9000060C10F803801CF80EC0E045EFD817D003
:100BA00001272646BE463C4404EB0E038B42EED39F
:100BB0000136681C864201D317603046BDE8F081DB
:100BC000C6450ABF74440EF1010E4FF0010EB8E79E
:100BD000BE450ABF74440EF1010E4FF0010ED2E77C
:100BE00001270026E8E700BF2DE9F04F9246ADF25D
:100BF0001C4D05AA81460F46504619461D46FFF773
:100C00008FFF134683460DF2144243F8045F93426C
:100C1000FBD1002D00F0DF806C1E06AE0AF1FF3222
:100C20000AEB0400009612F8011FAB1A013B534473
:100C3000824246F82130F6D105995A465144504631
:100C400005F0DAFA00286FD10BF1FF330393CBF1F3
:100C5000010380460646019309EB060E009A1EF832
:100C6000043052F82330DBB1B8F1000F03D0059AFD
:100C70009A4200D9AB1A1E444FF000087B1B9E42DB
:100C8000EAD909EB070045F4006105F0E5FA0744ED
:100C90007B1B9E42E0D900200DF21C4DBDE8F08F79
:100CA000C3455B4638BF4346A34210D2591EF218D3
:100CB00051444A4402E00133A34208D212F8010B26
:100CC00011F801CF8445F6D0019A1644D3E7C34505
:100CD000039B7ED906EB0B024A440AEB0B010296FA
:100CE00002E0434515D0034612F8010D11F8016DDD
:100CF000864203F1010C03F1FF30F2D0029E6346FD
:100D000008F1010898450AD8059B1E44A5EB030885
:100D1000B4E7434608F101089845029EF4D97046AD
:100D20000DF21C4DBDE8F08FA5EB0B035B4538BF02
:100D30005B46013305930BF1FF330193CBF10103C4
:100D40000026029345F4006809EB0601009A0B5D4A
:100D500052F823306BB11E447B1BB342F4D209EB33
:100D60000700414605F078FA07447B1BB342EBD2FB
:100D700091E7A34514D2019B0BEB06020AEB030C8F
:100D80004A445B4602E00133A34209D212F8010B48
:100D90001CF801EF8645F6D0029A16441E44DBE7A4
:100DA000BBF1000F10D00BEB060048440AEB0B021E
:100DB00001E0534508D012F801ED10F801CDE645E9
:100DC0001346F6D0059BC6E708460DF21C4DBDE85C
:100DD000F08F5B4694E706AB4FF0FF3400932BE7B0
:100DE0002DE9F0410D46097890B00446002954D011
:100DF0006A78002A00F08380AB78002B51D0E87825
:100E00002E68002800F082802B79002B57D02846CE
:100E100000F016FB064640F40071204605F01CFA6F
:100E200086425BD8FE2E00F28680801B2718402267
:100E3000711C6846FFF7D8FC7EB16A1E5FFA86FC1B
:100E4000901912F8013F03F03F0340336B44A91A95
:100E50006144824203F8401CF3D1013CA35D03F0DE
:100E60003F0340336B4413F8403C1C44A74203D279
:100E700039E04444A74236D314F806C00CF03F0CC6
:100E80000CF140030DEB030C2046324629461CF8BA
:100E9000408C05F0B1F90028EBD1204610B0BDE838
:100EA000F081007842EA014200E00C4640EA034348
:100EB000611C98B19A426078F7D1013CEDE7227845
:100EC00062B131BA01E099421ED042EA03232046C2
:100ED00014F8012F002AF6D1994215D0002420469B
:100EE00010B0BDE8F081BB5DB819002BF6D04FF40F
:100EF000006105F0B1F90744BC42AED9EEE710B08D
:100F0000BDE8F041FFF7C2BCC41EC6E7120442EAC6
:100F1000016242EA03232178024600E02C4641EABE
:100F20000200651C02020029D8D0B3EB002F6178C3
:100F3000F4D1023CB1E7014633462A46204610B0C0
:100F4000BDE8F041FFF750BE014B93F82801704710
:100F50002490002038B5074D0022044608462A6038
:100F6000FAF79EFB431C00D038BD2B68002BFBD04A
:100F7000236038BDA0EF002038B50C46084D8446EC
:100F8000114620461A4600232B606446FAF794FB6C
:100F9000431C00D038BD2B68002BFBD0236038BD2C
:100FA000A0EF002013460A460146022000F0B6BA20
:100FB00038B50C46084D8446114620461A46002393
:100FC0002B606446FAF76AFB431C00D038BD2B68DF
:100FD000002BFBD0236038BDA0EF002038B5074DB3
:100FE0000022044608462A60FAF73EFB431C00D064
:100FF00038BD2B68002BFBD0236038BDA0EF00204C
:1010000038B50C46084D8446114620461A46002342
:101010002B606446F9F7A6F8431C00D038BD2B6856
:10102000002BFBD0236038BDA0EF0020014B1868D7
:10103000704700BFAC9500200000000000000000D9
:10104000A2EB0300704700BF02780B78012A28BF8B
:101050009A42F5D16DE9044540EA0104CDE9026701
:101060006FF0000C4FEA447212B380EA010414F0EE
:10107000070F6AD100F0070420F0070004F0030511
:1010800021F007014FEAC505F0E8042314F0040F2E
:10109000F1E804670CFA05F462EA040266EA040661
:1010A0000AD063EA0403624667EA0407664603E07F
:1010B000F0E80423F1E8046782FA4CF582EA0604BA
:1010C000A4FA8CF46CBB83FA4CF583EA0705A5FA05
:1010D0008CF595B950E9022351E9026782FA4CF583
:1010E00082EA0604A4FA8CF483FA4CF583EA070535
:1010F000A5FA8CF52543DBD09CB92DBAB5FA85F459
:1011000024F0070427FA04F1DDE9026723FA04F367
:1011100003F0FF0001F0FF01FDE80445A0EB010032
:10112000704724BAB4FA84F424F0070426FA04F1D0
:10113000DDE9026722FA04F202F0FF0001F0FF018C
:10114000FDE80445A0EB0100704714F0030F3CD10B
:1011500010F0030428D150F8082B51F8083B82FA0C
:101160004CF582EA0305A5FA8CF55DB950F8042C1C
:1011700051F8043C82FA4CF582EA0305A5FA8CF595
:10118000002DE8D02DBAB5FA85F424F0070423FA2F
:1011900004F122FA04F202F0FF0001F0FF01FDE881
:1011A0000445A0EB010070474FEAC40420F003009F
:1011B00050F8082B21F0030151F8083B0CFA04F415
:1011C00062EA040263EA0403C9E710F003041AD0D8
:1011D000A1EB040120F00300E40750F8042B06D033
:1011E0000FD28B785FFAA2F4E41A06D12BB1CB7838
:1011F0005FFAB2F4E41A00D11BB920465DF8104B37
:10120000704701F1040150F8042BCC0721F00301D1
:1012100051F8043B48D824D222F07F4482FA4CF59E
:1012200094EA1325A5FA8CF50AD165B951F8043B67
:1012300084EA0204B4EB036F0ED150F8042BEBE701
:101240004FEA132355E035F07F454DD10878FDE88E
:101250000445C0F1000070474FEA126203F0FF033B
:1012600047E002EA1C4482FA4CF594EA1345A5FAD9
:101270008CF50AD165B951F8043B84EA0204B4EB59
:10128000034F0CD150F8042BEBE74FEA134330E047
:1012900015EA1C4528D10B884FEA124229E04FEA93
:1012A000124203EA1C4324E002F0FF0482FA4CF5E8
:1012B00094EA1365A5FA8CF50AD165B951F8043B97
:1012C00084EA0204B4EB032F09D150F8042BEBE7B6
:1012D0004FEA13630DE015F0FF0F05D10B684FEADD
:1012E000122223F07F4304E04FF00000FDE80445A4
:1012F000704712BA1BBA82FA4CF482EA0304A4FAC9
:101300008CF5B5FA85F402FA04F203FA04F34FEA15
:101310001260FDE80445A0EB1360704780EA01020B
:10132000844612F0030F4FD111F0030F32D14DF864
:10133000044D11F0040F51F8043B0BD0A3F101321E
:101340009A4312F0803F04BF4CF8043B51F8043B31
:1013500016D100BF51F8044BA3F101329A4312F0A9
:10136000803FA4F101320BD14CF8043BA24312F0B0
:10137000803F04BF51F8043B4CF8044BEAD02346AD
:101380000CF8013B13F0FF0F4FEA3323F8D15DF85F
:10139000044B704711F0010F06D011F8012B0CF827
:1013A000012B002A08BF704711F0020FBFD031F89F
:1013B000022B12F0FF0F16BF2CF8022B8CF8002026
:1013C00012F47F4FB3D1704711F8012B0CF8012BA9
:1013D000002AF9D1704700BF70B50D4E0D4D761B38
:1013E000B61006D0002455F8043B01349847A642B5
:1013F000F9D1094E094D761B08F00EFAB61006D049
:10140000002455F8043B01349847A642F9D170BD39
:10141000801E0060801E0060981E0060801E0060BC
:10142000704700BF704700BF704700BF704700BFE4
:1014300000000000000000000000000000000000AC
:1014400090F800F06DE9024520F007016FF0000C04
:1014500010F0070491F820F040F049804FF00004AC
:101460006FF00700D1E9002391F840F000F1080087
:1014700082FA4CF2A4FA8CF283FA4CF3A2FA8CF3BF
:101480004BBBD1E9022382FA4CF200F10800A4FA26
:101490008CF283FA4CF3A2FA8CF3E3B9D1E904237A
:1014A00082FA4CF200F10800A4FA8CF283FA4CF3B1
:1014B000A2FA8CF37BB9D1E9062301F1200182FA6B
:1014C0004CF200F10800A4FA8CF283FA4CF3A2FA71
:1014D0008CF3002BC6D0002A04BF04301A4612BA7F
:1014E000B2FA82F2FDE8024500EBD2007047D1E982
:1014F000002304F00305C4F100004FEAC50514F011
:10150000040F91F840F00CFA05F562EA05021CBFE1
:1015100063EA050362464FF00004A9E72DE9F047AE
:10152000DFF87CA00646DAF8000098460F469146A0
:10153000FFF77AFF184B1C6824B365681F2D24DC65
:101540005EB96B1C0235DAF80000636044F8257060
:10155000FFF76CFF0020BDE8F08704EB8501012355
:10156000C1F88890D4F88821AB401A43022EC4F801
:101570008821C1F80881E4D1D4F88C211A43C4F839
:101580008C21DEE7054C1C60D7E7DAF80000FFF796
:101590004DFF4FF0FF30DEE780EC002084EC0020B0
:1015A00018900020000000009FED010B704700BF65
:1015B000000000000000F87F9FED010A704700BFA7
:1015C0000000C07FF8B5244F0C460646FDF7B8FB77
:1015D000BB685D68C4F57E610F3125F003054B19CA
:1015E00023F47F6323F00F03A3F58054B4F5805FE9
:1015F00007DB00213046FFF7F1FCBB682B44984223
:1016000004D03046FDF7A2FB0020F8BD6142304611
:10161000FFF7E4FC01300DD0104ABB682D1B45F0EC
:1016200001055D60136830461B1B1360FDF78EFBE0
:101630000120F8BD00213046FFF7D0FCBA68831ABC
:101640000F2BDEDD43F001035360054B03491B689C
:10165000C01A0860D5E700BF9091002020EE00205E
:1016600098950020002961D0F8B50C460646FDF794
:1016700067FB54F8042C7B4FA4F1080522F001010C
:1016800005EB010CB868DCF80430604523F0030377
:1016900000F08B80D207CCF8043032D454F8082CF8
:1016A000AD1A1144AA6807F1080082426AD00CEB17
:1016B0000304D4F804E0EC68D4601EF0010FA260CB
:1016C00000F0978041F001036B60CCF80010B1F599
:1016D000007F35D27868CB080122490901338A405E
:1016E000024357F833107A6007EBC302083AC5E9A2
:1016F000021247F83350CD603046BDE8F840FDF7A0
:1017000025BB0CEB03025268D00710D4194407F133
:101710000800DCF80830834273D0DCF80C20DA6073
:10172000936041F001036B606950D0E7704741F06E
:101730000103B1F5007F44F8043CCCF80010C9D394
:10174000B1F5206F4FEA512348D28B0903F13900DC
:1017500003F13802C300F818FB580838984259D0F2
:101760005A6822F003028A4202D99B689842F7D154
:10177000D868C5E902308560DD603046BDE8F840D4
:10178000FDF7E4BA0CEB03025268D20763D40B44B2
:10179000DCE90212CA60916043F001026A603046DF
:1017A000EB50BDE8F840FDF7D1BA0B44D10707D4A0
:1017B00054F8082CAD1A1344D5E90212CA6091609E
:1017C00043F001026A60284ABD6012689A4293D8C9
:1017D000264B30461968FFF7F5FE8DE7142B0AD922
:1017E000542B1FD80B0B03F16F0003F16E02C300E3
:1017F000B1E719448DE703F15C0003F15B02C3001C
:10180000A9E741F00103C7E90455C5E902006B608F
:10181000695071E779689210012404FA02F20A43D0
:101820007A60A6E7B3F5AA7F06D8CB0B03F1780060
:1018300003F17702C3008EE740F25452934206D878
:101840008B0C03F17D0003F17C02C30083E74FF4AE
:101850007E737E227FE741F001036B60CCF80010BD
:101860004AE700BF909100209C95002050EE002098
:101870002DE9F0410469B4EB611F2FDD00F1140E76
:101880004E1111F01F0C0EEB84050EEB86032BD0CE
:101890005EF8261004339D4221FA0CF1CCF12008A9
:1018A00018D977461A6802FA08F20A4347F8042B57
:1018B00053F8041B9D4221FA0CF1F3D8A31B9B00A3
:1018C000053B9B0801330EEB83044EF82310C9B18E
:1018D000043417E0416174460029F9D10023036103
:1018E00000234361BDE8F0819D4288BF00F11002F2
:1018F000F4D953F8041B42F8041F9D42F9D8A41BE5
:101900000EEB8404A4EB0E039B1074450361E7D037
:10191000BDE8F0812DE9F04F2DED028B0C688B4670
:10192000A17885B0302908EE100A9246029340F063
:10193000CE816FF00100001BE21C8318144612F8E0
:10194000011B3029F9D0DFF8008318F80120002AA4
:1019500000F0E5802278002718F802203D46264650
:101960002AB116F8012F18F80220002AF9D1B5493A
:10197000019301223046FEF7EFFF019B81460028CC
:101980004DD0002D4ED13278A94602F0DF02502A08
:10199000354650D0CBF80060002F69D12B1B013B9E
:1019A000072B394604DD5B10072B01F10101FADC3E
:1019B00018EE100A03F04EFD8346002800F0668200
:1019C00000F11406AC42019680F0D2810027CDF8D8
:1019D0000C909C49A1463C460CE0202F19D038467B
:1019E00004372A7818F8022002F00F0282401443CC
:1019F0004D4547D015F8012D2E2AEED14D45ECD39B
:101A000001222846FEF7A8FF8E490028F0D0202F9B
:101A1000E5D1002046F8044B04270446E1E7002DF9
:101A200000F04281327802F0DF02AD1B502A4FEA0B
:101A300085093546AED16A782B2A00F025812D2AFA
:101A400000F0A5806E1C002018F802104A1E182A0B
:101A500000F29B80727818F8022010390136002AB3
:101A60005AD100B149428944CBF80060002F95D08B
:101A7000002B14BF00250625284605B0BDEC028BBF
:101A8000BDE8F08FDDF80C90234646F8043B18467D
:101A9000019BF61AB610CBF8106003F0B5FD760185
:101AA000DAF80040301AA04275DCC0F2EF8000275F
:101AB000DAF808304B45C0F25181DAF804304B4572
:101AC0004ADDA3EB09094C4500F38280DAF80C20CB
:101AD000022A00F06581032A00F08181012A00F0CA
:101AE0006F8118EE100A594603F0DAFC5025109A5F
:101AF00000232846136005B0BDEC028BBDE8F08FD3
:101B000001EB810102EB4102A2F1100116F8012F55
:101B100018F80220002AA4D0192AF1DDA1E74949CA
:101B2000019301222046FEF717FF019B00286DD18B
:101B3000617818F80120651C002A69D030292C46EC
:101B400005D114F8013F302BFBD018F80320B2FA6E
:101B500082F77F09012302E7012557B1DAF80C303B
:101B6000022B5DD0032B5FD0012B00F0848045F069
:101B70001005109BC3F800B0029B2846C3F80090E4
:101B800005B0BDEC028BBDE8F08F2E4602E70120C8
:101B9000AA78AE1C58E7061B3146584604F062F995
:101BA000074678B1721E53110199012751F823108D
:101BB00002F01F0307FA03F30B4203D0BA4200F30B
:101BC000E280022731465846B144FFF751FE6FE7E5
:101BD00009F1FF35002F40F0CE80002D40F0CD8080
:101BE0006B11019A05F01F0552F823200123AB4029
:101BF00013424946584618BF47F00207A4EB0904B0
:101C0000FFF736FE0225DAF80490A6E7217825468C
:101C100001F0DF01502900F0BF80CBF8005027E72A
:101C2000119BC3F101031193119B002B9FD0DBF893
:101C30001070DDF80480BA004346019208EB87007B
:101C4000002107E08814002090110020984243F8FA
:101C5000041C3FD91E4653F8042BB2F1FF3FF5D0C8
:101C60000132022D326000F0BF8014F01F0440F0FA
:101C7000E78021257DE7BA077FF579AF019B1B68D7
:101C80001F43FB07D3D472E7002081E7221A59468D
:101C900018EE100AA9EB020903F042FE00F114034A
:101CA00083460193002703E7727818F80200711C3D
:101CB000002800F0A0800D4611F8012F18F802004E
:101CC0000028F8D1751B4FEA85090E465DE60234FF
:101CD000002338E6DBF808309F4280F28E803B46D6
:101CE0000BEB830201210133022DCBF8103051613F
:101CF0007AD09F42B9DA002B40F39B80DBF81420A6
:101D000008EB83030BF1180083424FEA520240F2C2
:101D1000B1804446016842EAC17244F8042B50F88D
:101D2000042B83424FEA5202F4D8A3EB0B03193B76
:101D30009B08013348F8232008EB8303002A40F076
:101D40009D80A3EB080292104345CBF8102073D07E
:101D5000DAF8083009F101094B458ADA18EE100A61
:101D6000594603F09DFB109A00231360A32583E6D8
:101D7000019E002389E6012732E72946584604F0F0
:101D800071F807462CE7B11E584604F06BF800289E
:101D90003FF417AF032715E74FF0000901274AE684
:101DA000119A002A7FF49DAE02990B60019B0122DB
:101DB000CBF810201A60109B6225C3F800B05BE6D8
:101DC0004C457FF48EAE012CEED0611E584604F0D7
:101DD00049F800283FF485AEDAF80430E4E7119AB8
:101DE000002A3FF47EAEDFE7DAF80030013BA34281
:101DF00034D02225BDE60E46C7E5DBF8041018EE08
:101E0000100A013103F026FB0646C8B3DBF8103098
:101E100002339A000BF10C010C30F9F71BF959460B
:101E200018EE100A03F03CFB06F114083369B346C0
:101E300056E70023CBF810300023CBF8143087E7A7
:101E4000019B4344C4F1200453F8040C03F0DCFB71
:101E5000A042BFF60EAFDBF810304CE7631104F080
:101E60001F0458F823200123A34013420CBF22254E
:101E700021257EE6C8F8002043466AB1043360E7B6
:101E8000074B08483246842104F0BAFC044B05484D
:101E90005A46E42104F0B4FCCBF81020CCE700BF94
:101EA000101100202411002010B4046809E014F877
:101EB000013FA3F1410CBCF1190F98BF20339342AD
:101EC00009D111F8012B002AF1D10134046001205D
:101ED0005DF8044B704700205DF8044B704700BF6D
:101EE0002DE9F04F096885B04B1111F01F010290E8
:101EF00002EB8303039140F08F801D1F0193029B2F
:101F000001991C68002341F8043C617801340029E0
:101F100000F09880DFF87491A846AC469A461E46B9
:101F20000EE0202900F28C80564506DDC44501D222
:101F3000072B5BDD624551D3082314F8011FA1B1C3
:101F400019F801000028ECD00133082B06F1010636
:101F50003ADCDCF80010090100F00F000843CCF86F
:101F6000000014F8011F0029EAD1002E6AD0C445F0
:101F700001D2072B74DD624552D2111F634653F81C
:101F8000040B41F8040FAB42F9D9A5EB0C0323F085
:101F90000303691C04330CF1010C614538BF0423B1
:101FA0001344002143F8041BAB42FBD9019B53F8B7
:101FB000043C2BB9AA4249D055F8043D002BF9D076
:101FC000052005B0BDE8F08F6245B6D200234CF87D
:101FD000043C1946ACF1040C0123BDE70023ACF12D
:101FE00004084CF8043CB246C446A6E7C3F1080115
:101FF000DCF800308900C1F1200E60469B4647683E
:1020000007FA0EF343EA0B0327FA01FB036040F8DB
:1020100004BF4045F3D38DE7191D01911D466EE7BE
:10202000039B002BC2D0039B0198C3F120014FF00A
:10203000FF33CB4050F8041C0B4040F8043CB8E799
:10204000292909D0042005B0BDE8F08F012305201F
:102050002B6005B0BDE8F08F029901340C6084E775
:10206000DCF80010C3F108039B00C3F120076446AD
:102070000846666806FA07F1014326FA03F0216074
:1020800044F8040F4445F4D375E700BF90110020D5
:1020900082B049B15AB16BB113780B601278101E3F
:1020A00018BF012002B0704701A9002AF3D11046E1
:1020B00002B070476FF00100F4E700BF00000000BD
:1020C0002DE9F04F2DED088BD1B00C460BEE101A18
:1020D00090460893834604F003F903681293184668
:1020E000FFF7AEF920AF1090082200213846FEF726
:1020F0007BFBA3891B0603D52369002B00F05587C2
:1021000000239FED838B9FED849BCDE92533CDE9A3
:102110001333CDE9153327AA0E93249292461193D7
:1021200004934446A1467E4BD3F8E450FEF70CFFDF
:102130004A4603461CA900975846A847002800F0C5
:10214000B080C0F2A6801C9A252A034601D099448B
:10215000E9E7B9EB0405064640F0A78000234FF0FD
:10216000FF328DF867309846069309F1010999F816
:10217000003003922B25202609F10109A3F120024A
:102180005A2A00F2CF80DFE812F0E802CD00CD003D
:10219000E302CD00CD00CD006A00CD00CD000502E8
:1021A0008402CD001002C902CD00BD025B005B00BD
:1021B0005B005B005B005B005B005B005B00CD00D5
:1021C000CD00CD00CD00CD00CD00CD005301CD0020
:1021D00083011A02530153015301CD00CD00CD00FC
:1021E000CD001502CD00CD009602CD00CD00CD0072
:1021F000AB01CD00AA02CD00CD00E306CD00CD009D
:10220000CD00CD00CD00CD00CD00CD005301CD00DF
:102210008301DE015301530153017702DE017F0088
:10222000CD008902CD005F02E0062F027F00CD00C5
:10223000AB017C00B806CD00CD00BD06CD007C0012
:10224000A3F13002002119F8013B01EB810102EBFF
:102250004101A3F13002092AF5D906918EE75846CB
:1022600004F03EF8436815931846FFF7E9F8169016
:10227000584604F035F883681393169B002B40F002
:102280002D8699F8003077E799F8003048F020085B
:1022900072E7082200213846FEF7A6FA0123994486
:1022A00041E7B9EB0405064611D0269B2B44269343
:1022B000259B0133072BCAE9004525931CDC0AF155
:1022C000080A049B2B440493002E7FF447AF269BFF
:1022D000002B41F00B821BEE103AB3F90C3013F0D7
:1022E000400F049B18BF4FF0FF330493049851B084
:1022F000BDEC088BBDE8F08F1BEE101A24AA5846DF
:1023000005F0F4FA0028E6D10DF19C0AD9E700BFE8
:102310000000000000000000FFFFFFFFFFFFEF7F55
:10232000249000200B93002BD1D00021CDE90C117B
:102330008DF8DC3001238DF8671002930791059327
:1023400003910F9137AC18F00203099302D0029B5E
:102350000233029318F084030A9305D1069B029A74
:102360009D1A002D00F36983269A89B125990DF1F4
:10237000670001310132CAF8000007294FF001005F
:1023800026922591CAF8040000F3A2830AF1080AF4
:10239000099B83B1259B1AA901330232CAF80010A8
:1023A000072B4FF0020126922593CAF8041000F380
:1023B000A3830AF1080A0A9B802B00F06C82039B1E
:1023C00005995D1A002D00F3A58218F4807F40F076
:1023D0000D82059BCAF804301A44259BCAF80040B8
:1023E0000133072B2692259300F31B830AF1080A79
:1023F00018F0040F05D0069B02995C1A002C00F31C
:102400008883049B069902988142ACBF5B181B1815
:102410000493002A40F0B08200232593079B1BB150
:1024200007995846FFF71EF90DF19C0A4C4679E6CC
:102430000B93089B073323F00703B3EC028BB0EE3A
:10244000C87BB4EE497BF1EE10FA089340F3E984BF
:10245000B5EEC08BF1EE10FA01F159809DF86710CE
:10246000AB4CAC4B28F080080B9A472AC8BF1C46DF
:102470000023CDE90C3303220793029205920393C4
:102480000F9300293FF45FAF029B013302935AE799
:10249000432B0B9303D018F0100F00F05D85089DBF
:1024A0000822002122A837ACFEF79EF922AB55F88E
:1024B000042B2146584604F01DF9034601330590CC
:1024C00001F0EE82059B089523EAE3730293002155
:1024D000CDE90C118DF86710079103910F9132E748
:1024E0000B93089B1A4600238DF86730134653F868
:1024F000044B0893002C00F048850B9B532B00F0F5
:10250000EC8618F010030C9340F0E786039B5D1CEB
:1025100001F0E5800C991A46204604F071F8079006
:10252000002801F02883079B1A1B05920C9B03933C
:1025300022EAE2720F930D93079373239DF86710BD
:1025400002920B939DE718F0200F0B93089B3DD050
:10255000073323F007031A4611465B6851F8082B2E
:1025600008911946002BC0F20C84039B013300F044
:102570009E8228F0800052EA0103029040F0998286
:10258000039B002B40F09A8280460023039305931F
:1025900050AC06E1089B53F8042B0692002A80F207
:1025A0001984069A08935242069299F8003048F02E
:1025B0000408E1E599F8003048F00808DCE548F047
:1025C000100818F0200F0B93089BC1D118F0100FC2
:1025D00040F00B8418F0400F00F0038433F9042B13
:1025E0000893D1170B46BDE7089B48F00202029200
:1025F00053F8042B089347F63003ADF86830782081
:10260000454B1193002102230B900020039C8DF871
:102610006700601C00F0AD80029820F0800852EA4C
:10262000010040F0A480002C40F0AE86002BACD11D
:10263000029B13F00103059300F0D18330238DF842
:102640003F310DF23F14ACE018F0200F40F0D4837E
:1026500018F0100F40F09F8618F0400F40F0978759
:1026600018F4007F00F09786089B049953F8042B18
:10267000089311704C4655E599F80030682B03BF5C
:1026800099F8013048F4007809F1010948F0400850
:1026900072E599F800308DF867506DE599F80030D3
:1026A0006C2B03BF99F8013048F0200809F10109AB
:1026B00048F0100860E50B9348F0100818F020016E
:1026C00000F05183089B073323F00703596853F840
:1026D000082B089328F480630293002395E70B935B
:1026E00048F010030293029B13F0200100F02983AD
:1026F000089B073323F00703596853F8082B089306
:10270000012382E799F8003048F0800834E500BFE3
:102710009C140020A0140020AC140020494611F89D
:10272000013B2A2B01F04982A3F13002092A894694
:1027300098BF002101F2448119F8013B01EB8101AE
:1027400002EB4101A3F13002092AF5D9039115E505
:1027500099F8003048F001080EE59DF86730002B2D
:102760007FF48FAD99F800308DF8676004E5CDF8FF
:102770000880012B00F09D81022B50AC20D11198D4
:1027800002F00F031209C35C04F8013D42EA017232
:10279000090952EA0103F3D150AB1B1BDDF8088095
:1027A0000593059A03989DF8671082424FF0000345
:1027B000B8BF0246CDE90C33079302920F9360E64F
:1027C00002F00703D20842EA4172C908303352EAE4
:1027D0000105204604F8013DF2D1029AD10700F12B
:1027E0004D8250AB1B1B90460593DAE70B9B652B84
:1027F00040F3D480B5EE408BF1EE10FA40F0C18189
:10280000259BBA49CAF80010013301320121072B78
:1028100026922593CAF8041000F351850AF1080A9C
:102820001B9B0E998B4280F2D082109B12991A4406
:10283000CAE90013259B26920133072B259300F349
:1028400097830AF1080A0E9B5C1E002C7FF7D0AD1F
:10285000102C259B40F36E851BEE106A102505E0B9
:102860000AF1080A103C102C40F364850133A0499A
:102870001032072BCAE90015CDE92532F0DD24AA74
:102880003146584605F032F800287ED1DDE9253280
:102890000DF19C0AE6E7069B02995D1A002D7FF771
:1028A0008EAD102D259B21DD099410261BEE104ABC
:1028B00004E0103D102D0AF1080A16DD01338C49A1
:1028C0001032072BCAE90016CDE92532F1DD24AA22
:1028D000214658460DF19C0A05F008F8002854D10D
:1028E000103D102DDDE92532E8DC099C8049CAF84D
:1028F000045001332A44072BCDE92532CAF80010D1
:1029000000F32685039B05995D1A002D0AF1080A3C
:102910007FF75BAD102D259B1FDD514610261BEE6A
:1029200010AA04E0103D102D01F1080114DD01335F
:102930006F481032072BC1E90006CDE92532F1DDE1
:1029400024AA5146584604F0D1FFF0B9103D102D8D
:10295000DDE9253227A9EADC8A4601336449CAF851
:1029600004502A44072BCDE92532CAF8001000F3A1
:10297000DA810AF1080A28E51BEE101A24AA584643
:1029800004F0B4FF00283FF447AD079B002B3FF451
:10299000A2AC07995846FEF765FE9CE40E9B012BFE
:1029A00040F37A81259BCAF80040013301320121AE
:1029B000072B26922593CAF8041000F3F8810AF138
:1029C000080A1099129801330A44072BCAE900013A
:1029D000CDE9253200F3DD810AF1080AB5EE408B1E
:1029E000F1EE10FA00F077810E99013301390134CC
:1029F0000A44072BCAF800402593CAF8041026920F
:102A000000F35B810AF1080A1499CAF80410013333
:102A10000A44072B1EA9CDE92532CAF800107FF71A
:102A2000E5AC1BEE101A24AA584604F05FFF0028FC
:102A3000ABD1269A0DF19C0ADAE4102DDDE92512BE
:102A40002C4E24DD179410231BEE104A084604E098
:102A5000103D102D0AF1080A17DD01301032072849
:102A6000CAE90063CDE92502F2DD24AA21465846D1
:102A70000DF19C0A04F03AFF002886D1103D102D7C
:102A8000DDE925024FF01003E7DC179C0146013118
:102A90002A440729CDE92512CAF80060CAF8045073
:102AA00000F3BD839DF867100AF1080A5DE4CDF8D4
:102AB00008800A2A71F1000380F045833032012337
:102AC000DDF808808DF83F2105930DF23F1468E68C
:102AD0001BEE101A24AA584604F008FF00287FF4C1
:102AE00054AF269A0DF19C0A52E400BFDC1400207A
:102AF000208A0020582F00201BEE101A24AA5846C6
:102B000004F0F4FE00287FF440AF269A0DF19C0AF1
:102B100051E4102C259BBE4E1FDD1BEE108A1025A4
:102B200004E0103C102C0AF1080A16DD01331032C3
:102B3000072BCAE90065CDE92532F2DD24AA41461A
:102B400058460DF19C0A04F0D1FE00287FF41DAF19
:102B5000103C102CDDE92532E8DC01332244072B40
:102B6000CAE90064CDE925327FF74BAC1BEE101AA1
:102B700024AA584604F0BAFE00287FF406AF269A2D
:102B80003FE41B99002940F35A830C9E0E9B9E4202
:102B9000A8BF1E46002E0BDD259B01333244072BB8
:102BA000CAE900462692259300F389860AF1080AAD
:102BB0000C9D002EA8BFAD1B002D00F303820C9BC3
:102BC00018F4806F2344059340F01F821B9B0E99DD
:102BD0008B4203DB18F0010F00F0CF84109912989C
:102BE0000A44CAE900012599269201310729259155
:102BF00000F3A5860AF1080A0E996518CC1A059B00
:102C0000ED1AA542A8BF2546002D0DDDCAF80030FB
:102C1000259BCAF8045001332A44072B269225939A
:102C200000F3BB860AF1080A002DA8BF641B002C24
:102C30007FF7DEAB102C259B40F37C831BEE106AE4
:102C4000102505E00AF1080A103C102C40F37283AD
:102C5000013370491032072BCAE90015CDE925323E
:102C6000F0DD24AA3146584604F040FE00287FF4E7
:102C70008CAEDDE925320DF19C0AE5E7302B3FF4FF
:102C80008BAD3023023804F8013C50AB1B1ADDF841
:102C900008800593044684E518F0010F7FF482AEA6
:102CA000259BCAF80040013301320121072B2692EF
:102CB0002593CAF804107FF7A5AE1BEE101A24AABC
:102CC000584604F013FE00287FF45FAEDDE925329C
:102CD0000DF19C0A98E60E994C1E002C7FF794AEDD
:102CE000102C40F361831BEE106A102505E00AF1F9
:102CF000080A103C102C40F3578301334549103229
:102D0000072BCAE90015CDE92532F0DD24AA3146AA
:102D1000584604F0EBFD00287FF437AEDDE925329C
:102D20000DF19C0AE5E71BEE101A24AA584604F0A0
:102D3000DDFD00287FF429AE269A0DF19C0AFFF7ED
:102D400044BB029B13F0100340F0C180029A12F0C2
:102D5000400200F07A83089850F8042B0890194636
:102D600092B2012351E418F0100355D118F040023B
:102D700000F05D83089850F8042B0890194692B231
:102D8000A8E4524261EB4101CDF808802D200123D7
:102D90003CE41BEE101A24AA584604F0A7FD0028B4
:102DA0007FF4F3ADDDE925320DF19C0A16E61BEE4A
:102DB000101A24AA584604F099FD00287FF4E5ADC6
:102DC000DDE925320DF19C0AFBE518F0010F3FF417
:102DD0000FAB2AE5089399F80030FFF7CDB950AC56
:102DE000DFE418F4007F40F0DB8353F8042B0893F2
:102DF000D1170B46FFF7B6BB089B049853F8041B8A
:102E00000893C217C1E900024C46FFF78BB900BF17
:102E1000582F0020208A0020089B53F8042B089389
:102E200058E4B4EE488BF1EE10FA80F194860B9BD7
:102E3000612B00F05285412B00F0C085039B0133CC
:102E40000B9B23F0200500F08084472D04D1039BC9
:102E5000002B08BF0123039318EE903A002B48F48F
:102E600080724646C0F21886B0EE48AB002390460A
:102E7000099307930B9B413B252B00F29883DFE8D6
:102E800013F06F0496039603960368046C0496038C
:102E9000960396039603960396039603960396036A
:102EA000960396039603960396039603960396035A
:102EB000960396039603960396039603960396034A
:102EC0009603960396039603960368046C04089B86
:102ED00053F8042B08930123FFF797BB139B002B98
:102EE0003FF4CFA9139B1B78002B3FF4CAA999F894
:102EF000003048F48068FFF73FB90B93CDF80880A5
:102F0000FFF7F1BB0B939A4B119318F0200100F0DF
:102F10000581089B073323F00703596853F8082BF2
:102F2000089318F0010F0AD052EA010307D00B9B57
:102F30008DF86930302348F002088DF8683028F4A5
:102F4000806302930223FFF760BB0B93FFF7B6BBCE
:102F50000B93884B1193D8E7089B012153F8042B5E
:102F600002918DF8DC200893059137ACFFF7AFBADA
:102F70001BEE101A24AA584604F0B8FC00287FF46F
:102F800004AD269A0DF19C0A5DE4039B0794062B81
:102F9000224628BF062303942146CDE90C22764C15
:102FA000029305930F92FFF76CBA40215846FBF746
:102FB00017FC20602061002800F00F864023636129
:102FC000FFF79EB8102D259B40F35D8251461026D9
:102FD0001BEE10AA04E00831103D102D40F3528280
:102FE000013366481032072BC1E90006CDE92532CE
:102FF000F1DD24AA5146584604F078FC00287FF4FD
:10300000C4ACDDE9253227A9E6E70E9BCDF8249074
:10301000E31803930D9BCDF82880139E059DDDF8E2
:103020005890DDF83C800B941BEE101A5046002B94
:1030300034D0B8F1000F35D10D9B013B013E0D930B
:10304000159BC0E90039259B01334A44072B269282
:1030500025936CDC0830039B96F800C05B1B63452E
:10306000A8BF6346002B9A460CDD259C01341A4408
:10307000072CC0E900532692259400F3778196F837
:1030800000C00830BAF1000FACBFACEB0A046446D4
:10309000002C0ADC65440D9B002BCAD1B8F1000F4F
:1030A00000F0AC8308F1FF38CAE7102CDDF894C0BB
:1030B00024DD05954FF0100A63460D4604E0103CF0
:1030C000102C00F1080016DD01332C491032072BBB
:1030D000C0E9001ACDE92532F1DD24AA2946584677
:1030E00004F004FC00287FF450AC103C102CDDE907
:1030F000253227A8E8DC2946059D9C460CF10103F2
:1031000022444460072B1D4C0460CDE9253200F3B6
:10311000C68396F800C008306544BCE718F0100379
:1031200000F0C280089B53F8042B0893F9E624AA08
:103130005846059104F0DAFB00287FF426AC269A65
:10314000059927A887E70298CDF81CA050AC00F499
:10315000806000250AEE10BA094BDDF84CA0CDF8CE
:103160001490A3464FF00508AC46044610E000BF9B
:10317000AC140020C0140020D4140020208A0020A9
:10318000CDCCCCCC0A2A71F1000136D34A46314667
:10319000501840F10000A3FB005626F0030505EB94
:1031A0009605401B151A4FF0CC3661F1000E06FB58
:1031B00005F6A5FB039503FB0E6609F0010E2E44F0
:1031C000AEFB085E2D184FEA590930350BF8015C4B
:1031D00049EAC6790CF1010C0BF1FF3B7608002C93
:1031E000D0D09AF800008445CCD1BCF1FF0FC9D0F3
:1031F0000A2A71F1000180F08F815C4650AB1B1BE5
:10320000DDF81490CDF84CA01AEE10BADDF81CA031
:10321000DDF80880CDF838C00593FFF7C2BA1BEE81
:10322000101A24AA584604F061FB00287FF4ADABC5
:103230009DF86710269A0DF19C0AFFF796B8259B1A
:10324000BE48CAF80000013301320120072B269244
:103250002593CAF8040000F377810AF1080A0029CF
:1032600040F0AF800E9908F001030B433FF4C0A873
:10327000109B12991A44CAE90013259B2692013328
:10328000072B259300F352820AF1080A0E99CAF817
:10329000004001330A44072BCDE92532CAF8041057
:1032A0007FF7A4A8FFF7BDBB18F0400200F0DD8057
:1032B000089850F8042B0890194692B231E61BEE9C
:1032C000101A24AA584604F011FB00287FF45DABC5
:1032D000269A0DF19C0AFFF7A3BA22AE082200211C
:1032E00030461D94FDF780FA039B5A1C00F0DB80EA
:1032F0000025CDF80890CDF81C809946A8460CE032
:1033000037A9584603F0F6F9431C404400F0C8833F
:10331000484508DC00F0188480461D9A525933460F
:103320000435002AECD1CDF81480DDF80890DDF8E2
:103330001C80C5E001338249CAF804402244072BAF
:10334000CAF80010CDE925327FF750A8FFF769BB16
:103350001BEE101A24AA584604F0C8FA00287FF47D
:1033600014AB269A0DF19C0AFFF729B824AA5846F7
:10337000059104F0BBFA00287FF407AB96F800C073
:10338000269A059927A87DE6012BCDF808807FF4C1
:10339000F3A9FFF793BB089B049953F8042B4C4601
:1033A00011600893FEF7BEBE01336549CAF80440B8
:1033B0002244072BCDE92532CAF800107FF722AB53
:1033C0007BE4109B12981A44CAE90003259B2692BD
:1033D0000133072B259300F3A9810AF1080A00297C
:1033E000BFF654AF4D42103180F20F831BEE101A1E
:1033F000102605E00AF1080A103D102D40F3058360
:1034000001334F481032072BCAE90006CDE92532B7
:10341000F0DD24AA5846039104F068FA00287FF4EE
:10342000B4AADDE9253203990DF19C0AE4E7089B73
:1034300018F400711ABF114653F8042B53F8042BEB
:10344000089318BFD2B2FFF745B9029B13F400717D
:10345000089B1ABF114653F8042B53F8042B08930A
:1034600018BFD2B20123FFF7D0B8089B18F400713F
:103470001ABF114653F8042B53F8042B089318BFB6
:10348000D2B24EE58A4601332D49CAF804502A4487
:10349000072BCDE92532CAF8001000F339810AF173
:1034A000080AFFF78CBB0023194600961DAA584650
:1034B00003F046F903460133059000F0F1821D94B4
:1034C000059B002B4ED0632B00F31881002307933C
:1034D00037AC082200213046FDF786F9059D00969D
:1034E0002B461DAA2146584603F02AF9854240F092
:1034F0007C83059A0023A35422EAE272CDE90C33BF
:103500009DF86710039302920F93FEF7BABF2D2127
:103510008DF86710FEF7A4BF169B1599ABEB030B54
:103520001A465846FDF75EFA9AF80120054B0AB193
:103530000AF1010A4FF0000C28E600BFDC1400205D
:10354000208A0020CDCCCCCC1BEE101A24AA5846E1
:1035500004F0CCF900287FF418AA1B99269A0DF1E3
:103560009C0A7CE6059B9DF867100F93CDE902331A
:10357000CDE90C330793FEF784BF0E9905986518C3
:103580002D1ACC1AA542A8BF2546FFF74DBB089BB4
:10359000049953F8042B089311804C46FEF7C2BDE2
:1035A00013F9042B0893D1170B46FEF7DBBF039AE0
:1035B000022122AB01931DAB009358461BABB0EE2A
:1035C0004A0B029203F0D8FA472D029A044600F003
:1035D0006181462D104405D12378302B00F06F8295
:1035E0001B9A1044B5EE40ABF1EE10FA40F0468164
:1035F00003461B1B0E93472D00F01081462D00F053
:10360000B5811B9B0C930C9B412D03F1FF331B9346
:1036100000F0E5819DF82C200021002BB8BF0C9B09
:103620008DF87820BABFC3F101032D222B22092B7C
:103630008DF8792040F3DA810DF18F05DFF81CC495
:103640002A4610468CFB0321DA17C2EBA10202EBDB
:103650008201A3EB4101303100F8011C19466329B6
:10366000134600F1FF32ECDC3033D9B2831E9D42A9
:1036700002F8011C40F28B8213460DF17A0201E040
:1036800013F8011B02F8011B9D42F9D10DF19103C2
:103690000DF17A021B1A13441EAA9B1A14930E9B57
:1036A000149A012B1A44059240F30382059B109A49
:1036B0001344059326F48063059A43F4807800232D
:1036C000CDE90C3322EAE2720F930292099B002BA0
:1036D00040F0B1809DF867100393FEF7D2BE2046FC
:1036E000FDF7AEFE02460590FEF720BF1BEE101A56
:1036F00024AA584604F0FAF8FEF7EDBD591C5846C6
:10370000FBF76EF80446002800F0CA810790E0E657
:103710001BEE101A24AA584604F0E8F800287FF49B
:1037200034A9269A0DF19C0AFFF749BA1BEE101A2C
:1037300024AA584604F0DAF800287FF426A9DDE927
:1037400025321B990DF19C0A49E606230393FFF7E6
:1037500083BB039B02215A1C2BE7039A032128E712
:103760001BA8B0EE4A0B03F00FF8B4EE007B20EE7E
:10377000070BB5EE400BF1EE10FA01D101231B93BC
:10378000B348039BB3EE005B013B224604E0B5EE79
:10379000400BF1EE10FA13D020EE050BFDEEC07BCE
:1037A000B3F1FF3F17EE901A415CB8EEE76B944619
:1037B00030EE460B02F8011B194603F1FF33E6D148
:1037C000B6EE006BB4EEC60BF1EE10FA00F34881D2
:1037D000B4EE460BF1EE10FA04D117EE903ADB0787
:1037E00000F13E81002906DB4B1C1344302102F816
:1037F000011B9342FBD1131B0E93FCE60B9C0E9B0B
:10380000DDF82490DDF828801396E3189D422946C0
:1038100028BF194682460591FFF7D8B91B9B0C9328
:10382000DA1C02DB039A93420CDD0B9B023B0B93E9
:1038300023F02005E7E62D2100238DF86710039380
:10384000FEF722BE0C9B0E9A9342C0F2BD80F00799
:103850000C9B40F13281109A13440593710503D5F6
:103860000C9B002B00F33581059B23EAE373029345
:1038700067230B9300230F930D9327E7229B83422B
:10388000BFF4B7AE30215A1C22921970229B984285
:10389000F9D8AEE6F30700F1A780229BA9E624AA97
:1038A0005846059104F022F800287FF46EA896F897
:1038B00000C0269A059927A86544FFF7ECBB1BEECC
:1038C000101A24AA584604F011F800287FF45DA8C5
:1038D000269A0DF19C0AFFF76BB978238DF86930B1
:1038E00030238DF86830039B632B48F0020600F309
:1038F000A6800023079337AC18EE903A002B48F4CB
:1039000081782BDBB0EE48AB0B9B23F02005002326
:1039100009930B9B612B7FF4ADAAB0EE4A0B1BA859
:1039200002F032FFB4EE007B20EE070BB5EE400B49
:10393000F1EE10FA01D101231B93464821E71BEE5B
:10394000101A24AA584603F0D1FF00287FF41DA8BE
:103950001B9B269A0DF19C0AFFF74EB90B9B23F097
:1039600020052D230993B1EE48ABD2E71B9A0C92A8
:10397000002A06F0010340F30D8103990B4340F048
:10398000CF800C9B059366230B93720500F1A380F7
:10399000059B23EAE37302936CE71BEE101A24AA3B
:1039A000584603F0A3FF00287EF4EFAF1B9C0E9B4C
:1039B000269A1C1B0DF19C0AFFF736B958238DE798
:1039C00000220392FEF7DABB0E9B109A9A180C9B0A
:1039D0000592002B40F3AB8067230B93D5E70B9A3E
:1039E0000F32D2B2012118E6A018FBE5002940F001
:1039F000A88030228DF87A200DF17B02303302F856
:103A0000013B1EABD31A149349E601331249CAF89D
:103A100004502A44072BCDE92532CAF800107FF75D
:103A200033AC1BEE101A24AA584603F05FFF00289F
:103A30007EF4ABAFDDE925320DF19C0A26E4591C7A
:103A40005846FAF7CDFE044650B3079054E700BF3E
:103A5000C0140020AC140020208A0020676666662F
:103A6000CDF888C012F8011C90F80FC061451346CC
:103A70000AD14FF0300E03F801EC229B591E22911F
:103A800013F8011C8C45F6D0392916BF0131817A13
:103A9000C9B203F8011CAEE600239046079360E725
:103AA0001BEE102AB2F90C3043F040039381FEF76D
:103AB00016BCF5077FF5FEADF8E50593CEE6B5EE4D
:103AC00040ABF1EE10FA3FF48BADC2F101021B9254
:103AD00087E567230B9313990B78FF2B79D000258B
:103AE0000C9A284603E001300131FF2B08D09342A5
:103AF00006DAD21A4B78002BF5D10B780135F4E7B2
:103B00000C9213910D900F950F9A0D9B16991344DB
:103B1000059A01FB0323059323EAE3730293D5E59A
:103B2000109BD3181944662305910B932DE7C3F11D
:103B300001031A4422EAE2730293672305920B936E
:103B400098E60DF17A0259E7039BDDF80890DDF85D
:103B50001C800593B4E418EE903A002BB4BF2D21DD
:103B60009DF86710254C264BB8BF8DF8671028F0DC
:103B70008008FEF779BC039B0293059373239DF89D
:103B8000671003900F900D900B93FEF77ABC022301
:103B9000149384E5039A134305D10123662202930B
:103BA0000B92059366E6109B01331A4422EAE273F6
:103BB0000293662305920B935CE6089A99F801300C
:103BC000894652F8041B089241EAE1710391FEF71D
:103BD000D3BA00230F930D9396E70C23CBF8003054
:103BE0004FF0FF330493FEF781BB1BEE102A93893D
:103BF00043F040039381FEF7C8BE00BFA414002029
:103C0000A81400202DE9F04F2DED028BADF5377D86
:103C10008B46B1F90C1002AF8C048146FA643B6309
:103C200009D4DBF8643041F4005123F40053ABF8BD
:103C30000C10CBF8643000231C460822194607F10B
:103C40005800FB62A246FCF7CFFD3C647C62BC637B
:103C50007C64834BD3F8E440FDF776F907F1580212
:103C60000346009207F15401FA6C4846A047051E2E
:103C7000FB6C33DB2B44FB647B6D2E46002B00F08A
:103C8000B680012D38D0252B40D0002DE1D0FB6C23
:103C90009E1BDBF80430741E002B40F39880DBF889
:103CA000001094F801C091F800E0A31C0AEB030097
:103CB000E64501F10101A3EB060204F10104A0EBCA
:103CC000060040F09480DBF80430CBF80010013B94
:103CD000AA42CBF80430DFDB8246BAE70133FB644B
:103CE00008224FF6FD73002107F158007B65FCF7B1
:103CF0007BFD7B6D002B7AD05A4EF25C100700F1F1
:103D00001C85252B40F0868001252E46F86C00246A
:103D10000278A046A2F12503411C552B67D8DFE8A5
:103D200013F00A0766006600660066000107660079
:103D300066006600660066000C060C060C060C06A3
:103D40000C060C060C060C060C060C06660066003B
:103D500066006600660066006600180666008E044F
:103D6000C904180618061806660066006600660094
:103D7000820066006600BF04660066006600890077
:103D800066006600660066006B0666006600DD067B
:103D9000660066006600660066001806660090040D
:103DA000CB04180618061806BE06D2068200660066
:103DB000E706F306AC06C104DA06660066008B006F
:103DC0007D00CA06660066006B0666007D005946E7
:103DD000484603F04BFE00283FF461AF7B6C002B9C
:103DE00001F05280BBF80C305A0601F14D803B6C5B
:103DF00043B13B6CD3F80080B8F1000F02D04046CD
:103E0000FAF7E6FC786C07F53577BD46BDEC028B1A
:103E1000BDE8F08FFB6C01255E1E3AE72307E6D173
:103E20004278084676E72207E1D1427844F002045E
:103E300008466FE744F00104F9640225DBF804301A
:103E4000002B40F30884600640F10F846B1E032BA7
:103E500001F2EB80DFE813F07B02F1014B01080077
:103E600024900020FD120020484602F039FA036831
:103E70003B6208F1FF33B3F5AE7F40F25A856FF431
:103E8000AE7508EB05033B6140F25D18002607F5AF
:103E9000B87308EE109AC7E90566FE637E63FE619B
:103EA000BE6444F4F064BB621D464646DBF8001075
:103EB0000A78A2F12B034E2B50D8DFE813F07E03D3
:103EC0004F007E034F004F00A300A600A600A600EF
:103ED000A600A600A600A600A600A6004F004F0060
:103EE0004F004F004F004F004F0074030B030B03B4
:103EF0000B039E0394034F004F0084034F004F00B9
:103F00004F004F005D034F003A034F004F004F003A
:103F100033034F004F004F001E036D034F004F004F
:103F20004F004F004F004F004F0074030B030B0373
:103F30000B039E0394034F004F0084034F004F0078
:103F40004F004F005D034F003A034F004F004F00FA
:103F500033034F004F004F001E036D03A0056FD5C4
:103F6000386A037893426BD1C7E902457E60814687
:103F700018EE106A4FF000085C4607E0216091F8E7
:103F800000E099F8000086451CD1DA4619F8010FC7
:103F900045460AF1010B013108F10108002800F043
:103FA00064866068013800286060E7DC214630469E
:103FB00003F05CFD30B9216899F8000091F800E049
:103FC0008645E2D0A3463A6ABC683D612B46B146BD
:103FD000BE6CFD68BD6401335D4602EB0308B34669
:103FE0002646144618F8011D2A46484603F0FEFCF2
:103FF0004445F7D13B693446AAEB030A5E46AB461B
:10400000BD6C20E0E00500F10185BB6CF96BD94285
:1040100016D124F4C07405F8012B013EDBF80430FE
:10402000013B002B0AF1010ACBF8043040F36F8307
:10403000DBF800300133CBF80030002E7FF436AFD0
:10404000BE6C18EE109A7B6B002B40F0DC82FB6B91
:10405000013B012B41F21680731E062B40F227868E
:10406000E3051BD5660501F1B58015F8011C65292E
:1040700005F1FF330AF1FF360AD0452908D05A4628
:10408000484603F0B3FC15F8021CAAF10206AB1E69
:104090005A464846B2461D4603F0A8FC14F01002EA
:1040A0007FF4D7AD04F4C063B3F5806F2A7000F0DD
:1040B000D284BB69002B40F02C874846B96A0022A5
:1040C000FBF7BEFFE0073B6B00F1C985A10700F1DC
:1040D000C685B4EE400BF1EE10FA53F8044B80F1B4
:1040E000F486B7EEC00B3B6384ED000AA2E308F14F
:1040F000FF33B3F5AE7F40F2A2836FF4AE7208EBEC
:104100000203FB6340F25D1807F5B8730022BE6B33
:10411000BB62594644F45864D3461D4692460A6829
:104120001078A0F12B034D2B60D8DFE813F082024A
:104130005F0082025F005F00CD02E001E001E0016C
:10414000E001E001E001E0016F026F025F005F004B
:104150005F005F005F005F005F004E004E004E009A
:104160004E004E004E005F005F005F005F005F008A
:104170005F005F005F005F005F005F005F005F0047
:104180005F005F005F005F0076025F005F005F001E
:104190005F005F005F005F005F004E004E004E005A
:1041A0004E004E004E005F005F005F005F005F004A
:1041B0005F005F005F005F005F005F005F005F0007
:1041C0005F005F005F005F0076020A2E0EDD24F4C0
:1041D00038644B6805F8010B013B002B4B6040F342
:1041E0008D8201320A60B8F1010898D1E005D0460D
:1041F000BE63DA468B4607D5BB6A9D4200F2228435
:10420000BB6A9D423FF4F3AD14F0100210D1B96ABD
:10421000BB6BFE6A2A704846B047A10640F108848D
:104220003B6B53F8042B10603B637B6C01337B6466
:10423000BB6AED1A4544AA440BE5B8F1000F08BF6C
:104240004FF0FF38E00740F1958214F010037B63D4
:1042500040F07484210640F166863C6B54F8043BC0
:10426000FB63002B3FF4C3AD8020FAF7A9FAB864D2
:10427000002800F07887FB6BBA6C1A603A6CD5881E
:1042800093889D4280F052851068FB6B40F8253082
:104290003B6C3C630135DD80BB6CBB6220233B6221
:1042A000DBF80030B14E1B78F35C13F0080340F0EC
:1042B000BB847C6A7E621D46FCF746FEA8423FF442
:1042C0008DADDBE9003207F5B87013F8011B4155DD
:1042D000013A032CCBE9003205F1010507F168062C
:1042E00002D13368042B04D0082200213046FCF7A9
:1042F0007BFA07F5B872B96C00962B46484602F077
:10430000CFF9421C04463FF469AD002840F07884A0
:10431000BB6C186002F020FA002840F05C86AA44CA
:1043200008F1FF387B6B002B40F03386BB6CFA6BD7
:104330000433BB64002A00F02C86BA6A9D1A3B6ADB
:10434000B3EBA50F40F256877D6B00F05CBCB8F173
:10435000000F08BF4FF0FF38E00740F17B8214F0F8
:104360001003BB6240F0F383210640F1ED853E6B04
:1043700056F8043B3B62002B3FF439AD8020FAF73E
:104380001FFA0446002800F0EE863B6A3A6C18607B
:10439000D58893889D4280F0DD8410683B6A40F8A0
:1043A00025303B6C3E630135DD802023FC61BB6121
:1043B0007E6AC7F83CA00025C246A046FCF7C4FDB3
:1043C000A8423FF40BADDBE9003213F8011B013AC0
:1043D00007F5B870CBE90032032E05F10103415512
:1043E000BB6407F1600402D12368042B04D00822C7
:1043F00000212046FCF7F8F907F5B872BB6C009471
:104400004146484602F04CF9421C06463FF4E6ACF1
:10441000002840F0CA82C8F80000054607F168038A
:104420000822002118467B63FCF7DEF950497B6BBC
:10443000D1F8E0102A4648460D4607F15001A8473A
:10444000012800F0D583002207F170039B5C002B4C
:1044500000F0A185FB6BBA6C032E1344FB6300F0E4
:10446000CA830AF1FF3ABB6A5BB93B6A08F10408E8
:104470003BB1FB69A8EB0304BB69B3EBA40F40F2AB
:104480000584DBF80430002B4FF0000540F39682E2
:10449000BAF1000F92D1D7F83CA07E624446BB6AC5
:1044A000002B7FF4D6AB23603B6A002B00F0C28167
:1044B000FB69BA69E11A8B1001339A4240F2BA8162
:1044C0003C6A04312068FAF747FC002800F0B2810A
:1044D0002060AFE121057FF5B3ADFB6BB96C5B18D4
:1044E0007FF4AEADBB6424F4C074FB6393E5214B51
:1044F00024F4386433F916606BE604F41863B3F5FA
:10450000807F7FF49DAD7B6B012B7FF499AD3023D1
:1045100005F8013B24F48074002344F40064013E58
:104520007B6378E5BB6C062B40F074850723BB6486
:1045300071E523057FF584AD04F4A063B3F5806FC6
:1045400005D061057FF57CAD7B6B002B47D0A305C3
:1045500004D47B6BF9695B1AC7E9055324F47864CA
:10456000002344F4C0747B6355E500BFFD120020B6
:1045700024900020342F0020FB6B002B00F0FF81E3
:10458000FB6B022B00F0B083BB6C012B00F0F181C0
:10459000042B00F0EE8153E5BB6C072B40F03A850D
:1045A0000823BB6437E5200500F1F981FB6B012B83
:1045B0007FF446AD0223FB632DE523067FF540AD76
:1045C00024F0800427E5BB6C002B40F0CC817B6B92
:1045D000B3B904F4E063B3F5E06F00F02085BE6C7E
:1045E00018EE109A33E5210500F1B781BB6C022B60
:1045F00040F010850323BB640DE520059CD56CE7D6
:10460000BE6C18EE109A24F4807420E58D4B33F9BB
:104610001660082E3FF7DBADE8E504F4C063B3F5A0
:10462000007F7FF4E3AD24F4007444F4A06410260A
:10463000CFE523067FF5DAAD24F08004C9E544F028
:104640000104DBF80430F964002B44F040044FF01F
:1046500000053FF7F8AB5946484603F007FA002833
:104660007FF4BCAB60063FF5F1ABDBF80020764E83
:104670001378F35C19077FF5E9ABDBF80430013BF5
:10468000002B0AF1010ACBF8043002F101024ADDE5
:10469000CBF800201378F35C19077FF5D7ABECE774
:1046A00044F00104694BFB620823F964BB630325F2
:1046B000FFF7C4BB44F00104654BFB620A23F964B5
:1046C000BB630325FFF7BABB23057FF582AD16B99F
:1046D00044F400740826630500F1A681FB6B24F402
:1046E00060741BB1013BFB6308F101084B68013B9F
:1046F000002B0AF1010A4B603FF773AD4846B964DD
:1047000003F0B4F9B96C00283FF46DAD6EE518EE16
:10471000100A594603F0AAF900287FF491AC002E44
:104720007FF4C4AB8CE45946484603F09FF9002857
:104730007FF454ABDBF800209AE7DBF804200FE0AD
:10474000DBF800301A78B25C110703F101037FF542
:1047500080AADBF80420013ACBE900320AF1010A11
:10476000002AEDDC5946484603F080F90028E7D0DE
:10477000FFF76FBAE10600F1498314F0800400F0FE
:10478000AB833C6B54F8046BBE64002E3FF42FAB3C
:104790002020FAF715F80546002800F062843A6CEC
:1047A00030609388D6889E4280F0A8821068BB6CE7
:1047B00040F826303B6C3C630136DE802023FB63EF
:1047C000DBF80020204E1178715C080700F1AC8204
:1047D00033462C4610462E46DBF80410BA6C0139DD
:1047E000CBF80410411CCBF800103546017805F8D1
:1047F000011B22B1FA6B2E1B964280F07A83B8F12E
:1048000001080BD0DBF8041000292E4640F3AE83DC
:10481000DBF800000178595C0907DDD5291B8A44C3
:1048200001314FF000032B70BB6C1BB1FB6B8B4253
:1048300000F294837B6C01337B64FFF70ABA002398
:10484000FB6361E4342F0020FD120020F9E3000037
:1048500099E20000E60600F1818114F0800400F086
:104860006D833C6B54F8046BBE64002E3FF4BFAA0A
:104870002020F9F7A5FF0546002800F0F2833A6CE6
:1048800030609388D6889E4280F07A821068BB6C34
:1048900040F826303B6C3C630136DE802024DBF898
:1048A000002007F1700319461378CB5C002B3FF40E
:1048B0009EAA08EE109AD7F84890C7F83CA02E465A
:1048C000A24610460C46DBF80410431C0139CBE924
:1048D00000312946007801F8010BB9F1000F02D030
:1048E0008D1B55457AD20D46B8F101080AD0DBF888
:1048F0000410002940F36A81DBF800000178615C54
:104900000029E0D1544618EE109AD7F83CA0AE1B0F
:104910003FF46DAA4FF000032B70BB6C1BB1711CF0
:104920008C4200F22D837B6C0133B2447B64FFF731
:1049300090B900233B61FFF7A9BA14F08F0F7FF401
:1049400056AA08EB880802EB4808A8F13008FFF7E0
:1049500067BAF9640425FFF771BAFB6BB96C5B1891
:104960007FF444AEBEE5BB6C032B02D0052B7FF475
:1049700067ABBB6C0133DBB2BB64FFF74CBB7B6B3B
:10498000002B7FF401AE04F4E063B3F5E06F7FF435
:10499000FBAD012324F4F064FB63FFF73CBBFB6B2E
:1049A000B96C5B187FF402AE9CE5831C40F05B841D
:1049B000DBF80430BD6C002B3FF700AD594648468C
:1049C00003F054F800283FF463ADD7F83CA07E62B2
:1049D0004446002D3FF463ADFFF700BA4FEA4A0AA0
:1049E00030465146FAF7B8F90646002800F03983F8
:1049F0000544C9F8000077E744F40074BC4BFB623F
:104A00001023F964BB630325FFF718BA7B6B0133EE
:104A10007B633B6924F08004002B3FF4FEAA3B69D2
:104A2000013B3B61FFF7FABA24F4B064FFF7D1BB56
:104A3000220740F1C7813B6B53F8042B3B63107096
:104A4000FFF7F3BB15F8011C5A464846013D02F03A
:104A5000CDFFFFF7D5BBFB697A6B93423FF42DABDB
:104A60009A1A07F2C3239D4228BF07F2C225A14923
:104A7000284601F093FBFFF720BBE20600F13181ED
:104A8000230700F1BA81660740F1B4823B6BF964F9
:104A900053F8042B3B63A2F800A0FFF7DAB8230712
:104AA0007FF4A5A94278682A00F0868144F00404C6
:104AB0000846FFF72FB98E4BFB620A23F964BB63EC
:104AC0000325FFF7BBB98C4BFB620023F964BB6382
:104AD0000325FFF7B3B944F408748FE707F17000BA
:104AE00001F056FA44F04004F8640125FFF7A6B936
:104AF00022077FF47CA942786C2A00F0578144F0A9
:104B000001040846FFF706B914F08F037FF46FA97C
:104B10003A6C002A00F0E781427844F080040846AD
:104B2000FFF7F8B858EA04087FF461A94278102426
:104B30000846FFF7EFB8F964FFF7A7B800233B6218
:104B4000BB62FB6307F15403BB64FFF7A9BB0023FF
:104B5000C7E906333B6207F1540429E4DBF800306F
:104B600007F1700211461A788A5C002A3FF43FA9C7
:104B70000133CBF80030DBF80430B8F1010F03F15A
:104B8000FF33CBF8043018BF0C4614D1FFF753BBEA
:104B9000DBF800301A78A25C0133002A3FF44BABFB
:104BA000CBF80030DBF804300135013B4545CBF84C
:104BB00004303FF440AB002BEADC5946484602F093
:104BC00055FF0028E4D0AA44FFF743B818EE100AB6
:104BD000594602F04BFF00283FF48EAEB5425446D2
:104BE00018EE109AD7F83CA07FF491AEFFF7F6B814
:104BF00097F8502028E42368042B7FF432AC32E489
:104C0000831C40F03983DBF80430002B40F3D7815C
:104C1000DBF800307A6A1B78D35C180703D4B8F14C
:104C2000000F7FF449AB7C627B6B002B7FF411A8F3
:104C3000BA6C1360FB6B002B3FF4FCADBB6AD11A5E
:104C40008B103A6A01339A427FF6F4ADFC6B043163
:104C50002068FAF781F800287FF43AACEAE553F8C7
:104C6000042B82ED000B3B63E4E5FD68396A7E6846
:104C700028464246A346BC6801F000FB7B6BFB6103
:104C800024F42074013E0546FFF7C8B9F869D9003D
:104C90001D46FAF761F8F861002800F064823A6A6C
:104CA0006B0000EB04081060BB61FFF7EABB022E4B
:104CB00040F2C482032E3FF4D3A9043E5FFA86F883
:104CC0006FEA0803EE1815F8011D5A46484602F02F
:104CD0008DFEAE42F7D10AF1FF3AAAEB080AFFF7C0
:104CE000BFB9F964FEF7B5BF0323FB63FFF793B9C0
:104CF000F9E30000F412002099E200004FF6F6728A
:104D0000934200F297823A6C08339BB21068F863C2
:104D100099007B63FAF720F8002800F07B823A6C58
:104D20007B6B9380106042E501217AE54FF6F672C5
:104D3000934200F2938208339EB23B6CB100186834
:104D4000FAF70AF83B6C002800F03E829E8018605B
:104D5000FFF79BBA4FF6F672934200F27F823A6CED
:104D600008339BB299001068BB64F9F7F5FFBB6C80
:104D7000002800F028823A6C93801060FFF70EBB89
:104D80004FF6F672934200F255823A6C08339BB2AA
:104D90001068F86399007B63F9F7DEFF002800F0E4
:104DA00039823A6C7B6B9380106070E5827844F0B6
:104DB00002040230FEF7AEBF827844F008040230ED
:104DC000FEF7A8BF630758D414F001027FF428AAA5
:104DD000A6077FF525AAB34BF96A99424846BB6BF3
:104DE000B96A00F03D8201F035FB3B6B53F8042BB0
:104DF0003B63C2E90001FFF718BA3B6BF96453F853
:104E0000042B3B6382F800A0FEF723BFDBF80030E1
:104E1000A54E1A78B25C12073EF51BAF0133CBF8F2
:104E20000030DBF80430B8F1010F03F1FF33CBF8A9
:104E3000043008BF0AF1010A3EF40BAF012411E06F
:104E4000DBF800301A78B25C150703F1010311D4C6
:104E5000CBF80030DBF804300134013B4445CBF89B
:104E6000043007D0002BEBDC5946484602F0FEFD2B
:104E70000028E5D0A244FEF7ECBE3B6B53F8042BB0
:104E80003B631080FFF7D1B93B6C002B00F06E81C3
:104E90003B6CD3F80080DE8876B10024A8F10405CD
:104EA000A14655F8043F1868F9F792FC01342B68C5
:104EB000A642C3F80090F4D14FF0FF337B64B8F101
:104EC000000F7EF49CAFFEF79DBF78483B63FCF774
:104ED00073FB84ED000AADE43A6BFC6352F8045BAB
:104EE0003A63BC646CE482B0CDE9023302AB3B644C
:104EF00012E67B63530020461946FB63F9F72CFF4B
:104F00000446002800F0AD80BB6C851918607B6BEF
:104F100075E47D6929460A2301314846FBF79CF96F
:104F2000BB69C21A9DE5D7E90C3253F8041B3A62FB
:104F3000B9643B63BA62FA63FFF7B2B93B6BBC6416
:104F400053F8045B3B63AAE43B6BBA6A53F8044B27
:104F5000BA61C7E907223B63FFF72ABABC6C206835
:104F6000F9F7FAFE00287FF4B3AA63E459464846ED
:104F70007B6302F07BFD7B6B00283FF449AC4DE482
:104F800018681C46F9F7E8FE00283FF4CCAC206016
:104F9000C9E4002537E6BD6CD7F83CA07E624446E4
:104FA000002D3FF47CAA013D07F5B8735A46595DC0
:104FB000484602F01BFD002DF5D1FFF770BA5946A7
:104FC000484602F053FD00283FF422AE7C62002DDB
:104FD0007EF404AF28E67C62002D3FF425AE013D4F
:104FE00007F5B8735A46595D484602F0FFFC002D9C
:104FF000F5D119E6E5073CD4A4073AD53B6BF96433
:1050000053F8042B3B634FEAEA73C2F800A05360E5
:10501000FEF71FBE18EE109A1E46FFF714B80123C4
:1050200024F4F064BB64FEF7F6BFB8F1010F38BF9B
:105030004FF0010814F001033AD1E50600F1368182
:10504000240640F14C813B6B53F8045BBB64002D9C
:105050003EF4CDAE4046F9F7B3FB0346002840F0DE
:10506000DC803B6C002B00F08180D3F80080DE8870
:1050700012E73B6BF96453F8042BC2F800A03B63C2
:10508000FEF7E7BD2B46BD6AAB427EF6B0AE1C46CE
:1050900014F8011D5A46484602F0A8FCAC42F7D16C
:1050A000FEF7A5BEF9E30000FD120020D883002022
:1050B00014F010037B635ED00025FD63BD642E46B3
:1050C00000244B46C146A84625461C46FBF73CFF3C
:1050D000A8423EF483AEDBE9003213F8011B013A2B
:1050E000CBE900327A6A07F5B870032A415505F119
:1050F000010307F1680502D12A68042A06D00822B4
:1051000000212846BB62FBF76FFBBB6A009507F5E1
:10511000B87231462046BB6201F0C2FA431C786285
:105120003EF45CAEBB6A002840F047817A6B02B95E
:1051300032609A4409F1FF397B6B002B40F0758196
:10514000BB6C002B00F07081FB6BF51AB8EBA50F60
:1051500000F26A8118464FEAC801F9F7FDFDF863CD
:10516000002840F05C813B6C002B2DD14FF0FF33C9
:105170007B64FEF747BE220640F18F803C6B54F8FB
:10518000043BBB64002B3EF432AE8020F9F718FBE1
:1051900006460028E7D0BB6C18603B6CDD889A8817
:1051A0009542C0F0B3804FF6F6718A4256D8083265
:1051B00093B23A6CFB6399001068F9F7CDFDFB6B75
:1051C000002840F0AE803B6CDB883A6C1E46D2F87B
:1051D000008061E62B46BD6AAB427EF608AE1C46F7
:1051E00014F8011D5A46484602F000FCAC42F7D1C3
:1051F000FEF7FDBD1046D9001E46F9F7ADFDB862B9
:105200000028B0D04219BA64FA6B7D6B106073004D
:105210003B62F8E4D7F83C803EE6396C2860CE88E3
:105220008A889642C0F08E804FF6F6718A423863C3
:1052300040F2A5803B6CD3F800802DE6BA6A954217
:105240007EF6D5AD2C46BD6A14F8011D5A46484677
:1052500002F0CCFBAC42F7D1FEF7C9BD2B46B4E758
:1052600001F0C8F9C1E5D8F800301D4601337FF4DC
:10527000D5A82A46FFF7E8B8BB6C186801F06CFAAD
:1052800000287FF4A8AE032CAA447FF449A8336811
:10529000042B7FF445A8FFF745B8D7E90C3253F843
:1052A000046B3B631546FA63BA6409E71C46DBF8F6
:1052B0000430984539DDDBF800201A44CBF8002093
:1052C000594648461C44A8EB030802F0CFFB0028CF
:1052D000EDD0002C3EF482ADA244FEF7BABC3D6B8B
:1052E00043462968CDF800B00122484602F0DCFBB5
:1052F000044600283EF472AD0435BD647B6C013376
:105300007B64BB6C3B63A244FEF7A3BC1868BB6C18
:1053100040F825303B6C3C630135DD80FE63202581
:10532000CEE63A6C93801060F1E7A3EB0803CBF86C
:105330000430DBF8003044444344CBF80030A2444E
:10534000FEF787BC0A68FA63FA6B42F826503A6C9B
:105350000136B6B2D6801946CDF800B043460122D8
:10536000484602F0A1FB0446D8B18045C6D928685A
:105370002146F9F7F1FC0028C0D02860BEE73B6C5D
:10538000083294B21A687A631046A100F9F7E4FC77
:105390007A6BF86300285BD03B6C9C8018603B6B99
:1053A000D2E77B6CD7F83C80002B3FF475ADBBF89F
:1053B0000C305B067EF51DAD6AE57A6A02321DD1BE
:1053C000DBF80420002A1D463FF780AE59462046F0
:1053D00002F04CFBE0B9B9F1000F7FF477AE45461F
:1053E000A146BB6C23B1FB6BF11AB5EBA10F27D81B
:1053F0007B6B002B7EF42DACFFF71CBA9A447B6AC2
:10540000032B7FF497AE2B68042B7FF493AE93E6C7
:10541000A1462C464546002CE3D0FEF7DFBCBA6C13
:10542000461910604FEA48080436DBF80430002BB8
:105430004FF00005CADDB9F1000F7FF447AECEE7AB
:10544000BC6C2068F9F788FC0028D1D02060CFE739
:10545000904621E5436C70B505460C464BB153F8B8
:10546000240080B1026843F824200023C0E90333FC
:1054700070BD2122042101F0AFFA034668640028C0
:10548000EDD1002070BD012101FA04F6721D9200D9
:10549000284601F0A1FA0028F3D0C0E90146E4E76C
:1054A00031B1436C4A6853F82200086043F8221077
:1054B000704700BF2DE9F0410E6980460F461D463A
:1054C00001F1140E0020DEF800108CB202FB045330
:1054D000090C4FEA134C02FB01CC01309CB204EBE7
:1054E0000C4486424EF8044B4FEA1C45EBDC3DB1C0
:1054F000BB68B34207DD07EB860301365D613E61A1
:105500003846BDE8F081796840460131FFF7A2FFD7
:105510000446B0B13A69023207F10C0192000C3036
:10552000F5F798FDD8F844307A6853F822103960BE
:1055300043F82270274607EB860301365D613E6122
:10554000DEE7034B03482246BA2101F059F900BFB8
:1055500010110020901200202DE9F8431746274A29
:105560001E4608330C46092E82FB03124FEAE373F2
:105570000546C3EB620339DD4FF0010C00214FEA11
:105580004C0C634501F10101F9DC2846FFF762FF8D
:10559000014668B3089B4361092F4FF00103036183
:1055A00012DC0A340927BE420BDDF21BA61814F8E0
:1055B000013B0A22303B2846FFF77CFFA64201460A
:1055C000F5D10846BDE8F88304F10909C8463C4412
:1055D00018F8013B0A22303B2846FFF76BFFA04535
:1055E0000146F5D1A7F108044C44DCE70021CCE7E3
:1055F0000A46034B0348D32101F002F9398EE33800
:105600001011002090120020030C1B04D3B90004D9
:10561000102310F07F4F04BF0002083310F0704FCA
:1056200004BF0001043310F0404F04BF8000023378
:10563000002805DB10F0804F03F1010308BF202391
:10564000184670470023E4E7036813F0070208D008
:10565000D9071FD49A0722D55B08036001221046A0
:10566000704799B209B91B0C1022D9B209B9083296
:105670001B0A190704BF1B090432990704BF9B08C2
:105680000232D90703D45B0802F1010205D003609E
:10569000104670470022104670472022DFE79B0823
:1056A000022203601046704738B5436C04460D462D
:1056B0004BB15868B0B102685A6000220123C0E9BA
:1056C0000435C26038BD2122042101F085F903466A
:1056D00060640028EDD1094B0948002240F24511D1
:1056E00001F08EF81C220121204601F075F90028F6
:1056F000F1D001220223C0E90123DEE710110020CE
:10570000901200202DE9F04F0E691569AE4285B068
:105710008846144605DB2A46234635460C4616467F
:105720009846A3686168AF19BB42B8BF0131FFF763
:1057300091FE0190002800F08780019B03F114097D
:1057400009EB870AD14505D24B46002243F8042BCA
:105750009A45FBD808F1140808EB860B04F11403F2
:10576000D8451A4603EB85055FD22B1B153B23F06A
:10577000030304331534A54238BF0423CDE902A73F
:10578000AC461F46924605E0090C29D1C34509F1F4
:10579000040948D958F8041B8DB2002DF4D05646A0
:1057A0004C46002356F8041B22681FFA81FE90B273
:1057B000090C05FB0E00120C034405FB012202EB51
:1057C00013429BB243EA0243B44544F8043B4FEA18
:1057D0001243E7D849F8073058F8041C090CD5D013
:1057E000D9F8003050461A464C4600260588120C5F
:1057F00001FB052216449BB243EA064344F8043BEE
:1058000050F8045B22682D0C93B201FB053303EBC7
:10581000164384454FEA1346E8D8C34549F8073094
:1058200009F10409B6D8DDE902A7002F02DC05E082
:10583000013F03D05AF8043D002BF9D0019B1846D4
:105840001F6105B0BDE8F08F034B0448019A4FF487
:10585000B17100F0D5FF00BF1011002090120020A0
:1058600012F003032DE9F0411446064632D10D46ED
:10587000A41020D0D6F84080B8F1000F33D0E30751
:105880004FF0000707D4641015D0D8F80000A8B175
:105890008046E307F7D5424629463046FFF732FFF8
:1058A000B5B16968736C641053F821202A6043F81D
:1058B00021500546E9D12846BDE8F08142464146DF
:1058C0003046FFF71FFFC8F8000007608046E0E79A
:1058D0000546D8E7013B0F4A52F823200023FFF783
:1058E000E9FD0546C4E701213046FFF7B3FD8046D8
:1058F00040B1012340F27122C0E904320023306438
:105900000360BCE7044B0548424640F2451100F0F5
:1059100077FF00BF68850020101100209012002042
:105920002DE9F0470D4614462F69AB68496807EB2F
:1059300062177E1C9E4280464FEA621904DD5B00BE
:105940009E4201F10101FADC4046FFF783FD8446E7
:10595000002852D0B9F1000F00F114020EDD09F158
:1059600005014FEA810E134600EB8101002043F848
:10597000040B8B42FBD1AEF114031A44296905F1E3
:10598000140314F01F0E03EB81012ED0CEF1200979
:1059900010464FF0000A1C6804FA0EF444EA0A04A8
:1059A00040F8044B53F8044B994224FA09FAF2D810
:1059B0004B1B153B23F00303043305F11500814213
:1059C00038BF0423BAF1000F18BF374642F803A0CE
:1059D000D8F844306A68CCF8107053F82210296067
:1059E000604643F82250BDE8F087043A53F8040BB0
:1059F00042F8040F9942F9D8EAE7034B034862469C
:105A00004FF4EF7100F0FCFE101100209012002006
:105A10000B6984460069C01A16D10CF1140C1431BC
:105A20000CEB830210B401EB830301E0944508D230
:105A300052F8044D53F8041D8C42F7D005D24FF0B4
:105A4000FF305DF8044B7047704701205DF8044B50
:105A5000704700BF2DE9F84F0F691369FF1A002F37
:105A60000E4690467FD101F11405143202EB8302F9
:105A700005EB830301E09D4278D253F8041D52F8F0
:105A8000044DA142F7D069D37168FFF7E3FC81466A
:105A9000002877D03569D8F81020C76008F1140EB7
:105AA00006F1140009F1140A06F110010EEB82024E
:105AB00000EB850756464FF0000C5EF8044B51F89A
:105AC00004BFA3B21CFA8BFCACEB03034FEA144CEB
:105AD000CCEB1B4C0CEB234C9BB243EA0C437245C2
:105AE00046F8043B4FEA2C4CE7D8A2EB08011539E5
:105AF00008F11508424521F0030404F1040438BFFD
:105B00000424204421F0030238BF0022874252447B
:105B1000544418D92646014651F8043B1CFA83FC2C
:105B20004FEA2C4202EB13421FFA8CFC4CEA024370
:105B30008F4246F8043B4FEA224CEDD8013F3F1A12
:105B400027F00307E21923B952F8043D013D002B69
:105B5000FAD0C9F810504846BDE8F88F33460127FF
:105B60004646984690E7F9DB00278DE70021FFF7CE
:105B700071FC814668B101220023C9E9042348462B
:105B8000BDE8F88F064B07484A4640F2452100F031
:105B900037FE034B03484A4640F2372100F030FEFF
:105BA000101100209012002082B08DED000B164BDA
:105BB000019A1340A3F15073002B06DD0022194611
:105BC000104641EC100B02B070475B42B3F1A07F6E
:105BD0004FEA235209DA4FF40023134100221946F9
:105BE000104641EC100B02B07047A2F114031E2BBB
:105BF000DABF4FF00042DA40012200231946104676
:105C000041EC100B02B070470000F07FF8B504695A
:105C100000F1140606EB8404271F54F8045C2846A0
:105C2000FFF7F2FCC0F120030A280B601BDDBE4227
:105C30000BD20B3854F8081C2ED145F07F5343F497
:105C400040130A4643EC102BF8BDB0F10B01F4D021
:105C500005FA01F141F07F53002143F440130A4655
:105C600043EC102BF8BDC0F10B0C25FA0CF1BE4231
:105C700041F07F5338BF54F8081C00F1150034BFC1
:105C800021FA0CF1002105FA00F0014343F440131E
:105C90000A4643EC102BF8BDC0F1200C854021FAD8
:105CA0000CF345EA0307A4F10805AE4201FA00F13E
:105CB0003CBF54F80C0C20FA0CF047F07F5338BF6F
:105CC000014343F440130A4643EC102BF8BD00BFD8
:105CD0002DE9F043884683B0012157EC106B15463F
:105CE000FFF7B8FB0446002851D0C7F30A59C7F3A1
:105CF0001303B9F1000F01D043F48013002E019378
:105D000018D101A8FFF7A0FC019A6261012200F1FD
:105D100020032261B9F1000F25D0A9F2334909EB24
:105D200003022046C3F13503C8F800202B6003B0FE
:105D3000BDE8F08368460096FFF786FC034610B383
:105D4000DDE90002C3F1200102FA01F10143DA406A
:105D500061610192002AA26114BF02220122226124
:105D6000B9F1000FD9D1A3F23243C8F8003004EBE7
:105D700082031869FFF748FCC0EB421320462B60F2
:105D800003B0BDE8F083009A6261019AE2E7034B39
:105D90000348224640F20F3100F032FD101100207E
:105DA00090120020F0B583B00E4669460746FFF713
:105DB0002DFF01A9304655EC104BB0EE407BFFF7AC
:105DC00025FF33693A69D21ADDE900315B1A03EB2A
:105DD0004213002B09DD17EE902A02EB035545EC28
:105DE000174B87EE000B03B0F0BD10EE902A51EC7C
:105DF000100BC3EB033302EB035141EC100B87EEA6
:105E0000000B03B0F0BD00BF0139491101F1010CD5
:105E1000116902F1140303EB81018B4200EB8C0C3E
:105E200017D210B5A0F1040E53F8044B4EF8044FEE
:105E30009942F9D88A1AA2F1150323F00303043317
:105E40001844844504D9002340F8043B8445FBD81A
:105E500010BD844505D9002340F8043B8445FBD898
:105E60007047704703694A11934200F1140009DA40
:105E700000EB830302E053F8042DC2B98342FAD841
:105E80000020704710DD11F01F010DD010B450F844
:105E9000224000EB820324FA01F28A4094420CD0A3
:105EA00001205DF8044B704700EB8203E6E7012018
:105EB000704753F8042D002AF2D18342F9D800200C
:105EC0005DF8044B704700BF70B500294BD0064603
:105ED0000C4610B1436B002B48D0636ED80734D505
:105EE000B4F90C30002B3ED02146304600F094F837
:105EF000E36A054633B1E169304698470028B8BFE8
:105F00004FF0FF35A3891A063CD4216B41B104F14F
:105F10004003994202D03046FBF7A4FB00232363E1
:105F2000616C21B13046FBF79DFB00236364FAF7F7
:105F30007BFB636E0022DB07A2811FD5A06DFBF700
:105F400071FAFAF777FB284670BDA3899905CBD47F
:105F5000A06DFBF769FAB4F90C30002BC4D1656E63
:105F600015F0010505D00025284670BDFAF73EFB67
:105F7000B3E7A06DFBF75AFA284670BDA06DFBF79A
:105F800055FADBE721693046FBF76CFBBDE700BF44
:105F900070B50C785E2C86461ED00022481C9446B4
:105FA0000EF1FF330EF1FF0103F8012F8B42FBD1FD
:105FB00084B18CF001010EF80410451C15F8013C69
:105FC0002D2B0ED05D2B03D01BB11C462846F2E7CB
:105FD000284670BD013870BD01224C78881C94465B
:105FE000DEE790F801C0BCF15D0FEED06445ECDC5B
:105FF000661C02300EEB060202F8011BA2EB0E0338
:10600000013B9C45F8DCACEB0403013B6445A8BFB5
:10601000002302359C19D1E7B1F90C202DE9F0419C
:106020000C461107804647D4636842F40062002B97
:10603000A2815EDDA56A002D58D00023D8F800604B
:10604000C8F8003093B212F4805256D10123E169AE
:106050004046A847431C67D0A389A56A5F0705D5BA
:106060006368C01A236B0BB1E36BC01AE169024687
:1060700000234046A847411C41D1D8F80030002BEE
:106080003DD01D2B01D0162B56D1A3892269226049
:1060900023F4006300216160A381216BC8F80060D4
:1060A00021B304F14003994202D04046FBF7DAFAEB
:1060B00000202063BDE8F0812669BEB193B2256857
:1060C00026609A070CBF63690023AD1BA3600BE039
:1060D0002B463246E169676A4046B847B0F1000C8A
:1060E000A5EB0C05664417DD002DF1DC0020BDE8B2
:1060F000F081E36B002B9DDCF8E7206DAEE7B4F98F
:106100000C302269226023F40063A3810022DB04A7
:106110006260C2D52065C0E7A38943F040034FF019
:10612000FF30A381BDE8F081D8F80030002B93D078
:106130001D2B06D0162B04D0A38943F04003A38166
:10614000D5E7C8F80060D1E738B50C46054608B178
:10615000436B03B3B4F90C0088B1636EDB0701D461
:1061600081050FD528462146FFF756FF636EDA07F3
:10617000054602D4A3899B0508D5284638BD0546A7
:10618000284638BDA06DFBF74FF9EBE7A06DFBF794
:106190004DF9284638BDFAF729FADBE70EB410B5F9
:1061A0009DB06FF000411FABCDE906010491094994
:1061B00053F8042B0290084C0868019302A9059437
:1061C000FBF77EFF029B00221A701DB0BDE8104055
:1061D00003B07047AC9500200802FFFF49B1FF2AC9
:1061E00002D80A70012070478A2303604FF0FF3005
:1061F00070470846704700BF032A70B514D940EABB
:1062000001039B0722D104460B46194620460E681F
:106210000568B54204F1040403F1040316D1043AFD
:10622000032A20461946F0D8541E9AB1421E01395D
:1062300001E0C3180CD012F801EF11F801CFE645C8
:10624000A4EB0203F5D0AEEB0C0070BD541EEDE7DD
:10625000184670BD104670BD71B1034600EB010CCD
:1062600001E0634506D01A46013311780029F8D1C0
:10627000101A7047181A70470846704741EA000321
:106280009B0730B401D1032A0FD801F1FF3C07E08E
:106290001CF8011F03F8011B541EC1B12246184609
:1062A0000346002AF4D130BC70470B46194653F818
:1062B000045BA5F1013424EA050414F0803FE4D125
:1062C000043A032A40F8045B1946EFD8DDE702449C
:1062D000002CE8D003F8011B9342FBD130BC70477F
:1062E00000487047149100202DE9F04F85B01F46FB
:1062F000574B03908A4600920D462A4615F8014BEB
:106300001E5D16F00806F8D12D2C75D02B2C05BF7C
:106310002C7802960296951C4FF0FF366FF0004BDA
:106320002FB1102F6FD0B8464FEAE77905E0302C37
:1063300074D04FF00A08B946474642464B463046AD
:106340005946F8F7A1F80023019284460A461846F8
:10635000194611E08A4208BF84453DD000FB09F38D
:1063600008FB0133A0FB08010B441EEB000043EBCC
:10637000EE71012315F8014BA4F1300EBEF1090FA7
:1063800006D9A4F1410EBEF1190F0CD8A4F1370EB5
:10639000774511DD5C1CEDD0844572EB0103D9D249
:1063A0004FF0FF33E6E7A4F1610EBEF1190F03D8F9
:1063B000A4F1570E7745EDDC5A1C13D0029A12B1A6
:1063C000404261EB4101009A1AB1A3BB009BC3F8A4
:1063D00000A005B0BDE8F08F019B7345BEDA4FF019
:1063E000FF33C7E7039A22231360009B33B305F101
:1063F000FF3A30465946E9E701232C780293951C71
:106400004FF0004B8CE7302C04D12B7803F0DF03E6
:10641000582B08D0B8464FF000098EE72B7803F0D0
:10642000DF03582B0FD14FF010086C784FF00009A4
:106430000235474681E706468B46D8E7304659463F
:1064400005B0BDE8F08F4FF00808B946474674E73D
:10645000FD120020FFF748BF2DE9F04F85B08B46B5
:106460000192624A03901E460D46294615F8014BDB
:10647000135D13F00803F8D12D2C00F082802B2C33
:1064800003BF2C7802938D1C0293BEB1102E7DD0D9
:106490004FEAE67A324653464FF0FF304FF0FF3175
:1064A000F7F7F2FF32460746884653464FF0FF3073
:1064B0004FF0FF31B146F7F7E7FF0AE0302C79D013
:1064C0004FF00A09DFF82881B24605224FF09937CC
:1064D0004E464FF0000C6046614611E0414508BF52
:1064E000B8423ED000FB0AF409FB0141A0FB0904BD
:1064F0002144181841EBE3714FF0010C15F8014BE2
:10650000A4F13003092B05D9A4F14103192B0DD8AF
:10651000A4F137039E4211DDBCF1FF3FEED087426C
:1065200078EB0104DAD24FF0FF3CE7E7A4F1610316
:10653000192B03D8A4F157039E42EDDCBCF1FF3FB9
:1065400014D0029B13B1404261EB4101019B2BB17E
:10655000BCF1000F12D1019BC3F800B005B0BDE83B
:10656000F08F9342BEDD4FF0FF3CC7E7039A222332
:106570001360019B60466146002BEFD005F1FF3BA5
:10658000E9E701232C7802938D1C7EE7302C23D180
:106590002B7803F0DF03582B1BD14FF010096C78D8
:1065A0000F2202354FF0FF376FF070484FF0000AAE
:1065B0004E468EE72B7803F0DF03582BEDD04FF0DB
:1065C0000809B24607224FF0FF376FF060484E4689
:1065D0007FE74FF0000A5DE70F224FF0FF376FF0C3
:1065E0007048B1464FF0000A73E700BFFD1200206B
:1065F00099999919FFF730BF0000000000000000D2
:1066000001F0FF01102A2BDB10F0070F08D010F863
:10661000013B013A8B422DD010F0070F42B3F6D167
:10662000F0B441EA012141EA014122F007047FF080
:1066300000070023F0E80256083C85EA010586EAD7
:10664000010685FA47F5A3FA87F586FA47F6A5FA13
:1066500087F68EB9EED1F0BC01F0FF0102F007021F
:1066600032B110F8013B013A83EA010313B1F8D1CA
:106670000020704701387047002D06BF35460338AB
:10668000073815F0010F07D1013015F4807F02BFE4
:10669000013015F4C03F0130F0BC0138704700BF35
:1066A00070B582B00446069D55B16AB10F48009599
:1066B000D0F8E4602046B047431C10D002B070BD53
:1066C00000F1F405002AF1D1084B0095D3F8E460FD
:1066D00011460123064A2046B047431CEED1002252
:1066E0008A232A60236002B070BD00BF249000207E
:1066F000D883002070B5054684B05BB11C4669B1F3
:106700000E4B2846D3F8E0602346B047431C0FD019
:1067100004B070BD00F582740029F1D1074A234608
:10672000D2F8E06028460A4601A9B047431CEFD1E1
:1067300000228A2322602B6004B070BD24900020C8
:1067400010B582B0049CCDE900344FF0FF3302F065
:1067500071FD02B010BD00BF002100F001B800BF04
:1067600010B500F007F9044601F07CF8A0F11A0317
:10677000DBB2022B06D9A4F1090004288CBF00204B
:10678000012010BD012010BD30B482B08DED000B92
:10679000019A194C22F000430021A342016021DC40
:1067A000009C1C431ED0154C144054B99FED107B27
:1067B00020EE077B8DED007B019A6FF0350122F012
:1067C000004322F0FF42DDE9004522F4E00242F0FE
:1067D0007F551B1545F40015A3F2FE33CDE90045A6
:1067E0000B4403609DED000B02B030BC704700BF4E
:1067F0000000000000005043FFFFEF7F0000F07F2B
:1068000000B50B4C25681446EE681A4685B0034661
:106810000D464CB107490095CDE9011430460649B3
:1068200001F050F8F4F74CFF04490C46F3E700BFC1
:10683000AC950020D0100020E0100020D88300206C
:10684000022932D00329C0F307231DBFA0F1800223
:1068500083F08003D2B2C2B203F15001C9B21F2942
:1068600006D84CF6D371884269D94FF0FF30704793
:1068700003F13001C9B224290ED84FF2A641884253
:10688000F3D8D03BC3EBC313A2F1A10000EB43004C
:10689000304A32F810007047A13B072BE5D8DFE8FB
:1068A00003F0483E342E29252119C2B29E2AC0F396
:1068B00007210BD92332D2B280239F2994BF70398C
:1068C000503103EB410303F0FF03C5E77E3AD2B238
:1068D0007F23F2E7C02AC8D81F4BA2F1A10033F8EA
:1068E00010007047F12AC0D81C4B19E0D82ABCD838
:1068F0001B4B15E0F62AB8D802F540507047F32A32
:10690000B3D802F53E5020307047164B134413F8AD
:10691000A13C002BA9D002F57E4060307047124B9D
:10692000A2F1A10033F81000002808BF4FF0FF309B
:1069300070470E4BA2F1A10033F810007047B03B36
:10694000C3EBC313A2F1A10000EB4300084A32F8E5
:1069500010007047A0640020C817002024170020F2
:10696000B4160020581600209C150020E0140020CA
:106970000818002038B50546B9B101F595741249DB
:106980002046FAF761FB28B928460121BDE83840C6
:10699000FFF756BF0D492046FAF756FB38B928468F
:1069A0000221BDE83840FFF74BBF094CE7E7094932
:1069B0002046FAF749FB28B928460321BDE83840AC
:1069C000FFF73EBF284638BD74140020781400201D
:1069D0004E9100208014002038B5A1FB02148CBB1E
:1069E000F7F7FEFE0546E0B150F8042C22F0030252
:1069F000043A242A17D8132A1AD91B2AC0E90044BA
:106A00001DD9242A14BF00F1100200F118024FF022
:106A10000003C0E9024404BF04614461C2E90033D9
:106A20009360284638BD2146F9F7DEFE284638BD7A
:106A300002460023C2E900339360284638BD00F1C6
:106A40000802F6E7FAF7F2FA0C2300250360E8E7FC
:106A50002DE9F04F03690C69A34283B0C0F287802F
:106A6000013C01F11405A30000F11408009355F84E
:106A7000243058F82420013381469A4208EB8400E0
:106A800005EB84070190B2FBF3F63BD34FF0000C0B
:106A9000AE464046E24663465EF804BB02681FFA13
:106AA0008BFC06FB0C334FEA134C4FEA1B4B06FBE7
:106AB0000BCC9BB2AAEB03031FFA8CFA13FA82F3F6
:106AC000CAEB124202EB23429BB243EA02437745F0
:106AD00040F8043B4FEA224A4FEA1C43DCD2009BB9
:106AE00058F8033073B9019B043B984504D307E081
:106AF000984504F1FF3403D253F80429002AF7D053
:106B0000C9F810404846FEF783FF00282BDB01360A
:106B10004146002355F8040BD1F800C082B29A1AFE
:106B2000030C12FA8CF2C3EB1C4303EB224392B228
:106B300042EA0342AF4241F8042B4FEA2343E9D231
:106B400058F8242008EB84036AB9043B984504D321
:106B500007E0984504F1FF3403D253F80429002AD2
:106B6000F7D0C9F81040304603B0BDE8F08F0020E0
:106B700003B0BDE8F08F00BF2DE9F04F2DED028B83
:106B80008FB08DED020B0191816B1A9D059357EC2F
:106B9000106B0446934641B1C26B4A600123934097
:106BA0008B60FEF77DFC0023A363B7F10008B4BF40
:106BB000012300232B60BE4BBCBF28F00048CDF85A
:106BC0000C8033EA080300F09F809DED028BB5EE48
:106BD000408BF1EE10FA11D1059A012313601B9B33
:106BE000002B00F03F82B34B1B9A1360013B0093D4
:106BF00000980FB0BDEC028BBDE8F08F0CAA0DA978
:106C00002046B0EE480BFFF763F85FEA18530546DD
:106C100040F09280DDE90C130B4403F23242202A4B
:106C200040F3FA82C2F1400208FA02F803F212427B
:106C3000D64048EA060207EE102AB8EE477B581EF7
:106C400017EE906A53EC172B4FF0010AA6F1F87378
:106C50009FED913B9FED927B9FED935B06EE900A3B
:106C600043EC122BB8EEE64BB7EE086B32EE466BF8
:106C7000A6EE037BA4EE057BFDEEC76BB5EEC07BF5
:106C8000F1EE10FA16EE907A08D5B8EEE66BB4EE97
:106C9000476BF1EE10FA18BF07F1FF37162F00F21D
:106CA0004581854B03EBC70393ED007BB4EEC78BA7
:106CB000F1EE10FA57D5091A0023B1F1010807F1D6
:106CC000FF370A9300F1398100230693002F52DA2F
:106CD000069B0497DB1B06937B420893019B092BC1
:106CE0004FF000074ED8052B40F39D82043B0193E3
:106CF0000026019B9A1E032A00F22581DFE812F08C
:106D0000AA03A7039D037E03059AC8F3130842F262
:106D10000F7358EA060813601ED11B9B002B00F06E
:106D20009185664B009308331B9A009813600FB04F
:106D3000BDEC028BBDE8F08F18EE906AC6F3130627
:106D4000A3F2FF3053EC182B46F07F530C994FF011
:106D5000000A43F440137BE71B9B002B40F03B836E
:106D6000574B009344E7091A0023B1F101080A9335
:106D700000F1E380069300230893019B0497092BFD
:106D8000B844B0D900230126019307964FF0FF398C
:106D90009B460021E163CDF82C902046FEF75AFB7C
:106DA0000090002800F04085009BA363B9F10E0F0E
:106DB00000F2DC80002E00F0D980049B002B40F311
:106DC000DE833D4A03F00F0102EBC10292ED007B2E
:106DD0001A11DB0540F182833A4991ED086B02F00C
:106DE0000F02032088EE065B5AB13649D60704D558
:106DF00091ED006B013027EE067B521001F1080186
:106E0000F4D185EE076B0A9B3BB1B7EE007BB4EE85
:106E1000C76BF1EE10FA00F1AE8407EE900AB8EEFF
:106E2000E75BB1EE0C7BA5EE067B17EE902A51ECEA
:106E3000170BA2F15071B9F1000F00F08883049E86
:106E40004A46079B002B00F04784B6EE003B1A4BE6
:106E5000FDEEC64B03EBC20CB8EEE47B36EE477B8F
:106E60001CED026B83EE065B41EC160B14EE900AF0
:106E700035EE465B0099B4EEC75B3030F1EE10FAA8
:106E800001F8010B00F3AC84B7EE002BB2EE044B1B
:106E90004FF0000C31E000BF61436F63A787D23F22
:106EA000B3C8608B288AC63FFB799F501344D33FF9
:106EB0000000F07FDD1400201803002000140020E3
:106EC0000C140020F00200200CF1010C94454DDA66
:106ED00027EE047B25EE045BFDEEC76B16EE903AC1
:106EE000B8EEE63B303337EE437BB4EEC57BF1EED4
:106EF00010FA01F8013B00F1738432EE476BB4EEF7
:106F0000C56BF1EE10FADFD5009A049602E08A42D2
:106F100000F05084894611F8013D392BF7D0013338
:106F2000DBB20B70049B0133049355E1091A012372
:106F3000B1F101080A937FF5C7AEC1F101030693D1
:106F40004FF00008C2E60026E66331462046FEF711
:106F500081FA0090002800F06784009BA3634FF043
:106F6000FF330B9399460123B34607930D9A002AEA
:106F700055DB04990E2952DCB74BBBF1000F03EB34
:106F8000C10393ED006B15DAB9F1000F12DC40F08C
:106F9000F282B1EE047B26EE077BB4EEC78BF1EEF6
:106FA00010FACA464E4600F26D82DDF800806FEAA4
:106FB0000B0B70E288EE067BBDEEC77B009917EEE7
:106FC000103AB9F1010F03F13003B8EEC75B01F8D5
:106FD000013BA5EE468B00F03483B2EE044B012357
:106FE00011E088EE067BBDEEC77B013317EE102A59
:106FF0004B4502F13002B8EEC75B01F8012BA5EE5C
:10700000468B00F01E8328EE048BB5EE408BF1EE2C
:1070100010FAE6D1049B013304938946DCE0079B18
:1070200043B3019B012B40F37682089B09F1FF3AA1
:10703000534580F23F82089BCDF820A0AAEB0302C3
:1070400017444FF0000AB9F1000FC0F22583069BE8
:1070500009934B44C844069301212046FEF724FBC4
:1070600006460CE07D4B009300980FB0BDEC028B00
:10707000BDE8F08F069BDDF820A0079E0993099BD1
:107080006BB1B8F1000F0ADD434506991A46A8BF57
:107090004246891A9B1A06910993A8EB0208089B9D
:1070A00063B1079B002B00F0A782BAF1000F00F339
:1070B0000482089BB3EB0A0240F0FF8201212046C4
:1070C000FEF7F2FA002F824600F3AF80019B012BFE
:1070D00040F38781002308930120002F40F0B18006
:1070E000404410F01F0000F07A81C0F12002042A11
:1070F00000F3888040F0F681069B002B05DD2946D1
:107100001A462046FEF70CFC0546B8F1000F05DDD7
:10711000514642462046FEF703FC82460A9B002B5E
:1071200040F03F81B9F1000F40F32581079B002B10
:1071300040F0A380049B01330493DDF80080012715
:1071400007E0294600230A222046FEF7B3F901375B
:10715000054651462846FFF77BFCB94500F1300053
:1071600008F8010BEDDCB9F1000F009ACCBFCB465B
:107170004FF0010B03469344002729460122204685
:107180000193FEF7CDFB51460546FEF741FC002872
:1071900040F3AF811BF8013C009A0BF1FF3B04E088
:1071A0005A4500F0B1811BF8013D392B0BF1010963
:1071B000F6D001338BF8003051462046FEF770F9C7
:1071C00056B12FB1B74203D039462046FEF768F9D1
:1071D00031462046FEF764F929462046FEF760F95D
:1071E000002389F80030DDE904231A601B9B002B83
:1071F0003FF4FEAC0098C3F800900FB0BDEC028BDA
:10720000BDE8F08FC0F11C00069B03440693099B68
:107210000344099380446FE7C2F1200206FA02F2A8
:1072200007EE102A09E5012663E501463A462046A5
:10723000FEF716FB019B012B824640F3C58100231C
:107240000893DAF810200AEB82021069FEF7DCF9E5
:10725000C0F1200044E700BF18030020DC14002028
:10726000314600230A222046FEF724F90B9B002B0F
:10727000064640F3CE8204979946099B002B05DD14
:1072800031461A462046FEF74BFB0646089B002B6C
:1072900040F0EB81B046029B009F03F001027B1E91
:1072A0004B440893019B0A92134309935146284685
:1072B000FFF7CEFB314683462846FEF7A9FB424640
:1072C000514681462046FEF7C5FBC26801460BF1D8
:1072D0003003002A42D1CDE906032846FEF798FB89
:1072E000069902902046FEF7DBF8029A079B1AB92E
:1072F0000999002900F07E82B9F1000FC0F2838164
:10730000019949EA01090A9951EA090900F07B81CA
:10731000002A00F3C681089A3B7007F101099742E1
:10732000CB4600F0C481294600230A222046FEF7FE
:10733000C1F84645054631464FF000034FF00A02BA
:10734000204612D0FEF7B6F84146064600230A2230
:107350002046FEF7AFF84F468046A7E72046029347
:10736000FEF79EF8029B0122C6E7FEF7A3F84F4600
:10737000064680469AE7019B022B71DC079B002B97
:107380007FF47BAF049B5146013328460493FFF7FB
:107390005FFBDDF800B000F130030BF8013B002784
:1073A000EBE651462846FEF733FB0028BFF6BAAE9F
:1073B000294600230A222046FEF77CF8049B5F1E24
:1073C000079B0546002B7FF44BAF0B9B002B40F334
:1073D00018829946B1E6BC4B00930333A4E41C2009
:1073E00012E7DDE9020100287FF474AEC1F3130255
:1073F000002A00F0F480029B08936DE601230793B6
:10740000049B5B4403F10109B9F1010FCC460B93D6
:10741000B8BF4FF0010C0021BCF1170FE1637FF7FB
:10742000BCAC01200422520002F114036345014662
:1074300000F10100F7D9E163AFE401230793BBF149
:10744000000F52DDCDF82CB0D946DC46E3E700232F
:107450000793D5E700230793F1E7DDF82C90049715
:10746000B9F1000F7FF4A1AD51464B4605222046ED
:10747000FEF720F8014682462846FEF7C9FA0028A2
:107480007FF793AD049B03F1010B009B31229846DB
:1074900003F8012B009351462046FEF701F80BF14B
:1074A0000103DDF800900493CDF80080002E7FF4F6
:1074B0008FAE91E6A3EB0A0AC5E531465246204657
:1074C000FEF7CEF92A46014606462046FEF71AF98F
:1074D000294605462046FDF7E3FFEAE50220B0EE27
:1074E000485B81E4C0F13C008EE64FF0010BD946C9
:1074F0004FE403D1019BDB073FF54CAED9461BF8A7
:10750000013D302BFAD057E6049B009A01330493D7
:107510003123137050E6BAF1000F00F0238102F21C
:107520003342069B09931344DDF820A00693904450
:1075300092E507EE900AB1EE0C5BB8EEE77BA6EEA3
:10754000075B15EE902A51EC150BA2F1507141EC3E
:10755000150BB1EE047B36EE477BB4EEC57BF1EE46
:1075600010FA00F33781B1EE455BB4EEC57BF1EE66
:1075700010FA7FF5FBAC4FF0000A564615E500F017
:10758000F580049B51495A4202F00F0001EBC00103
:1075900091ED006B121128EE066B00F04281B0EE07
:1075A000467B4B4900260220D30705D591ED005BB1
:1075B0000130012627EE057B521001F10801F3D1BD
:1075C000002E06FE076B1EE4029B002B7FF437AEF5
:1075D000DDE90201C1F31302002A40F037813D4A80
:1075E0000A40002A00F0FA80069B0133069301232B
:1075F00008F1010808936FE52946089A2046FEF72E
:107600002FF905465AE5002A12DD294601222046B7
:107610000193FEF785F951460546FEF7F9F9002872
:10762000019B40F3E180392B00F0CA800BF131035C
:10763000B94609F8013B049B01333746049346469B
:10764000BAE538EE088BB4EEC68BF1EE10FA0ADC20
:10765000B4EE468BF1EE10FA7FF4DCAC17EE103A84
:10766000D8077FF5D7AC009A54E471682046FDF73F
:10767000F1FE0746002800F0DE80336902339A00ED
:1076800006F10C010C30F3F7E5FC394601222046E7
:10769000FEF746F98046FEE5069BA3EB0903099336
:1076A000DAE4392B00F08C80B9460133C1E7049A43
:1076B00001323746049246465FE529462046FEF7EA
:1076C000CFF80546FAE400BF0C1400201803002090
:1076D000F00200200000F07F5E4BFDEEC65B03EB86
:1076E000C20C1CED023BB8EEE57B36EE477B41EC6D
:1076F000160B15EE901A23EE063B00983031012A46
:1077000000F8011B00F08380B2EE044B009B991837
:1077100027EE047BFDEEC76B16EE903A303300F88F
:10772000013B8142B8EEE65B37EE457BF0D1B6EE29
:10773000006B33EE065BB4EEC75BF1EE10FA3FF57B
:10774000E3AB36EE436BB4EEC76BF1EE10FA7FF7A6
:107750000DAC8946013919F8013C302BF9D0731C66
:10776000049339E50C9AC2F13602DAE60220B0EE53
:10777000486BFFF748BBB9F1000F3FF4DAAE0B9A44
:10778000002A7FF7F3ABB2EE044B26EE046B013018
:1077900007EE900A049BB8EEE75BB1EE0C7BA6EE19
:1077A000057B17EE90CA51EC170B5E1EACF15071C1
:1077B000FFF747BB049B013304933123FFF7B1BBB1
:1077C000049BBB4601330493392337460BF8013B36
:1077D0004646E1E44FF0000A564653E608927BE441
:1077E000731C04938946F7E47FF422AFDA077FF530
:1077F0001FAF18E7392BE3D0B9F1000F3FF716AFF1
:1078000016E7019B022B3FF728AE0497BAE5014625
:107810008DE7019B022B3FF720AEDDF82C900497FB
:107820002BE50220FFF7EFBA0B4B0C48002240F289
:10783000AF11FEF7E5FF084B08483A4640F2EF214A
:10784000FEF7DEFF064B0093FFF7D2B9029B0893C9
:10785000F7E400BF180300201011002010140020CE
:1078600000140020154B984223D870B5144E4FF0E9
:10787000000E40F6DB0403E002F1010EA64516DC23
:1078800004EB0E0222F0010303EB620306EB430359
:10789000521059785D88B3F804C041EA05218C4440
:1078A0006045E9D8884206D2541EA645E8DDFF208F
:1078B00070BDFF207047187870BD00BFEF010E004B
:1078C000782F00200EB410B583B005AB064C53F8EA
:1078D000042B01930146206800F07CF903B0BDE859
:1078E000104003B0704700BFAC9500202DE9F04F69
:1078F0009368176883B09246002B70D081468A68DF
:1079000008680C46083743E0A38913F4906F2ED023
:10791000D4E90416A0EB010806EB460606EBD67682
:1079200008F1010076102844B042324684BF064672
:1079300032465B0537D511464846F6F751FF0190B0
:1079400000283AD042462169F3F784FBA289019BC3
:1079500022F4906242F08002A281A6EB080203EBBF
:1079600008006661A260236120602E46A846424658
:107970005946F8F7BDFEDAF80830A2682068921B75
:1079800040445B1BA2602060CAF808303BB3083754
:1079900057E902B5002DFAD0AA4216469046B3D94F
:1079A0002E46A846E3E74846F7F7E2F903460028E3
:1079B000D3D121694846F9F755FEA3890C2243F03B
:1079C0004003C9F800204FF0FF30A38100220023BC
:1079D000CAF80820CAF8043003B0BDE8F08F0020D0
:1079E0000023CAF8043003B0BDE8F08F38B54B1C53
:1079F0001AD093891446126B23F02003A381CDB2D1
:107A0000AAB16268636B9A4209DA23685A1E22603F
:107A100003F8015C636801336360284638BD214682
:107A200001F0DEF80028F0D04FF0FF35F5E72369CC
:107A300022682BB1934203D212F8013CAB420FD023
:107A40006168E1632346A26304F14001032262639B
:107A5000216303F8425F0122C4E90032284638BDA1
:107A60006368013A0133C4E90023D6E710B50C4638
:107A7000096B69B104F14003994201D0F9F7F2FDB5
:107A8000E36B63600020206313B1A36B236010BD20
:107A9000A3892169002243F02003C4E90012A381D5
:107AA0004FF0FF3010BD00BF2DE9F04F85B0CDE99C
:107AB000023202FB03F30E9C0193A3B3D4F804A09B
:107AC000019B53458B4646D9A046019D58F8401B63
:107AD0000746002652465846F3F7BCFA2368226B45
:107AE0005344A946C4E9003611463846D344A5EBB1
:107AF0000A05E2B1424501D0F9F7B4FDE36B266314
:107B00006360A3B1A16B2160AB429A46E2D3029BB2
:107B100001932A465846F3F79DFAD4E90032521BE6
:107B20002B44C4E90032019805B0BDE8F08F019AFA
:107B3000039B5244A2EB0902B2FBF3F30193A38926
:107B40002269019843F02003A3810023C4E90023A4
:107B500005B0BDE8F08F21681D46D8E72DE9F84F44
:107B60004B6E9C0490462DD59368126843B38B46A8
:107B7000064602F1080959E9025A5FEA9A0715D048
:107B8000043D002401E0A7420ED055F8041F5A46D8
:107B9000304601F097FA431C04F10104F3D10023AD
:107BA000C8E90133BDE8F88FD8F808302AF0030A95
:107BB000A3EB0A03C8F8083009F10809002BDAD151
:107BC0000020ECE701F048F80023C8E90133BDE8E4
:107BD000F88F00BF2DE9F04F2DED028BC5B00DF1F0
:107BE000500A834608EE101A164600210822504615
:107BF0001C460793F8F7F8FDBBF1000F04D0DBF843
:107C00003430002B00F0A08618EE102A536EDB07EC
:107C100040F11385B2F90C108AB295040BD418EE1A
:107C2000103A41F4005199815B6E8AB218EE101A35
:107C300023F400534B66100740F1058118EE103A0B
:107C40001B69002B00F0FF8002F01A030A2B00F0E2
:107C50000A810023CDE91933CDE90D331BAA0C931A
:107C6000189291460B930593B0464446A84BD3F81F
:107C7000E450F9F769F92246034612A9CDF800A0AD
:107C80005846A847002800F04581C0F23981129A71
:107C9000252A034601D01C44E8E7B4EB0806054654
:107CA00040F03C81002361788DF8433004F10108F5
:107CB00006934FF0FF371E462B2408F10108A1F16F
:107CC00020035A2B00F27881DFE813F0B502760129
:107CD0007601B0027601760176016A0076017601BE
:107CE0007D028D02760188029702760192025B0086
:107CF0005B005B005B005B005B005B005B005B00AC
:107D000076017601760176017601760176017601BB
:107D100076015C02840076017601760176017601B7
:107D200076017601760176017601E800760176012A
:107D3000760133027601DA02760176018B0576014F
:107D4000760176017601760176017601760176017B
:107D500076015C028600760176017601CD0286000E
:107D60007F007601C0027601FD02EA00ED027F008D
:107D7000760133027C006905760176016B05760198
:107D80007C00A1F13003002218F8011B02EB8202F3
:107D900003EB4202A1F13003092BF5D906928EE7DD
:107DA0005846FEF79DFA43680D931846F9F748FBCD
:107DB0000E9005465846FEF793FA83680B93002D04
:107DC00040F0D68498F8001077E798F8001046F055
:107DD000200672E746F01006B40640F18E81079B3C
:107DE000073323F007031A46596852F8083B0792F5
:107DF0000A460029C0F27084791C00F0A28526F0A2
:107E00008001039153EA020100F03F840A2B72F1D2
:107E1000000180F0418530338DF80F31039E01233E
:107E200004930DF20F14049BBB42B8BF3B4603936F
:107E3000002308939DF84330002B00F0CB80039B78
:107E400001330393C6E018EE101A584618EE105A84
:107E500001F07CF8002840F05286AA8902F01A034B
:107E60000A2B7FF4F6AE18EE101AB1F90E30002B83
:107E7000FFF6EFAE4B6EDB0702D4970540F112869A
:107E800018EE101A23463246584600F069FE059057
:107E9000059845B0BDEC028BBDE8F08F46F01006AA
:107EA00016F0200200F03681079B073323F007030A
:107EB00019465A6851F8083B079126F480610391EE
:107EC000002100208DF84300781C00F010820398F8
:107ED00020F0800653EA020040F00882002F40F0B4
:107EE0003885002940F0D583039B13F001030493E8
:107EF00000F0118430238DF80F310DF20F1492E74A
:107F0000082200215046F8F76FFC01231C44ADE61F
:107F100024900020B4EB080605461BD0199B1A9A42
:107F200001333244072BC9E900861A9219931CDDEC
:107F3000002A00F0A68318EE101A18AA5846FFF778
:107F40000DFE20BB0DF16C09059B33440593002DFC
:107F50007FF4A8AE1A9B002B40F0C18518EE103AB2
:107F60000022B3F90C30199215E009F10809EBE78A
:107F700018EE101A18AA5846FFF7F0FD002800F076
:107F8000A680089B1BB108995846F9F76BFB18EEC1
:107F9000103AB3F90C3018EE102A526E12F0010F9D
:107FA0009AB200F0A080500600F1B285059845B065
:107FB000BDEC028BBDE8F08F0029CBD000238DF8FB
:107FC00043300123CDE903338DF8AC102BAC0023F3
:107FD00008931F4616F00203099302D0039B023355
:107FE000039316F084030A9305D1069B039A9D1A06
:107FF000002D00F37B82DDE91903411C9DF843202D
:1080000082B101220133C9F8042007290DF143028E
:10801000CDE91913C9F8002000F34A82084609F196
:1080200008090131099AE2B111AA0233C9F8002006
:1080300007294FF00202CDE91913C9F8042040F3D3
:108040005082002B00F0438318EE101A18AA5846ED
:10805000FFF784FD002894D1DDE919030DF16C09C7
:10806000411C0A9A802A00F08481049ABD1A002DCE
:1080700000F3D781049AC9F8004013440729CDE9D9
:108080001913C9F8042040F36E81002B00F07582AB
:1080900018EE101A18AA5846FFF760FD00287FF462
:1080A00070AF1A9B0DF16C09750705D5069A0399F7
:1080B000541A002C00F36B82DDE9052103988142FC
:1080C000ACBF521812180592002B7FF451AF0899DB
:1080D00000231993002900F049815846F9F7C2FAA4
:1080E0000DF16C09C1E59C053FF55DAF18EE104A36
:1080F000A06DF9F79BF9A28955E7F006079A00F100
:108100001F83710640F1198332F9043B0792DA1795
:1081100011466EE616F01003079940F0098316F039
:10812000400000F001831A4651F8043B07919BB2CE
:10813000C3E6079B1A4600238DF84330134653F8D5
:10814000044B0393002C00F01284532900F0658344
:1081500016F0100540F061837B1C00F0B3843A46B2
:1081600029462046FEF74CFA0890002800F09F842C
:10817000031B039A049323EAE3732F4607920393A6
:10818000089557E6432902D0F50640F12D83079D57
:108190000822002116A82BACF8F726FB16AB55F8E1
:1081A000042B21465846FEF7A5FA034601330490F6
:1081B00000F0B384049B079523EAE3730393002341
:1081C0008DF8433003E7079B53F8042B0692002AEF
:1081D00080F29C82069A5242CDE9062398F800105C
:1081E00046F0040669E598F800108DF8434064E510
:1081F00098F8001046F080065FE5424612F8011B31
:108200002A2900F09684A1F13003092B90464FF003
:1082100000073FF654AD18F8011B07EB870703EB87
:108220004707A1F13003092BF5D948E598F800106C
:1082300046F0010641E59DF84330002B7FF4C2ADC6
:10824000202398F800108DF8433036E598F8001098
:108250006C2903BF98F8011046F0200608F10108C8
:1082600046F0100629E598F80010682903BF98F831
:10827000011046F4007608F1010846F040061CE5BE
:1082800046F010030393039B13F0200200F00682D4
:10829000079B073323F0070319465A6851F8083B38
:1082A000079101210DE6079A46F00203039352F865
:1082B000043B079247F63002ADF84420B84A0C92CE
:1082C00002210022FDE5B70600F14882F50600F123
:1082D0004683740600F1D583B00540F14083079BC7
:1082E000059953F8042B07931170BEE403960129F6
:1082F0003FF48CAD022944AC11D10C9803F00F016E
:108300001B09415C04F8011D43EA0273120953EA98
:108310000201F3D1039E44AB1B1B049383E503F0DE
:108320000701DB0843EA4273D208303153EA020501
:10833000204604F8011DF2D1039EF307EBD5302946
:10834000E8D03023023804F8013C44AB1B1A039EEA
:108350000493044667E5049B1B9401221C931A9323
:1083600019920DF16C0909F108099DE60DF16C09EE
:108370007BE4069A039D551B002D7FF776AE102DEA
:1083800040F3BB83099418EE104A07E000F1020C99
:1083900009F108091046103D102D1EDD8149C9F86C
:1083A0000010421C10331021072ACDE91923C9F807
:1083B0000410EBDD18AA002B74D0214658460DF1AD
:1083C0006C09FFF7CBFB00287FF4DBADDDE9190377
:1083D000103D102D00F1010CE0DC099C714AC9F838
:1083E00004502B44BCF1070FCDE919C3C9F8002094
:1083F00040F39481002B00F01F8318EE101A18AA86
:108400005846FFF7ABFB00287FF4BBAD049ADDE9CB
:108410001903BD1A002D00F101010DF16C097FF760
:1084200029AE102D29DD0994102718EE104A07E017
:1084300000F1020C09F108091046103D102D1ADD5B
:10844000421C58491033072AC9E90017CDE91923FE
:10845000EEDD18AA03B3214658460DF16C09FFF76B
:108460007DFB00287FF48DADDDE91903103D102D53
:1084700000F1010CE4DC099C61464A4AC9F8045049
:108480002B440729CDE91913C9F8002000F3E78030
:1084900009F108090131EDE54FF0010C18460DF125
:1084A0006C09CAE74FF0010C18460DF16C0972E730
:1084B000002B00F0048118EE101A18AA5846FFF796
:1084C0004DFB00287FF45DADDDE919030DF16C096A
:1084D000411CA7E5022311AA1C931B9201210DF157
:1084E0006C09084609F10809411CBAE5102D40F352
:1084F000E582DDE919130F94084618EE104A07E0EB
:1085000000F1020C09F108091046103D102D1DDD87
:108510002549C9F80010421C10331021072ACDE963
:108520001923C9F80410EBDD18AA03B321465846F5
:108530000DF16C09FFF712FB00287FF422ADDDE995
:108540001903103D102D00F1010CE1DC0F9C604679
:10855000154AC9F804502B440728CDE91903C9F876
:10856000002000F3C18009F10809411C46E51846C6
:108570004FF0010C0DF16C09C7E77607199353D53D
:10858000069A0399541A002C4EDD0DF16C09102C3B
:1085900040F3B082199918EE106A10250DE000BF63
:1085A000AC140020308A0020682F0020881C09F1BC
:1085B00008091146103C102C1ADD4A1CB348103330
:1085C000072AC9E90005CDE91923EFDD18AA33B35D
:1085D00031465846FFF7C2FA00287FF4D2ACDDE9F5
:1085E0001913103C102C01F101000DF16C09E4DCB1
:1085F000A64AC9F8044023440728CDE91903C9F85D
:1086000000207FF759AD7BB118EE101A18AA584612
:10861000FFF7A4FA00287FF4B4AC1A9B4CE50120C4
:1086200019460DF16C09C5E7DDE9053203998A4267
:10863000ACBF9B185B18059349E5B2F90C108F0588
:1086400018EE103A8AB23FF5E8AA18EE105A986D63
:10865000F8F7EAFEB5F90C108AB2FFF7DEBA002B84
:108660003FF479AE18EE101A18AA5846FFF776FABA
:1086700000287FF486AC19991A9B01310DF16C0921
:10868000F8E419920DF16C095EE4002F7FF4C3AB9E
:10869000039E0027049744ACFFF7C5BB039B13F070
:1086A000100354D1039A12F0400000F06B81079937
:1086B0001A4651F8043B07919BB2012101E4099A43
:1086C000002A64D1184601210DF16C09C9E4012189
:1086D00018460DF16C09C4E45B4262EB420203965A
:1086E0002D200121FFF7EEBB002B00F0888018EE53
:1086F000101A18AA5846FFF731FA00287FF441AC47
:10870000DDE919030DF16C09411C77E498F80010BC
:108710000793FFF7D2BA44ACFFF785BB09F108090C
:108720000CF101016046A0E416F4007240F097815C
:1087300051F8043B0791FFF7C0BBB30500F18881F6
:1087400052F8043B0792DA171146FFF752BB07991C
:1087500051F8043B07910121FFF7B3BB079B059834
:1087600053F8041B0793C217C1E90002FFF77DBA53
:108770000B9B002B3FF426AB0B9B1B78002B3FF48D
:1087800021AB98F8001046F48066FFF796BA0223F2
:1087900011AA1C931B9201200DF16C09A2E603960D
:1087A00071E53B4B0C9316F0200259D0079B073321
:1087B00023F0070318465A6850F8083B0790F4075F
:1087C00009D553EA020006D08DF84510302146F055
:1087D00002068DF8441026F4806103910221FFF710
:1087E00070BB2C4B0C93DEE7079B012153F8042B45
:1087F00003918DF8AC20079304912BACDFE49DF836
:108800004320002A40F03281099A002A7FF462AEA8
:10881000184601210DF16C0927E40021082216A851
:108820001394F7F7E1FF791C00F0BC800025079452
:108830002C460CE02BA95846FDF75CFF421C204457
:1088400000F06B81B84208DC00F070810446139A96
:10885000525916AB0435002AECD10494079CAFE0C2
:1088600016F0100307980CD116F0400405D01A46F4
:1088700050F8043B07909BB2A1E716F4007240F059
:10888000E18050F8043B079099E700BF682F002073
:10889000AC140020C01400200399049744AC9E46F9
:1088A00008EE90BA01F480664FF0000C234606E013
:1088B000BEF10A0F72F1000239D3A6462A46A64934
:1088C0001EEB020040F100000F46A1FB001424F053
:1088D000030101EB9401401ABEEB00014FF0CC35CF
:1088E00062F1000405FB01F507FB0455A1FB0741FC
:1088F0000D44052704F00101A1FB071B09186408BA
:10890000303103F8011C44EAC5740CF1010C013B41
:108910006D08002ECCD00B9909786145C8D1BCF107
:10892000FF0FC5D0BEF10A0F72F100026CD21C46D7
:1089300044AB1B1B049F039E049318EE90BAFFF7F1
:1089400072BA0396FFF762BA5846F7F74FFEFFF781
:108950005BB9012903967FF4CDACFFF75CBA079BA6
:10896000059953F8042B11600793FFF77EB9062F82
:108970003B46039A794C079228BF0623049303933E
:10898000FFF725BB039B079913F4007214BF51F83E
:10899000043B51F8043B07911CBF0246DBB20121A6
:1089A000FFF78FBA16AB00930023194613AA584657
:1089B000FDF7C6FE03460133049000F0AE80139429
:1089C000049B002B30D0632B63DC002308932BAC7B
:1089D0000822002116A8F7F707FF049D16AB0093A5
:1089E00013AA2B4621465846FDF7AAFE854240F0C1
:1089F000AB80039B049A07930023A3541F4622EAEB
:108A0000E2730393FFF716BA0E9A0D999B1A184654
:108A10000893F7F7E7FF0B99089B4A780AB10131F1
:108A20000B914FF0000C48E7039B0793049B0393C3
:108A30001F460893FFF7FEB9012118460DF16C0996
:108A4000FFF713BB50F8043B07902246DBB2B6E6B3
:108A500012F9043B0792DA171146FFF7CAB951F829
:108A6000043B07910246DBB2FFF727BA01231C93B0
:108A700001210DF143031B930DF16C090B46FFF728
:108A8000CDBA079B059953F8042B07931180FFF784
:108A9000ECB8591C5846F5F7A3FE044600283CD014
:108AA000089095E7886DF8F7C1FCFFF7E9B9039BDB
:108AB0000793CDE90377089FFFF7BCB919981A9B74
:108AC000013045E5039B07932046F8F7B9FC20EAFF
:108AD000E0732F46049003930895FFF7ABB918EEA7
:108AE000101A18AA5846FFF739F800283FF436AA9A
:108AF000FFF74DBA199801307AE58C466EE46B6E3B
:108B0000D90705D4AB899A0502D4A86DF8F78EFC75
:108B10004FF0FF330593FFF749BA18EE102AB2F968
:108B20000C3043F040039381FFF735BA079C04975C
:108B300046E7079B98F8011053F8047B079390468B
:108B400047EAE777FFF7B9B818EE102A938943F0A0
:108B500040039381FFF715BACDCCCCCCD4140020C0
:108B600070B50C468989ADF58E6D21F00201ADF826
:108B70001410616E1B91E189ADF81610E16909913D
:108B8000616A0B911CA9029106914FF4806106461F
:108B90000491079118A80021CDE900320891F8F757
:108BA0003FFCDDE9003202A93046FFF713F8051E4D
:108BB00007DB02A93046FDF7C7FA002818BF4FF0BF
:108BC000FF35BDF814305B0603D5A38943F040039D
:108BD000A3811898F8F726FC28460DF58E6D70BD18
:108BE00001F140032DE9F0410C46096B994214D084
:108BF000666B77003A46F6F7BBF8054640B300EBE4
:108C00000608014632464046F2F724FAC4E90C57FA
:108C1000C4F800800020BDE8F0814FF48061F5F7D2
:108C2000DFFDA8B194F842304FF48062C4E90C0231
:108C300080F8FF3394F8413080F8FE3394F84020F8
:108C400080F8FD2300F2FD3323600020BDE8F081B1
:108C50004FF0FF30DFE700BF9368002B00F0858006
:108C60002DE9F04FB1F90C300C461907804683B05E
:108C7000174698B225D523691BB310F002033D684F
:108C80002DD04FF0000ADFF8C0B25646B9465E4517
:108C90003346524628BF5B464046002E52D0E1691B
:108CA000676AB847002856DDD9F808301B1A824495
:108CB000361AC9F80830002BE9D1002003B0BDE80E
:108CC000F08F2146404600F041F9002840F03881FD
:108CD000B4F90C303D6898B210F00203D1D110F015
:108CE000010944D14E46009746B38205D4F808B036
:108CF00040F18580B3455A4600F2B48010F4906F7D
:108D000040F0C180206801924946F7F7F1FCA36862
:108D1000019AA3EB0B012368A1601344B2462360C0
:108D20000026009A9368A3EB0A03D1449360002BBA
:108D3000C3D0B4F90C0080B2002ED6D1D5E900968C
:108D40000835D1E7D5E900A60835A0E72146404619
:108D5000FDF7FAF988B3B4F90C3043F040034FF053
:108D6000FF30A38103B0BDE8F08F002070471E469E
:108D7000BA469946184600951F4666B3002832D079
:108D80004A46D4E904132068A568B24228BF324697
:108D9000884204D905EB030B5A4500F3A7809342A0
:108DA00064DCE169656A3A464046A847B0F1000BC9
:108DB000D1DDB9EB0B09C9D00120DAF80830A3EBFB
:108DC0000B035F44A6EB0B06CAF80830002B3FF4F8
:108DD00074AF002ED2D1009A566813460832009222
:108DE000002EF8D01F6832460A213846FDF708FCED
:108DF000002800F09C800130A0EB0709C0E7206844
:108E00002369984216D86269B24213D86FF00043C2
:108E1000B34228BF3346E16993FBF2F3676A02FB72
:108E200003F340464A46B847B0F1000A93DDA6EB8B
:108E30000A0676E7B345DA4628BFB24652464946A7
:108E4000F7F756FCA3682268A3EB0A035244A36019
:108E50002260002BEBD121464046FDF775F9002832
:108E6000E5D078E72068B34632464CE739460192B0
:108E7000F7F73EFC019AA3689B1AA360236813448A
:108E80002360934695E723682169A3EB010B63698F
:108E900003EB430A0AEBDA7A0BF101034FEA6A0AA1
:108EA00033445345524684BF9A46524643052CD517
:108EB00011464046F5F794FC00283BD05A462169FC
:108EC0000190F2F7C7F8A289019B22F4906242F068
:108ED0008002A28103EB0B002361AAEB0B03C4F811
:108EE00014A0A3602060B34632460CE739465A46C8
:108EF000F7F7FEFB23685B44236021464046FDF7FD
:108F000023F900283FF455AF25E74046F5F730FF39
:108F100003460028DED121694046F8F7A3FBB4F9E7
:108F20000C300C2223F08003C8F8002015E7721CD7
:108F3000914626E70C22B4F90C30C8F800200CE763
:108F40004FF0FF30BAE600BF00FCFF7F38B5314B71
:108F50001B6805460C4613B15A6B002A4ED0B4F973
:108F60000C3018079AB21CD5216929B312F0010000
:108F700007D00020A06060694042A06139B10020A4
:108F800038BD950758BF6069A0600029F7D1120667
:108F900058BF0846F4D543F04003A3814FF0FF309B
:108FA00038BDD1062ED5520714D4216943F00803E9
:108FB000A3819AB20029D9D102F42070B0F5007FC4
:108FC000D4D02146284600F047F9B4F90C30216985
:108FD0009AB2CBE7216B51B104F14002914204D027
:108FE0002846F8F73FFBB4F90C30002222632169D0
:108FF0000022C4E9001223F02403D7E71846F7F74C
:10900000F5FAACE7092243F040032A604FF0FF3045
:10901000A38138BDAC9500202DE9F04782B082468F
:1090200088461446F7F790FF012803D108F1FF3373
:10903000FE2B36D90DF10409424604F15C03494682
:109040005046FDF757FB421C064632D020B39DF830
:1090500004C0002509E023685A1C226083F800C080
:109060000135B54218D219F801CFA368013B002B96
:10907000A360F0DAA769BB4261462246504602DB94
:10908000BCF10A0FE7D100F053F9431CE8D10646C2
:10909000304602B0BDE8F0874646304602B0BDE833
:1090A000F0875FFA88FC8DF804C006460DF10409CC
:1090B000CFE7A389304643F04003A38102B0BDE867
:1090C000F08700BF30B5536E13F0010FB2F90C30CA
:1090D000144683B005469AB201D198051CD5900478
:1090E00006D4626E43F4005342F40052A3816266D8
:1090F00022462846FFF790FF636EDA07054602D442
:10910000A3899B0502D5284603B030BDA06DF8F7B2
:109110008DF9284603B030BDA06D0191F8F784F9B0
:10912000B4F90C3001999AB2D9E700BF2DE9F04F9C
:109130008BB0DDE9158A149F0391814605921E4686
:10914000B8F1000F5CD0039B002B5ED0059B1D681F
:10915000002F6AD0741E4EB3039B0493043D002677
:1091600001950BE0039B2BBB019B1A68002A3AD0A8
:10917000BC455CD2013C631C664617D0D8F8003071
:109180000293019BDAF8E05053F8042F019307A9EA
:1091900043464846D8F804B0A847421C3AD000EBF2
:1091A000060CBC45DED9029BC8E9003B30460BB03B
:1091B000BDE8F08F00280EDD049B019D18445A1E67
:1091C00007A900F1FF3E11F8013B02F8013F72458B
:1091D000F9D101950490059B1A6804321A60019B2D
:1091E0001A68002AC4D1039B0BB1059B1A600CF1CD
:1091F000FF3600223046C8F800200BB0BDE8F08FE3
:10920000039B00F58678002BA0D1059B4FF0FF371C
:109210001D689FE706468A2100223046C9F80010E3
:10922000C8F800200BB0BDE8F08F3E46BEE76646AA
:10923000BCE700BF10B584B0054C069800900798B5
:109240000190044800680294FFF770FF04B010BD5D
:1092500024900020AC9500202DE9F0418B890C462C
:10926000990796B008D504F143030122C4E90432FA
:10927000236016B0BDE8F081B4F90E10002906464F
:1092800025DB6A4600F0ACF800281FDB019D05F4E1
:109290007045A5F50055B5FA85F54FF480686D0960
:1092A0004FF4006741463046F5F79AFAE0B1B4F959
:1092B0000C30C4F8148043F0800320602061A38147
:1092C00035BB3B43A38116B0BDE8F081A38913F001
:1092D000800519D04FF040080025414630462F4602
:1092E000F5F77EFA0028E2D1B4F90C309A05C0D423
:1092F00023F0030304F1430243F002030121C4E914
:109300000421A3812260B4E74FF480682F46C9E7A7
:10931000B4F90E10304600F079F810B9B4F90C30F9
:10932000CFE7A38923F0030343F001031BB2C8E78F
:10933000F8B50D461446064610B1436B002B4CD0D1
:10934000B4F90C20A369A360170790B21BD5236959
:10935000CBB1EDB281042F4622D522686169D31AC0
:10936000994229DD0133A1680139A160511C2160B6
:10937000157062699A4227D0A389DB0701D50A2DAF
:1093800022D03846F8BD21463046FFF7DFFD08BB46
:10939000B4F90C20236990B2EDB281042F46DCD4DD
:1093A00042F40052A281626E616922F40052626648
:1093B0002268D31A9942D5DC21463046FCF7C4FE18
:1093C00040B922680123CEE721463046FCF7BCFEB7
:1093D0000028D6D04FF0FF37D3E7F7F707F9AFE70C
:1093E00070B50C46084D03460026204611461C4623
:1093F0002E60F2F759F9431C00D070BD2B68002B8A
:10940000FBD0236070BD00BFA0EF002038B5074D32
:109410000022044608462A60F2F74CF9431C00D0AB
:1094200038BD2B68002BFBD0236038BDA0EF002097
:1094300081F0004102E000BF83F0004330B54FEA05
:1094400041044FEA430594EA050F08BF90EA020F72
:109450001FBF54EA000C55EA020C7FEA645C7FEA05
:10946000655C00F0E2804FEA5454D4EB5555B8BF28
:109470006D420CDD2C4480EA020281EA030382EA99
:10948000000083EA010180EA020281EA0303362D2B
:1094900088BF30BD11F0004F4FEA01314FF4801CFE
:1094A0004CEA113102D0404261EB410113F0004F10
:1094B0004FEA03334CEA133302D0524263EB4303C7
:1094C00094EA050F00F0A780A4F10104D5F1200E65
:1094D0000DDB02FA0EFC22FA05F2801841F10001C0
:1094E00003FA0EF2801843FA05F359410EE0A5F194
:1094F00020050EF1200E012A03FA0EFC28BF4CF0C5
:10950000020C43FA05F3C01851EBE37101F000457A
:1095100007D54FF0000EDCF1000C7EEB00006EEB87
:109520000101B1F5801F1BD3B1F5001F0CD3490811
:109530005FEA30004FEA3C0C04F101044FEA445268
:1095400012F5800F80F09A80BCF1004F08BF5FEAEF
:10955000500C50F1000041EB045141EA050130BDCF
:109560005FEA4C0C404141EB0101013C28BFB1F5E1
:10957000801FE9D291F0000F04BF01460020B1FA2C
:1095800081F308BF2033A3F10B03B3F120020CDAFF
:109590000C3208DD02F1140CC2F10C0201FA0CF0DD
:1095A00021FA02F10CE002F11402D8BFC2F1200C42
:1095B00001FA02F120FA0CFCDCBF41EA0C019040F8
:1095C000E41AA2BF01EB0451294330BD6FEA040441
:1095D0001F3C1CDA0C340EDC04F11404C4F120022C
:1095E00020FA04F001FA02F340EA030021FA04F33E
:1095F00045EA030130BDC4F10C04C4F1200220FA95
:1096000002F001FA04F340EA0300294630BD21FAD2
:1096100004F0294630BD94F0000F83F4801306BF98
:1096200081F480110134013D4EE77FEA645C18BF8C
:109630007FEA655C29D094EA050F08BF90EA020F23
:1096400005D054EA000C04BF1946104630BD91EA1B
:10965000030F1EBF0021002030BD5FEA545C05D11E
:109660004000494128BF41F0004130BD14F580045D
:109670003CBF01F5801130BD01F0004545F0FE41D1
:1096800041F470014FF0000030BD7FEA645C1ABF06
:10969000194610467FEA655C1CBF0B46024650EA3D
:1096A000013406BF52EA033591EA030F41F4002169
:1096B00030BD00BF90F0000F04BF0021704730B5EF
:1096C0004FF4806404F132044FF000054FF00001C4
:1096D00050E700BF90F0000F04BF0021704730B585
:1096E0004FF4806404F1320410F0004548BF40425A
:1096F0004FF000013EE700BF42004FEAE2014FEAAF
:1097000031014FEA02701FBF12F07F4393F07F4F89
:1097100081F06051704732F07F4208BF704793F08C
:109720007F4F04BF41F40021704730B54FF460749F
:1097300001F0004521F000411CE700BF50EA0102A2
:1097400008BF704730B54FF000050AE050EA01024B
:1097500008BF704730B511F0004502D5404261EBBB
:1097600041014FF4806404F132045FEA915C3FF4FC
:10977000D8AE4FF003025FEADC0C18BF03325FEA99
:10978000DC0C18BF033202EBDC02C2F1200300FA4A
:1097900003FC20FA02F001FA03FE40EA0E0021FA6F
:1097A00002F11444BDE600BF08B502460B4643EC87
:1097B000172BB5EEC07BF1EE10FA03D4BDE80840DC
:1097C00000F00AB8B1EE477B51EC170B00F004F83B
:1097D000404261EB410108BD9FED0B6B41EC170B63
:1097E0009FED0B5B27EE066BBCEEC66BB8EE464BEF
:1097F000A4EE457BFCEEC77B16EE101A17EE900A1E
:10980000704700BFAFF30080000000000000F03D93
:10981000000000000000F0415FF800F0351E00601D
:109820005FF800F0E11D0060000000000000000093
:04983000F8B500BFC8
:089834007832FF7F0100000003
:10983C00000000000000000000000000000000001C
:10984C00000000000000000000000000000000000C
:10985C0000000000000000000000000000000000FC
:10986C0000000000000000000000000000000000EC
:10987C0000000000000000000000000000000000DC
:10988C0000000000000000000000000000000000CC
:10989C0000000000000000000000000000000000BC
:1098AC0000000000000000000000000000000000AC
:1098BC00000000000000000000000000000000009C
:1098CC00000000000000000000000000000000008C
:1098DC00000000000000000000000000000000007C
:1098EC00000000000000000000000000000000006C
:1098FC00000000000000000000000000000000005C
:10990C00000000000000000000000000000000004B
:10991C00000000000000000000000000000000003B
:10992C00000000000000000000000000000000002B
:10993C00000000000000000000000000000000001B
:10994C00000000000000000000000000000000000B
:10995C0000000000000000000000000000000000FB
:10996C0000000000000000000000000000000000EB
:10997C0000000000000000000000000000000000DB
:10998C0000000000000000000000000000000000CB
:10999C0000000000000000000000000000000000BB
:1099AC0000000000000000000000000000000000AB
:1099BC00000000000000000000000000000000009B
:1099CC00000000000000000000000000000000008B
:1099DC00000000000000000000000000000000007B
:1099EC00000000000000000000000000000000006B
:1099FC00000000000000000000000000000000005B
:109A0C00000000000000000000000000000000004A
:109A1C00000000000000000000000000000000003A
:109A2C00000000000000000000000000000000002A
:109A3C00000000000000000000000000000000001A
:109A4C00000000000000000000000000000000000A
:109A5C0000000000000000000000000000000000FA
:109A6C0000000000000000000000000000000000EA
:109A7C0000000000000000000000000000000000DA
:109A8C0000000000000000000000000000000000CA
:109A9C0000000000000000000000000000000000BA
:109AAC0000000000000000000000000000000000AA
:109ABC00182D4454FB21E9BFD221337F7CD90240BD
:109ACC00D221337F7CD902C000000000000000804E
:109ADC00182D4454FB210940182D4454FB2109C076
:109AEC0000000040FB21F93F000000002D44743EB3
:109AFC00000000809846F83C0000006051CC783B98
:109B0C0000000080831BF0390000004020257A38CB
:109B1C00000000802282E336000000001DF369354E
:109B2C000080E03779C34143176E05B5B5B893464D
:109B3C00F5F93FE9034F384D321D30F94877825A19
:109B4C003CBF737FDD4F1575000000000000F03F37
:109B5C0000000000000024400000000000005940FC
:109B6C000000000000408F40000000000088C3404F
:109B7C0000000000006AF8400000000080842E41C4
:109B8C0000000000D01263410000000084D7974110
:109B9C000000000065CDCD41000000205FA0024216
:109BAC00000000E876483742000000A2941A6D428B
:109BBC00000040E59C30A2420000901EC4BCD6427E
:109BCC0000003426F56B0C430080E03779C3414329
:109BDC0000A0D8855734764300C84E676DC1AB439F
:109BEC00003D9160E458E143408CB5781DAF1544BD
:109BFC0050EFE2D6E41A4B4492D54D06CFF0804498
:109C0C00F64AE1C7022DB544B49DD9794378EA44AC
:109C1C004FBB610567ACDD3F182D4454FB21E93F78
:109C2C009BF681D20B73EF3F182D4454FB21F93F67
:109C3C00E2652F227F2B7A3C075C143326A6813CED
:109C4C00BDCBF07A8807703C075C143326A6913C98
:109C5C00BC89D897B2D29C3C33A7A8D523F64939F6
:109C6C003DA7F444FD0FA5329D978CCF08BA5B2518
:109C7C00436FAC6428066811C0830020BC840020AC
:109C8C0048880020781E0000A0280000F03C00004E
:109C9C0040510000127A0000E4A2000024F40000FD
:109CAC0048E8010090D0030020A107004552524F14
:109CBC00523A20656E746572696E67204552524F38
:109CCC0052207374617465004F4E00004F4646007D
:109CDC0068000000436F6D6D616E64733A000000A4
:109CEC0020206820202020202020202D2068656C3A
:109CFC007000000020206220202020202020202D19
:109D0C00207265626F6F740020207020202020204C
:109D1C002020202D20746F67676C652070756D7026
:109D2C00206F6E2F6F66660020206D203C6475726C
:109D3C003E203C726174653E202D20656E74657208
:109D4C00204D45415355524520737461746520284C
:109D5C006F7074696F6E616C206475726174696F79
:109D6C006E5B735D2C207361766520726174655B2C
:109D7C00735D290020207320202020202020202DFE
:109D8C0020656E746572205354414E4442592073C1
:109D9C0074617465000000002020642020202020C5
:109DAC002020202D20746F67676C652064656275B8
:109DBC0067204A534F4E207265636F726420707235
:109DCC00696E74202864656661756C74206F6666B4
:109DDC002900000020207720202020202020202D6A
:109DEC0020726573657420574454207472696767D8
:109DFC00657220636F756E7420696E2045455052F4
:109E0C004F4D20746F203000202063203C733E2087
:109E1C002020202D2073657420636F6E736F6C652A
:109E2C0020737461747573207072696E7420696E1E
:109E3C0074657276616C205B735D0000202072206B
:109E4C003C733E202020202D2073657420525055E9
:109E5C0020737461747573207265706F72742069ED
:109E6C006E74657276616C205B735D0070756D70DD
:109E7C002025730A00000000620000005265626F2A
:109E8C006F74696E67207669612057445400000036
:109E9C007700000057445420636F756E7420726510
:109EAC0073657420746F2030000000006D0000009A
:109EBC004552524F523A206475726174696F6E202C
:109ECC0028256C647329206D7573742062652030AD
:109EDC00206F722067726561746572207468616EA0
:109EEC0020726174652028256C6473290A000000B7
:109EFC0073000000640000006465627567204A53BB
:109F0C004F4E207265636F7264207072696E74209C
:109F1C0025730A00636F6E736F6C652073746174C4
:109F2C00757320696E74657276616C3A20256C7558
:109F3C00730A0000636F6E736F6C652073746174C9
:109F4C00757320696E74657276616C20736574200C
:109F5C00746F20256C75730A0000000072000000FD
:109F6C0052505520737461747573207265706F72E2
:109F7C007420696E74657276616C3A20256C757309
:109F8C000A0000005250552073746174757320726E
:109F9C0065706F727420696E74657276616C207373
:109FAC00657420746F20256C75730A00556E6B6E8A
:109FBC006F776E20636F6D6D616E643A2025732030
:109FCC00202873656E642027682720666F722068CE
:109FDC00656C70290A000000456E746572696E67C5
:109FEC00204D45415355524500000000456E7465A7
:109FFC0072696E67205354414E4442590000000070
:10A00C00554E4B4E4F574E0073746174653D25731E
:10A01C0020656C61707365643D252E31667320621A
:10A02C0061745F763D252E3266562076696E3D252D
:10A03C002E326656206261745F6865617465723D8C
:10A04C0025730A00253034582D2573002C00000090
:10A05C004F5043207061727365206572726F723A53
:10A06C002065787065637465642025752066696564
:10A07C006C64732C20676F742025750A0000000037
:10A08C004F5043207061727365206572726F723A23
:10A09C0020746F6F206D616E79206669656C6473D6
:10A0AC0000000000524F50433A2074696D653D2505
:10A0BC006C7520643330303D257520643530303D6F
:10A0CC00257520643730303D2575206431303030B3
:10A0DC003D25752064323030303D25752064323595
:10A0EC0030303D25752064333030303D257520648B
:10A0FC00353030303D257520616C61726D3D2575B4
:10A10C000A0000002A3031413F0D00005453454EE7
:10A11C003A20616972745F7261773D2575207074A5
:10A12C00656D705F7261773D256C7520707265731B
:10A13C005F7261773D256C750A00000054444C41F8
:10A14C0053207061727365206572726F723A20656C
:10A15C0078706563746564202575206669656C6428
:10A16C00732C20676F742025750A000054444C41F1
:10A17C0053207061727365206572726F723A20742D
:10A18C006F6F206D616E79206669656C6473000079
:10A19C0054444C41533A206D725F6176673D252ED5
:10A1AC00346620626B673D252E3466207065616BCA
:10A1BC003D252E346620726174696F3D252E3666FE
:10A1CC0020626174743D252E336656207468657266
:10A1DC006D5F313D252E32664320746865726D5F6C
:10A1EC00323D252E3266204964783D2564207370FB
:10A1FC0065635F313D252E346620737065635F3275
:10A20C003D252E346620737065635F333D252E34F7
:10A21C006620737065635F343D252E34660A00003A
:10A22C0000190000258000000000000074C00F40E1
:10A23C00C0000000000000000200000050851F401C
:10A24C0001000000340000000200000050851F4097
:10A25C0000000000010000000200000054851F40B7
:10A26C0001000000350000000200000054851F4072
:10A27C0000000000FF004000260018007C000000D9
:10A28C00257500002564000025660000435243201C
:10A29C006973206E6F742076616C69642100000014
:10A2AC0053656E736F722041646472657373203DE5
:10A2BC000000000020536361746368706164204384
:10A2CC005243206973206E6F742076616C6964212F
:10A2DC0000000000504E41424C000000524D430023
:10A2EC0047474100524D44004D43503938303800F7
:10A2FC0043414C004D4D43353938334D410000003E
:10A30C004C534D3644534F54520000003B00000058
:10A31C00525344000D0000004E4341520000000017
:10A32C006672616D655F636F756E742C6169725FC7
:10A33C0074656D705F646567432C68756D646974D2
:10A34C00795F70657263656E742C6873656E736F7C
:10A35C00725F74656D705F646567432C70726573B2
:10A36C005F6D622C696E7465726E616C5F74656D85
:10A37C00705F646567432C6D6F64756C655F737497
:10A38C00617475732C6D6F64756C655F6572726F3B
:10A39C00722C7063625F737570706C795F562C6C85
:10A3AC00736D3330335F74656D705F646567432C18
:10A3BC007063625F6865617465725F6F6E2C6D614E
:10A3CC0067585F6D472C6D6167595F6D472C6D61E8
:10A3DC00675A5F6D472C616363656C585F6D672CC2
:10A3EC00616363656C595F6D672C616363656C5A5F
:10A3FC005F6D672C726F6C6C5F6465672C70697431
:10A40C0063685F6465672C68656164696E675F6427
:10A41C0065672C6F7269656E746174696F6E5F71BC
:10A42C0075616C69747900006CC00F40C00000004D
:10A43C00504F000075AF00000CFF0000130000002F
:10A44C00000000000000000024851F400BFF0000EE
:10A45C0013000000000000000000000028851F40D1
:10A46C000DFF0000130000000000000000000000C1
:10A47C0020851F400A252400130000001200000054
:10A48C001200000001020300000000001C851F40A8
:10A49C0000000000000000007B226964223A2225A3
:10A4AC00303458222C22766572223A222573222CC3
:10A4BC00227374617465223A222573222C227764EC
:10A4CC00745F6E223A25752C226275665F72656325
:10A4DC00223A25752C2276696E223A252E31662C6D
:10A4EC00227635223A252E31662C226261745F76F3
:10A4FC00223A252E31662C226261745F6475747960
:10A50C00223A25752C226368675F69223A252E3121
:10A51C00662C226261745F74223A252E31662C22DD
:10A52C007063625F74223A252E31662C2270756D31
:10A53C00705F69223A252E30662C226F70635F693A
:10A54C00223A252E30662C227473656E5F69223A8E
:10A55C00252E30662C2274646C61735F69223A2557
:10A56C002E30662C226865617465725F69223A250B
:10A57C002E30662C226C6174223A252E36662C22E3
:10A58C006C6F6E223A252E36662C22616C74223A40
:10A59C00252E31662C2273617473223A25752C2278
:10A5AC0064617465223A256C752C2274696D652280
:10A5BC003A256C757D0000007B22656C61707365BB
:10A5CC00645F73223A25752C22616C74223A252E15
:10A5DC0030662C226C61745F64656C7461223A2560
:10A5EC002E35662C226C6F6E5F64656C7461223A3A
:10A5FC00252E35662C2273617473223A25752C2214
:10A60C006770735F6167655F73223A25752C226FE3
:10A61C0070635F64333030223A25752C226F70637F
:10A62C005F6432303030223A25752C227473656E9B
:10A63C005F61697274223A25752C227473656E5FA2
:10A64C0070726573223A25752C227473656E5F7077
:10A65C0074656D70223A25752C22727334315F61EA
:10A66C0069725F74223A252E32662C227273343151
:10A67C005F70726573223A252E31662C2272733408
:10A68C00315F68756D6964697479223A252E32667A
:10A69C002C22727334315F6873656E736F725F74E2
:10A6AC00223A252E32662C2274646C61735F6D72B3
:10A6BC005F617667223A252E31662C2274646C61B8
:10A6CC00735F626B67223A252E32662C2274646C9F
:10A6DC0061735F7065616B223A252E31662C227492
:10A6EC00646C61735F726174696F223A252E3366F4
:10A6FC002C22726F756E645F726F62696E5F696433
:10A70C0078223A25752C226F70635F6435303022C5
:10A71C003A25752C226F70635F64373030223A25EE
:10A72C00752C226F70635F6431303030223A25759E
:10A73C002C226F70635F6433303030223A25752CD5
:10A74C00226F70635F6435303030223A25752C22CD
:10A75C006F70635F6432353030223A25752C22726B
:10A76C007334315F686467223A252E32662C22627C
:10A77C00656D665F76223A252E33662C2274646CE6
:10A78C0061735F737065635F31223A252E30662CDE
:10A79C002274646C61735F737065635F32223A2557
:10A7AC002E30662C2274646C61735F737065635F0A
:10A7BC0033223A252E30662C2274646C61735F73DD
:10A7CC007065635F34223A252E30662C22747365D3
:10A7DC006E5F69223A252E30662C226F70635F699A
:10A7EC00223A252E30662C2270756D705F69223AE4
:10A7FC00252E30662C2274646C61735F69223A25B5
:10A80C002E30662C227635223A252E32662C226288
:10A81C0061745F74223A252E30662C2270756D702F
:10A82C005F74223A252E30662C227063625F74228C
:10A83C003A252E30662C226261745F76223A252EE0
:10A84C0032662C226865617465725F737461742260
:10A85C003A25757D0000000000000000000000009B
:10A86C00D5290000C1A00000BDA00000B9A00000C7
:10A87C00C9290000CD290000D1290000B5A0000095
:10A88C000000000000000000D57E0000ED800000FC
:10A89C00F1780000497A000011790000B5790000C8
:10A8AC0039790000CD7A0000657A0000ED7800005F
:10A8BC0000000000000000006D0000008D00000092
:10A8CC000000000000000000F5710000557400004D
:10A8DC00F171000011720000B9730000A174000046
:10A8EC00DD740000D8399D270054EA2A00A4781F93
:10A8FC00007B9A17C0830020BC840020488800206D
:10A90C002C2066756E6374696F6E3A20000000002F
:10A91C00617373657274696F6E20222573222066D1
:10A92C0061696C65643A2066696C65202225732226
:10A93C002C206C696E65202564257325730A000034
:10A94C0042616C6C6F6320737563636565646564E9
:10A95C00000000002F566F6C756D65732F64617469
:10A96C00612F6A656E6B696E732F776F726B737084
:10A97C006163652F474E552D746F6F6C6368616909
:10A98C006E2F61726D2D31312F7372632F6E65775F
:10A99C006C69622D63796777696E2F6E65776C6968
:10A9AC00622F6C6962632F7374646C69622F6764C5
:10A9BC00746F612D6765746865782E630000000004
:10A9CC00000000000000000000000000000000007B
:10A9DC00000000000000000000000000000000006B
:10A9EC00000000000000000000000000000000005B
:10A9FC00101112131415161718190000000000007E
:10AA0C00001A1B1C1D1E1F0000000000000000008F
:10AA1C00000000000000000000000000000000002A
:10AA2C00001A1B1C1D1E1F0000000000000000006F
:10AA3C00000000000000000000000000000000000A
:10AA4C0000000000000000000000000000000000FA
:10AA5C0000000000000000000000000000000000EA
:10AA6C0000000000000000000000000000000000DA
:10AA7C0000000000000000000000000000000000CA
:10AA8C0000000000000000000000000000000000BA
:10AA9C0000000000000000000000000000000000AA
:10AAAC00000000000000000000000000000000009A
:10AABC00000000000000000000000000000000008A
:10AACC002F566F6C756D65732F646174612F6A6599
:10AADC006E6B696E732F776F726B73706163652F1A
:10AAEC00474E552D746F6F6C636861696E2F617280
:10AAFC006D2D31312F7372632F6E65776C69622DFA
:10AB0C0063796777696E2F6E65776C69622F6C69F4
:10AB1C0062632F7374646C69622F6D707265632E3F
:10AB2C006300000065256C640000000000202020FC
:10AB3C0020202020202028282828282020202020E1
:10AB4C0020202020202020202020202020881010B1
:10AB5C00101010101010101010101010100404040D
:10AB6C0004040404040404101010101010104141CB
:10AB7C0041414141010101010101010101010101B9
:10AB8C0001010101010101011010101010104242CD
:10AB9C004242424202020202020202020202020289
:10ABAC000202020202020202101010102000000029
:10ABBC000000000000000000000000000000000089
:10ABCC000000000000000000000000000000000079
:10ABDC000000000000000000000000000000000069
:10ABEC000000000000000000000000000000000059
:10ABFC000000000000000000000000000000000049
:10AC0C000000000000000000000000000000000038
:10AC1C000000000000000000000000000000000028
:10AC2C000000000000000000000000000000000018
:10AC3C00496E66696E697479000000004E614E00C1
:10AC4C002F566F6C756D65732F646174612F6A6517
:10AC5C006E6B696E732F776F726B73706163652F98
:10AC6C00474E552D746F6F6C636861696E2F6172FE
:10AC7C006D2D31312F7372632F6E65776C69622D78
:10AC8C0063796777696E2F6E65776C69622F6C6973
:10AC9C0062632F7374646C69622F64746F612E63CA
:10ACAC00000000004A495300534A49530000000079
:10ACBC004555434A500000002E0000006E6600000F
:10ACCC00696E697479000000616E0000494E46009F
:10ACDC00696E66004E414E006E616E00303132334B
:10ACEC0034353637383961626364656600000000BC
:10ACFC0030313233343536373839414243444546A6
:10AD0C0000000000286E756C6C29000030000000FB
:10AD1C000030013002300CFF0EFFFB301AFF1BFF1E
:10AD2C001FFF01FF9B309C30B40040FFA8003EFF8A
:10AD3C003E203FFFFD30FE309D309E300330DD4E17
:10AD4C00053006300730FC30142010200FFF3CFF7C
:10AD5C001C3016205CFF26202520182019201C20D2
:10AD6C001D2008FF09FF143015303BFF3DFF5BFF32
:10AD7C005DFF083009300A300B300C300D300E30CE
:10AD8C000F30103011300BFF1222B100D700F7003A
:10AD9C001DFF60221CFF1EFF662267221E2234222A
:10ADAC0042264026B000322033200321A50004FFA8
:10ADBC00A200A30005FF03FF06FF0AFF20FFA70068
:10ADCC0006260526CB25CF25CE25C725C625A125AC
:10ADDC00A025B325B225BD25BC253B2012309221E0
:10ADEC0090219121932113300000000000000000FD
:10ADFC00000000000000000000000000000008221D
:10AE0C000B2286228722822283222A2229220000D8
:10AE1C0000000000000000000000000000002722DD
:10AE2C002822AC00D221D4210022032229220000A6
:10AE3C000000000000000000000000000000000006
:10AE4C0000002022A5221223022207226122522274
:10AE5C006A226B221A223D221D2235222B222C2201
:10AE6C0000000000000000000000000000002B218A
:10AE7C0030206F266D266A2620202120B6002C2239
:10AE8C00000000000000EF250000000000000000A2
:10AE9C00000000000000000101010101010101019D
:10AEAC00010000000000000001010101010101018D
:10AEBC000101010101010101010101010101010176
:10AECC00010100000000000000010101010101016D
:10AEDC000101010101010101010101010101010156
:10AEEC0001010100910392039303940395039603CC
:10AEFC009703980399039A039B039C039D039E035A
:10AF0C009F03A003A103A303A403A503A603A70304
:10AF1C00A803A903000000000000000000000000CE
:10AF2C0000000000B103B203B303B403B503B603CE
:10AF3C00B703B803B903BA03BB03BC03BD03BE0319
:10AF4C00BF03C003C103C303C403C503C603C703C4
:10AF5C00C803C903100411041204130414041504C7
:10AF6C00010416041704180419041A041B041C0405
:10AF7C001D041E041F0420042104220423042404A1
:10AF8C00250426042704280429042A042B042C0451
:10AF9C002D042E042F04000000000000000000000F
:10AFAC000000000000000000000000000000000095
:10AFBC00000000003004310432043304340435043E
:10AFCC00510436043704380439043A043B043C0475
:10AFDC003D043E043F044004410442044304440441
:10AFEC00450446044704480449044A044B044C04F1
:10AFFC004D044E044F040000002502250C2510259D
:10B00C00182514251C252C25242534253C25012503
:10B01C0003250F2513251B251725232533252B2524
:10B02C003B254B2520252F25282537253F251D255C
:10B03C0030252525382542259C4E1655035A3F961A
:10B04C00C0541B612863F659229075841C83507A76
:10B05C00AA60E163256EED656684A682F59B936814
:10B06C002757A16571629B5BD0597B86F498627DF2
:10B07C00BE7D8E9B16629F7CB788895BB55E09632B
:10B08C0097664868C7958D974F67E54E0A4F4D4FA9
:10B09C009D4F4950F2563759D459015A095CDF601B
:10B0AC000F61706113660569BA704F757075FB7925
:10B0BC00AD7DEF7DC3800E846388028B55907A90B2
:10B0CC003B53954EA54EDF57B280C190EF78004EA2
:10B0DC00F158A26E3890327A28838B822F9C415182
:10B0EC007053BD54E154E056FB59155FF298EB6D6B
:10B0FC00E4802D8562967096A096FB970B54F353C3
:10B10C00875BCF70BD7FC28FE8966F535C9DBA7A18
:10B11C00114E9378FC81266E185604551D6B1A85BA
:10B12C003B9CE559A953666DDC748F954256914E44
:10B13C004B90F2964F830C99E153B655305B715F8F
:10B14C002066F3660468386CF36C296D5B74C87602
:10B15C004E7A3498F1825B88608AED92B26DAB7551
:10B16C00CA76C599A660018B8A8DB2958E69AD534E
:10B17C008651125730584459B45BF65E2860A96367
:10B18C00F463BF6C146F8E7014715971D5713F7369
:10B19C00017E7682D182978560905B921B9D695867
:10B1AC00BC655A6C2575F9512E596559805FDC5F69
:10B1BC00BC62FA652A6A276BB46B8B73C17F5689A4
:10B1CC002C9D0E9DC49EA15C966C7B8304514B5CA4
:10B1DC00B661C68176686172594EFA4F78536960D0
:10B1EC00296E4F7AF3970B4E1653EE4E554F3D4F3B
:10B1FC00A14F734FA052EF5309560F59C15AB65B6A
:10B20C00E15BD17987669C67B6674C6BB36C6B70EE
:10B21C00C2738D79BE793C7A877BB182DB820483E1
:10B22C007783EF83D3836687B28A2956A88CE68FFF
:10B23C004E901E978A86C44FE85C116259723B751A
:10B24C00E581BD82FE86C08CC5961399D599CB4EEF
:10B25C001A4FE389DE564A58CA58FB5EEB5F2A60E8
:10B26C0094606260D0611262D0623965419B6666FF
:10B27C00B068776D70704C758676757DA582F98790
:10B28C008B958E969D8CF151BE521659B354B35B6F
:10B29C00165D68618269AF6D8D78CB845788728A30
:10B2AC00A793B89A6C6DA899D986A357FF67CE86D9
:10B2BC000E92835287560454D35EE162B9643C68A3
:10B2CC003868BB6B7273BA786B7A9A89D2896B8D3A
:10B2DC00038FED90A39594966997665BB35C7D693B
:10B2EC004D984E989B63207B2B6A7F6AB6680D9CA9
:10B2FC005F6F72529D557060EC623B6D076ED16E44
:10B30C005B841089448F144E399CF6531B693A6A3E
:10B31C0084972A685C51C37AB284DC918C935B5617
:10B32C00289D226805833184A57C0852C582E67469
:10B33C007E4E834FA051D25B0A52D852E752FB5D2E
:10B34C009A552A58E6598C5B985BDB5B725E795E8A
:10B35C00A3601F616361BE61DB636265D167536883
:10B36C00FA683E6B536B576C226F976F456FB074D6
:10B37C001875E3760B77FF7AA17B217CE97D367F0C
:10B38C00F07F9D8066829E83B389CC8AAB8C84903F
:10B39C00519493959195A2956596D3972899188277
:10B3AC00384E2B54B85CCC5DA9734C763C77A95CB9
:10B3BC00EB7F0B8DC196119854985898014F0E4FF6
:10B3CC0071539C556856FA574759095BC45B905C9E
:10B3DC000C5E7E5ECC5FEE633A67D765E2651F67F5
:10B3EC00CB68C4685F6A305EC56B176C7D6C7F750B
:10B3FC004879635B007A007DBD5F8F89188AB48CB5
:10B40C00778DCC8E1D8FE2980E9A3C9B804E7D5092
:10B41C00005193599C5B2F628062EC643A6BA07272
:10B42C0091754779A97FFB87BC8A708BAC63CA8303
:10B43C00A09709540354AB555468586A708A2778FE
:10B44C007567CD9E7453A25B1A8150860690184E78
:10B45C00454EC74E114FCA533854AE5B135F25602F
:10B46C0051653D67426C726CE36C78700374767A4C
:10B47C00AE7A087B1A7DFE7C667DE7655B72BB53FA
:10B48C00455CE85DD262E0621963206E5A86318AAF
:10B49C00DD8DF892016FA6795A9BA84EAB4EAC4E3F
:10B4AC009B4FA04FD1504751F67A7151F6515453DE
:10B4BC0021537F53EB53AC558358E15C375F4A5FA4
:10B4CC002F6050606D601F6359654B6AC16CC2720E
:10B4DC00ED72EF77F880058108824E85F790E19345
:10B4EC00FF9757995A9AF04EDD512D5C81666D6924
:10B4FC00405CF266756989735068817CC550E45272
:10B50C004757FE5D2693A465236B3D6B347481799C
:10B51C00BD794B7BCA7DB982CC837F885F89398B9F
:10B52C00D18FD1911F5480925D4E3650E5533A53D2
:10B53C00D7729673E977E682AF8EC699C899D2997D
:10B54C0077511A615E86B0557A7A7650D35B479004
:10B55C008596324EDB6AE791515C485C98639F7A22
:10B56C00936C7497618FAA7A8A718896827C17681B
:10B57C00707E51686C93F2521B54AB85138AA47F76
:10B58C00CD8EE190665388884179C24FBE501152DE
:10B59C00445153552D57EA738B575159625F845F51
:10B5AC00756076616761A961B2633A646C656F66B8
:10B5BC004268136E66753D7AFB7C4C7D997D4B7EA3
:10B5CC006B7F0E834A83CD86088A638A668BFD8ED9
:10B5DC001A988F9DB882CE8FE89B87521F62836426
:10B5EC00C06F999641689150206B7A6C546F747A45
:10B5FC00507D4088238A0867F64E39502650655096
:10B60C007C5138526352A7550F570558CC5AFA5EE5
:10B61C00B261F861F36272631C69296A7D72AC7263
:10B62C002E7314786F78797D0C77A9808B89198BA0
:10B63C00E28CD28E639075937A965598139A789E75
:10B64C0043519F53B3537B5E265F1B6E906E847386
:10B65C00FE73437D3782008AFA8A50964E4E0B5009
:10B66C00E4537C54FA56D159645BF15DAB5E275FB1
:10B67C0038624565AF67566ED072CA7CB488A180BB
:10B68C00E180F0834E86878AE88D3792C79667985B
:10B69C00139F944E924E0D4F485349543E542F5A7B
:10B6AC008C5FA15F9F60A7688E6A5A7481789E8AAE
:10B6BC00A48A778B90915E4EC99BA44E7C4FAF4F62
:10B6CC001950165049516C519F52B952FE529A530F
:10B6DC00E35311540E5489555157A2577D59545B5D
:10B6EC005D5B8F5BE55DE75DF75D785E835E9A5E23
:10B6FC00B75E185F52604C619762D862A7633B6576
:10B70C0002664366F4666D6721689768CB695F6C67
:10B71C002A6D696D2F6E9D6E327587766C783F7AC7
:10B72C00E07C057D187D5E7DB17D15800380AF804A
:10B73C00B18054818F812A8252834C8861881B8B03
:10B74C00A28CFC8CCA90759171923F78FC92A49556
:10B75C004D9605989999D89A3B9D5B52AB52F753ED
:10B76C000854D558F762E06F6A8C5F8FB99E4B51C5
:10B77C003B524A54FD56407A7791609DD29E447359
:10B78C00096F70811175FD5FDA60A89ADB72BC8F4E
:10B79C00646B0398CA4EF0566457BE585A5A686088
:10B7AC00C7610F6606663968B168F76DD5753A7D65
:10B7BC006E82429B9B4E504FC95306556F5DE65DA2
:10B7CC00EE5DFB67996C73740278508A9693DF88F0
:10B7DC005057A75E2B63B550AC508D510067C954C0
:10B7EC005E58BB59B05B695F4D62A1633D68736B7A
:10B7FC00086E7D70C7918072157826786D798E658C
:10B80C00307DDC83C188098F9B9664522857506722
:10B81C006A7FA18CB45142572A963A588A69B480EF
:10B82C00B2540E5DFC579578FA9D5C4F4A528B547E
:10B83C003E6428661467F567847A567B227D2F93C5
:10B84C005C68AD9B397B19538A513752DF5BF662CA
:10B85C00AE64E6642D67BA6BA985D1969076D69BBB
:10B86C004C630693AB9BBF765266094E9850C253FD
:10B87C00715CE860926463655F68E671CA732375F6
:10B88C00977B827E9586838BDB8C78911099AC6547
:10B89C00AB668B6BD54ED44E3A4F7F4F3A52F85322
:10B8AC00F253E355DB56EB58CB59C959FF59505B52
:10B8BC004D5C025E2B5ED75F1D6007632F655C5B82
:10B8CC00AF65BD65E8659D67626B7B6B0F6C4573FF
:10B8DC004979C179F87C197D2B7DA2800281F38195
:10B8EC0096895E8A698A668A8C8AEE8AC78CDC8C19
:10B8FC00CC96FC986F6B8B4E3C4F8D4F5051575BD9
:10B90C00FA5B486101634266216BCB6EBB6C3E7285
:10B91C00BD74D475C1783A790C803380EA819484F3
:10B92C009E8F506C7F9E0F5F588B2B9DFA7AF88EF2
:10B93C008D5BEB96034EF153F7573159C95AA45B03
:10B94C0089607F6E066FBE75EA8C9F5B0085E07B1D
:10B95C007250F4679D82615C4A851E7E0E829951FD
:10B96C00045C6863668D9C656E713E79177D0580FD
:10B97C001D8BCA8E6E90C786AA901F50FA523A5CE5
:10B98C0053677C7035724C91C8912B93E582C25BE6
:10B99C00315FF9603B4ED653885B4B6231678A6BE3
:10B9AC00E972E0732E7A6B81A38D529196991251A4
:10B9BC00D7536A54FF5B8863396AAC7D0097DA56BB
:10B9CC00CE536854975B315CDE5DEE4F0161FE62D5
:10B9DC00326DC079CB79427D4D7ED27FED811F8255
:10B9EC00908446887289908B748E2F8F31904B91F6
:10B9FC006C91C6969C91C04E4F4F45514153935FED
:10BA0C000E62D467416C0B6E6373267ECD9183926C
:10BA1C00D4531959BF5BD16D5D792E7E9B7C7E58BA
:10BA2C009F71FA515388F08FCA4FFB5C2566AC7737
:10BA3C00E37A1C82FF99C651AA5FEC656F69896B2A
:10BA4C00F36D966E646FFE76147DE15D7590879153
:10BA5C000698E6511D5240629166D9661A6EB65E22
:10BA6C00D27D727FF866AF85F785F88AA952D953D3
:10BA7C0073598F5E905F5560E4926496B7501F5176
:10BA8C00DD5220534753EC53E85446553155175665
:10BA9C006859BE593C5AB55B065C0F5C115C1A5C6C
:10BAAC00845E8A5EE05E705F7F628462DB628C63C0
:10BABC00776307660C662D6676667E67A2681F6ADA
:10BACC00356ABC6C886D096E586E3C712671677155
:10BADC00C77501775D7801796579F079E07A117B2A
:10BAEC00A77C397D9680D6838B8449855D88F388C5
:10BAFC001F8A3C8A548A738A618CDE8CA49166926C
:10BB0C007E9318949C9698970A4E084E1E4E574E4C
:10BB1C0097517052CE573458CC58225B385EC56062
:10BB2C00FE6461675667446DB6727375637AB88448
:10BB3C00728BB89120933156F457FE98ED620D69D3
:10BB4C00966BED71547E77807282E689DF9855870B
:10BB5C00B18F3B5C384FE14FB54F0755205ADD5B39
:10BB6C00E95BC35F4E612F63B0654B66EE689B6902
:10BB7C00786DF16D3375B9751F775E79E679337D24
:10BB8C00E381AF82AA85AA893A8AAB8E9B8F3290C9
:10BB9C00DD910797BA4EC14E03527558EC580B5CA9
:10BBAC001A753D5C4E810A8AC58F63966D97257B0D
:10BBBC00CF8A08986291F356A8531790395482573C
:10BBCC00255EA863346C8A7061778B7CE07F70880B
:10BBDC0042905491109318938F965E74C49A075D9B
:10BBEC00695D7065A267A88DDB966E6349671969FC
:10BBFC00C5831798C096FE88846F7A64F85B164EDE
:10BC0C002C705D752F66C4513652E252D359815F48
:10BC1C00276010623F6574651F667466F26816686B
:10BC2C00636B056E72721F75DB76BE7C5680F058A6
:10BC3C00FD887F89A08A938ACB8A1D909291529716
:10BC4C00599789650E7A0681BB962D5EDC601A6267
:10BC5C00A56514669067F3774D7A4D7C3E7E0A811C
:10BC6C00AC8C648DE18D5F8EA9780752D962A56387
:10BC7C00426498622D8A837AC07BAC8AEA96767D80
:10BC8C000C824987D94E485143536053A35B025CE5
:10BC9C00165CDD5D26624762B06413683468C96C5B
:10BCAC00456D176DD3675C6F4E717D71CB657F7A77
:10BCBC00AD7BDA7D4A7EA87F7A811B823982A6858C
:10BCCC006E8ACE8CF58D78907790AD92919283950B
:10BCDC00AE9B4D528455386F367168518579557EBF
:10BCEC00B381CE7C4C565158A85CAA63FE66FD66A7
:10BCFC005A69D9728F758E750E795679DF79977C62
:10BD0C00207D447D0786348A3B966190209FE750C6
:10BD1C007552CC53E2530950AA55EE584F593D7207
:10BD2C008B5B645C1D53E360F3605C6383633F6314
:10BD3C00BB63CD64E965F966E35DCD69FD69156F9B
:10BD4C00E571894EE975F876937ADF7CCF7D9C7D21
:10BD5C006180498358836C84BC84FB85C588708D55
:10BD6C0001906D9097931C97129ACF5097588E61B3
:10BD7C00D3813585088D2090C34F7450475273532F
:10BD8C006F6049635F672C6EB38D1F90D74F5E5CFD
:10BD9C00CA8CCF659A7D525396887651C363585B93
:10BDAC006B5B0A5C0D6451675C90D64E1A592A592C
:10BDBC00706C518A3E551558A559F0605362C16795
:10BDCC00358255694096C499289A534F0658FE5BA4
:10BDDC001080B15C2F5E855F20604B613462FF6622
:10BDEC00F06CDE6ECE807F81D4828B88B88C009014
:10BDFC002E908A96DB9EDB9BE34EF05327592C7BCF
:10BE0C008D914C98F99DDD6E277053534455855B8D
:10BE1C0058629E62D362A26CEF6F2274178A3894B8
:10BE2C00C16FFE8A3883E751F886EA53E953464FCF
:10BE3C005490B08F6A593181FD5DEA7ABF8FDA6810
:10BE4C00378CF872489C3D6AB08A394E5853065666
:10BE5C006657C562A263E6654E6BE16D5B6EAD70B5
:10BE6C00ED77EF7AAA7BBB7D3D80C680CB86958A29
:10BE7C005B93E356C7583E5FAD659666806AB56BBB
:10BE8C003775C78A2450E57730571B5F65607A6633
:10BE9C00606CF4751A7A6E7FF48118874590B399AB
:10BEAC00C97B5C75F97A517BC4841090E979927ADC
:10BEBC003683E15A40772D4EF24E995BE05FBD62BE
:10BECC003C66F167E86C6B8677883B8A4E91F392FF
:10BEDC00D099176A26702A73E7825784AF8C014E6B
:10BEEC004651CB518B55F55B165E335E815E145F0C
:10BEFC00355F6B5FB45FF2611163A2661D676E6F95
:10BF0C0052723A753A777480398178817687BF8A14
:10BF1C00DC8A858DF38D9A9277950298E59CC552B3
:10BF2C005763F4761567886CCD73C38CAE93739698
:10BF3C00256D9C580E69CC69FD8F9A93DB751A9010
:10BF4C005A580268B463FB69434F2C6FD867BB8F98
:10BF5C002685B47D54933F69706F6A57F7582C5BF4
:10BF6C002C7D2A720A54E391B49DAD4E4E4F5C5019
:10BF7C00755043529E8C485424589A5B1D5E955EB6
:10BF8C00AD5EF75E1F5F8C60B5623A63D063AF68DD
:10BF9C00406C87788E790B7AE07D4782028AE68A3C
:10BFAC00448E1390B8902D91D8910E9FE56C5864E7
:10BFBC00E2647565F46E84761B7B6990D193BA6EDE
:10BFCC00F254B95FA4644D8FED8F449278516B5845
:10BFDC002959555C975EFB6D8F7E1C75BC8CE28E6F
:10BFEC005B98B9701D4FBF6BB16F3075FB964E519E
:10BFFC00105435585758AC59605C925F97655C6724
:10C00C00216E7B76DF83ED8C1490FD904D9325781B
:10C01C003A78AA52A65E1F577459126012505A51A0
:10C02C00AC51CD5100521055545858585759955B36
:10C03C00F65C8B5DBC6095622D6471674368BC686F
:10C04C00DF68D776D86D6F6E9B6D6F70C871535F5C
:10C05C00D8757779497B547B527BD67C717D305275
:10C06C0063846985E4850E8A048B468C0F8E03905D
:10C07C000F90199476962D98309AD895CD50D5521C
:10C08C000C5402580E5CA7619E641E6DB377E57A62
:10C09C00F480048453908592E05C079D3F53975F36
:10C0AC00B35F9C6D79726377BF79E47BD26BEC7272
:10C0BC00AD8A0368616AF851817A34694A5CF69CEE
:10C0CC00EB82C55B49911E7078566F5CC7606665E4
:10C0DC008C6C5A8C419013985154C7660D924859E8
:10C0EC00A39085514D4EEA5199850E8B58707A6309
:10C0FC004B936269B499047E777557536069DF8EF0
:10C10C00E3965D6C8C4E3C5C105FE98F0253D18CD6
:10C11C0089807986FF5EE565734E655182593F5C77
:10C12C00EE97FB4E8A59CD5F8D8AE16FB0796279BB
:10C13C00E75B71842B73B171745EF55F7B639A64FA
:10C14C00C371987C434EFC5E4B4EDC57A256A960E3
:10C15C00C36F0D7DFD803381BF81B28F9789A4861B
:10C16C00F45D8A62AD6487897767E26C3E6D3674E4
:10C17C003478465A757FAD82AC99F34FC35EDD625D
:10C18C00926357656F67C3764C72CC80BA80298FE7
:10C19C004D910D50F957925A856873696471FD720F
:10C1AC00B78CF258E08C6A9619907F87E479E77720
:10C1BC0029842F4F65525A53CD62CF67CA6C7D7656
:10C1CC00947B957C36828485EB8FDD66206F0672BE
:10C1DC001B7EAB83C199A69EFD51B17B7278B87B57
:10C1EC008780487BE86A615E8C80517560756B5105
:10C1FC0062928C6E7A769791EA9A104F707F9C625D
:10C20C004F7BA595E99C7A565958E486BC96344FD9
:10C21C0024524A53CD53DB53065E2C6491657F67E1
:10C22C003E6C4E6C4872AF72ED735475417E2C822D
:10C23C00E985A98CC47BC69169711298EF983D630E
:10C24C0069666A75E476D0784385EE862A53515335
:10C25C0026548359875E7C5FB26049627962AB6217
:10C26C009065D46BCC6CB275AE769178D879CB7D69
:10C27C00777FA580AB88B98ABB8C7F905E97DB9863
:10C28C000B6A387C99503E5CAE5F8767D86B35740F
:10C29C0009778E7F3B9FCA67177A39538B75ED9A56
:10C2AC00665F9D81F18398803C5FC55F6275467BBC
:10C2BC003C906768EB599B5A107D7E762C8BF54F22
:10C2CC006A5F196A376C026FE27468796888558AFC
:10C2DC00798CDF5ECF63C575D279D7822893F292C1
:10C2EC009C84ED862D9CC1546C5F8C655C6D1570C7
:10C2FC00A78CD38C3B984F65F6740D4ED84EE057F7
:10C30C002B59665ACC5BA851035E9C5E1660766214
:10C31C007765A7656E666E6D3672267B50819A8145
:10C32C0099825C8BA08CE68C748D1C964496AE4FD7
:10C33C00AB64666B1E8261846A85E890015C53690C
:10C34C00A8987A8457850F4F6F52A95F455E0D6789
:10C35C008F79798107898689F56D175F5562B86C7D
:10C36C00CF4E6972929B06523B547456B358A461DB
:10C37C006E621A716E59897CDE7C1B7DF096876526
:10C38C005E80194E754F75514058635E735E0A5F3F
:10C39C00C467264E3D8589955B96737C0198FB504E
:10C3AC00C1585676A7782552A5771185867B4F50B4
:10C3BC0009594772C77BE87DBA8FD48F4D90BF4F18
:10C3CC00C952295A015FAD97DD4F1782EA92035784
:10C3DC005563696B2B75DC88148F427ADF52935846
:10C3EC0055610A62AE66CD6B3F7CE9832350F84FF2
:10C3FC0005534654315849599D5BF05CEF5C295DFF
:10C40C00965EB16267633E65B9650B67D56CE16C8E
:10C41C00F97032782B7EDE80B3820C84EC84028738
:10C42C0012892A8A4A8CA690D292FD98F39C6C9D14
:10C43C004F4EA14E8D5056524A57A8593D5ED85F6B
:10C44C00D95F3F62B4661B67D067D2689251217D79
:10C45C00AA80A881008B8C8CBF8C7E923296205443
:10C46C002C981753D5505C53A858B2643467677234
:10C47C006677467AE691C352A16C866B00584C5E87
:10C48C0054592C67FB7FE151C6766964E878549B5C
:10C49C00BB9ECB57B95927669A67CE6BE954D969BD
:10C4AC00555E9C819567AA9BFE67529C5D68A64E63
:10C4BC00E34FC853B9622B67AB6CC48FAD4F6D7E25
:10C4CC00BF9E074E6261806E2B6F138573542A6773
:10C4DC00459BF35D957BAC5CC65B1C874A6ED18437
:10C4EC00147A088199598D7C116C2077D952225974
:10C4FC0021715F72DB772797619D0B697F5A185A00
:10C50C00A5510D547D540E66DF76F78F9892F49CEE
:10C51C00EA595D72C56E4D51C968BF7DEC7D62975D
:10C52C00BA9E7864216A028384595F5BDB6B1B7350
:10C53C00F276B27D1780998432512867D99EEE76B7
:10C54C006267FF520599245C3B627E7CB08C4F5530
:10C55C00B6600B7D809501535F4EB6511C593A72F3
:10C56C003680CE91255FE2778453795F047DAC856C
:10C57C00338A8D8E5697F367AE85539409610861A3
:10C58C00B96C5276ED8A388F2F55514F2A51C752BC
:10C59C00CB53A55B7D5EA0608261D6630967DA67C9
:10C5AC00676E8C6D3673377331755079D588988A70
:10C5BC004A909190F590C4968D871559884E594F95
:10C5CC000E4E898A3F8F1098AD507C5E9659B95BA0
:10C5DC00B85EDA63FA63C164DC664A69D8690B6DCC
:10C5EC00B66E94712875AF7A8A7F00804984C984AD
:10C5FC008189218B0A8E65907D960A997E61916264
:10C60C00326B836C746DCC7FFC7FC06D857FBA8779
:10C61C00F8886567B1833C98F7961B6D617D3D8406
:10C62C006A91714E7553505D046BEB6FCD852D8601
:10C63C00A78929520F54655C4E67A86806748374E9
:10C64C00E275CF88E188CC91E29678968B5F877300
:10C65C00CB7A4E84A06365758952416D9C6E0974CA
:10C66C0059756B78927C8696DC7A8D9FB64F6E618D
:10C67C00C5655C86864EAE4EDA50214ECC51EE5BD3
:10C68C0099658168BC6D1F734276AD771C7AE77C27
:10C69C006F82D28A7C90CF91759618989B52D17DDF
:10C6AC002B5098539767CB6DD0713374E8812A8FD8
:10C6BC00A396579C9F9E60744158996D2F7D5E98F0
:10C6CC00E44E364F8B4FB751B152BA5D1C60B2730A
:10C6DC003C79D3823492B796F6960A97979E629FCE
:10C6EC00A666746B1752A352C870C288C95E4B60A1
:10C6FC009061236F49713E7CF47D6F80EE842390B2
:10C70C002C9342546F9BD36A8970C28CEF8D3297F5
:10C71C00B452415ACA5E045F17677C6994696A6DAA
:10C72C000F6F6272FC72ED7B01807E804B87CE9026
:10C73C006D51939E84798B803293D68A2D508C5474
:10C74C00718A6A6BC48C0781D160A067F29D994E87
:10C75C00984E109C6B8AC185688500697E6E9778AF
:10C76C00558100000A0001000200030004000500CE
:10C77C0006000700080009000A000B000C000D0061
:10C78C000E000F0010000000202020202020202070
:10C79C00202020202020202020202020202020208D
:10C7AC002020202020202020000000001F001C2022
:10C7BC0000000000142100000200162400000000FC
:10C7CC0014250000020015280000000011290000AB
:10C7DC000000142A00000000182B00000000142C8C
:10C7EC0000000000102D00000000142E00000100BD
:10C7FC000C3000000900143A00000100183C000045
:10C80C000200143F00000100034100001900155BF9
:10C81C0000000000145C00000000115D000000002E
:10C82C00175E000000000F5F0000000017600000A2
:10C83C000000036100001900157B00000000187C4B
:10C84C0000000000117D00000000187E00000000B8
:10C85C00007F000020001CA00000000014A10000BC
:10C86C00000016A20000030019A60000000014A787
:10C87C000000000017A80000000019A9000000002B
:10C88C0006AA0000000013AB0000000018AC00006A
:10C89C00000001AD0000000019AE0000000017AF51
:10C8AC000000000019B00000000018B100000000EA
:10C8BC000EB20000010017B40000000003B5000028
:10C8CC00000014B60000010017B8000000000EB9FB
:10C8DC000000000006BA0000000012BB00000000BF
:10C8EC000EBC0000020014BF0000000003C00000DA
:10C8FC00160018D70000000003D80000060004DF63
:10C90C000000000003E00000160018F70000000013
:10C91C0003F800003F000438010000000339010057
:10C92C000F00044901000000034A01004200048D7D
:10C93C0001000000038E01000C00049B01000000AC
:10C94C00039C01000D0004AA0100010003AC0100CE
:10C95C000D0004BA0100000006BB0100000003BC7E
:10C96C000100010004BE0100000003BF0100000033
:10C97C0006C00100030003C40100000007C501004C
:10C98C00000003C60100010007C80100000003C934
:10C99C000100010007CB0100000003CC01002300C3
:10C9AC0004F00100000003F10100000007F2010097
:10C9BC00000003F301002D000421020000000322FB
:10C9CC0002001100043402000500033A02001A00B0
:10C9DC000455020000000356020001000458020036
:10C9EC000000035902000000045A02000000035B1F
:10C9FC0002000100045D020002000360020001005D
:10CA0C0004620200000003630200000004640200E0
:10CA1C0000000365020001000467020000000368C7
:10CA2C0002000400046D02000100036F020000000C
:10CA3C000470020000000371020001000473020084
:10CA4C000100037502000000047602000600037D5D
:10CA5C0002000000047E02000100038002000000BE
:10CA6C000481020000000382020001000484020021
:10CA7C000200038702000500048D020004000392EB
:10CA8C000200000004930200000006940200000063
:10CA9C00049502000700039D02000100049F0200A0
:10CAAC00100005B00200110017C20200030005C6F9
:10CABC0002000B0017D202000D0005E0020004007A
:10CACC0017E50200060005EC0200000017ED02005D
:10CADC00000005EE0200000017EF020010000B0032
:10CAEC0003006F00037003000300057403000000D3
:10CAFC00177503000000037603000100057A03009C
:10CB0C000000037B03000200147E03000000037F7F
:10CB1C0003000000178403000100038603000000DB
:10CB2C00148703000000038803000200038C030039
:10CB3C000000038E03000100049003000000039129
:10CB4C000300100003A303000C0004B0030000005A
:10CB5C0003B10300200008D20300020003D5030038
:10CB6C00200018F60300000003F70300040004FC87
:10CB7C000300000003FD0300840019820400000080
:10CB8C000B83040004000A8804000100038A0400DB
:10CB9C00A500033105002500055905000000145AB5
:10CBAC000500050004600500000003610500250078
:10CBBC00048705000100148905000000108A050097
:10CBCC000000198D05000100168F050000000B9167
:10CBDC0005002C0010BE050000000BBF0500000076
:10CBEC0014C0050000000BC10500010014C30500B2
:10CBFC0000000BC40500010014C6050000000BC7A3
:10CC0C000500000006D005001A0006EF0500030021
:10CC1C0014F30500010001000600050018060600CB
:10CC2C000200140906000100160B06000000140C8B
:10CC3C0006000100190E060001000B1006000A0088
:10CC4C00141B06000000011C06000000141D060049
:10CC5C000200062006001F000540060000000641E9
:10CC6C00060009000B4B060014000C6006000900BE
:10CC7C00146A06000300066E060001000B70060025
:10CC8C00000006710600620014D40600000006D5F0
:10CC9C00060000000BD60600060001DD06000000B1
:10CCAC0019DE060000000BDF0600050005E5060096
:10CCBC0001000BE70600010019E9060000000BEA71
:10CCCC000600030006EE060001000CF00600090049
:10CCDC0006FA0600020019FD0600010006FF060018
:10CCEC000000140007000D00010F070000000610E3
:10CCFC00070000000B1107000000061207001D00C2
:10CD0C000B3007001A00064D070058000BA6070051
:10CD1C000A0006B1070000000CC00700090006CA93
:10CD2C00070020000BEB0700080005F407000100CA
:10CD3C0019F60700000014F70700020005FA0700B7
:10CD4C0000000BFD0700000016FE070001000600A6
:10CD5C00080015000B1608000300051A0800000057
:10CD6C000B1B080008000524080000000B25080018
:10CD7C0002000528080000000B29080004001430EC
:10CD8C0008000E000640080018000B5908000200AD
:10CD9C00145E08000000066008000A000670080017
:10CDAC00170017880800000006890800050001908C
:10CDBC00080001000B980800070006A008002800D6
:10CDCC0005C9080000000BCA0800170001E20800A2
:10CDDC0000000BE308001F00090309000000060413
:10CDEC00090035000B3A09000000093B090000005E
:10CDFC000B3C09000000063D09000000093E09003B
:10CE0C0002000B41090007000949090003000B4D02
:10CE1C0009000000094E090001000650090000003D
:10CE2C000B51090006000658090009000B620900A5
:10CE3C0001001464090001000C660900090014705B
:10CE4C0009000000057109000000067209000E00BF
:10CE5C000B81090000000982090001000685090008
:10CE6C000700068F0900010006930900150006AAA9
:10CE7C000900060006B20900000006B6090003000E
:10CE8C000BBC0900000006BD0900000009BE09002A
:10CE9C0002000BC10900030009C70900010009CBFE
:10CEAC00090001000BCD0900000006CE09000000AE
:10CEBC0009D70900000006DC0900010006DF0900A3
:10CECC0002000BE2090001000CE60900090006F063
:10CEDC000900010016F2090001000EF4090005001A
:10CEEC0019FA0900000016FB0900000006FC0900F5
:10CEFC00000014FD090000000BFE090000000B01EE
:10CF0C000A00010009030A00000006050A000500DA
:10CF1C00060F0A00010006130A001500062A0A0073
:10CF2C00060006320A00010006350A000100063828
:10CF3C000A0001000B3C0A000000093E0A00020036
:10CF4C000B410A0001000B470A0001000B4B0A00C1
:10CF5C0002000B510A00000006590A000300065E8D
:10CF6C000A0000000C660A0009000B700A000100A0
:10CF7C0006720A0002000B750A00000014760A0003
:10CF8C0000000B810A00010009830A0000000685DD
:10CF9C000A000800068F0A00020006930A0015001A
:10CFAC0006AA0A00060006B20A00010006B50A002D
:10CFBC0004000BBC0A00000006BD0A00000009BEFC
:10CFCC000A0002000BC10A0004000BC70A00010092
:10CFDC0009C90A00000009CB0A0001000BCD0A00A8
:10CFEC00000006D00A00000006E00A0001000BE277
:10CFFC000A0001000CE60A00090014F00A00000007
:10D00C0016F10A00000006F90A0000000BFA0A00EB
:10D01C0005000B010B00000009020B0001000605C6
:10D02C000B000700060F0B00010006130B00150088
:10D03C00062A0B00060006320B00010006350B0019
:10D04C0004000B3C0B000000063D0B000000093EE9
:10D05C000B0000000B3F0B00000009400B00000010
:10D06C000B410B00030009470B000100094B0B009F
:10D07C0001000B4D0B0000000B550B000100095774
:10D08C000B000000065C0B000100065F0B000200A9
:10D09C000B620B0001000C660B00090019700B00F1
:10D0AC00000006710B0000000E720B0005000B82D5
:10D0BC000B00000006830B00000006850B0005002A
:10D0CC00068E0B00020006920B00030006990B0063
:10D0DC000100069C0B000000069E0B00010006A33D
:10D0EC000B00010006A80B00020006AE0B000B00A3
:10D0FC0009BE0B0001000BC00B00000009C10B00A6
:10D10C00010009C60B00020009CA0B0002000BCD7E
:10D11C000B00000006D00B00000009D70B0000002C
:10D12C000CE60B0009000EF00B00020019F30B00CB
:10D13C00050016F90B00000019FA0B0000000B009B
:10D14C000C00000009010C0002000B040C00000094
:10D15C0006050C000700060E0C00020006120C005F
:10D16C001600062A0C000F000B3C0C000000063DBC
:10D17C000C0000000B3E0C00020009410C000300E7
:10D18C000B460C0002000B4A0C0003000B550C0064
:10D19C00010006580C000200065D0C000000066041
:10D1AC000C0001000B620C0001000C660C00090065
:10D1BC0014770C0000000E780C000600197F0C0090
:10D1CC00000006800C0000000B810C00000009829E
:10D1DC000C00010014840C00000006850C000700F4
:10D1EC00068E0C00020006920C00160006AA0C001B
:10D1FC00090006B50C0004000BBC0C00000006BDB9
:10D20C000C00000009BE0C0000000BBF0C0000005D
:10D21C0009C00C0004000BC60C00000009C70C0070
:10D22C00010009CA0C0001000BCC0C00010009D54F
:10D23C000C00010006DD0C00010006E00C000100F2
:10D24C000BE20C0001000CE60C00090006F10C00CE
:10D25C0001000B000D00010009020D000100060485
:10D26C000D000800060E0D00020006120D0028002D
:10D27C000B3B0D000100063D0D000000093E0D00AA
:10D28C0002000B410D00030009460D000200094A83
:10D29C000D0002000B4D0D000000064E0D000000AD
:10D2AC00194F0D00000006540D00020009570D0027
:10D2BC0000000E580D000600065F0D0002000B6208
:10D2CC000D0001000C660D0009000E700D00080029
:10D2DC0019790D000000067A0D0005000B810D0078
:10D2EC00000009820D00010006850D001100069A50
:10D2FC000D00170006B30D00080006BD0D00000060
:10D30C0006C00D0006000BCA0D00000009CF0D0071
:10D31C0002000BD20D0002000BD60D00000009D844
:10D32C000D0007000CE60D00090009F20D000100CC
:10D33C0014F40D00000006010E002F000B310E003E
:10D34C00000006320E0001000B340E000600163FE2
:10D35C000E00000006400E00050005460E00000001
:10D36C000B470E000700144F0E0000000C500E006F
:10D37C000900145A0E00010006810E0001000684FB
:10D38C000E00000006860E000400068C0E0017002E
:10D39C0006A50E00000006A70E0009000BB10E003A
:10D3AC00000006B20E0001000BB40E00080006BD12
:10D3BC000E00000006C00E00040005C60E000000A2
:10D3CC000BC80E0005000CD00E00090006DC0E0088
:10D3DC00030006000F00000019010F0002001404E6
:10D3EC000F000E0019130F00000014140F000000A2
:10D3FC0019150F0002000B180F000100191A0F006D
:10D40C0005000C200F0009000E2A0F00090019342A
:10D41C000F0000000B350F00000019360F00000044
:10D42C000B370F00000019380F0000000B390F00EC
:10D43C000000153A0F000000113B0F000000153CD6
:10D44C000F000000113D0F000000093E0F0001000D
:10D45C0006400F00070006490F0023000B710F0058
:10D46C000D00097F0F0000000B800F0004001485D5
:10D47C000F0000000B860F00010006880F0004004F
:10D48C000B8D0F000A000B990F00230019BE0F0023
:10D49C0007000BC60F00000019C70F00050019CEBE
:10D4AC000F00010014D00F00040019D50F00030069
:10D4BC0014D90F000100060010002A00092B1000DF
:10D4CC0001000B2D100003000931100000000B327D
:10D4DC00100005000938100000000B391000010085
:10D4EC00093B100001000B3D10000100063F10002D
:10D4FC0000000C4010000900144A100005000650F2
:10D50C00100005000956100001000B581000010016
:10D51C00065A100003000B5E10000200066110009A
:10D52C000000096210000200066510000100096786
:10D53C0010000600066E100002000B7110000300B4
:10D54C00067510000C000B821000000009831000FF
:10D55C0001000B85100001000987100005000B8DE0
:10D56C0010000000068E10000000098F1000000053
:10D57C000C9010000900099A100002000B9D10007D
:10D58C000000199E1000010003A01000250003C725
:10D59C001000000003CD1000000003D010002A0082
:10D5AC0014FB1000000005FC1000000003FD10002F
:10D5BC000200060011004801064A12000300065042
:10D5CC0012000600065812000000065A1200030052
:10D5DC00066012002800068A120003000690120052
:10D5EC00200006B21200030006B81200060006C0A6
:10D5FC001200000006C21200030006C812000E0042
:10D60C0006D8120038000612130003000618130087
:10D61C0042000B5D130002001460130008000E6939
:10D62C0013001300068013000F001990130009005B
:10D63C0003A01300550003F813000500100014009C
:10D64C000000060114006B02196D16000000146E28
:10D65C0016000000066F160010001C80160000005B
:10D66C00068116001900159B16000000119C16006F
:10D67C00000006A016004A0014EB160002000DEE86
:10D68C001600020006F11600070006001700110034
:10D69C000B1217000200091517000000061F1700D7
:10D6AC0012000B321700010009341700000014356A
:10D6BC00170001000640170011000B521700010063
:10D6CC00066017000C00066E170002000B721700A4
:10D6DC0001000680170033000BB41700010009B6D7
:10D6EC00170000000BB71700060009BE1700070053
:10D6FC000BC61700000009C7170001000BC9170063
:10D70C000A0014D41700020005D71700000014D823
:10D71C001700020016DB1700000006DC17000000E3
:10D72C000BDD170000000CE0170009000EF01700CD
:10D73C00090014001800050010061800000014075A
:10D74C00180003000B0B18000200010E180000005B
:10D75C000B0F180000000C10180009000620180010
:10D76C00220005431800000006441800340006800F
:10D77C00180004000B851800010006871800210012
:10D78C000BA91800000006AA1800000006B018002B
:10D79C004500060019001E000B2019000200092389
:10D7AC00190003000B2719000100092919000200B8
:10D7BC000930190001000B3219000000093319005F
:10D7CC0005000B391900020019401900000014441F
:10D7DC00190001000C4619000900065019001D0023
:10D7EC00067019000400068019002B0006B0190001
:10D7FC0019000CD0190009000EDA1900000019DE0E
:10D80C001900210006001A0016000B171A0001005F
:10D81C0009191A0001000B1B1A000000141E1A0033
:10D82C00010006201A00340009551A0000000B569E
:10D83C001A00000009571A0000000B581A000600C5
:10D84C000B601A00000009611A0000000B621A003C
:10D85C00000009631A0001000B651A000700096D2E
:10D86C001A0005000B731A0009000B7F1A00000048
:10D87C000C801A0009000C901A00090014A01A0060
:10D88C00060005A71A00000014A81A0005000BB02A
:10D89C001A000D000ABE1A0000000BBF1A000F0080
:10D8AC000B001B00030009041B00000006051B00F5
:10D8BC002E000B341B00000009351B0000000B363A
:10D8CC001B000400093B1B0000000B3C1B0000006C
:10D8DC00093D1B0004000B421B00000009431B0008
:10D8EC00010006451B0007000C501B000900145AD0
:10D8FC001B00060019611B0009000B6B1B000800C4
:10D90C0019741B000800147D1B0001000B801B0008
:10D91C00010009821B00000006831B001D0009A1E9
:10D92C001B0000000BA21B00030009A61B0001003A
:10D93C000BA81B00010009AA1B0000000BAB1B006D
:10D94C00020006AE1B0001000CB01B00090006BA59
:10D95C001B002B000BE61B00000009E71B0000005E
:10D96C000BE81B00010009EA1B0002000BED1B0079
:10D97C00000009EE1B0000000BEF1B00020009F277
:10D98C001B00010014FC1B00030006001C002300FC
:10D99C0009241C0007000B2C1C00070009341C0078
:10D9AC0001000B361C000100143B1C0004000C4051
:10D9BC001C000900064D1C0002000C501C00090044
:10D9CC00065A1C001D0005781C000500147E1C0066
:10D9DC00010003801C00080003901C002A0003BDFA
:10D9EC001C00020014C01C0007000BD01C0002001D
:10D9FC0014D31C0000000BD41C000C0009E11C000B
:10DA0C0000000BE21C00060006E91C0003000BEDF5
:10DA1C001C00000006EE1C0005000BF41C000000AE
:10DA2C0006F51C00010009F71C0000000BF81C0097
:10DA3C00010006FA1C00000004001D002B00052C40
:10DA4C001D003E00046B1D000C0005781D0000003D
:10DA5C0003791D000000047A1D000200037D1D00E7
:10DA6C000000047E1D000F00038E1D000000048FBB
:10DA7C001D000B00059B1D0024000BC01D003F006A
:10DA8C0003001E00950004961E000400039B1E005C
:10DA9C000000049C1E000100039E1E000000049F59
:10DAAC001E00000003A01E00750003181F000500D7
:10DABC0003201F00250003481F00050004501F0011
:10DACC00000003511F00000004521F00000003530C
:10DADC001F00000004541F00000003551F0000002D
:10DAEC0004561F00000003571F00000003591F00BD
:10DAFC000000035B1F000000035D1F000000035FBC
:10DB0C001F001E0003801F00070007881F0007006E
:10DB1C0003901F00070007981F00070003A01F00B9
:10DB2C00070007A81F00070003B01F00010004B284
:10DB3C001F00000003B31F00000004B41F0000000E
:10DB4C0004B61F00010003B81F00030007BC1F0030
:10DB5C00000017BD1F00000003BE1F00000017BF10
:10DB6C001F00020004C21F00000003C31F000000BE
:10DB7C0004C41F00000004C61F00010003C81F00DE
:10DB8C00030007CC1F00000017CD1F00020003D0BC
:10DB9C001F00010004D21F00010004D61F00010069
:10DBAC0003D81F00030017DD1F00020003E01F0055
:10DBBC00010004E21F00020003E51F00000004E660
:10DBCC001F00010003E81F00040017ED1F000200F6
:10DBDC0004F21F00000003F31F00000004F41F00F8
:10DBEC00000004F61F00010003F81F00030007FCEF
:10DBFC001F00000017FD1F0001001C0020000A0080
:10DC0C00010B200004001010200005001416200049
:10DC1C000100131820000000121920000000151A32
:10DC2C0020000000131B20000100121D200000002A
:10DC3C00151E20000000131F2000000014202000DF
:10DC4C0007001A28200000001B2920000000012AD0
:10DC5C00200004001C2F20000000143020000800BD
:10DC6C00133920000000123A20000000143B200061
:10DC7C0003000F3F20000100144120000200184453
:10DC8C002000000015452000000011462000000077
:10DC9C00144720000A0018522000000014532000E2
:10DCAC0000000F54200000001455200009001C5FD8
:10DCBC002000000001602000040001662000090023
:10DCCC000E70200000000571200000000E74200072
:10DCDC000500187A20000200157D20000000117E3E
:10DCEC0020000000057F200000000E8020000900AD
:10DCFC00188A20000200158D20000000118E2000D3
:10DD0C000000059020000C0016A0200020000BD075
:10DD1C0020000C000ADD200003000BE120000000B5
:10DD2C000AE2200002000BE520000B001900210084
:10DD3C00010008022100000019032100030008075C
:10DD4C0021000000190821000100040A2100000034
:10DD5C00080B21000200040E210001000810210014
:10DD6C000200041321000000191421000000081502
:10DD7C0021000000191621000100181821000000D4
:10DD8C00081921000400191E210005000824210097
:10DD9C00000019252100000003262100000019278E
:10DDAC002100000008282100000019292100000092
:10DDBC00032A21000100082C21000100192E21004A
:10DDCC000000042F21000000083021000100033264
:10DDDC002100000008332100000004342100000061
:10DDEC00063521000300043921000000193A2100F6
:10DDFC000100043C21000100083E210001001840F4
:10DE0C002100040008452100000004462100030005
:10DE1C00194A21000000184B21000000194C210068
:10DE2C000100034E21000000194F210000000E508C
:10DE3C0021000F000D60210022000383210001004E
:10DE4C000D85210003000E8921000000198A210094
:10DE5C000100189021000400199521000400189A63
:10DE6C0021000100199C2100030018A021000000D2
:10DE7C0019A12100010018A32100000019A4210000
:10DE8C00010018A62100000019A72100060018AEF9
:10DE9C002100000019AF21001E0018CE2100010046
:10DEAC0019D02100010018D22100000019D3210043
:10DEBC00000018D42100000019D521001E0018F410
:10DECC0021000B0119002300070015082300000096
:10DEDC00110923000000150A23000000110B230078
:10DEEC000000190C23001300182023000100192234
:10DEFC0023000600152923000000112A230000002E
:10DF0C00192B23005000187C23000000197D2300DE
:10DF1C001D00189B2300180019B42300270018DCDF
:10DF2C002300050019E223004400194024000A00D4
:10DF3C000E6024003B00199C24004D000EEA2400C6
:10DF4C00150019002500B60018B72500000019B8F7
:10DF5C002500080018C12500000019C22500350055
:10DF6C0018F825000700190026006E00186F26000F
:10DF7C00000019702600F7001568270000001169D1
:10DF8C0027000000156A27000000116B2700000015
:10DF9C00156C27000000116D27000000156E27007E
:10DFAC000000116F27000000157027000000117190
:10DFBC0027000000157227000000117327000000D5
:10DFCC001574270000001175270000000E7627003D
:10DFDC001D00199427002B0018C02700040015C53C
:10DFEC002700000011C62700000018C727001E00DC
:10DFFC0015E62700000011E72700000015E82700B0
:10E00C00000011E92700000015EA2700000011EBC1
:10E01C002700000015EC2700000011ED2700000080
:10E02C0015EE2700000011EF2700000018F0270064
:10E03C000F0019002800FF0018002900820015832A
:10E04C00290000001184290000001585290000001A
:10E05C00118629000000158729000000118829006D
:10E06C000000158929000000118A29000000158B79
:10E07C0029000000118C29000000158D29000000DA
:10E08C00118E29000000158F290000001190290025
:10E09C000000159129000000119229000000159331
:10E0AC00290000001194290000001595290000009A
:10E0BC0011962900000015972900000011982900DD
:10E0CC000000189929003E0015D82900000011D92C
:10E0DC002900000015DA2900000011DB29000000DE
:10E0EC0018DC29001F0015FC2900000011FD290077
:10E0FC00000018FE2900010119002B002F00183018
:10E10C002B00140019452B00010018472B000500AB
:10E11C00194D2B00260019762B001F0019972B0088
:10E12C00680003002C00700004712C0000000372C6
:10E13C002C00010004742C00000003752C0001005D
:10E14C0004772C000400057C2C000100037E2C00BD
:10E15C00650004E42C00000019E52C00050003EB1D
:10E16C002C0003000BEF2C00020003F22C0001002A
:10E17C0014F92C0003000EFD2C00000014FE2C00E2
:10E18C00010003002D00250003272D000000032DA6
:10E19C002D00000006302D003700056F2D0000000B
:10E1AC0014702D0000000B7F2D00000006802D0048
:10E1BC00160006A02D00060006A82D00060006B0CD
:10E1CC002D00060006B82D00060006C02D00060026
:10E1DC0006C82D00060006D02D00060006D82D001E
:10E1EC0006000BE02D001F0014002E00010013028E
:10E1FC002E00000012032E00000013042E0000005D
:10E20C0012052E00000014062E00020013092E0029
:10E21C000000120A2E000000140B2E000000130C3C
:10E22C002E000000120D2E000000140E2E0008000F
:10E23C0010172E00000014182E000100101A2E00CA
:10E24C000000141B2E000000131C2E000000121DD9
:10E25C002E000000141E2E00010013202E000000C2
:10E26C0012212E00000015222E00000011232E007A
:10E27C00000015242E00000011252E00000015268C
:10E28C002E00000011272E00000015282E00000083
:10E29C0011292E000000142A2E000400052F2E0038
:10E2AC00000014302E000900103A2E000100143C1E
:10E2BC002E00030010402E00000014412E00000020
:10E2CC0015422E00000014432E000C0019502E0095
:10E2DC00010014522E00020015552E00000011569C
:10E2EC002E00000015572E00000011582E000000C3
:10E2FC0015592E000000115A2E000000155B2E003F
:10E30C000000115C2E000000105D2E000000198032
:10E31C002E001900199B2E00580019002F00D50053
:10E32C0019F02F000B001C0030000000140130000D
:10E33C00020019043000000005053000000006063C
:10E34C00300000000D073000000015083000000000
:10E35C00110930000000150A30000000110B3000CC
:10E36C000000150C30000000110D30000000150EDF
:10E37C0030000000110F30000000151030000000BC
:10E38C00111130000000191230000100151430007A
:10E39C000000111530000000151630000000111798
:10E3AC00300000001518300000001119300000007A
:10E3BC00151A30000000111B30000000101C30003A
:10E3CC000000151D30000000111E30000100192046
:10E3DC00300000000D21300008000B2A3000030033
:10E3EC00092E3000010010303000000005313000E3
:10E3FC0004001936300001000D3830000200053BD6
:10E40C0030000000063C30000000143D30000000DD
:10E41C00193E300001000641300055000B993000C8
:10E42C000100179B30000100059D30000100069F84
:10E43C003000000010A03000000006A13000590090
:10E44C0014FB3000000005FC3000020006FF300019
:10E45C000000060531002A00063131005D001990DC
:10E46C00310001000E9231000300199631000900B1
:10E47C0006A031001F0019C03100230006F0310046
:10E48C000F00190032001E000E2032000900192A5C
:10E49C0032001D000E4832000700195032000000F7
:10E4AC000E5132000E00196032001F000E80320037
:10E4BC000900198A320026000EB132000E0019C074
:10E4CC0032003F0106003400BF1919C04D003F0057
:10E4DC0006004E0014520515A00000000616A00000
:10E4EC0076041990A400360006D0A400270005F885
:10E4FC00A400050014FEA40001000600A5000B01F9
:10E50C00050CA6000000140DA60002000610A600C3
:10E51C000F000C20A6000900062AA60001000340EB
:10E52C00A6002D00066EA60000000B6FA6000000D2
:10E53C000A70A60002001473A60000000B74A6005B
:10E54C000900147EA6000000057FA60000000380D1
:10E55C00A6001B00059CA60001000B9EA600010056
:10E56C0006A0A60045000DE6A60009000BF0A600CB
:10E57C00010014F2A60005001700A70016000517ED
:10E58C00A70008001720A70001000322A7000D0018
:10E59C000430A70001000332A7003D000570A7005E
:10E5AC0000000471A70007000379A7000E0005887E
:10E5BC00A70000001789A7000100038BA700020029
:10E5CC00048EA7000000068FA70000000390A70090
:10E5DC0004000495A70000000396A700180004AFE0
:10E5EC00A700000003B0A7001A0003D0A700010089
:10E5FC0004D3A700000004D5A700000003D6A70091
:10E60C00030005F2A700020003F5A700010006F7BE
:10E61C00A700000005F8A700010004FAA7000000FD
:10E62C0006FBA70006000B02A80000000603A800CA
:10E63C0002000B06A80000000607A80003000B0B45
:10E64C00A8000000060CA80016000923A800010071
:10E65C000B25A80001000927A80000001928A80014
:10E66C0003000B2CA80000000E30A8000500193682
:10E67C00A80001001638A80000001939A8000000F5
:10E68C000640A80033001474A80003000980A800F9
:10E69C0001000682A800310009B4A8000F000BC4C9
:10E6AC00A800010014CEA80001000CD0A80009009D
:10E6BC000BE0A800110006F2A800050014F8A80051
:10E6CC00020006FBA800000014FCA800000006FDD8
:10E6DC00A80001000BFFA80000000C00A900090015
:10E6EC00060AA9001B000B26A9000700142EA9007E
:10E6FC0001000630A90016000B47A9000A000952B8
:10E70C00A9000100145FA90000000660A9001C000C
:10E71C000B80A90002000983A90000000684A9004F
:10E72C002E000BB3A900000009B4A90001000BB620
:10E73C00A900030009BAA90001000BBCA900010043
:10E74C0009BEA900020014C1A9000C0005CFA90044
:10E75C0000000CD0A900090014DEA900010006E09D
:10E76C00A90004000BE5A900000005E6A9000000C3
:10E77C0006E7A90008000CF0A900090006FAA90098
:10E78C0004000600AA0028000B29AA000500092F86
:10E79C00AA0001000B31AA0001000933AA000100F4
:10E7AC000B35AA0001000640AA0002000B43AA0088
:10E7BC0000000644AA0007000B4CAA000000094DFB
:10E7CC00AA0000000C50AA000900145CAA00030067
:10E7DC000660AA000F000570AA0000000671AA00CE
:10E7EC0005001977AA000200067AAA000000097B2E
:10E7FC00AA0000000B7CAA000000097DAA00000002
:10E80C00067EAA0031000BB0AA00000006B1AA00D7
:10E81C0000000BB2AA00020006B5AA0001000BB75B
:10E82C00AA00010006B9AA0004000BBEAA00010050
:10E83C0006C0AA0000000BC1AA00000006C2AA0074
:10E84C00000006DBAA00010005DDAA00000014DEB2
:10E85C00AA00010006E0AA000A0009EBAA000000C9
:10E86C000BECAA00010009EEAA00010014F0AA00AA
:10E87C00010006F2AA00000005F3AA00010009F548
:10E88C00AA0000000BF6AA0000000601AB00050070
:10E89C000609AB0005000611AB0005000620AB0015
:10E8AC0006000628AB0006000430AB002200035320
:10E8BC00AB0000000454AB000600175BAB0000007B
:10E8CC00055CAB0003000460AB0008000569AB00FD
:10E8DC000000176AAB0001000370AB004F0006C0CC
:10E8EC00AB00220009E3AB0001000BE5AB0000001C
:10E8FC0009E6AB0001000BE8AB00000009E9AB0036
:10E90C00010014EBAB00000009ECAB0000000BEDB8
:10E91C00AB0000000CF0AB0009000600AC00A32B10
:10E92C0006B0D700160006CBD70030000200D80086
:10E93C00FF070600F9006D010670FA00690004007B
:10E94C00FB0006000413FB000400061DFB00000086
:10E95C000B1EFB000000061FFB0009001829FB0022
:10E96C000000062AFB000C000638FB000400063EE3
:10E97C00FB0000000640FB0001000643FB00010009
:10E98C000646FB006B0017B2FB00100006D3FB0021
:10E99C006A01113EFD000000153FFD00000019400A
:10E9AC00FD000F000650FD003F000692FD003500F3
:10E9BC0019CFFD00000006F0FD000B0016FCFD0059
:10E9CC00000019FDFD0002000B00FE000F001410EA
:10E9DC00FE0006001517FE0000001118FE000000D6
:10E9EC001419FE0000000B20FE000F001430FE0076
:10E9FC0000001031FE0001000F33FE000100153540
:10EA0C00FE0000001136FE0000001537FE0000006D
:10EA1C001138FE0000001539FE000000113AFE000E
:10EA2C000000153BFE000000113CFE000000153DEF
:10EA3C00FE000000113EFE000000153FFE0000002D
:10EA4C001140FE0000001541FE0000001142FE00C6
:10EA5C0000001543FE0000001144FE0000001445A8
:10EA6C00FE0001001547FE0000001148FE000000EA
:10EA7C001449FE0003000F4DFE0002001450FE006E
:10EA8C0002001454FE0003001058FE00000015593B
:10EA9C00FE000000115AFE000000155BFE00000095
:10EAAC00115CFE000000155DFE000000115EFE0012
:10EABC000000145FFE0002001862FE0000001063EC
:10EACC00FE0000001864FE0002001468FE00000046
:10EADC001669FE000000146AFE0001000670FE00BC
:10EAEC0004000676FE00860001FFFE000000140103
:10EAFC00FF0002001604FF0000001405FF000200D6
:10EB0C001508FF0000001109FF000000140AFF00A7
:10EB1C000000180BFF000000140CFF000000100D8B
:10EB2C00FF000000140EFF0001000C10FF00090094
:10EB3C00141AFF000100181CFF000200141FFF0034
:10EB4C0001000321FF001900153BFF000000143CDD
:10EB5C00FF000000113DFF000000173EFF00000009
:10EB6C000F3FFF0000001740FF0000000341FF00B3
:10EB7C001900155BFF000000185CFF000000115D20
:10EB8C00FF000000185EFF000000155FFF00000092
:10EB9C001160FF0000001461FF0000001562FF000F
:10EBAC0000001163FF0000001464FF000100066602
:10EBBC00FF0009000570FF0000000671FF002C002B
:10EBCC00059EFF00010006A0FF001E0006C2FF000C
:10EBDC00050006CAFF00050006D2FF00050006DA94
:10EBEC00FF00020016E0FF00010018E2FF00000029
:10EBFC0017E3FF00000019E4FF00000016E5FF001A
:10EC0C00010019E8FF00000018E9FF00030019EDEE
:10EC1C00FF00010001F9FF00020019FCFF000100D8
:10EC2C00060000010B00060D00011900062800016A
:10EC3C001200063C00010100063F00010E000650C8
:10EC4C0000010D00068000017A0014000101020091
:10EC5C000E0701012C001937010108000D400101BC
:10EC6C0034000E75010103001979010110000E8AA0
:10EC7C0001010100198C01010200199001010C0025
:10EC8C0019A00101000019D001012C000BFD01019C
:10EC9C000000068002011C0006A0020130000BE0FF
:10ECAC00020100000EE102011A00060003011F0020
:10ECBC000E2003010300062D030113000D41030177
:10ECCC0000000642030107000D4A03010000065034
:10ECDC00030125000B7603010400068003011D00CF
:10ECEC00149F0301000006A00301230006C80301C2
:10ECFC00070014D0030100000DD103010400030030
:10ED0C0004014F00065004014D000CA00401090041
:10ED1C0003B00401230003D80401230006000501FD
:10ED2C002700063005013300146F05010000037045
:10ED3C0005010A00037C05010E00038C0501060089
:10ED4C00039405010100039705010A0003A30501C3
:10ED5C000E0003B30501060003BB0501010006000C
:10ED6C000601360106400701150006600701070081
:10ED7C0005800701050005870701290005B2070179
:10ED8C000800060008010500060808010000060A34
:10ED9C0008012B00063708010100063C08010000A1
:10EDAC00063F080116001457080100000E58080110
:10EDBC0007000660080116001977080101000E799A
:10EDCC0008010600068008011E000EA708010800B5
:10EDDC0006E00801120006F4080101000EFB080110
:10EDEC0004000600090115000E1609010500141F88
:10EDFC0009010000062009011900143F0901000057
:10EE0C000680090137000EBC0901010006BE09018C
:10EE1C0001000EC009010F000ED209012D000600E1
:10EE2C000A0100000B010A0102000B050A01010096
:10EE3C000B0C0A01030006100A01030006150A0157
:10EE4C00020006190A011C000B380A0102000B3FD4
:10EE5C000A0100000E400A01080014500A010800C3
:10EE6C0006600A011C000E7D0A010100147F0A01D4
:10EE7C00000006800A011C000E9D0A01020006C05B
:10EE8C000A01070019C80A01000006C90A011B0083
:10EE9C000BE50A0101000EEB0A01040014F00A0153
:10EEAC00060006000B01350014390B010600064064
:10EEBC000B0115000E580B01070006600B01120028
:10EECC000E780B01070006800B01110014990B0141
:10EEDC0003000EA90B01060006000C01480003807C
:10EEEC000C01320003C00C0132000EFA0C010500BB
:10EEFC0006000D0123000B240D0103000C300D0145
:10EF0C0009000E600E011E0006800E0129000BABDD
:10EF1C000E01010010AD0E01000006B00E01010043
:10EF2C0006000F011C000E1D0F01090006270F0122
:10EF3C00000006300F0115000B460F010A000E51A0
:10EF4C000F01030014550F01040006700F0111008E
:10EF5C000B820F01030014860F01030006B00F0192
:10EF6C0014000EC50F01060006E00F011600090083
:10EF7C00100100000B01100100000902100100003B
:10EF8C000603100134000B3810010E001447100159
:10EF9C0006000E52100113000C66100109000B70D4
:10EFAC00100100000671100101000B73100101002B
:10EFBC000675100100000B7F100102000982100180
:10EFCC000000068310012C0009B0100102000BB3E5
:10EFDC001001030009B7100101000BB91001010069
:10EFEC0014BB1001010001BD1001000014BE100182
:10EFFC0003000BC21001000001CD1001000006D06F
:10F00C00100118000CF0100109000B001101020096
:10F01C000603110123000B2711010400092C110117
:10F02C0000000B2D110107000C36110109001440D2
:10F03C0011010300064411010000094511010100F2
:10F04C000647110100000650110122000B7311013B
:10F05C0000001474110101000676110100000B80F0
:10F06C0011010100098211010000068311012F001A
:10F07C0009B3110102000BB61101080009BF1101FF
:10F08C00010006C11101030014C5110103000BC9D5
:10F09C001101030014CD1101000009CE1101000073
:10F0AC000BCF110100000CD01101090006DA11017F
:10F0BC00000014DB1101000006DC1101000014DD5E
:10F0CC00110102000EE111011300060012011100E2
:10F0DC00061312011800092C120102000B2F120149
:10F0EC0002000932120101000B3412010000093533
:10F0FC00120100000B361201010014381201050038
:10F10C000B3E120100000680120106000688120157
:10F11C000000068A12010300068F12010E00069FE2
:10F12C001201090014A91201000006B012012E00F0
:10F13C000BDF1201000009E0120102000BE31201C7
:10F14C0007000CF0120109000B0013010100090269
:10F15C0013010100060513010700060F130101003E
:10F16C00061313011500062A1301060006321301BB
:10F17C0001000635130104000B3B13010100063D91
:10F18C0013010000093E130101000B4013010000A4
:10F19C00094113010300094713010100094B130135
:10F1AC000200065013010000095713010000065D10
:10F1BC00130104000962130101000B661301060020
:10F1CC000B701301040006001401340009351401FE
:10F1DC0002000B38140107000940140101000B4216
:10F1EC00140102000945140100000B461401000033
:10F1FC00064714010300144B140104000C501401B5
:10F20C000900145A14010100145D140100000B5E76
:10F21C0014010000065F14010200068014012F0087
:10F22C0009B0140102000BB31401050009B9140153
:10F23C0000000BBA1401000009BB140103000BBF42
:10F24C001401010009C1140100000BC214010100DA
:10F25C0006C41401010014C61401000006C71401F1
:10F26C0000000CD014010900068015012E0009AF16
:10F27C00150102000BB21501030009B815010300BA
:10F28C000BBC1501010009BE150100000BBF1501D7
:10F29C00010014C11501160006D8150103000BDC82
:10F2AC0015010100060016012F000930160102009D
:10F2BC000B3316010700093B160101000B3D16012B
:10F2CC000000093E160100000B3F1601010014411D
:10F2DC00160102000644160100000C50160109002C
:10F2EC00146016010C00068016012A000BAB1601E7
:10F2FC00000009AC160100000BAD1601000009AEB0
:10F30C00160101000BB01601050009B6160100002C
:10F31C000BB71601000006B81601000014B916014F
:10F32C0000000CC016010900060017011A000B1D85
:10F33C00170102000920170101000B22170103001D
:10F34C000926170100000B27170104000C301701C8
:10F35C0009000E3A17010100143C17010200193F75
:10F36C0017010000064017010600060018012B00CB
:10F37C00092C180102000B2F18010800093818017C
:10F38C0000000B3918010100143B1801000003A008
:10F39C0018013F000CE0180109000EEA18010800E2
:10F3AC0006FF18010700060919010000060C1901D7
:10F3BC00070006151901010006181901170009307C
:10F3CC00190105000937190101000B3B1901010056
:10F3DC00093D190100000B3E19010000063F1901FF
:10F3EC000000094019010000064119010000094202
:10F3FC00190100000B43190100001444190102000B
:10F40C000C501901090006A01901070006AA1901E0
:10F41C00260009D1190102000BD4190103000BDAE3
:10F42C001901010009DC190103000BE019010000AE
:10F43C0006E11901000014E21901000006E31901AC
:10F44C00000009E41901000006001A0100000B017C
:10F45C001A010900060B1A0127000B331A010500CB
:10F46C0009391A010000063A1A0100000B3B1A0177
:10F47C000300143F1A0107000B471A010000065045
:10F48C001A0100000B511A01050009571A0101005D
:10F49C000B591A010200065C1A012D000B8A1A0185
:10F4AC000C0009971A0100000B981A010100149A1C
:10F4BC001A010200069D1A010000149E1A01040094
:10F4CC0006B01A01480006001C010800060A1C01BF
:10F4DC002400092F1C0100000B301C0106000B3806
:10F4EC001C010500093E1C0100000B3F1C01000023
:10F4FC0006401C01000014411C0104000C501C01AE
:10F50C0009000E5A1C01120014701C010100067235
:10F51C001C011D000B921C01150009A91C01000007
:10F52C000BAA1C01060009B11C0100000BB21C0146
:10F53C00010009B41C0100000BB51C010100060000
:10F54C001D01060006081D010100060B1D0125000A
:10F55C000B311D0105000B3A1D0100000B3C1D0178
:10F56C0001000B3F1D01060006461D0100000B4764
:10F57C001D0100000C501D01090006601D01050055
:10F58C0006671D010100066A1D011F00098A1D0185
:10F59C0004000B901D01010009931D0101000B9546
:10F5AC001D01000009961D0100000B971D010000B4
:10F5BC0006981D0100000CA01D01090006E01E01AB
:10F5CC0012000BF31E01010009F51E01010014F7D6
:10F5DC001E01010006B01F0100000EC01F01140027
:10F5EC0019D51F01070016DD1F01030019E11F01CA
:10F5FC00100014FF1F0100000600200199030D00EC
:10F60C0024016E0014702401040006802401C30040
:10F61C0006902F01600014F12F010100060030014B
:10F62C002E04013034010800060044014602060095
:10F63C006801380206406A011E000C606A0109006C
:10F64C00146E6A01010006706A014E000CC06A015A
:10F65C00090006D06A011D000BF06A01040014F5C4
:10F66C006A01000006006B012F000B306B010600D5
:10F67C0014376B010400193C6B01030005406B014E
:10F68C00030014446B01000019456B0100000C5081
:10F69C006B0109000E5B6B01060006636B01140025
:10F6AC00067D6B01120003406E013F000E806E015F
:10F6BC00160014976E01030006006F014A000B4FF1
:10F6CC006F01000006506F01000009516F013600F8
:10F6DC000B8F6F01030005936F010C0005E06F01A8
:10F6EC00010014E26F01000005E36F0100000BE460
:10F6FC006F01000009F06F01010006007001F7179F
:10F70C0006008801D50406008D01080005F0AF0144
:10F71C00030005F5AF01060005FDAF010100060071
:10F72C00B00122010650B10102000664B1010300D0
:10F73C000670B1018B010600BC016A000670BC01A9
:10F74C000C000680BC0108000690BC010900199C45
:10F75C00BC0100000B9DBC010100149FBC0100000A
:10F76C0001A0BC0103000B00CF012D000B30CF0119
:10F77C0016001950CF0173001900D001F5001900C3
:10F78C00D10126001929D1013B000965D1010100E5
:10F79C000B67D1010200196AD1010200096DD10178
:10F7AC0005000173D10107000B7BD1010700198300
:10F7BC00D10101000B85D1010600198CD1011D006E
:10F7CC000BAAD101030019AED1013C001900D201E2
:10F7DC0041000B42D20102001945D20100000EE09B
:10F7EC00D20113001900D30156000E60D30118008A
:10F7FC000800D4011900041AD40119000834D401EA
:10F80C001900044ED40106000456D40111000868F6
:10F81C00D40119000482D4011900089CD401000001
:10F82C00089ED401010008A2D401000008A5D4014F
:10F83C00010008A9D401030008AED401070004B6E6
:10F84C00D401030004BBD401000004BDD4010600A4
:10F85C0004C5D4010A0008D0D401190004EAD4016B
:10F86C0019000804D50101000807D5010300080D93
:10F87C00D50107000816D5010600041ED501190094
:10F88C000838D5010100083BD50103000840D5011B
:10F89C0004000846D5010000084AD50106000452B0
:10F8AC00D5011900086CD50119000486D501190081
:10F8BC0008A0D501190004BAD501190008D4D50146
:10F8CC00190004EED50119000808D601190004220C
:10F8DC00D6011900083CD60119000456D6011900AE
:10F8EC000870D6011900048AD6011B0008A8D6019D
:10F8FC00180018C1D601000004C2D601180018DB8C
:10F90C00D601000004DCD601050008E2D60118007F
:10F91C0018FBD601000004FCD60118001815D701FD
:10F92C0000000416D7010500081CD7011800183573
:10F93C00D70100000436D7011800184FD70100007A
:10F94C000450D70105000856D7011800186FD701CD
:10F95C0000000470D70118001889D7010000048A30
:10F96C00D70105000890D701180018A9D70100008D
:10F97C0004AAD701180018C3D701000004C4D7018A
:10F98C00050008CAD701000004CBD70100000CCE3B
:10F99C00D70131001900D801FF010B00DA01360044
:10F9AC001937DA0103000B3BDA013100196DDA016A
:10F9BC0007000B75DA0100001976DA010D000B84D3
:10F9CC00DA0100001985DA0101001487DA0104005C
:10F9DC000B9BDA0104000BA1DA010E000400DF011D
:10F9EC000900060ADF010000040BDF0113000B0005
:10F9FC00E00106000B08E00110000B1BE001060003
:10FA0C000B23E00101000B26E00104000600E101DC
:10FA1C002C000B30E10106000537E10106000C401B
:10FA2C00E1010900064EE1010000194FE10100005F
:10FA3C000690E2011D000BAEE201000006C0E201DF
:10FA4C002B000BECE20103000CF0E201090016FFA5
:10FA5C00E201000006E0E701060006E8E70103000A
:10FA6C0006EDE701010006F0E7010E000600E801D3
:10FA7C00C4000EC7E80108000BD0E8010600030023
:10FA8C00E90143000B44E9010600054BE9010000C4
:10FA9C000C50E9010900145EE90101000E71EC0142
:10FAAC003A0019ACEC0100000EADEC01020016B0EE
:10FABC00EC0100000EB1EC0103000E01ED012C0075
:10FACC00192EED0100000E2FED010E000600EE01C7
:10FADC0003000605EE011A000621EE0101000624C2
:10FAEC00EE0100000627EE0100000629EE010900D8
:10FAFC000634EE0103000639EE010000063BEE0170
:10FB0C0000000642EE0100000647EE010000064927
:10FB1C00EE010000064BEE010000064DEE01020066
:10FB2C000651EE0101000654EE0100000657EE01ED
:10FB3C0000000659EE010000065BEE010000065DB8
:10FB4C00EE010000065FEE0100000661EE0101000F
:10FB5C000664EE0100000667EE010300066CEE0180
:10FB6C0006000674EE0103000679EE010300067E22
:10FB7C00EE0100000680EE010900068BEE0110007C
:10FB8C0006A1EE01020006A5EE01040006ABEE0193
:10FB9C00100018F0EE0101001900F0012B001930D3
:10FBAC00F001630019A0F0010E0019B1F0010E0074
:10FBBC0019C1F0010E0019D1F00124000E00F10161
:10FBCC000C00190DF101A00019E6F1011C0019102F
:10FBDC00F2012B001940F20108001950F20101004A
:10FBEC001960F20105001900F301FA0017FBF3018B
:10FBFC0004001900F401D70219DDF6010F0019F009
:10FC0C00F6010C001900F70173001980F701580078
:10FC1C0019E0F7010B0019F0F70100001900F801C9
:10FC2C000B001910F80137001950F8010900196080
:10FC3C00F80127001990F8011D0019B0F801010016
:10FC4C001900F90153011960FA010D001970FA013C
:10FC5C0004001978FA0104001980FA0106001990C1
:10FC6C00FA011C0019B0FA010A0019C0FA010500CA
:10FC7C0019D0FA01090019E0FA01070019F0FA018C
:10FC8C0006001900FB0192001994FB0136000CF0E0
:10FC9C00FB01090006000002DFA60600A7023810CF
:10FCAC000640B702DD000620B802811606B0CE026F
:10FCBC00301D0600F8021D02060000034A13010164
:10FCCC00000E00000120000E5F000B00010EEF0083
:10FCDC000C5F104E154E2A4E314E364E3C4E3F4E5A
:10FCEC00424E564E584E824E854E6B8C8A4E128228
:10FCFC000D5F8E4E9E4E9F4EA04EA24EB04EB34EFA
:10FD0C00B64ECE4ECD4EC44EC64EC24ED74EDE4E25
:10FD1C00ED4EDF4EF74E094F5A4F304F5B4F5D4F54
:10FD2C00574F474F764F884F8F4F984F7B4F694FA8
:10FD3C00704F914F6F4F864F964F1851D44FDF4FE6
:10FD4C00CE4FD84FDB4FD14FDA4FD04FE44FE54F6A
:10FD5C001A50285014502A50255005501C4FF64F5D
:10FD6C00215029502C50FE4FEF4F1150065043504C
:10FD7C00475003675550505048505A5056506C508D
:10FD8C00785080509A508550B450B250C950CA50D7
:10FD9C00B350C250D650DE50E550ED50E350EE500B
:10FDAC00F950F55009510151025116511551145188
:10FDBC001A5121513A5137513C513B513F5140510D
:10FDCC0052514C5154516251F87A69516A516E51E9
:10FDDC0080518251D8568C5189518F5191519351E8
:10FDEC0095519651A451A651A251A951AA51AB516A
:10FDFC00B351B151B251B051B551BD51C551C951A9
:10FE0C00DB51E0515586E951ED51F051F551FE5160
:10FE1C0004520B5214520E5227522A522E52335263
:10FE2C0039524F5244524B524C525E5254526A52B7
:10FE3C007452695273527F527D528D529452925227
:10FE4C00715288529152A88FA78FAC52AD52BC52AE
:10FE5C00B552C152CD52D752DE52E352E652ED9812
:10FE6C00E052F352F552F852F952065308533875D2
:10FE7C000D5310530F5315531A5323532F53315300
:10FE8C0033533853405346534553174E49534D53F0
:10FE9C00D6515E5369536E5318597B537753825323
:10FEAC009653A053A653A553AE53B053B653C35356
:10FEBC00127CD996DF53FC66EE71EE53E853ED538A
:10FECC00FA5301543D5440542C542D543C542E544C
:10FEDC00365429541D544E548F5475548E545F54BB
:10FEEC0071547754705492547B5480547654845487
:10FEFC0090548654C754A254B854A554AC54C4540A
:10FF0C00C854A854AB54C254A454BE54BC54D85472
:10FF1C00E554E6540F551455FD54EE54ED54FA5473
:10FF2C00E2543955405563554C552E555C55455545
:10FF3C0056555755385533555D5599558055AF54D1
:10FF4C008A559F557B557E5598559E55AE557C557B
:10FF5C008355A9558755A855DA55C555DF55C45550
:10FF6C00DC55E455D4551456F7551656FE55FD552B
:10FF7C001B56F9554E565056DF713456365632567E
:10FF8C0038566B5664562F566C566A5686568056A3
:10FF9C008A56A05694568F56A556AE56B656B4569B
:10FFAC00C256BC56C156C356C056C856CE56D1566C
:10FFBC00D356D756EE56F9560057FF5604570957E5
:10FFCC0008570B570D57135718571657C7551C572B
:10FFDC002657375738574E573B5740574F57695747
:10FFEC00C057885761577F5789579357A057B357B6
:04FFFC00A457AA5705
:02000004600298
:10000000B057C357C657D457D257D3570A58D657A5
:10001000E3570B5819581D587258215862584B58BD
:100020007058C06B52583D5879588558B9589F58E8
:10003000AB58BA58DE58BB58B858AE58C558D35804
:10004000D158D758D958D858E558DC58E458DF5813
:10005000EF58FA58F958FB58FC58FD5802590A59FC
:1000600010591B59A66825592C592D593259385900
:100070003E59D27A555950594E595A595859625980
:10008000605967596C596959785981599D595E4F22
:10009000AB4FA359B259C659E859DC598D59D959B2
:1000A000DA59255A1F5A115A1C5A095A1A5A405AD3
:1000B0006C5A495A355A365A625A6A5A9A5ABC5A2E
:1000C000BE5ACB5AC25ABD5AE35AD75AE65AE95ACF
:1000D000D65AFA5AFB5A0C5B0B5B165B325BD05A52
:1000E0002A5B365B3E5B435B455B405B515B555B2C
:1000F0005A5B5B5B655B695B705B735B755B785BD5
:1001000088657A5B805B835BA65BB85BC35BC75B20
:10011000C95BD45BD05BE45BE65BE25BDE5BE55B2B
:10012000EB5BF05BF65BF35B055C075C085C0D5C0E
:10013000135C205C225C285C385C395C415C465C6A
:100140004E5C535C505C4F5C715B6C5C6E5C624EF1
:10015000765C795C8C5C915C945C9B59AB5CBB5C21
:10016000B65CBC5CB75CC55CBE5CC75CD95CE95C7A
:10017000FD5CFA5CED5C8C5DEA5C0B5D155D175D0A
:100180005C5D1F5D1B5D115D145D225D1A5D195D77
:10019000185D4C5D525D4E5D4B5D6C5D735D765DD3
:1001A000875D845D825DA25D9D5DAC5DAE5DBD5D84
:1001B000905DB75DBC5DC95DCD5DD35DD25DD65D43
:1001C000DB5DEB5DF25DF55D0B5E1A5E195E115E47
:1001D0001B5E365E375E445E435E405E4E5E575E3B
:1001E000545E5F5E625E645E475E755E765E7A5EFA
:1001F000BC9E7F5EA05EC15EC25EC85ED05ECF5E0A
:10020000D65EE35EDD5EDA5EDB5EE25EE15EE85E08
:10021000E95EEC5EF15EF35EF05EF45EF85EFE5E5B
:10022000035F095F5D5F5C5F0B5F115F165F295FB6
:100230002D5F385F415F485F4C5F4E5F2F5F515FBE
:10024000565F575F595F615F6D5F735F775F835F75
:10025000825F7F5F8A5F885F915F875F9E5F995F44
:10026000985FA05FA85FAD5FBC5FD65FFB5FE45F98
:10027000F85FF15FDD5FB360FF5F21606060196070
:10028000106029600E6031601B6015602B60266075
:100290000F603A605A6041606A6077605F604A60F0
:1002A00046604D6063604360646042606C606B6098
:1002B000596081608D60E76083609A6084609B60B4
:1002C000966097609260A7608B60E160B860E060C4
:1002D000D360B460F05FBD60C660B560D8604D614A
:1002E00015610661F660F7600061F460FA60036111
:1002F0002161FB60F1600D610E6147613E61286123
:1003000027614A613F613C612C6134613D6142611A
:10031000446173617761586159615A616B617461BD
:100320006F61656171615F615D6153617561996163
:1003300096618761AC6194619A618A619161AB61F8
:10034000AE61CC61CA61C961F761C861C361C66150
:10035000BA61CB61797FCD61E661E361F661FA61F3
:10036000F461FF61FD61FC61FE6100620862096287
:100370000D620C6214621B621E6221622A622E628E
:1003800030623262336241624E625E6263625B621D
:10039000606268627C62826289627E62926293625B
:1003A0009662D46283629462D762D162BB62CF628A
:1003B000FF62C662D464C862DC62CC62CA62C26296
:1003C000C7629B62C9620C63EE62F16227630263DB
:1003D0000863EF62F56250633E634D631C644F63D4
:1003E00096638E638063AB637663A3638F63896375
:1003F0009F63B5636B636963BE63E963C063C66390
:10040000E363C963D263F663C46316643464066449
:100410001364266436641D65176428640F6467647A
:100420006F6476644E642A6595649364A564A964D8
:100430008864BC64DA64D264C564C764BB64D8648D
:10044000C264F164E7640982E064E164AC62E3647D
:10045000EF642C65F664F464F264FA640065FD648C
:1004600018651C650565246523652B653465356550
:100470003765366538654B754865566555654D6514
:1004800058655E655D6572657865826583658A8B92
:100490009B659F65AB65B765C365C665C165C4658A
:1004A000CC65D265DB65D965E065E165F1657267AC
:1004B0000A660366FB6573673566366634661C66D6
:1004C0004F664466496641665E665D666466676659
:1004D00068665F6662667066836688668E66896631
:1004E000846698669D66C166B966C966BE66BC6666
:1004F000C466B866D666DA66E0663F66E666E966B2
:10050000F066F566F7660F6716671E67266727674A
:1005100038972E673F6736674167386737674667A2
:100520005E67606759676367646789677067A96713
:100530007C676A678C678B67A667A1678567B76703
:10054000EF67B467EC67B367E967B867E467DE67CE
:10055000DD67E267EE67B967CE67C667E7679C6AE3
:100560001E684668296840684D6832684E68B368FE
:100570002B685968636877687F689F688F68AD6883
:1005800094689D689B688368AE6AB9687468B5684A
:10059000A068BA680F698D687E680169CA680869D1
:1005A000D86822692669E1680C69CD68D468E76873
:1005B000D568366912690469D768E3682569F968FE
:1005C000E068EF6828692A691A6923692169C668A1
:1005D000796977695C6978696B6954697E696E6964
:1005E000396974693D695969306961695E695D6934
:1005F00081696A69B269AE69D069BF69C169D36945
:10060000BE69CE69E85BCA69DD69BB69C369A76970
:100610002E6A9169A0699C699569B469DE69E86987
:10062000026A1B6AFF690A6BF969F269E769056A80
:10063000B1691E6AED69146AEB690A6A126AC16AD5
:10064000236A136A446A0C6A726A366A786A476A6D
:10065000626A596A666A486A386A226A906A8D6A6A
:10066000A06A846AA26AA36A976A1786BB6AC36A89
:10067000C26AB86AB36AAC6ADE6AD16ADF6AAA6A19
:10068000DA6AEA6AFB6A056B1686FA6A126B166BFF
:10069000319B1F6B386B376BDC76396BEE98476B91
:1006A000436B496B506B596B546B5B6B5F6B616B4E
:1006B000786B796B7F6B806B846B836B8D6B986BC6
:1006C000956B9E6BA46BAA6BAB6BAF6BB26BB16B94
:1006D000B36BB76BBC6BC66BCB6BD36BDF6BEC6B6D
:1006E000EB6BF36BEF6BBE9E086C136C146C1B6CA6
:1006F000246C236C5E6C556C626C6A6C826C8D6CC5
:100700009A6C816C9B6C7E6C686C736C926C906C58
:10071000C46CF16CD36CBD6CD76CC56CDD6CAE6C0D
:10072000B16CBE6CBA6CDB6CEF6CD96CEA6C1F6D93
:100730004D88366D2B6D3D6D386D196D356D336D92
:10074000126D0C6D636D936D646D5A6D796D596D9D
:100750008E6D956DE46F856DF96D156E0A6EB56DD4
:10076000C76DE66DB86DC66DEC6DDE6DCC6DE86D78
:10077000D26DC56DFA6DD96DE46DD56DEA6DEE6D16
:100780002D6E6E6E2E6E196E726E5F6E3E6E236EE5
:100790006B6E2B6E766E4D6E1F6E436E3A6E4E6EA6
:1007A000246EFF6E1D6E386E826EAA6E986EC96ED4
:1007B000B76ED36EBD6EAF6EC46EB26ED46ED56EB4
:1007C0008F6EA56EC26E9F6E416F116F4C70EC6E96
:1007D000F86EFE6E3F6FF26E316FEF6E326FCC6E61
:1007E0003E6F136FF76E866F7A6F786F816F806FD1
:1007F0006F6F5B6FF36F6D6F826F7C6F586F8E6F73
:10080000916FC26F666FB36FA36FA16FA46FB96F63
:10081000C66FAA6FDF6FD56FEC6FD46FD86FF16FB3
:10082000EE6FDB6F09700B70FA6F117001700F7053
:10083000FE6F1B701A70746F1D7018701F7030700F
:100840003E7032705170637099709270AF70F17039
:10085000AC70B870B370AE70DF70CB70DD70D970F3
:100860000971FD701C71197165715571887166711E
:1008700062714C7156716C718F71FB7184719571DD
:10088000A871AC71D771B971BE71D271C971D471CF
:10089000CE71E071EC71E771F571FC71F971FF7166
:1008A0000D7210721B7228722D722C72307232729D
:1008B0003B723C723F72407246724B725872747255
:1008C0007E7282728172877292729672A272A7721F
:1008D000B972B272C372C672C472CE72D272E2724E
:1008E000E072E172F972F7720F5017730A731C739A
:1008F00016731D7334732F73297325733E734E73F0
:100900004F73D89E57736A73687370737873757377
:100910007B737A73C873B373CE73BB73C073E573A1
:10092000EE73DE73A27405746F742574F8733274F9
:100930003A7455743F745F74597441745C7469748B
:10094000707463746A7476747E748B749E74A77406
:10095000CA74CF74D474F173E074E374E774E97407
:10096000EE74F274F074F174F874F774047503752E
:1009700005750C750E750D75157513751E75267537
:100980002C753C7544754D754A7549755B75467592
:100990005A756975647567756B756D75787576755B
:1009A0008675877574758A758975827594759A755B
:1009B0009D75A575A375C275B375C375B575BD7500
:1009C000B875BC75B175CD75CA75D275D975E37535
:1009D000DE75FE75FF75FC750176F075FA75F275BA
:1009E000F3750B760D7609761F76277620762176BD
:1009F00022762476347630763B764776487646768D
:100A00005C76587661766276687669766A7667761D
:100A10006C7670767276767678767C76807683766B
:100A200088768B768E769676937699769A76B07669
:100A3000B476B876B976BA76C276CD76D676D276F0
:100A4000DE76E176E576E776EA762F86FB7608773E
:100A500007770477297724771E77257726771B7702
:100A60003777387747775A7768776B775B7765772B
:100A70007F777E7779778E778B779177A0779E7760
:100A8000B077B677B977BF77BC77BD77BB77C777D5
:100A9000CD77D777DA77DC77E377EE77FC770C786A
:100AA0001278267920782A7945788E787478867835
:100AB0007C789A788C78A378B578AA78AF78D17852
:100AC000C678CB78D478BE78BC78C578CA78EC780C
:100AD000E778DA78FD78F47807791279117919795D
:100AE0002C792B794079607957795F795A795579E2
:100AF00053797A797F798A799D79A7794B9FAA79F9
:100B0000AE79B379B979BA79C979D579E779EC79D8
:100B1000E179E379087A0D7A187A197A207A1F7ABE
:100B20008079317A3B7A3E7A377A437A577A497AB2
:100B3000617A627A697A9D9F707A797A7D7A887A09
:100B4000977A957A987A967AA97AC87AB07AB67AA4
:100B5000C57AC47ABF7A8390C77ACA7ACD7ACF7AB7
:100B6000D57AD37AD97ADA7ADD7AE17AE27AE67AD4
:100B7000ED7AF07A027B0F7B0A7B067B337B187B56
:100B8000197B1E7B357B287B367B507B7A7B047BF5
:100B90004D7B0B7B4C7B457B757B657B747B677BDF
:100BA000707B717B6C7B6E7B9D7B987B9F7B8D7B51
:100BB0009C7B9A7B8B7B927B8F7B5D7B997BCB7BBA
:100BC000C17BCC7BCF7BB47BC67BDD7BE97B117C9F
:100BD000147CE67BE57B607C007C077C137CF37BEC
:100BE000F77B177C0D7CF67B237C277C2A7C1F7C83
:100BF000377C2B7C3D7C4C7C437C547C4F7C407C04
:100C0000507C587C5F7C647C567C657C6C7C757CFD
:100C1000837C907CA47CAD7CA27CAB7CA17CA87CFA
:100C2000B37CB27CB17CAE7CB97CBD7CC07CC57C25
:100C3000C27CD87CD27CDC7CE27C3B9BEF7CF27C6F
:100C4000F47CF67CFA7C067D027D1C7D157D0A7D98
:100C5000457D4B7D2E7D327D3F7D357D467D737D8F
:100C6000567D4E7D727D687D6E7D4F7D637D937D6B
:100C7000897D5B7D8F7D7D7D9B7DBA7DAE7DA37DF6
:100C8000B57DC77DBD7DAB7D3D7EA27DAF7DDC7D2D
:100C9000B87D9F7DB07DD87DDD7DE47DDE7DFB7DF3
:100CA000F27DE17D057E0A7E237E217E127E317EED
:100CB0001F7E097E0B7E227E467E667E3B7E357ED3
:100CC000397E437E377E327E3A7E677E5D7E567EFB
:100CD0005E7E597E5A7E797E6A7E697E7C7E7B7ED0
:100CE000837ED57D7D7EAE8F7F7E887E897E8C7E65
:100CF000927E907E937E947E967E8E7E9B7E9C7E60
:100D0000387F3A7F457F4C7F4D7F4E7F507F517FAC
:100D1000557F547F587F5F7F607F687F697F677FE3
:100D2000787F827F867F837F887F877F8C7F947F99
:100D30009E7F9D7F9A7FA37FAF7FB27FB97FAE7F7B
:100D4000B67FB87F718BC57FC67FCA7FD57FD47FC2
:100D5000E17FE67FE97FF37FF97FDC9806800480FE
:100D60000B801280188019801C80218028803F8091
:100D70003B804A804680528058805A805F806280E3
:100D80006880738072807080768079807D807F80BB
:100D90008480868085809B8093809A80AD809051EE
:100DA000AC80DB80E580D980DD80C480DA80D680AD
:100DB0000981EF80F1801B81298123812F814B8163
:100DC0008B9646813E8153815181FC8071816E8179
:100DD000658166817481838188818A818081828135
:100DE000A0819581A481A3815F819381A981B08134
:100DF000B581BE81B881BD81C081C281BA81C981FE
:100E0000CD81D181D981D881C881DA81DF81E0812A
:100E1000E781FA81FB81FE810182028205820782DD
:100E20000A820D821082168229822B8238823382B6
:100E30004082598258825D825A825F8264826282D5
:100E400068826A826B822E827182778278827E8249
:100E50008D829282AB829F82BB82AC82E182E382EE
:100E6000DF82D282F482F382FA8293830383FB824D
:100E7000F982DE820683DC820983D982358334835A
:100E800016833283318340833983508345832F8394
:100E90002B831783188385839A83AA839F83A283D6
:100EA000968323838E8387838A837C83B58373832E
:100EB0007583A0838983A883F4831384EB83CE8313
:100EC000FD830384D8830B84C183F7830784E08385
:100ED000F2830D8422842084BD8338840685FB83BD
:100EE0006D842A843C845A85848477846B84AD84A1
:100EF0006E848284698446842C846F8479843584EA
:100F0000CA846284B984BF849F84D984CD84BB841D
:100F1000DA84D084C184C684D684A1842185FF84E8
:100F2000F484178518852C851F8515851485FC8408
:100F30004085638558854885418502864B85558562
:100F40008085A485888591858A85A8856D85948509
:100F50009B85EA8587859C8577857E859085C98573
:100F6000BA85CF85B985D085D585DD85E585DC85D4
:100F7000F9850A8613860B86FE85FA850686228603
:100F80001A8630863F864D86554E54865F86678624
:100F900071869386A386A986AA868B868C86B6865A
:100FA000AF86C486C686B086C9862388AB86D486BB
:100FB000DE86E986EC86DF86DB86EF86128706878B
:100FC000088700870387FB86118709870D87F986C5
:100FD0000A8734873F8737873B87258729871A8782
:100FE00060875F8778874C874E87748757876887C5
:100FF0006E875987538763876A870588A2879F878B
:101000008287AF87CB87BD87C087D087D696AB87CF
:10101000C487B387C787C687BB87EF87F287E08718
:101020000F880D88FE87F687F7870E88D28711888C
:10103000168815882288218831883688398827883B
:101040003B8844884288528859885E8862886B88C9
:1010500081887E889E8875887D88B5887288828818
:1010600097889288AE889988A2888D88A488B0884D
:10107000BF88B188C388C488D488D888D988DD88D7
:10108000F9880289FC88F488E888F28804890C8948
:101090000A89138943891E8925892A892B894189CF
:1010A00044893B89368938894C891D8960895E89E4
:1010B000668964896D896A896F89748977897E896F
:1010C000838988898A8993899889A189A989A68928
:1010D000AC89AF89B289BA89BD89BF89C089DA89EB
:1010E000DC89DD89E789F489F889038A168A108A00
:1010F0000C8A1B8A1D8A258A368A418A5B8A528A13
:10110000468A488A7C8A6D8A6C8A628A858A828A43
:10111000848AA88AA18A918AA58AA68A9A8AA38A99
:10112000C48ACD8AC28ADA8AEB8AF38AE78AE48A99
:10113000F18A148BE08AE28AF78ADE8ADB8A0C8BDA
:10114000078B1A8BE18A168B108B178B208B338BB6
:10115000AB97268B2B8B3E8B288B418B4C8B4F8BED
:101160004E8B498B568B5B8B5A8B6B8B5F8B6C8B4F
:101170006F8B748B7D8B808B8C8B8E8B928B938BF8
:10118000968B998B9A8B3A8C418C3F8C488C4C8CEB
:101190004E8C508C558C628C6C8C788C7A8C828CBA
:1011A000898C858C8A8C8D8C8E8C948C7C8C988C84
:1011B0001D62AD8CAA8CBD8CB28CB38CAE8CB68CFF
:1011C000C88CC18CE48CE38CDA8CFD8CFA8CFB8CA3
:1011D000048D058D0A8D078D0F8D0D8D108D4E9F01
:1011E000138DCD8C148D168D678D6D8D718D738DD6
:1011F000818D998DC28DBE8DBA8DCF8DDA8DD68DB4
:10120000CC8DDB8DCB8DEA8DEB8DDF8DE38DFC8D71
:10121000088E098EFF8D1D8E1E8E108E1F8E428EA3
:10122000358E308E348E4A8E478E498E4C8E508E3F
:10123000488E598E648E608E2A8E638E558E768E81
:10124000728E7C8E818E878E858E848E8B8E8A8E1A
:10125000938E918E948E998EAA8EA18EAC8EB08E26
:10126000C68EB18EBE8EC58EC88ECB8EDB8EE38EC3
:10127000FC8EFB8EEB8EFE8E0A8F058F158F128FE4
:10128000198F138F1C8F1F8F1B8F0C8F268F338FFF
:101290003B8F398F458F428F3E8F4C8F498F468FC2
:1012A0004E8F578F5C8F628F638F648F9C8F9F8F61
:1012B000A38FAD8FAF8FB78FDA8FE58FE28FEA8F75
:1012C000EF8F8790F48F0590F98FFA8F119015901A
:1012D00021900D901E9016900B902790369035908F
:1012E0003990F88F4F905090519052900E904990B5
:1012F0003E90569058905E9068906F907690A89629
:10130000729082907D90819080908A9089908F9049
:10131000A890AF90B190B590E290E4904862DB90D5
:10132000029112911991329130914A9156915891AE
:10133000639165916991739172918B918991829179
:10134000A291AB91AF91AA91B591B491BA91C0918C
:10135000C191C991CB91D091D691DF91E191DB916F
:10136000FC91F591F6911E92FF9114922C92159298
:1013700011925E9257924592499264924892959248
:101380003F924B9250929C92969293929B925A9239
:10139000CF92B992B792E9920F93FA9244932E9317
:1013A000199322931A9323933A9335933B935C9327
:1013B00060937C936E935693B093AC93AD93949358
:1013C000B993D693D793E893E593D893C393DD93DA
:1013D000D093C893E4931A941494139403940794A9
:1013E000109436942B94359421943A9441945294C9
:1013F00044945B94609462945E946A94299270948D
:10140000759477947D945A947C947E9481947F947F
:10141000829587958A959495969598959995A09596
:10142000A895A795AD95BC95BB95B995BE95CA9560
:10143000F66FC395CD95CC95D595D495D695DC957D
:10144000E195E595E295219628962E962F9642965F
:101450004C964F964B9677965C965E965D965F9609
:10146000669672966C968D96989695969796AA968D
:10147000A796B196B296B096B496B696B896B99627
:10148000CE96CB96C996CD964D89DC960D97D5967E
:10149000F99604970697089713970E9711970F9749
:1014A0001697199724972A97309739973D973E9723
:1014B000449746974897429749975C9760976497F7
:1014C00066976897D2526B977197799785977C97B3
:1014D00081977A9786978B978F9790979C97A897E5
:1014E000A697A397B397B497C397C697C897CB9778
:1014F000DC97ED974F9FF297DF7AF697F5970F9865
:101500000C9838982498219837983D9846984F9889
:101510004B986B986F987098719874987398AA9874
:10152000AF98B198B698C498C398C698E998EB98C4
:101530000399099912991499189921991D991E993D
:10154000249920992C992E993D993E99429949992F
:10155000459950994B99519952994C995599979908
:101560009899A599AD99AE99BC99DF99DB99DD99C8
:10157000D899D199ED99EE99F199F299FB99F89949
:10158000019A0F9A059AE299199A2B9A379A459AD5
:10159000429A409A439A3E9A559A4D9A5B9A579A24
:1015A0005F9A629A659A649A699A6B9A6A9AAD9AF6
:1015B000B09ABC9AC09ACF9AD19AD39AD49ADE9A0A
:1015C000DF9AE29AE39AE69AEF9AEB9AEE9AF49A05
:1015D000F19AF79AFB9A069B189B1A9B1F9B229BDA
:1015E000239B259B279B289B299B2A9B2E9B2F9BDC
:1015F000329B449B439B4F9B4D9B4E9B519B589BC7
:10160000749B939B839B919B969B979B9F9BA09B7B
:10161000A89BB49BC09BCA9BB99BC69BCF9BD19BED
:10162000D29BE39BE29BE49BD49BE19B3A9CF29B85
:10163000F19BF09B159C149C099C139C0C9C069C94
:10164000089C129C0A9C049C2E9C1B9C259C249C00
:10165000219C309C479C329C469C3E9C5A9C609CA2
:10166000679C769C789CE79CEC9CF09C099D089D6F
:10167000EB9C039D069D2A9D269DAF9D239D1F9D4E
:10168000449D159D129D419D3F9D3E9D469D489DBB
:101690005D9D5E9D649D519D509D599D729D899D4E
:1016A000879DAB9D6F9D7A9D9A9DA49DA99DB29D9E
:1016B000C49DC19DBB9DB89DBA9DC69DCF9DC29D39
:1016C000D99DD39DF89DE69DED9DEF9DFD9D1A9EB4
:1016D0001B9E1E9E759E799E7D9E819E889E8B9EE2
:1016E0008C9E929E959E919E9D9EA59EA99EB89E23
:1016F000AA9EAD9E6197CC9ECE9ECF9ED09ED49E3C
:10170000DC9EDE9EDD9EE09EE59EE89EEF9EF49EC2
:10171000F69EF79EF99EFB9EFC9EFD9E079F089FEE
:10172000B776159F219F2C9F3E9F4A9F529F549FA3
:10173000639F5F9F609F619F669F679F6C9F6A9F8B
:10174000779F729F769F959F9C9FA09F2F58C769F8
:1017500059906474DC51997100000042C8801F40A8
:10176000B8821F400800000000000042C4801F40F3
:10177000B4821F400400000000C0004224801F40CB
:1017800014821F401000000000C0004228801F404B
:1017900018821F402000000000C000422C801F4023
:1017A0001C821F404000000000C0004234801F40E7
:1017B00024821F40000100000040004264811F405D
:1017C00054831F40000400000040004280811F40FD
:1017D00070831F4000000200004000427C811F40D7
:1017E0006C831F40000001000040004268811F40E0
:1017F00058831F4000080000004000423C811F4009
:101800002C831F40010000000040004244811F4023
:1018100034831F40040000000040004240811F400C
:1018200030831F40020000000040004248811F40FA
:1018300038831F40080000000000004204811F4060
:10184000F4821F40000004000000004208811F4095
:10185000F8821F40000008000000004218811F406D
:1018600008831F40000080000000004214811F40D8
:1018700004831F40000040000000004200811F4020
:10188000F0821F400000020000000042FC801F4068
:10189000EC821F40000001000000004224811F4034
:1018A00014831F40000000040000004228811F40F4
:1018B00018831F4000000008000000421C811F40E8
:1018C0000C831F40000000010000004220811F40E7
:1018D00010831F400000000200000042EC801F4007
:1018E000DC821F400010000000000042F0801F401A
:1018F000E0821F40002000000000004234811F40B1
:1019000024831F40000000400000004238811F4037
:1019100028831F40000000800080004294801F4008
:1019200084821F400000040000C0004290801F40DD
:1019300080821F400000008000800042A8801F407D
:1019400098821F400000800000800042A4801F4059
:1019500094821F4000004000004000426C811F4004
:101960005C831F400010000000C0004230801F4018
:1019700020821F408000000000400042B0811F40D4
:10198000A0831F400000002000400042AC811F40A7
:101990009C831F40000000100040004284811F40D3
:1019A00074831F40000004000040004288811F40F3
:1019B00078831F4000000800000000422C811F4077
:1019C0001C831F40000000100000004230811F40B7
:1019D00020831F4000000020000000420C811F40B7
:1019E000FC821F40000010000000004210811F40D8
:1019F00000831F400000200000800042C8811F407B
:101A0000B8831F400080000000800042C4811F4056
:101A1000B4831F400040000000800042C0811F408E
:101A2000B0831F400020000000800042BC811F40A6
:101A3000AC831F400010000000800042D0811F4096
:101A4000C0831F400000020000800042CC811F4084
:101A5000BC831F400000010000C0004274801F4092
:101A600064821F400000000100C0004280801F40CF
:101A700070821F400000000800C0004284801F40A8
:101A800074821F400000001000C000426C801F40A4
:101A90005C821F400000400000C000427C801F406C
:101AA0006C821F400000000400C0004278801F408C
:101AB00068821F400000000200C0004288801F4072
:101AC00078821F400000002035000000CEFBFFFFA1
:101AD000CB03000001000000000000003400000003
:101AE000CEFBFFFFCB030000010000000000000060
:101AF00002000000030000000400000006000000D7
:101B00005265636569766564205250555F53454E52
:101B1000445F5354415455530000000052656365BF
:101B200069766564205250555F53454E445F524577
:101B3000434F52445300000073656E645250555237
:101B400065636F7264733A2073656E64696E6720B3
:101B50002575207265636F72642873290A0000007E
:101B60005265636569766564205250555F524553EE
:101B70004554202D207265626F6F74696E67207600
:101B800069612057445400005250555F474F5F4DE4
:101B90004541535552453A206475726174696F6EC0
:101BA0002028256C647329206D757374206265206C
:101BB00030206F722067726561746572207468618D
:101BC0006E20726174652028256C6473293B207334
:101BD000657474696E67206475726174696F6E20D4
:101BE000746F20256C64730A000000005265636501
:101BF00069766564205250555F474F5F5354414E9C
:101C000044425900424154545F545F5345543D256A
:101C10002E32660A000000006261745F765F6C6FAE
:101C2000773D252E32660A006261745F765F6372CB
:101C300069743D252E32660A000000005354415459
:101C400055535F524154453D256C750A0000000014
:101C500041434B2F4E414B20666F72206D73673AA4
:101C60002000000041434B004E414B005741524E73
:101C7000494E473A207270755F7265636F72647384
:101C8000206275666665722066756C6C20E28094D1
:101C9000207265636F72642064726F707065640097
:101CA0004D454153555245206475726174696F6E9C
:101CB0002072656163686564000000004552524F00
:101CC000523A20756E6B6E6F776E205250552073AE
:101CD0007461746520E2809420656E746572696E2B
:101CE00067204552524F52005265636569766564BC
:101CF000205250555F474F5F4D4541535552450067
:101D00004D454153555245206475726174696F6E3B
:101D10003D256C647320726174653D256C64730AA3
:101D200000000000FB21F93FFB2109407CD9124053
:101D3000FB2119407A6A1F407CD92240BBFD254017
:101D4000FB2129403A462C407A6A2F405C473140BB
:101D50007CD932409C6B3440BBFD3540DB8F374033
:101D6000FB2139401BB43A403A463C405AD83D40EA
:101D70007A6A3F404C7E40405C4741406C10424094
:101D80007CD942408CA243409C6B4440AC344540DB
:101D9000BBFD4540CBC64640DB8F4740EB58484033
:101DA000FB21494005000000190000007D000000F3
:101DB00007080C0B06050F000D0E010283840708AF
:101DC0000C0B06050F000D0E01028384FFFFFFFFC1
:101DD000FFFFFFFFFFFF8182090A000001010004ED
:101DE0000100000401320101013202010110010170
:101DF00001110101011201020103020601030106A2
:101E000001120202020000010202000102010001AF
:101E10000210000102220001022300010000000064
:101E2000000000000221000102200001000000006B
:101E30000000000001300101013101010102000434
:101E40000103000400000000000000000121020165
:101E5000012101010000000000000000000000005E
:101E60000110020100000000000000000113010643
:101E70000113020600000000000000000000000046
:101E80000000000001010201010101010100020145
:101E90000100010101020201010201010000000034
:101EA000000000000000000001230201000000000B
:101EB0000000000001200101524154434875545371
:101EC0002050726F66696C696E6720556E69742068
:101ED0000000000033333237613864005741524EFE
:101EE000494E473A2070726576696F757320727536
:101EF0006E20776173207265736574206279207437
:101F00006865207761746368646F6720E28094205D
:101F1000746865206C6F6F70207374616C6C65649D
:101F200020666F72203E20313020732077697468FC
:101F30006F75742063616C6C696E67207764742EB2
:101F40006665656428292E005744542072657365C0
:101F50007420636F756E743A20256C750A0000005A
:101F60004D41433A20253032583A253032583A25EF
:101F70003032583A253032583A253032583A2530E6
:101F800032580A004C6F52612049443A20253034BF
:101F9000580A00005374617274696E67204C6F5266
:101FA00061206661696C6564210000004C6F5261BC
:101FB00020696E697469616C697A6174696F6E20F9
:101FC000636F6D706C6574650000000050434220C3
:101FD00054656D702073656E736F72204352432099
:101FE00062616420E2809420636865636B2073659E
:101FF0006E736F7220636F6E6E656374696F6E00CF
:1020000050756D702054656D702073656E736F72BE
:10201000204352432062616420E28094206368651B
:10202000636B2073656E736F7220636F6E6E656392
:1020300074696F6E000000004261747465727920EB
:1020400054656D702073656E736F72204352432028
:1020500062616420E2809420636865636B2073652D
:102060006E736F7220636F6E6E656374696F6E005E
:1020700052533431206D65746120646174613A207B
:10208000000000004552524F520000004C435F4395
:102090004F4C4C41544500004C435F43545950450C
:1020A000000000004C435F4D4F4E455441525900D3
:1020B0004C435F4E554D4552494300004C435F54DD
:1020C000494D45004C435F4D4553534147455300EF
:1020D00083F9A200444E6E00FC291500D157270059
:1020E000DD34F50062DBC0003C999500419043006F
:1020F0006351FE00BBDEAB00B761C5003A6E240041
:10210000D24D42004906E00009EA2E001C92D1009F
:10211000EB1DFE0029B11C00E83EA700F53582004A
:1021200044BB2E009CE98400B4267000417E5F0011
:10213000D6913900538339009CF439008B5F8400B9
:1021400028F9BD00F81F3B00DEFF97000F9805003F
:10215000112FEF000A5A8B006D1F6D00CF7E3600E5
:1021600009CB2700464FB7009E663F002DEA5F006F
:10217000BA277500E5EBC7003D7BF100F739070092
:1021800092528A00FB6BEA001FB15F00085D8D0070
:10219000300356007BFC4600F0AB6B0020BCCF0048
:1021A00036F49A00E3A91D005E619100081BE60069
:1021B00085996500A0145F008D40680080D8FF00FD
:1021C00027734D0006063100CA561500C9A87300D2
:1021D0007BE260006B8CC00000010000B095002025
:1021E0001200000000060000941F00600A000000BA
:1021F00000020000301F00606200000000070000C5
:10220000CC1E006062000000EE030000EC95002090
:1022100012000000000004EEC49500202800000019
:1022200000030000C81E0060000000000103090454
:10223000B01E00600000000002030904981E006048
:1022400000000000030309040096002000000000C5
:1022500000000000000000000000000030303030BE
:10226000303030303030303030303030303030306E
:10227000303030303030303030303030000000001E
:10228000000000000000000054EE0020BCEE002022
:1022900024EF00200000000000000000000000000B
:1022A000000000000000000000000000000000002E
:1022B000000000000000000000000000000000001E
:1022C000000000000000000000000000000000000E
:1022D00000000000000000000000000000000000FE
:1022E00000000000000000000000000000000000EE
:1022F00000000000000000000000000000000000DE
:1023000000000000000000000000000000000000CD
:1023100000000000000000000000000001000000BC
:10232000000000000E33CDAB34126DE6ECDE05008C
:102330000B00000000000000000000000000000092
:10234000000000000000000000000000000000008D
:10235000000000000000000000000000000000007D
:10236000000000000000000000000000000000006D
:10237000000000000000000000000000000000005D
:10238000000000000000000000000000000000004D
:10239000000000000000000000000000000000003D
:1023A000000000000029DE07007B9A1700003A4079
:1023B000F80B0020000000000000000000000000FA
:1023C000000000000000000000000000000000000D
:1023D00000000000000000000000000000000000FD
:1023E00000000000000000000000000000000000ED
:1023F000000000000000000000000000301000207D
:1024000000000000E8030000000000005810002059
:1024100000000000E80300000000000000801940F8
:10242000F009002000000000649E0020E09C0020D5
:10243000000000000000000040000000400000001C
:10244000400000004000000000000000000000000C
:10245000000000000000000000000000000000007C
:1024600000000000000000000000000058100020E4
:1024700000000000E8030000000000000000194018
:10248000388F002000000000A49E0020209D002026
:1024900000000000000000002800000040000000D4
:1024A00028000000400000000000000000000000C4
:1024B000000000000000000000000000000000001C
:1024C0000000000000000000000000005810002084
:1024D00000000000E8030000000000000080184039
:1024E000788E002000000000CC9E0020609D00201F
:1024F0000000000000000000280000004000000074
:102500002800000040000000000000000000000063
:1025100000000000000000000000000000000000BB
:102520000000000000000000000000005810002023
:1025300000000000E80300000000000000C0184098
:10254000D88E002000000000F49E0020A09D0020F6
:102550000000000000000000280000004000000013
:102560002800000040000000000000000000000003
:10257000000000000000000000000000000000005B
:1025800000000000000000000000000058100020C3
:1025900000000000E80300000000000000001A40F6
:1025A000988F0020000000001C9F0020E09D00206C
:1025B00000000000000000002800000040000000B3
:1025C00028000000400000000000000000000000A3
:1025D00000000000000000000000000000000000FB
:1025E0000000000000000000000000005810002063
:1025F00000000000E8030000000000000040184058
:10260000188E002000000000449F0020209E002023
:102610000000000000000000280000004000000052
:102620002800000040000000000000000000000042
:10263000000000000000000000000000000000009A
:102640000000000000000000000000000000204129
:10265000010000000514000061800000000000007F
:102660007CC00F40000000031900000002000000C1
:102670000000000000000000FF000000FF0000005C
:102680000000000000000000180000000200000030
:102690000000000000000000FF000000FF0000003C
:1026A0000000000000000000FF00400026001800AD
:1026B00077000000021500003D80000000000000CF
:1026C00068C00F40000000300F0000000200000052
:1026D0002C851F4001000000FF000000FF000000EB
:1026E00000000000000000000E00000002000000DA
:1026F00030851F4001000000FF000000FF000000C7
:102700000000000000000000130240002600180036
:10271000780000000316000049800000000000005F
:1027200068C00F40003000001000000002000000F0
:1027300038851F4000000000FF000000FF0000007F
:102740000000000000000000110000000200000076
:102750003C851F4000000000FF000000FF0000005B
:102760000000000000000000FF00400026001800EC
:102770007900000001170000318000000000000017
:102780006CC00F40000000030700000002000000C2
:1027900040851F4002000000FF000000FF00000015
:1027A000000000000000000008000000020000001F
:1027B00044851F4002000000FF000000FF000000F1
:1027C0000000000000000000FF004000260018008C
:1027D0007A000000041B000055800000000000008B
:1027E00080C00F4000C00000150000000200000083
:1027F00060851F40010000002E0000000200000064
:1028000060851F400000000014000000020000006E
:1028100064851F40010000002F000000020000003E
:1028200064851F40000000002B02400026001800B5
:102830007E0000000000A04108070000000000002A
:10284000000010410000F041000000000000000006
:102850000000304114EE0020E016232000000000AC
:102860004300000000000000000000000000000025
:102870000000000000000000000000000000000058
:102880004300000000000000000000000000000005
:102890000000000000000000000000000000000038
:1028A00043000000000000000000000000000000E5
:1028B0000000000000000000000000000000000018
:1028C00043000000000000000000000000000000C5
:1028D00000000000000000000000000000000000F8
:1028E00043000000000000000000000000000000A5
:1028F00000000000000000000000000000000000D8
:102900004300000000000000000000000000000084
:1029100000000000000000000000000000000000B7
:102920004300000000000000000000000000000064
:102930000000000000000000000000000000000097
:102940001D420100D100010000000000FC12002027
:1029500088140020D8830020D8830020D88300204A
:10296000D8830020D8830020D8830020D88300207B
:10297000D8830020D8830020FFFFFFFFFFFFFFFF69
:10298000FFFFFFFFFFFF00000100415343494900E3
:102990000000000000000000000000000000000037
:1029A00000000000000000000000415343494900BE
:1029B0000000000000000000000000000000000017
:1029C0000000000000000000000000000000000007
:1029D000000000009091002090910020989100202C
:1029E00098910020A0910020A0910020A8910020A3
:1029F000A8910020B0910020B0910020B891002053
:102A0000B8910020C0910020C0910020C891002002
:102A1000C8910020D0910020D0910020D8910020B2
:102A2000D8910020E0910020E0910020E891002062
:102A3000E8910020F0910020F0910020F891002012
:102A4000F8910020009200200092002008920020BF
:102A5000089200201092002010920020189200206E
:102A6000189200202092002020920020289200201E
:102A700028920020309200203092002038920020CE
:102A8000389200204092002040920020489200207E
:102A9000489200205092002050920020589200202E
:102AA00058920020609200206092002068920020DE
:102AB000689200207092002070920020789200208E
:102AC000789200208092002080920020889200203E
:102AD00088920020909200209092002098920020EE
:102AE00098920020A0920020A0920020A89200209E
:102AF000A8920020B0920020B0920020B89200204E
:102B0000B8920020C0920020C0920020C8920020FD
:102B1000C8920020D0920020D0920020D8920020AD
:102B2000D8920020E0920020E0920020E89200205D
:102B3000E8920020F0920020F0920020F89200200D
:102B4000F8920020009300200093002008930020BA
:102B50000893002010930020109300201893002069
:102B60001893002020930020209300202893002019
:102B700028930020309300203093002038930020C9
:102B80003893002040930020409300204893002079
:102B90004893002050930020509300205893002029
:102BA00058930020609300206093002068930020D9
:102BB0006893002070930020709300207893002089
:102BC0007893002080930020809300208893002039
:102BD00088930020909300209093002098930020E9
:102BE00098930020A0930020A0930020A893002099
:102BF000A8930020B0930020B0930020B893002049
:102C0000B8930020C0930020C0930020C8930020F8
:102C1000C8930020D0930020D0930020D8930020A8
:102C2000D8930020E0930020E0930020E893002058
:102C3000E8930020F0930020F0930020F893002008
:102C4000F8930020009400200094002008940020B5
:102C50000894002010940020109400201894002064
:102C60001894002020940020209400202894002014
:102C700028940020309400203094002038940020C4
:102C80003894002040940020409400204894002074
:102C90004894002050940020509400205894002024
:102CA00058940020609400206094002068940020D4
:102CB0006894002070940020709400207894002084
:102CC0007894002080940020809400208894002034
:102CD00088940020909400209094002098940020E4
:102CE00098940020A0940020A0940020A894002094
:102CF000A8940020B0940020B0940020B894002044
:102D0000B8940020C0940020C0940020C8940020F3
:102D1000C8940020D0940020D0940020D8940020A3
:102D2000D8940020E0940020E0940020E894002053
:102D3000E8940020F0940020F0940020F894002003
:102D4000F8940020009500200095002008950020B0
:102D5000089500201095002010950020189500205F
:102D6000189500202095002020950020289500200F
:102D700028950020309500203095002038950020BF
:102D8000389500204095002040950020489500206F
:102D9000489500205095002050950020589500201F
:102DA00058950020609500206095002068950020CF
:102DB000689500207095002070950020789500207F
:102DC000789500208095002080950020889500202F
:102DD00088950020FFFFFFFF0000020000000000B8
:102DE0000300000054EE0020488A00201201000277
:102DF000EF020140C01683048002010203010000BB
:102E00002800000000010400010000000000000094
:102E1000020157494E5553420000000000000000D7
:102E2000000000000000000012034D0053004600A7
:102E30005400310030003000F80000000C030000A6
:102E40000000000000000000000000000000000082
:102E50000000010108000000000000000000000068
:102E60000000000000000000000000000000000062
:102E70000000000000000000000000000000000052
:102E80000000000000000000000000000000000042
:102E90000000000000000000000000000000000032
:102EA0000000000000000000000000000000000022
:102EB0000000000000000000000000000000000012
:102EC0000000000000000000000000000000000002
:102ED00000000000000000000000000000000000F2
:102EE00000000000000000000000000000000000E2
:102EF00000000000000000000000000000000000D2
:102F000000000000000000000000000000000000C1
:102F100000000000000000000000000000000000B1
:102F200000000000000000000000000000000000A1
:102F30000000000000000000000000000000000091
:102F40000000000000000000000000000000000081
:102F50000000000000000000000000000000000071
:102F60000000000000000000000000000000000061
:102F70000000000000000000000000000000000051
:102F80000000000000000000000000000000000041
:102F90000000000000000000000000000000000031
:102FA0000000000000000000000000000000000021
:102FB0000000000000000000000000000000000011
:102FC0000000000000000000000000000000000001
:102FD00000000000000000000000000000000000F1
:102FE00000000000000000000000000000000000E1
:102FF00000000000000000000000000000000000D1
:1030000000000000000000000000000000000000C0
:1030100000000000000000000000000000000000B0
:1030200000000000000000000000000000000000A0
:103030000000000000000000000000000000000090
:103040000000000000000000000000000000000080
:103050000000000000000000000000000000000070
:103060000000000000000000000000000000000060
:103070000000000000000000000000000000000050
:103080000000000000000000000000000000000040
:103090000000000000000000000000000000000030
:1030A0000000000000000000000000000000000020
:1030B0000000000000000000000000000000000010
:1030C0000000000000000000000000000000000000
:1030D00000000000000000000000000000000000F0
:1030E00000000000000000000000000000000000E0
:1030F00000000000000000000000000000000000D0
:1031000000000000000000000000000000000000BF
:1031100000000000000000000000000000000000AF
:10312000000000000000000000000000000000009F
:10313000000000000000000000000000000000008F
:10314000000000000000000000000000000000007F
:10315000000000000000000000000000000000006F
:10316000000000000000000000000000000000005F
:10317000000000000000000000000000000000004F
:10318000000000000000000000000000000000003F
:10319000000000000000000000000000000000002F
:1031A000000000000000000000000000000000001F
:1031B000000000000000000000000000000000000F
:1031C00000000000000000000000000000000000FF
:1031D00000000000000000000000000000000000EF
:1031E00000000000000000000000000000000000DF
:1031F00000000000000000000000000000000000CF
:1032000000000000000000000000000000000000BE
:1032100000000000000000000000000000000000AE
:10322000000000000000000000000000000000009E
:10323000000000000000000000000000000000008E
:10324000000000000000000000000000000000007E
:10325000000000000000000000000000000000006E
:10326000000000000000000000000000000000005E
:10327000000000000000000000000000000000004E
:10328000000000000000000000000000000000003E
:10329000000000000000000000000000000000002E
:1032A000000000000000000000000000000000001E
:1032B000000000000000000000000000000000000E
:1032C00000000000000000000000000000000000FE
:1032D00000000000000000000000000000000000EE
:1032E00000000000000000000000000000000000DE
:0C32F000000000000000000000000000D2
:1032FC00FFFFFFFFFFFFFFFFFFFFFFFFFFFFFFFFD2
:10330C00FFFFFFFFFFFFFFFFFFFFFFFFFFFFFFFFC1
:10331C00FFFFFFFFFFFFFFFFFFFFFFFFFFFFFFFFB1
:10332C00FFFFFFFFFFFFFFFFFFFFFFFFFFFFFFFFA1
:10333C00FFFFFFFFFFFFFFFFFFFFFFFFFFFFFFFF91
:10334C00FFFFFFFFFFFFFFFFFFFFFFFFFFFFFFFF81
:10335C00FFFFFFFFFFFFFFFFFFFFFFFFFFFFFFFF71
:10336C00FFFFFFFFFFFFFFFFFFFFFFFFFFFFFFFF61
:10337C00FFFFFFFFFFFFFFFFFFFFFFFFFFFFFFFF51
:10338C00FFFFFFFFFFFFFFFFFFFFFFFFFFFFFFFF41
:10339C00FFFFFFFFFFFFFFFFFFFFFFFFFFFFFFFF31
:1033AC00FFFFFFFFFFFFFFFFFFFFFFFFFFFFFFFF21
:1033BC00FFFFFFFFFFFFFFFFFFFFFFFFFFFFFFFF11
:1033CC00FFFFFFFFFFFFFFFFFFFFFFFFFFFFFFFF01
:1033DC00FFFFFFFFFFFFFFFFFFFFFFFFFFFFFFFFF1
:1033EC00FFFFFFFFFFFFFFFFFFFFFFFFFFFFFFFFE1
:1033FC00FFFFFFFF000000000000000000000000C5
:10340C0000000000000000000000000000000000B0
:10341C0000000000000000000000000000000000A0
:10342C000000000000000000000000000000000090
:10343C000000000000000000000000000000000080
:10344C000000000000000000000000000000000070
:10345C000000000000000000000000000000000060
:10346C000000000000000000000000000000000050
:10347C000000000000000000000000000000000040
:10348C000000000000000000000000000000000030
:10349C000000000000000000000000000000000020
:1034AC000000000000000000000000000000000010
:1034BC000000000000000000000000000000000000
:1034CC0000000000000000000000000000000000F0
:1034DC0000000000000000000000000000000000E0
:1034EC0000000000000000000000000000000000D0
:1034FC0000000000000000000000000000000000C0
:10350C0000000000000000000000000000000000AF
:10351C00000000000000000000000000000000009F
:10352C00000000000000000000000000000000008F
:10353C00000000000000000000000000000000007F
:10354C00000000000000000000000000000000006F
:10355C00000000000000000000000000000000005F
:10356C00000000000000000000000000000000004F
:10357C00000000000000000000000000000000003F
:10358C00000000000000000000000000000000002F
:10359C00000000000000000000000000000000001F
:1035AC00000000000000000000000000000000000F
:1035BC0000000000000000000000000000000000FF
:1035CC0000000000000000000000000000000000EF
:1035DC0000000000000000000000000000000000DF
:1035EC0000000000000000000000000000000000CF
:1035FC0000000000000000000000000000000000BF
:10360C0000000000000000000000000000000000AE
:10361C00000000000000000000000000000000009E
:10362C00000000000000000000000000000000008E
:10363C00000000000000000000000000000000007E
:10364C00000000000000000000000000000000006E
:10365C00000000000000000000000000000000005E
:10366C00000000000000000000000000000000004E
:10367C00000000000000000000000000000000003E
:10368C00000000000000000000000000000000002E
:10369C00000000000000000000000000000000001E
:1036AC00000000000000000000000000000000000E
:1036BC0000000000000000000000000000000000FE
:1036CC0000000000000000000000000000000000EE
:1036DC0000000000000000000000000000000000DE
:1036EC0000000000000000000000000000000000CE
:1036FC0000000000000000000000000000000000BE
:10370C0000000000000000000000000000000000AD
:10371C00000000000000000000000000000000009D
:10372C00000000000000000000000000000000008D
:10373C00000000000000000000000000000000007D
:10374C00000000000000000000000000000000006D
:10375C00000000000000000000000000000000005D
:10376C00000000000000000000000000000000004D
:10377C00000000000000000000000000000000003D
:10378C00000000000000000000000000000000002D
:10379C00000000000000000000000000000000001D
:1037AC00000000000000000000000000000000000D
:1037BC0000000000000000000000000000000000FD
:1037CC0000000000000000000000000000000000ED
:1037DC0000000000000000000000000000000000DD
:1037EC0000000000000000000000000000000000CD
:1037FC0000000000000000000000000000000000BD
:10380C0000000000000000000000000000000000AC
:10381C00000000000000000000000000000000009C
:10382C00000000000000000000000000000000008C
:10383C00000000000000000000000000000000007C
:10384C00000000000000000000000000000000006C
:10385C00000000000000000000000000000000005C
:10386C00000000000000000000000000000000004C
:10387C00000000000000000000000000000000003C
:10388C00000000000000000000000000000000002C
:10389C00000000000000000000000000000000001C
:1038AC00000000000000000000000000000000000C
:1038BC0000000000000000000000000000000000FC
:1038CC0000000000000000000000000000000000EC
:1038DC0000000000000000000000000000000000DC
:1038EC0000000000000000000000000000000000CC
:1038FC0000000000000000000000000000000000BC
:10390C0000000000000000000000000000000000AB
:10391C00000000000000000000000000000000009B
:10392C00000000000000000000000000000000008B
:10393C00000000000000000000000000000000007B
:10394C00000000000000000000000000000000006B
:10395C00000000000000000000000000000000005B
:10396C00000000000000000000000000000000004B
:10397C00000000000000000000000000000000003B
:10398C00000000000000000000000000000000002B
:10399C00000000000000000000000000000000001B
:1039AC00000000000000000000000000000000000B
:1039BC0000000000000000000000000000000000FB
:1039CC0000000000000000000000000000000000EB
:1039DC0000000000000000000000000000000000DB
:1039EC0000000000000000000000000000000000CB
:1039FC0000000000000000000000000000000000BB
:103A0C0000000000000000000000000000000000AA
:103A1C00000000000000000000000000000000009A
:103A2C00000000000000000000000000000000008A
:103A3C00000000000000000000000000000000007A
:103A4C00000000000000000000000000000000006A
:103A5C00000000000000000000000000000000005A
:103A6C00000000000000000000000000000000004A
:103A7C00000000000000000000000000000000003A
:103A8C00000000000000000000000000000000002A
:103A9C00000000000000000000000000000000001A
:103AAC00000000000000000000000000000000000A
:103ABC0000000000000000000000000000000000FA
:103ACC0000000000000000000000000000000000EA
:103ADC0000000000000000000000000000000000DA
:103AEC0000000000000000000000000000000000CA
:103AFC0000000000000000000000000000000000BA
:103B0C0000000000000000000000000000000000A9
:103B1C000000000000000000000000000000000099
:103B2C000000000000000000000000000000000089
:103B3C000000000000000000000000000000000079
:103B4C000000000000000000000000000000000069
:103B5C000000000000000000000000000000000059
:103B6C000000000000000000000000000000000049
:103B7C000000000000000000000000000000000039
:103B8C000000000000000000000000000000000029
:103B9C000000000000000000000000000000000019
:103BAC000000000000000000000000000000000009
:103BBC0000000000000000000000000000000000F9
:103BCC0000000000000000000000000000000000E9
:103BDC0000000000000000000000000000000000D9
:103BEC0000000000000000000000000000000000C9
:103BFC0000000000000000000000000000000000B9
:103C0C0000000000000000000000000000000000A8
:103C1C000000000000000000000000000000000098
:103C2C000000000000000000000000000000000088
:103C3C000000000000000000000000000000000078
:103C4C000000000000000000000000000000000068
:103C5C000000000000000000000000000000000058
:103C6C000000000000000000000000000000000048
:103C7C000000000000000000000000000000000038
:103C8C000000000000000000000000000000000028
:103C9C000000000000000000000000000000000018
:103CAC000000000000000000000000000000000008
:103CBC0000000000000000000000000000000000F8
:103CCC0000000000000000000000000000000000E8
:103CDC0000000000000000000000000000000000D8
:103CEC0000000000000000000000000000000000C8
:103CFC0000000000000000000000000000000000B8
:103D0C0000000000000000000000000000000000A7
:103D1C000000000000000000000000000000000097
:103D2C000000000000000000000000000000000087
:103D3C000000000000000000000000000000000077
:103D4C000000000000000000000000000000000067
:103D5C000000000000000000000000000000000057
:103D6C000000000000000000000000000000000047
:103D7C000000000000000000000000000000000037
:103D8C000000000000000000000000000000000027
:103D9C000000000000000000000000000000000017
:103DAC000000000000000000000000000000000007
:103DBC0000000000000000000000000000000000F7
:103DCC0000000000000000000000000000000000E7
:103DDC0000000000000000000000000000000000D7
:103DEC0000000000000000000000000000000000C7
:103DFC0000000000000000000000000000000000B7
:103E0C0000000000000000000000000000000000A6
:103E1C000000000000000000000000000000000096
:103E2C000000000000000000000000000000000086
:103E3C000000000000000000000000000000000076
:103E4C000000000000000000000000000000000066
:103E5C000000000000000000000000000000000056
:103E6C000000000000000000000000000000000046
:103E7C000000000000000000000000000000000036
:103E8C000000000000000000000000000000000026
:103E9C000000000000000000000000000000000016
:103EAC000000000000000000000000000000000006
:103EBC0000000000000000000000000000000000F6
:103ECC0000000000000000000000000000000000E6
:103EDC0000000000000000000000000000000000D6
:103EEC0000000000000000000000000000000000C6
:103EFC0000000000000000000000000000000000B6
:103F0C0000000000000000000000000000000000A5
:103F1C000000000000000000000000000000000095
:103F2C000000000000000000000000000000000085
:103F3C000000000000000000000000000000000075
:103F4C000000000000000000000000000000000065
:103F5C000000000000000000000000000000000055
:103F6C000000000000000000000000000000000045
:103F7C000000000000000000000000000000000035
:103F8C000000000000000000000000000000000025
:103F9C000000000000000000000000000000000015
:103FAC000000000000000000000000000000000005
:103FBC0000000000000000000000000000000000F5
:103FCC0000000000000000000000000000000000E5
:103FDC0000000000000000000000000000000000D5
:103FEC0000000000000000000000000000000000C5
:043FFC0000000000C1
:040000056000100087
:00000001FF
