:0200000460009A
:100000004643464200000156000000000103030081
:1000100000000000000000000000000000000000E0
:1000200000000000000000000000000000000000D0
:1000300000000000000000000000000000000000C0
:1000400000000000010408000000000000000000A3
:100050000000800000000000000000000000000020
:100060000000000000000000000000000000000090
:100070000000000000000000000000000000000080
:10008000EB04180A063204260000000000000000FD
:10009000050404240000000000000000000000002F
:1000A0000000000000000000000000000000000050
:1000B0000604000000000000000000000000000036
:1000C0000000000000000000000000000000000030
:1000D00020041808000000000000000000000000DC
:1000E0000000000000000000000000000000000010
:1000F0000000000000000000000000000000000000
:10010000D8041808000000000000000000000000F3
:100110000204180804200000000000000000000095
:1001200000000000000000000000000000000000CF
:10013000600400000000000000000000000000005B
:1001400000000000000000000000000000000000AF
:10015000000000000000000000000000000000009F
:10016000000000000000000000000000000000008F
:10017000000000000000000000000000000000007F
:10018000000000000000000000000000000000006F
:10019000000000000000000000000000000000005F
:1001A000000000000000000000000000000000004F
:1001B000000000000000000000000000000000003F
:1001C000000100000010000001000000000000001D
:1001D000000001000000000000000000000000001E
:1001E000000000000000000000000000000000000F
:1001F00000000000000000000000000000000000FF
:10020000FFFFFFFFFFFFFFFFFFFFFFFFFFFFFFFFFE
:10021000FFFFFFFFFFFFFFFFFFFFFFFFFFFFFFFFEE
:10022000FFFFFFFFFFFFFFFFFFFFFFFFFFFFFFFFDE
:10023000FFFFFFFFFFFFFFFFFFFFFFFFFFFFFFFFCE
:10024000FFFFFFFFFFFFFFFFFFFFFFFFFFFFFFFFBE
:10025000FFFFFFFFFFFFFFFFFFFFFFFFFFFFFFFFAE
:10026000FFFFFFFFFFFFFFFFFFFFFFFFFFFFFFFF9E
:10027000FFFFFFFFFFFFFFFFFFFFFFFFFFFFFFFF8E
:10028000FFFFFFFFFFFFFFFFFFFFFFFFFFFFFFFF7E
:10029000FFFFFFFFFFFFFFFFFFFFFFFFFFFFFFFF6E
:1002A000FFFFFFFFFFFFFFFFFFFFFFFFFFFFFFFF5E
:1002B000FFFFFFFFFFFFFFFFFFFFFFFFFFFFFFFF4E
:1002C000FFFFFFFFFFFFFFFFFFFFFFFFFFFFFFFF3E
:1002D000FFFFFFFFFFFFFFFFFFFFFFFFFFFFFFFF2E
:1002E000FFFFFFFFFFFFFFFFFFFFFFFFFFFFFFFF1E
:1002F000FFFFFFFFFFFFFFFFFFFFFFFFFFFFFFFF0E
:10030000FFFFFFFFFFFFFFFFFFFFFFFFFFFFFFFFFD
:10031000FFFFFFFFFFFFFFFFFFFFFFFFFFFFFFFFED
:10032000FFFFFFFFFFFFFFFFFFFFFFFFFFFFFFFFDD
:10033000FFFFFFFFFFFFFFFFFFFFFFFFFFFFFFFFCD
:10034000FFFFFFFFFFFFFFFFFFFFFFFFFFFFFFFFBD
:10035000FFFFFFFFFFFFFFFFFFFFFFFFFFFFFFFFAD
:10036000FFFFFFFFFFFFFFFFFFFFFFFFFFFFFFFF9D
:10037000FFFFFFFFFFFFFFFFFFFFFFFFFFFFFFFF8D
:10038000FFFFFFFFFFFFFFFFFFFFFFFFFFFFFFFF7D
:10039000FFFFFFFFFFFFFFFFFFFFFFFFFFFFFFFF6D
:1003A000FFFFFFFFFFFFFFFFFFFFFFFFFFFFFFFF5D
:1003B000FFFFFFFFFFFFFFFFFFFFFFFFFFFFFFFF4D
:1003C000FFFFFFFFFFFFFFFFFFFFFFFFFFFFFFFF3D
:1003D000FFFFFFFFFFFFFFFFFFFFFFFFFFFFFFFF2D
:1003E000FFFFFFFFFFFFFFFFFFFFFFFFFFFFFFFF1D
:1003F000FFFFFFFFFFFFFFFFFFFFFFFFFFFFFFFF0D
:10040000FFFFFFFFFFFFFFFFFFFFFFFFFFFFFFFFFC
:10041000FFFFFFFFFFFFFFFFFFFFFFFFFFFFFFFFEC
:10042000FFFFFFFFFFFFFFFFFFFFFFFFFFFFFFFFDC
:10043000FFFFFFFFFFFFFFFFFFFFFFFFFFFFFFFFCC
:10044000FFFFFFFFFFFFFFFFFFFFFFFFFFFFFFFFBC
:10045000FFFFFFFFFFFFFFFFFFFFFFFFFFFFFFFFAC
:10046000FFFFFFFFFFFFFFFFFFFFFFFFFFFFFFFF9C
:10047000FFFFFFFFFFFFFFFFFFFFFFFFFFFFFFFF8C
:10048000FFFFFFFFFFFFFFFFFFFFFFFFFFFFFFFF7C
:10049000FFFFFFFFFFFFFFFFFFFFFFFFFFFFFFFF6C
:1004A000FFFFFFFFFFFFFFFFFFFFFFFFFFFFFFFF5C
:1004B000FFFFFFFFFFFFFFFFFFFFFFFFFFFFFFFF4C
:1004C000FFFFFFFFFFFFFFFFFFFFFFFFFFFFFFFF3C
:1004D000FFFFFFFFFFFFFFFFFFFFFFFFFFFFFFFF2C
:1004E000FFFFFFFFFFFFFFFFFFFFFFFFFFFFFFFF1C
:1004F000FFFFFFFFFFFFFFFFFFFFFFFFFFFFFFFF0C
:10050000FFFFFFFFFFFFFFFFFFFFFFFFFFFFFFFFFB
:10051000FFFFFFFFFFFFFFFFFFFFFFFFFFFFFFFFEB
:10052000FFFFFFFFFFFFFFFFFFFFFFFFFFFFFFFFDB
:10053000FFFFFFFFFFFFFFFFFFFFFFFFFFFFFFFFCB
:10054000FFFFFFFFFFFFFFFFFFFFFFFFFFFFFFFFBB
:10055000FFFFFFFFFFFFFFFFFFFFFFFFFFFFFFFFAB
:10056000FFFFFFFFFFFFFFFFFFFFFFFFFFFFFFFF9B
:10057000FFFFFFFFFFFFFFFFFFFFFFFFFFFFFFFF8B
:10058000FFFFFFFFFFFFFFFFFFFFFFFFFFFFFFFF7B
:10059000FFFFFFFFFFFFFFFFFFFFFFFFFFFFFFFF6B
:1005A000FFFFFFFFFFFFFFFFFFFFFFFFFFFFFFFF5B
:1005B000FFFFFFFFFFFFFFFFFFFFFFFFFFFFFFFF4B
:1005C000FFFFFFFFFFFFFFFFFFFFFFFFFFFFFFFF3B
:1005D000FFFFFFFFFFFFFFFFFFFFFFFFFFFFFFFF2B
:1005E000FFFFFFFFFFFFFFFFFFFFFFFFFFFFFFFF1B
:1005F000FFFFFFFFFFFFFFFFFFFFFFFFFFFFFFFF0B
:10060000FFFFFFFFFFFFFFFFFFFFFFFFFFFFFFFFFA
:10061000FFFFFFFFFFFFFFFFFFFFFFFFFFFFFFFFEA
:10062000FFFFFFFFFFFFFFFFFFFFFFFFFFFFFFFFDA
:10063000FFFFFFFFFFFFFFFFFFFFFFFFFFFFFFFFCA
:10064000FFFFFFFFFFFFFFFFFFFFFFFFFFFFFFFFBA
:10065000FFFFFFFFFFFFFFFFFFFFFFFFFFFFFFFFAA
:10066000FFFFFFFFFFFFFFFFFFFFFFFFFFFFFFFF9A
:10067000FFFFFFFFFFFFFFFFFFFFFFFFFFFFFFFF8A
:10068000FFFFFFFFFFFFFFFFFFFFFFFFFFFFFFFF7A
:10069000FFFFFFFFFFFFFFFFFFFFFFFFFFFFFFFF6A
:1006A000FFFFFFFFFFFFFFFFFFFFFFFFFFFFFFFF5A
:1006B000FFFFFFFFFFFFFFFFFFFFFFFFFFFFFFFF4A
:1006C000FFFFFFFFFFFFFFFFFFFFFFFFFFFFFFFF3A
:1006D000FFFFFFFFFFFFFFFFFFFFFFFFFFFFFFFF2A
:1006E000FFFFFFFFFFFFFFFFFFFFFFFFFFFFFFFF1A
:1006F000FFFFFFFFFFFFFFFFFFFFFFFFFFFFFFFF0A
:10070000FFFFFFFFFFFFFFFFFFFFFFFFFFFFFFFFF9
:10071000FFFFFFFFFFFFFFFFFFFFFFFFFFFFFFFFE9
:10072000FFFFFFFFFFFFFFFFFFFFFFFFFFFFFFFFD9
:10073000FFFFFFFFFFFFFFFFFFFFFFFFFFFFFFFFC9
:10074000FFFFFFFFFFFFFFFFFFFFFFFFFFFFFFFFB9
:10075000FFFFFFFFFFFFFFFFFFFFFFFFFFFFFFFFA9
:10076000FFFFFFFFFFFFFFFFFFFFFFFFFFFFFFFF99
:10077000FFFFFFFFFFFFFFFFFFFFFFFFFFFFFFFF89
:10078000FFFFFFFFFFFFFFFFFFFFFFFFFFFFFFFF79
:10079000FFFFFFFFFFFFFFFFFFFFFFFFFFFFFFFF69
:1007A000FFFFFFFFFFFFFFFFFFFFFFFFFFFFFFFF59
:1007B000FFFFFFFFFFFFFFFFFFFFFFFFFFFFFFFF49
:1007C000FFFFFFFFFFFFFFFFFFFFFFFFFFFFFFFF39
:1007D000FFFFFFFFFFFFFFFFFFFFFFFFFFFFFFFF29
:1007E000FFFFFFFFFFFFFFFFFFFFFFFFFFFFFFFF19
:1007F000FFFFFFFFFFFFFFFFFFFFFFFFFFFFFFFF09
:10080000FFFFFFFFFFFFFFFFFFFFFFFFFFFFFFFFF8
:10081000FFFFFFFFFFFFFFFFFFFFFFFFFFFFFFFFE8
:10082000FFFFFFFFFFFFFFFFFFFFFFFFFFFFFFFFD8
:10083000FFFFFFFFFFFFFFFFFFFFFFFFFFFFFFFFC8
:10084000FFFFFFFFFFFFFFFFFFFFFFFFFFFFFFFFB8
:10085000FFFFFFFFFFFFFFFFFFFFFFFFFFFFFFFFA8
:10086000FFFFFFFFFFFFFFFFFFFFFFFFFFFFFFFF98
:10087000FFFFFFFFFFFFFFFFFFFFFFFFFFFFFFFF88
:10088000FFFFFFFFFFFFFFFFFFFFFFFFFFFFFFFF78
:10089000FFFFFFFFFFFFFFFFFFFFFFFFFFFFFFFF68
:1008A000FFFFFFFFFFFFFFFFFFFFFFFFFFFFFFFF58
:1008B000FFFFFFFFFFFFFFFFFFFFFFFFFFFFFFFF48
:1008C000FFFFFFFFFFFFFFFFFFFFFFFFFFFFFFFF38
:1008D000FFFFFFFFFFFFFFFFFFFFFFFFFFFFFFFF28
:1008E000FFFFFFFFFFFFFFFFFFFFFFFFFFFFFFFF18
:1008F000FFFFFFFFFFFFFFFFFFFFFFFFFFFFFFFF08
:10090000FFFFFFFFFFFFFFFFFFFFFFFFFFFFFFFFF7
:10091000FFFFFFFFFFFFFFFFFFFFFFFFFFFFFFFFE7
:10092000FFFFFFFFFFFFFFFFFFFFFFFFFFFFFFFFD7
:10093000FFFFFFFFFFFFFFFFFFFFFFFFFFFFFFFFC7
:10094000FFFFFFFFFFFFFFFFFFFFFFFFFFFFFFFFB7
:10095000FFFFFFFFFFFFFFFFFFFFFFFFFFFFFFFFA7
:10096000FFFFFFFFFFFFFFFFFFFFFFFFFFFFFFFF97
:10097000FFFFFFFFFFFFFFFFFFFFFFFFFFFFFFFF87
:10098000FFFFFFFFFFFFFFFFFFFFFFFFFFFFFFFF77
:10099000FFFFFFFFFFFFFFFFFFFFFFFFFFFFFFFF67
:1009A000FFFFFFFFFFFFFFFFFFFFFFFFFFFFFFFF57
:1009B000FFFFFFFFFFFFFFFFFFFFFFFFFFFFFFFF47
:1009C000FFFFFFFFFFFFFFFFFFFFFFFFFFFFFFFF37
:1009D000FFFFFFFFFFFFFFFFFFFFFFFFFFFFFFFF27
:1009E000FFFFFFFFFFFFFFFFFFFFFFFFFFFFFFFF17
:1009F000FFFFFFFFFFFFFFFFFFFFFFFFFFFFFFFF07
:100A0000FFFFFFFFFFFFFFFFFFFFFFFFFFFFFFFFF6
:100A1000FFFFFFFFFFFFFFFFFFFFFFFFFFFFFFFFE6
:100A2000FFFFFFFFFFFFFFFFFFFFFFFFFFFFFFFFD6
:100A3000FFFFFFFFFFFFFFFFFFFFFFFFFFFFFFFFC6
:100A4000FFFFFFFFFFFFFFFFFFFFFFFFFFFFFFFFB6
:100A5000FFFFFFFFFFFFFFFFFFFFFFFFFFFFFFFFA6
:100A6000FFFFFFFFFFFFFFFFFFFFFFFFFFFFFFFF96
:100A7000FFFFFFFFFFFFFFFFFFFFFFFFFFFFFFFF86
:100A8000FFFFFFFFFFFFFFFFFFFFFFFFFFFFFFFF76
:100A9000FFFFFFFFFFFFFFFFFFFFFFFFFFFFFFFF66
:100AA000FFFFFFFFFFFFFFFFFFFFFFFFFFFFFFFF56
:100AB000FFFFFFFFFFFFFFFFFFFFFFFFFFFFFFFF46
:100AC000FFFFFFFFFFFFFFFFFFFFFFFFFFFFFFFF36
:100AD000FFFFFFFFFFFFFFFFFFFFFFFFFFFFFFFF26
:100AE000FFFFFFFFFFFFFFFFFFFFFFFFFFFFFFFF16
:100AF000FFFFFFFFFFFFFFFFFFFFFFFFFFFFFFFF06
:100B0000FFFFFFFFFFFFFFFFFFFFFFFFFFFFFFFFF5
:100B1000FFFFFFFFFFFFFFFFFFFFFFFFFFFFFFFFE5
:100B2000FFFFFFFFFFFFFFFFFFFFFFFFFFFFFFFFD5
:100B3000FFFFFFFFFFFFFFFFFFFFFFFFFFFFFFFFC5
:100B4000FFFFFFFFFFFFFFFFFFFFFFFFFFFFFFFFB5
:100B5000FFFFFFFFFFFFFFFFFFFFFFFFFFFFFFFFA5
:100B6000FFFFFFFFFFFFFFFFFFFFFFFFFFFFFFFF95
:100B7000FFFFFFFFFFFFFFFFFFFFFFFFFFFFFFFF85
:100B8000FFFFFFFFFFFFFFFFFFFFFFFFFFFFFFFF75
:100B9000FFFFFFFFFFFFFFFFFFFFFFFFFFFFFFFF65
:100BA000FFFFFFFFFFFFFFFFFFFFFFFFFFFFFFFF55
:100BB000FFFFFFFFFFFFFFFFFFFFFFFFFFFFFFFF45
:100BC000FFFFFFFFFFFFFFFFFFFFFFFFFFFFFFFF35
:100BD000FFFFFFFFFFFFFFFFFFFFFFFFFFFFFFFF25
:100BE000FFFFFFFFFFFFFFFFFFFFFFFFFFFFFFFF15
:100BF000FFFFFFFFFFFFFFFFFFFFFFFFFFFFFFFF05
:100C0000FFFFFFFFFFFFFFFFFFFFFFFFFFFFFFFFF4
:100C1000FFFFFFFFFFFFFFFFFFFFFFFFFFFFFFFFE4
:100C2000FFFFFFFFFFFFFFFFFFFFFFFFFFFFFFFFD4
:100C3000FFFFFFFFFFFFFFFFFFFFFFFFFFFFFFFFC4
:100C4000FFFFFFFFFFFFFFFFFFFFFFFFFFFFFFFFB4
:100C5000FFFFFFFFFFFFFFFFFFFFFFFFFFFFFFFFA4
:100C6000FFFFFFFFFFFFFFFFFFFFFFFFFFFFFFFF94
:100C7000FFFFFFFFFFFFFFFFFFFFFFFFFFFFFFFF84
:100C8000FFFFFFFFFFFFFFFFFFFFFFFFFFFFFFFF74
:100C9000FFFFFFFFFFFFFFFFFFFFFFFFFFFFFFFF64
:100CA000FFFFFFFFFFFFFFFFFFFFFFFFFFFFFFFF54
:100CB000FFFFFFFFFFFFFFFFFFFFFFFFFFFFFFFF44
:100CC000FFFFFFFFFFFFFFFFFFFFFFFFFFFFFFFF34
:100CD000FFFFFFFFFFFFFFFFFFFFFFFFFFFFFFFF24
:100CE000FFFFFFFFFFFFFFFFFFFFFFFFFFFFFFFF14
:100CF000FFFFFFFFFFFFFFFFFFFFFFFFFFFFFFFF04
:100D0000FFFFFFFFFFFFFFFFFFFFFFFFFFFFFFFFF3
:100D1000FFFFFFFFFFFFFFFFFFFFFFFFFFFFFFFFE3
:100D2000FFFFFFFFFFFFFFFFFFFFFFFFFFFFFFFFD3
:100D3000FFFFFFFFFFFFFFFFFFFFFFFFFFFFFFFFC3
:100D4000FFFFFFFFFFFFFFFFFFFFFFFFFFFFFFFFB3
:100D5000FFFFFFFFFFFFFFFFFFFFFFFFFFFFFFFFA3
:100D6000FFFFFFFFFFFFFFFFFFFFFFFFFFFFFFFF93
:100D7000FFFFFFFFFFFFFFFFFFFFFFFFFFFFFFFF83
:100D8000FFFFFFFFFFFFFFFFFFFFFFFFFFFFFFFF73
:100D9000FFFFFFFFFFFFFFFFFFFFFFFFFFFFFFFF63
:100DA000FFFFFFFFFFFFFFFFFFFFFFFFFFFFFFFF53
:100DB000FFFFFFFFFFFFFFFFFFFFFFFFFFFFFFFF43
:100DC000FFFFFFFFFFFFFFFFFFFFFFFFFFFFFFFF33
:100DD000FFFFFFFFFFFFFFFFFFFFFFFFFFFFFFFF23
:100DE000FFFFFFFFFFFFFFFFFFFFFFFFFFFFFFFF13
:100DF000FFFFFFFFFFFFFFFFFFFFFFFFFFFFFFFF03
:100E0000FFFFFFFFFFFFFFFFFFFFFFFFFFFFFFFFF2
:100E1000FFFFFFFFFFFFFFFFFFFFFFFFFFFFFFFFE2
:100E2000FFFFFFFFFFFFFFFFFFFFFFFFFFFFFFFFD2
:100E3000FFFFFFFFFFFFFFFFFFFFFFFFFFFFFFFFC2
:100E4000FFFFFFFFFFFFFFFFFFFFFFFFFFFFFFFFB2
:100E5000FFFFFFFFFFFFFFFFFFFFFFFFFFFFFFFFA2
:100E6000FFFFFFFFFFFFFFFFFFFFFFFFFFFFFFFF92
:100E7000FFFFFFFFFFFFFFFFFFFFFFFFFFFFFFFF82
:100E8000FFFFFFFFFFFFFFFFFFFFFFFFFFFFFFFF72
:100E9000FFFFFFFFFFFFFFFFFFFFFFFFFFFFFFFF62
:100EA000FFFFFFFFFFFFFFFFFFFFFFFFFFFFFFFF52
:100EB000FFFFFFFFFFFFFFFFFFFFFFFFFFFFFFFF42
:100EC000FFFFFFFFFFFFFFFFFFFFFFFFFFFFFFFF32
:100ED000FFFFFFFFFFFFFFFFFFFFFFFFFFFFFFFF22
:100EE000FFFFFFFFFFFFFFFFFFFFFFFFFFFFFFFF12
:100EF000FFFFFFFFFFFFFFFFFFFFFFFFFFFFFFFF02
:100F0000FFFFFFFFFFFFFFFFFFFFFFFFFFFFFFFFF1
:100F1000FFFFFFFFFFFFFFFFFFFFFFFFFFFFFFFFE1
:100F2000FFFFFFFFFFFFFFFFFFFFFFFFFFFFFFFFD1
:100F3000FFFFFFFFFFFFFFFFFFFFFFFFFFFFFFFFC1
:100F4000FFFFFFFFFFFFFFFFFFFFFFFFFFFFFFFFB1
:100F5000FFFFFFFFFFFFFFFFFFFFFFFFFFFFFFFFA1
:100F6000FFFFFFFFFFFFFFFFFFFFFFFFFFFFFFFF91
:100F7000FFFFFFFFFFFFFFFFFFFFFFFFFFFFFFFF81
:100F8000FFFFFFFFFFFFFFFFFFFFFFFFFFFFFFFF71
:100F9000FFFFFFFFFFFFFFFFFFFFFFFFFFFFFFFF61
:100FA000FFFFFFFFFFFFFFFFFFFFFFFFFFFFFFFF51
:100FB000FFFFFFFFFFFFFFFFFFFFFFFFFFFFFFFF41
:100FC000FFFFFFFFFFFFFFFFFFFFFFFFFFFFFFFF31
:100FD000FFFFFFFFFFFFFFFFFFFFFFFFFFFFFFFF21
:100FE000FFFFFFFFFFFFFFFFFFFFFFFFFFFFFFFF11
:100FF000FFFFFFFFFFFFFFFFFFFFFFFFFFFFFFFF01
:10100000D10020434D1600600000000000000000E9
:101010002010006000100060001C02600000000052
:10102000000000600028020000000000FFFFFFFF3A
:10103000FFFFFFFFFFFFFFFFFFFFFFFFFFFFFFFFC0
:10104000FFFFFFFFFFFFFFFFFFFFFFFFFFFFFFFFB0
:10105000FFFFFFFFFFFFFFFFFFFFFFFFFFFFFFFFA0
:10106000FFFFFFFFFFFFFFFFFFFFFFFFFFFFFFFF90
:10107000FFFFFFFFFFFFFFFFFFFFFFFFFFFFFFFF80
:10108000FFFFFFFFFFFFFFFFFFFFFFFFFFFFFFFF70
:10109000FFFFFFFFFFFFFFFFFFFFFFFFFFFFFFFF60
:1010A000FFFFFFFFFFFFFFFFFFFFFFFFFFFFFFFF50
:1010B000FFFFFFFFFFFFFFFFFFFFFFFFFFFFFFFF40
:1010C000FFFFFFFFFFFFFFFFFFFFFFFFFFFFFFFF30
:1010D000FFFFFFFFFFFFFFFFFFFFFFFFFFFFFFFF20
:1010E000FFFFFFFFFFFFFFFFFFFFFFFFFFFFFFFF10
:1010F000FFFFFFFFFFFFFFFFFFFFFFFFFFFFFFFF00
:10110000FFFFFFFFFFFFFFFFFFFFFFFFFFFFFFFFEF
:10111000FFFFFFFFFFFFFFFFFFFFFFFFFFFFFFFFDF
:10112000FFFFFFFFFFFFFFFFFFFFFFFFFFFFFFFFCF
:10113000FFFFFFFFFFFFFFFFFFFFFFFFFFFFFFFFBF
:10114000FFFFFFFFFFFFFFFFFFFFFFFFFFFFFFFFAF
:10115000FFFFFFFFFFFFFFFFFFFFFFFFFFFFFFFF9F
:10116000FFFFFFFFFFFFFFFFFFFFFFFFFFFFFFFF8F
:10117000FFFFFFFFFFFFFFFFFFFFFFFFFFFFFFFF7F
:10118000FFFFFFFFFFFFFFFFFFFFFFFFFFFFFFFF6F
:10119000FFFFFFFFFFFFFFFFFFFFFFFFFFFFFFFF5F
:1011A000FFFFFFFFFFFFFFFFFFFFFFFFFFFFFFFF4F
:1011B000FFFFFFFFFFFFFFFFFFFFFFFFFFFFFFFF3F
:1011C000FFFFFFFFFFFFFFFFFFFFFFFFFFFFFFFF2F
:1011D000FFFFFFFFFFFFFFFFFFFFFFFFFFFFFFFF1F
:1011E000FFFFFFFFFFFFFFFFFFFFFFFFFFFFFFFF0F
:1011F000FFFFFFFFFFFFFFFFFFFFFFFFFFFFFFFFFF
:10120000FFFFFFFFFFFFFFFFFFFFFFFFFFFFFFFFEE
:10121000FFFFFFFFFFFFFFFFFFFFFFFFFFFFFFFFDE
:10122000FFFFFFFFFFFFFFFFFFFFFFFFFFFFFFFFCE
:10123000FFFFFFFFFFFFFFFFFFFFFFFFFFFFFFFFBE
:10124000FFFFFFFFFFFFFFFFFFFFFFFFFFFFFFFFAE
:10125000FFFFFFFFFFFFFFFFFFFFFFFFFFFFFFFF9E
:10126000FFFFFFFFFFFFFFFFFFFFFFFFFFFFFFFF8E
:10127000FFFFFFFFFFFFFFFFFFFFFFFFFFFFFFFF7E
:10128000FFFFFFFFFFFFFFFFFFFFFFFFFFFFFFFF6E
:10129000FFFFFFFFFFFFFFFFFFFFFFFFFFFFFFFF5E
:1012A000FFFFFFFFFFFFFFFFFFFFFFFFFFFFFFFF4E
:1012B000FFFFFFFFFFFFFFFFFFFFFFFFFFFFFFFF3E
:1012C000FFFFFFFFFFFFFFFFFFFFFFFFFFFFFFFF2E
:1012D000FFFFFFFFFFFFFFFFFFFFFFFFFFFFFFFF1E
:1012E000FFFFFFFFFFFFFFFFFFFFFFFFFFFFFFFF0E
:1012F000FFFFFFFFFFFFFFFFFFFFFFFFFFFFFFFFFE
:10130000FFFFFFFFFFFFFFFFFFFFFFFFFFFFFFFFED
:10131000FFFFFFFFFFFFFFFFFFFFFFFFFFFFFFFFDD
:10132000FFFFFFFFFFFFFFFFFFFFFFFFFFFFFFFFCD
:10133000FFFFFFFFFFFFFFFFFFFFFFFFFFFFFFFFBD
:10134000FFFFFFFFFFFFFFFFFFFFFFFFFFFFFFFFAD
:10135000FFFFFFFFFFFFFFFFFFFFFFFFFFFFFFFF9D
:10136000FFFFFFFFFFFFFFFFFFFFFFFFFFFFFFFF8D
:10137000FFFFFFFFFFFFFFFFFFFFFFFFFFFFFFFF7D
:10138000FFFFFFFFFFFFFFFFFFFFFFFFFFFFFFFF6D
:10139000FFFFFFFFFFFFFFFFFFFFFFFFFFFFFFFF5D
:1013A000FFFFFFFFFFFFFFFFFFFFFFFFFFFFFFFF4D
:1013B000FFFFFFFFFFFFFFFFFFFFFFFFFFFFFFFF3D
:1013C000FFFFFFFFFFFFFFFFFFFFFFFFFFFFFFFF2D
:1013D000FFFFFFFFFFFFFFFFFFFFFFFFFFFFFFFF1D
:1013E000FFFFFFFFFFFFFFFFFFFFFFFFFFFFFFFF0D
:1013F000FFFFFFFFFFFFFFFFFFFFFFFFFFFFFFFFFD
:10140000814205D051F8043B40F8043B8242F9D8B0
:10141000704700BF044A05494FF0000342F8043BFF
:101420009142FBD8704700BFC096002040E90020E1
:101430002DE98848BFF34F8F00BF00BF00BF00BF3A
:1014400000F042F9684B0822C3F8542100BF00BFE6
:1014500000BF00BF00BF00BF00BF00BF00BF00BF94
:1014600000BF00BF00BF00BF00BF00BF5F4A6049B0
:101470006048FFF7C5FF604A60496148FFF7C0FF59
:10148000604CFFF7C7FF4FF470004FF0E0210023DE
:101490005D4AC1F8880D44F823200133B02BFAD1FE
:1014A0005A4B80215A4A03F8011B9342FBD14FF05B
:1014B000E0254D4E4FF08039DFF884B1DFF884A18C
:1014C0004FF0FF31C5F8084D0027C6F80491C6F863
:1014D00000B1C6F8F490C6F8F0A0D5F8243DDFF8C6
:1014E000688143F4E0234B4AC5F8243DD8F81C300A
:1014F00023F07F0343F04003C8F81C30D8F82430B1
:1015000023F07F0343F04003C8F824309166D1668E
:101510001167516700F0E0F83F4B4049A363404B2F
:10152000E36363236B610323AF612B613D4BC5F81C
:10153000203DD5F8FC3D43F08073C5F8FC3D3A4BA7
:101540001A6842F001021A605B680B6000F00EFB43
:10155000C6F804913548C6F800B1C6F8F490C6F84C
:10156000F0A000F075FCD8F86C10314B314A41F412
:101570004051C8F86C101F60C3F80871C3F81871A7
:10158000C3F82871C3F83871936BDB0708D442F6AF
:101590001563294951651365936B43F00103936308
:1015A000244A264C936843F00113936000F01CF921
:1015B00000F060F800F058FC00F006FB00F086F840
:1015C0002368132BFCD900F097FB2368B3F5967FB3
:1015D000FBD300F07FF800F07BF800F035FC00F062
:1015E00047FC30BFFDE700BF00800D40F8640100FC
:1015F000C01F006000000000C0960020BC84016095
:101600000000002000940020C993000000E400E0E6
:10161000A0E400E000C00A4081A80000D0E800205B
:1016200085A8000000002020001000E080D1F00814
:101630000040084000400D400000C056D4E80020A3
:101640001B1018200C0D111300C00F40054B4FF458
:101650002A01054A05485A641864054A9963954663
:10166000FFF7E6FE00C00A40BFAAAAAA07002000B2
:1016700000800620104BA020104AD96E41F4403162
:1016800010B4D96640F23764D96E41F44071D9661E
:1016900054649064936C1B06FCD4094A40F2376191
:1016A000A02351649364936C13F08003FBD1054A2B
:1016B00013705DF8044B704700C00F4000400C40B1
:1016C00000800C400AE90020704700BF704700BF4F
:1016D000704700BF00BF704710B44FF0E0230021F7
:1016E00010243148C3F8941DC3F89C4D1124C3F84D
:1016F000A00D2E48C3F89C4D1224C3F8A00D2C4811
:10170000C3F89C4D2B4AC3F8A00D2B4C42F0150298
:101710002A48C3F89C4DC3F8A00D294C2948C3F8AA
:101720009C4DC3F8A00D284CC3F89C2D2748284A8F
:10173000C3F8A04DC3F89C0DC3F8A02D02F5A0225C
:10174000244C0C322448C3F89C4DC3F8A02D234AE6
:10175000C3F89C0D224CC3F8A02D02F14062C3F8DF
:101760009C4D2048C3F8A02D0C32C3F89C0DC3F843
:10177000A02D00BF00BF00BF00BF00BF0122C3F803
:10178000942DBFF34F8FBFF36F8FC3F8501FBFF37C
:101790004F8FBFF36F8FD3F8142D5DF8044B42F4D5
:1017A0004032C3F8142D70473F0000102500080791
:1017B0000900100040E9002013002000210002076A
:1017C0001400002025000813090000101600202036
:1017D00027000B1317000040180000602F000B07B4
:1017E000190000701A000080F0B5B84B1822B84EEE
:1017F0000120B84F83B0C3F85C62B749C3F8607288
:10180000B64DC3F86462A6F53046B54CC3F86862BD
:10181000C3F86C52C3F87052C3F87452C3F87852CC
:1018200048F20C75DA661A675A679A67DA67C3F87E
:101830008020C3F88420C3F88820C1F82C03A94A6B
:10184000C1F83003C1F83403C1F83803C1F83C03D0
:10185000C1F85003A169A44B0A40A448A44913430A
:10186000A44AA361D4F8843043F00C03C4F8843054
:101870004FF0FF34036843F00203036003682B401A
:101880004FF400551A439C4B026044608A689B4C9D
:1018900013409B4A43F000538360C36823F07803EE
:1018A000C360036A134023430362036A1340954AEB
:1018B0002343954C43628262C2620022D1F8B83061
:1018C00023F03F0343F00103C0F8B830D1F8BC3037
:1018D0008E4923F03F0343F00103C0F8BC3040F2CF
:1018E0000563026105660467C0F880304566446799
:1018F0000224C0F88430036823F00203036081618E
:10190000834B8449C46143F8042B8B42FBD1774A53
:10191000136843F001031360136813F00103FBD154
:101920007A48022140F2F564906140F29940D16119
:1019300040F26641C2F8004242F20144C2F810127D
:101940007549C2F82002C2F8301240F2354173489E
:10195000C2F83442C2F84012714CC2F8500242F24E
:1019600001207049C2F854120121C2F86042C2F845
:1019700064025E48C2F8A030C2F8A430C2F8B010C9
:101980004369DA07FCD5012300244FF4803257491C
:101990004361C0F8A040C0F8A420C0F8B0304B6943
:1019A000DB07FCD5012300244FF400304F4A4B6184
:1019B000C1F8A040C1F8A400C1F8B0305369DF07F6
:1019C000FCD501230024584848495361C2F8A0407F
:1019D000C2F8A400C2F8B0304B69DE07FCD5D1F8DC
:1019E000003145F60D5221209BB24861934265D1EA
:1019F00000244FF4802201233C48C1F8A040C1F8E4
:101A0000A420C1F8B0304369DD07FCD501234FF4B1
:101A100000040021354A4361C0F8A040C0F8A4107A
:101A2000C0F8B0305369DC07FCD501234FF4000443
:101A30004FF480302D495361C2F8A040C2F8A40091
:101A4000C2F8B0304B69D807FCD501234FF400042D
:101A50004FF40030254A4B61C1F8A040C1F8A40002
:101A6000C1F8B0305369D907FCD501234FF4000405
:101A70002D481E495361C2F8A040C2F8A400C2F824
:101A8000B0304B69DA07FCD5D1F8003145F60D527C
:101A900021209BB24861934250D008254FF40004A6
:101AA00022490020224B234A009015705A1A012324
:101AB0002148224400F0E0F903B0F0BD1E4B0022A3
:101AC000C3E90022C3E9022203B0F0BD00801F4039
:101AD000F9B00100F910010000841F40F970010005
:101AE00000C00F40FFFCFF1F000300A000402A4081
:101AF00000802A401200FFFFFF37F70040000080FF
:101B000000FFF07CFF000F8363000200F05AF05AE0
:101B100000422A4000432A409F041830EB06180A6E
:101B20003806180A0632012604000300000000707F
:101B3000000000700BE90020DCE700204FF40004F7
:101B40004FF4802201230848C1F8A040C1F8A42026
:101B5000C1F8B0304369DB07FCD5012310254FF0F5
:101B6000807443619CE700BF00402A40F0B4154AEE
:101B700040274FF480314FF480564FF400554FF416
:101B8000404443F24200136913F0020F0ED113F4E4
:101B9000005F0FD013F4805F0ED0002BF3DA13F444
:101BA000803F0BD15B060BD5F0BC7047946151614F
:101BB0009061E8E75561E6E75661E4E79161E2E7A5
:101BC0005761E0E700800D403F4A03203F49F3EEB4
:101BD000095AD2F880304FF0000C9FED3D6A23F097
:101BE00001039FED3C5A30B4C2F88030C2F8900037
:101BF000D1F8E010384DCBB2384C39482B6007EEA5
:101C0000903A0B0DC1F30B21F8EEE77A06EE903A0D
:101C100007EE101A334BB8EEC77A2160F8EEE66A89
:101C2000314937EEC66A37EEC55A76EEC76A77EEA7
:101C3000E57A26EE266AC3ED006A25EE265AD2F82A
:101C4000803067EEA64AC0ED007AC6EE275A2748D4
:101C500085EE276AC4EEA76A75EE875AFCEEE55A50
:101C600036EE076A15EE904ABCEEC66A43EA0453A4
:101C700076EE877AC2F8803016EE103AD2F89041AC
:101C8000FCEEE77A01EA0341214317EE903AC2F8ED
:101C90009011C3F30B03D2F890110B431449C2F80F
:101CA0009031D2F8803043F00203C2F88030114BFB
:101CB00080F840C0C1F840314FF0E023012230BC31
:101CC000C3F80821704700BF00810D4000441F4049
:101CD0000000AA420000B44240E800203CE8002096
:101CE00044E8002048E800200000FF0F00E400E086
:101CF00000940020B1950000314B40F6617210B5A0
:101D0000C3F8202140F2044400F09AF82D4A2E49ED
:101D1000D2F880302D4843F00303C2F880302C4BBA
:101D2000C1F8604102681A4203D1D1F8A8319A077C
:101D30001BD0254A4FF00041244B5963D2F8403163
:101D400043F00203C2F84031D2F840319B07FBD484
:101D50004FF400304FF0E0211C4B4FF00042C1F82F
:101D60008C0219209A6300F077F8184A4FF08040EF
:101D7000154C002190630A20164B11604FF420721D
:101D8000C4F8A801184600F06BF84FF4800203462F
:101D90004FF4810040F243111860C4F858311A64BE
:101DA0000D4B0E4AC4F84811C3F804224FF0E0224C
:101DB0004FF400310123C2F80C11C4F8403110BDBA
:101DC00000800D4000C00F4000002E4000900D40EC
:101DD000001C1E00000000200094002099970000C5
:101DE00008B50E4B1B6E9B0700D4FBBE72B60C4BA6
:101DF00000200C4AC3F8400103F160430A49A3F5EF
:101E00005F2311649D46BFF34F8F4FF400130748C3
:101E1000074ADB6902609B68984700BF00441F4087
:101E200000002E4000C00A40030020000080202057
:101E3000000012EBF8B500BFF8BC08BC9E46704726
:101E40005FF800F0099F00005FF800F079E0000003
:101E50005FF800F0998600005FF800F089890000C3
:101E60005FF800F081D400005FF800F0D592000028
:101E70005FF800F0318F00005FF800F015A9000056
:101E800045000000690A000085210000BD24000013
:081E9000612700008D770000BE
:101E980016035500530042002000530065007200ED
:101EA800690061006C0000001803540065006500BB
:101EB8006E00730079006400750069006E006F00A1
:101EC8000403090409026200030100C032080B0080
:101ED80002020201000904000001020201000524B7
:101EE800001001052401010104240206052406004E
:101EF800010705820310001009040100020A00000E
:101F0800000705030240000007058402400000099D
:101F180004020002FF6AFF00070581024000010772
:101F2800050102400001000009026200030100C02F
:101F380032080B000202020100090400000102023B
:101F480001000524001001052401010104240206F2
:101F58000524060001070582031000050904010095
:101F6800020A0000000705030200020007058402B8
:101F78000002000904020002FF6AC7000705810287
:101F88000002010705010200020100000A06000222
:101F9800EF02014001000000005EBCE2613FDD830A
:101FA800C29C7E20A3FD1F41009D23BE46DB65F831
:081FB8008C11AF32CA57E97425
:101FC0000000000000000000000000000000000011
:101FD0000000000000000000000000000000000001
:101FE0000548064B1B1AD90F01EBA301491002D07B
:101FF000034B03B118477047C0960020C0960020DD
:102000000000000008B5054B1BB105490548AFF3BA
:102010000080BDE80840FFF7E3BF00BF00000000FC
:10202000ECE7002000280260704700BF08B5836815
:1020300003B19847044AD3889BB243F48043D380CA
:10204000BFF34F8F08BD00BF00800B4008B5836809
:1020500003B19847034A137803F0F7031370BFF3F3
:102060004F8F08BD00400B400B4B186888B10368C8
:102070000A4A1B6893420DD1836810B503B1984793
:10208000074AD3889BB243F48043D380BFF34F8F7A
:1020900010BD7047184700BFCCC000206D00000085
:1020A00000800B40000000000B4B1A68D2072DE99E
:1020B000F04F2DED108BADF2CC7D13D50749084FB5
:1020C0000A683B689B1AB3F57A7F16D20DF2CC7D75
:1020D000BDEC108BBDE8F08FE0980020D4C4002048
:1020E000D4E80020BE4F0120BE493A6818603B6822
:1020F0000A609B1AB3F57A7FE8D3BB4A3B6801922A
:10210000BA4ABB4800920B60BA4ABB4BBB4901F0CC
:102110004FFC0022BA49E8A806F03AFAFB9BB948FE
:102120006E939DF8A083B84E9DEDEA7B8DED6A7BA2
:102130009DEDEC7B8DEDA27B9DEDEE7B8DED6C7BC3
:102140009DEDF07B8DEDB07B02F05AF8AF49B048C1
:1021500002F08CFCAF4802F063FBAF4B1B781BB95D
:102160003378002B40F0B483DFF8DCB2DFF8DC9288
:102170005846DFF884A299ED000A01F0E5FFA74B6D
:102180009AED000AD3ED000A01F000FCA44B99ED92
:10219000007AD3ED007AB7EEC76AA24BB7EEE77AC2
:1021A000A59099488DED767BD3ED007A9E4BB7EEE6
:1021B000E77A8DED706B8DED727BD3ED007A9B4BE2
:1021C000B7EEE77A8DED747B93ED007A984BDBEDFB
:1021D000047A93ED005A974BB7EEC54AD3ED005AF7
:1021E000954BB7EEE55A93ED006A944BD3ED006A38
:1021F000934B8DED7A5B1B88B7EEC65AB7EEE66A55
:102200006F933B688DED7E6BB7EEC76AA493B7EE14
:10221000E77ADBF80C308DED806B8DED827B8C9353
:102220008DED784B8DED7C5B06F032FF76488DEDC1
:10223000840B06F049FFD6ED217AD6F894200023CE
:10224000B8EEE77BAD92326C86F87D3086F88D3043
:1022500086F83D3086F84D30AC923378326D9FED84
:102260005E6BAB9287EE067B8DEDAE7B002B00F0B4
:1022700041833A68B36BD31A724AA2FB03329209C4
:102280005A4B644CD3ED005A574BB7EEE58ADAED62
:10229000007AD3ED006A94ED007A94ED016A94ED32
:1022A000025AD4ED034A94ED044A564DD4ED053A52
:1022B0002B68D4ED082A8D93AB8894ED063A8E9363
:1022C000EB8894ED092A8F932B89B7EEC2FAD4EDEF
:1022D0000A1A94ED0B1A9093B7EEE1EAB7EEC1DA61
:1022E0008DED868BB7EEE68A8DED888BB7EEE78AAB
:1022F000B7EEC77A8DED8A8B8DED947BB7EEC67AFB
:102300008DED967BB7EEC57A8DED987BB7EEE47ACE
:102310008DED9A7BB7EEC47A8DED9C7BB7EEE37AB8
:10232000B7EEC33A8DED9E7BB7EEE27A8DEDA07BE2
:102330006B89E9899193AB899391688A298A95F889
:1023400014C094F91CE09293B8F1000F00F08E8253
:10235000FC9B07EE903AFD9BF8EEE76A07EE903A99
:10236000FE9BF8EEE77A07EE103AFF9BB7EEE6CA5F
:10237000DDED6E6AB8EEC75A07EE103ADDF80034AC
:10238000B7EEE7BAB8EEC77A06EE103AE99BB7EEB9
:10239000C55AB8EEC64AA693B8EEE66AF49BB7EE05
:1023A000C77AA793B7EEC44AB7EEC66AF59B9DED10
:1023B000B02B8DEDA86B9DEDF28B8DEDB22B9DEDCD
:1023C000F69B9DEDF8AB9DED6C1B9DEDA22B9DED5D
:1023D0006A6BAA93FA9B3BE00000000000005940A2
:1023E000D4E80020D4C40020E4C00020DCC00020D9
:1023F0006C9B00207CC30020D0C00020ECC00020DB
:102400009CB000201CC100209C9B002070C30020B9
:10241000B4C30020C4C3002005E90020B88C00200C
:10242000C8C0002098B00020ACC30020B0C300207A
:10243000E0C00020D8C00020E8C000206CC300200D
:10244000FCE80020D34D6210C48C0020D4C00020D2
:102450008DED667B9DEDA87B8DED684B8DED645B0E
:102460008DED5E7B9DEDB27B8DED501B8DED4E2B8A
:102470008DED527B9DEDA07B8DED4C6B8DED3E3B4C
:102480008DED427B9DED9E7B8DED62BB8DED60CB36
:102490008DED3C7B9DED9C7B8DED5AAB8DED589B7E
:1024A0008DED3A7B9DED9A7B8DED548B8DED48DB68
:1024B0008DED387B9DED987B8DED46EB8DED44FBEE
:1024C0008DED367B9DED967B8DED347B9DED947B84
:1024D0008DED327B9DED747B5C93AA9BCDF800E182
:1024E0005793A79B2F914FF470715693A69B8DED38
:1024F000067B9DED727B4A93939B8DED047B9DED56
:10250000707BCDE9300C8DED1A0B8DED027B9DEDCE
:102510008A7B2E930DF581608DED267B9DED887B6A
:102520008DED247B9DED867B8DED227B9DEDAE7B3D
:102530008DED1C7B9DED847B8DED187B9DED827B6D
:102540008DED147B9DED807BA49B21920093929B4B
:10255000B74A2D93919B2C93909B2B938F9B2A93FF
:102560008E9B29938D9B8DED127B9DED7E7B289319
:10257000AB9B8DED107B2093AC9B9DED7C7B1F93E3
:10258000AD9B8DED0E7B9DED7A7B1E938C9B8DED2F
:102590000C7B16936F9B9DED787B8DED0A7B9DEDFB
:1025A000767B8DED087B0BF0FBFB4A220021C2A855
:1025B0000CF046FF9F4B3968C2A81B68C91A9E4B96
:1025C000A3FB0131890904F0C3F8D6ED217A002379
:1025D000C2A8B8EEE77B86F87D309FED916B87EE61
:1025E000060BB7EEC00B04F0B7F8944B1B78002B2A
:1025F00040F082819FED8C0BC2A804F0B5F88F4BA0
:102600001B78002B40F089819FED870BC2A804F056
:10261000BBF8002396F89410C2A886F88D3004F019
:10262000C3F83378002B00F06381B36B3968C91AA3
:10263000814BA3FB01318909C2A8814E04F0BAF88D
:10264000A988C2A804F0BAF8A989C2A804F0B8F809
:102650003188C2A804F0B6F8B168C2A804F0BAF88C
:102660007168C2A804F0BCF8B8F1000F00F01E8138
:10267000C2A89DED6A7BB7EEC70B04F0B7F8C2A8FD
:102680009DEDB07BB7EEC70B04F0C0F8C2A89DED7E
:10269000A27BB7EEC70B04F0C5F89DED6C7BB7EEDF
:1026A000C70BC2A8674E04F0CBF894ED000AC2A88D
:1026B00004F0D6F894ED010AC2A804F0DDF894ED18
:1026C000020AC2A804F0E6F894ED030AC2A804F0D6
:1026D000EFF8C2A8317804F0F9F8E988C2A804F04C
:1026E000FBF82989C2A804F0F9F86989C2A804F0A6
:1026F000F7F8298AC2A804F0F5F8698AC2A804F09C
:10270000F3F8E989C2A804F0F1F8B8F1000F6E9966
:10271000C2A808BF002104F0EBF89BED040AC2A890
:1027200004F0F6F894ED080AC2A804F0FFF894ED5E
:10273000090AC2A804F002F994ED0A0AC2A804F03A
:1027400005F994ED0B0AC2A804F008F93E4BC2A8A3
:1027500093ED000A04F00AF93C4BC2A893ED000A7D
:1027600004F012F93A4BC2A893ED000A04F01AF9EA
:10277000384BC2A893ED000A04F022F9364BC2A8E8
:1027800093ED000A04F02AF99AED000AC2A804F0B9
:1027900035F9324BC2A893ED000A04F03FF9304BF3
:1027A000C2A893ED000A04F049F999ED000AC2A805
:1027B00004F054F9A599C2A804F060F9C2A9294807
:1027C00001F0ECFD002800F0A0803378B8A92822A1
:1027D000C2A8013303F00703337005F0C9F94A2298
:1027E0000021D5A80CF02CFE2822B8A9D5A804F009
:1027F0004BF9B5A8D5A904F053FFB5A91A4807F0BD
:1028000025FC194807F048FCB5A807F00DFD0DF2AE
:10281000CC7DBDEC108BBDE8F08F00BFAFF3008026
:10282000000000000000594000000000000000000F
:102830004C08002088AC0020D34D621005E9002030
:1028400070C3002004E90020E8C00020D8C00020A8
:10285000E0C000206CC30020C8C00020E4C00020FD
:10286000DCC0002000002020808800209FED307B0D
:102870004346CDF8A882B0EE475BB0EE47BBB0EE62
:1028800047CBB0EE47ABB0EE479BB0EE478BB0EE18
:10289000471BB0EE472BB0EE476BB0EE474BCDE990
:1028A000A6888DEDA87B8DEDB27BD1E59FED220A48
:1028B000C2A803F09BFF9FED200AC2A803F0A6FF69
:1028C0009FED1D0AC2A803F0ADFF9FED1B0AE8E6CD
:1028D000304606F0DDFB194B304683ED000B06F069
:1028E000F3FB174B174A83ED000B012313703BE4F6
:1028F0001549A1E6144AC3E4144806F0C9FB0F4B7E
:1029000093ED007B30EE470B76E63321104809F05B
:102910003DFE104807F0C0FB57E70C4806F0D4FB1B
:10292000074B93ED007B30EE470B6FE6AFF3008073
:10293000000000000000000000000000809800205F
:102940008898002005E90020378941009C9B0020E1
:10295000600900208088002038B5094A0025094B0D
:10296000044615601D7000F0F5FF25601021064833
:1029700009F00CFE0548BDE8384007F08DBB00BFEC
:10298000789C0020C48C002048060020808800200D
:1029900038B51D4C05462378CBB963780BBBA378BB
:1029A00033BBE3785BBB19480121194A0023046853
:1029B000296010211460174C174A184823701370AF
:1029C00009F0E4FD1648BDE8384007F065BB012179
:1029D000022008F00DF8134B01221A706378002BC7
:1029E000DDD00121042008F003F8A378002BD8D013
:1029F0000121032007F0FCFFE378002BD3D0012155
:102A0000292007F0F5FFCEE7789C0020D4E80020CD
:102A100088AC002005E9002004E9002034060020ED
:102A200080880020C48C002070B508F083F81A4814
:102A300005F0F2FF2021194805F050FC184E212125
:102A4000184805F04BFC184C2721184805F046FCA7
:102A5000174D29221749304605F020FD2246164918
:102A6000304609F079FF1549284603F0EBF8224675
:102A70001349284609F070FF124D0021124A134BEA
:102A80002846C3E9002107F081FB22462846104969
:102A9000BDE8704009F060BF9C9B00206C9B00204B
:102AA0009CB000207CC30020E48C0020ECC00020FF
:102AB00034C10020708A00200D650000908800203D
:102AC00069000000B4C30020D80F0020F0E8002007
:102AD000698200002DE9F04301218BB02320C64D0F
:102AE00007F0C2FF00212220C44C07F0BDFF0121E6
:102AF0000220C34F07F0B8FF01210420DFF88893BC
:102B000007F0B2FF0121032040F2EE2807F0ACFFEE
:102B10000121052007F0A8FF0021162007F0A4FFDF
:102B200001211E2007F0A0FF01211D2007F09CFFBE
:102B30000121242007F098FF0121252007F094FFB0
:102B40000021262007F090FF0121092007F08CFFCB
:102B50000121022007F04CFF0121042007F048FF6B
:102B60000021052007F044FF0121032007F040FF6A
:102B700001211E2007F03CFF01211D2007F038FF36
:102B80000121202007F034FF0021092007F030FF49
:102B90002E6809F079FD2378002B00F090813B78B6
:102BA000DA0740F18C812B68D9F800209B1A0E2B94
:102BB00040F2858193490024934805F027FC93490E
:102BC000934805F023FC9349934805F01FFC07A8A0
:102BD0009249054607F0DAFA914904A806F0F4FD97
:102BE00004A9284607F0DCFB01468E4807F02EFAC0
:102BF0008C4807F051FA04A807F016FB284607F0A6
:102C000013FB894B9E88079406F002062046013488
:102C100007F0B4FF05F8010B042CF7D10798431C0B
:102C200000F06381002E40F0668101F0EFFC079A0E
:102C30007E4900247B4807F04BFA7D4A7D49136C9E
:102C40007D4843F400138C607C4D1364426F764BD7
:102C500042F4403242672960794A7A497A48C2F898
:102C6000B01146F2A0124FF416511A8041F2103200
:102C70001A8044F20A02DA801A8892B242F06C0298
:102C80001A804FF0E0221C814FF08053C2F80831C7
:102C9000224606F0A3FE4FF480526C496A4807F0C2
:102CA0000BF84FF416516A48302206F097FE224680
:102CB0004FF41651674806F091FE22464FF4E13179
:102CC000654806F08BFE6549634840F2044206F011
:102CD000F3FF22464FF4E131614806F07FFE0C20FD
:102CE00007F046FC202007F073FC07A806F052FD11
:102CF0009DF820309DF821100293BDF82030594CEA
:102D00005BBA9DF81F20039123809DF81E30564921
:102D10004448CDE900329DF81D309DF81C2007F095
:102D2000D7F9524922883F4807F0D2F9504805F0B8
:102D3000B9FD5049504806F04DFC002840F0CD80C8
:102D400015214E4809F022FC364807F0A5F9092163
:102D5000494806F0B7FB4A49474806F0EBFB4FF4F9
:102D60007A7007F0F1FD284805F0D4FA264805F0FE
:102D7000F1FA002800F0DF80254805F0CBFA24485E
:102D800005F0E8FA002800F0CE80234805F0C2FAEA
:102D9000214805F0DFFA002800F0BD8007A834497B
:102DA00005F0A8FB07A91F48002407F04FF91D48AC
:102DB00007F072F907A807F037FA324907A807F0B9
:102DC000E5F904A82A4905F09FFB04A907A807F024
:102DD000E7FA0146134807F039F9124807F05CF9A1
:102DE00004A807F021FA07A807F01EFA20490D48A9
:102DF00007F02CF94AE000BFD4E8002014E90020D5
:102E000013E90020DCC00020ECC00020E4C000205A
:102E10007CC30020D0C000206C9B00203C8400209C
:102E2000588400208088002000800B40D48400203B
:102E300000C00A40F0E8002000C00F40CCC00020D5
:102E400000940020A900000050890020889C0020E8
:102E5000F0880020108A0020B089002090AC00206B
:102E600090880020FCE80020EC84002010850020E1
:102E70009CB0002000A1BC33989800202085002041
:102E800090D00300FC850020E4E800202E4807F0E5
:102E900003F92146092008F059F92C4A2C4B1460FB
:102EA0001C7000F057FD2B4B10212B481C6009F0C3
:102EB0006DFB25480BB0BDE8F04307F0EDB82B687B
:102EC00022789B1B32B1B3F5FA6F3FF673AE09F06F
:102ED000DBFB5EE64345FAD96CE61C211F4809F08E
:102EE00055FB194807F0D8F831E700231846079337
:102EF000002E3FF49AAE013004220021079007A86B
:102F000007F0E6FF6B21164809F040FB0E4807F07A
:102F1000C3F8079889E63721124809F037FB0A48B9
:102F200007F0BAF83AE734210F4809F02FFB0648BA
:102F300007F0B2F829E733210C4809F027FB0248D3
:102F400007F0AAF818E700BF80880020789C0020CE
:102F5000C48C0020C0C30020480600203885002013
:102F600068840020C48500208C85002058850020BE
:102F7000B44B45F255514AF6AA222DE9F04FB24E14
:102F8000B24DDFF84C83B24FDFF84893B14CDFF815
:102F9000F0A22DED028B598093B05A8000F04AFBCD
:102FA00086ED000A00F020FB85ED000A00F068FBCA
:102FB00088ED000A00F07EFB87ED000A00F096FB2A
:102FC000A54BA64AA649A74889ED000A00F0B0FB28
:102FD00006E006F077FC01465046C9B205F0F0FF66
:102FE000204606F01DFC03462046002BF1DC9E4CDB
:102FF000204602F089FC012800F09580022819D1B2
:1030000011219A4809F0C2FA002394F82C120A22DE
:10301000974807F06BF8964807F03EF894F82D3281
:103020000321002B00F0BA80924809F0AFFA9048D3
:1030300007F032F8884BDFF8A0B20893874BDFF82F
:103040006CA20793864B8C4C0693864B05938B4B57
:1030500004938B4B09938B4B0A938B4B0520D6ED36
:10306000000A93ED008A95ED001A2368CDED0C0A55
:103070000D938DED0B1A07F0E5FCB8EE488A011EA2
:103080000D9B9FED820A18BF012118469DED0B1A7A
:1030900088EE000ADDED0C0A01F0F0FA089B99EDCC
:1030A000003A93ED005A079B98ED002AD3ED004AB1
:1030B000069BD7ED000A93ED004A059B96ED001A9A
:1030C000D3ED003A099B95ED000A01930A9B7049E4
:1030D0000093049BDBED002A1888DAED001A6D4B93
:1030E000226801F02BFB6C4A6C49634800F0E2FC5B
:1030F0002368012B4BD0022B44D023B32B216848EB
:1031000009F044FA5A4806F0C7FF02231B2165481C
:10311000236009F03BFA564813B0BDEC028BBDE8C2
:10312000F04F06F0B9BF21784B1E082B00F2188231
:10313000DFE813F07201B8017600D40023016001CA
:10314000EC014E00D601584A584B01925849594853
:10315000594ACDF800B000F02BFC584BD6ED001AC0
:1031600093ED002A564B95ED001A46494948D3ED98
:10317000000A9AED000A13B0BDEC028BBDE8F04FD7
:1031800000F028BC13B0BDEC028BBDE8F08F13B08B
:10319000BDEC028BBDE8F04FFEF786BF494809F051
:1031A000F5F92D4B324808932C4BDFF82CB10793DF
:1031B0002B4BDFF8F8A006932A4B2F4C05932F4B8F
:1031C00004932F4B09932F4B0A9306F065FF44E7B6
:1031D000214B3A4C0893214B21462348079302F098
:1031E000F3FC08210246204801F09CFDD4ED007A52
:1031F00035491B4BB7EEE77A1D480693194BDFF8AC
:10320000D8B005931D4BDFF8A4A004931C4B1A4CB7
:1032100009931C4B0A9353EC172B06F059FF1CE73C
:1032200001220321104801F07DFD2621274809F0E5
:10323000ADF90F4806F030FF42F6E06007F084FB7E
:10324000F8E600BF00800B40D4C0002098B00020FA
:10325000C8C0002050890020B0C300206CC30020EB
:10326000E8C00020D8C0002034C10020E082002047
:1032700080880020F4820020C0C30020FCE80020E9
:103280009C9B00208CAC0020D4E8002000007A44F5
:1032900058840020809C0020C48C0020789C002052
:1032A000FC820020CC030020E4C00020D0C000201D
:1032B000ECC000206C9B00207CC30020D08A002042
:1032C000B88C0020F8820020B88200203C820020C8
:1032D000ACC30020E0C00020DCC000200DF13B03A7
:1032E000DFF8C0A2A14A03930DF13A03A04902936B
:1032F0000DF139039F4801930EAB009300238DF825
:1033000038308DF839308DF83A308DF83B30DAF8B6
:1033100000300F930FAB02F09BFC0446042195484C
:10332000224601F0FFFC002C3FF484AE17219248A6
:1033300009F02CF9914806F0AFFE9DF938409DF94F
:103340003900003C9DF93A109DF93B2018BF01243B
:1033500000388B4B18BF012000391C7018BF0121A9
:10336000003A587018BF012299708648DA700F9B96
:10337000CAF80030FFF70CFB5CE6DFF828A20FA9C3
:103380007C48DAF800300F9302F0AEFC04460521C9
:103390007848224601F0C6FC002C3FF44BAE1721C2
:1033A000794809F0F3F8754806F076FE0F9B4FF068
:1033B000000B744CCAF80030714BDFF820A2C3F840
:1033C00000B0724B83F800B000F0C4FA10217048CE
:1033D000C4F800B009F0DAF8684806F05DFE6D4BFD
:1033E000DFF8FCB108936C4B07936C4B06936C4B66
:1033F00005932CE6674B6B4C0893674B21465D4861
:10340000079302F0E1FB062102465A4801F08AFCCC
:10341000D4ED007A6449ECE61821644809F0B6F866
:10342000564806F039FE624B624A0FA81B68624993
:1034300000931368DFF8A8B10193564BDFF89CA105
:1034400093ED005A0893544B4E4CD3ED004A07932A
:10345000524BDBED002A93ED004A0693504BDAED18
:10346000001AD3ED003A0593544B0A92029304914B
:103470000993098899ED003A98ED002A96ED001A13
:10348000D7ED000A95ED000A23684D4A01F0DCF8FB
:103490000F9900295FD0374802F032FC0FA806F0E0
:1034A000C3FEDAE51921474809F070F83348DFF820
:1034B00024A10024DFF82CB106F0EEFD02E0013477
:1034C000CC2C4AD0282251465846924400F0A2FF04
:1034D0000028F4D164BB0B21264801F0D3FCA9E5F8
:1034E00001F0A0F80FA90F90224802F08FFA0446CD
:1034F00068BB224609211F4801F014FC01F092F834
:10350000314902461D4806F0E3FD93E5214B2F4C5F
:103510000893214B21461748079302F055FB0721DA
:103520000246144801F0FEFBD4ED007A284960E61B
:1035300004EB8403DB009BB24FF4FF5225490D4896
:1035400001F03CFB0A210B4801F0F8FD72E50F98F1
:1035500001F062F8CDE720499DE74FF4FF53EBE718
:103560000022044801F0DEFB64E500BFD48A00209D
:103570007C9C002034C100206482002080880020D0
:10358000789C0020C0C300207C820020C48C0020D6
:1035900048060020B0C300206CC30020E8C0002013
:1035A000D8C00020B88C0020948200200482002023
:1035B000809C00208CAC0020FCE800209C9B00201C
:1035C0005884002020820020CC820020D88C00204B
:1035D000A8820020D8C4002000870020D0C000208E
:1035E000DCC000200000202038B56424002517200E
:1035F00006F066FF013C0544F9D107EE905ADFED75
:10360000095A9FED096AF8EEE77ADFED086A9FED47
:10361000080A87EEA57A67EE067A67EEA67A87EE45
:10362000800A38BD80F3C7483333534033333B41BE
:10363000295CAF3F38B564240025132006F040FF15
:10364000013C0544F9D107EE905ADFED095A9FED90
:10365000096AF8EEE77ADFED086A9FED080A87EE5F
:10366000A57A67EE067A67EEA67A87EE800A38BDFD
:1036700080F3C748333353400AD74741295C1F4082
:1036800038B564240025162006F01AFF013C0544D5
:10369000F9D107EE905ADFED056A9FED057AF8EE55
:1036A000E77A87EEA60A20EE070A38BD80F3C748FE
:1036B0003333534038B5642400251B2006F000FF47
:1036C000013C0544F9D107EE905ADFED066A9FED03
:1036D000067AF8EEE77A87EEA60A20EE070A30EEC1
:1036E000000A38BD80F3C7483333534038B56424EB
:1036F0000025122006F0E4FE013C0544F9D107EE56
:10370000905A9FED076ADFED076AF8EEE77A9FEDC2
:10371000060A87EE867A27EE267A27EE000A38BD5B
:1037200080F3C7483333534000007A440000000060
:103730002DE9F047824C8946824F012182460620BE
:1037400090461E4607F054F97F4B61683A68A3FB28
:1037500002326423920C03FB02F263685B1A9A4202
:10376000FBD80021242007F043F90021252007F091
:103770003FF9754B60683A687149A3FB02324FF418
:103780007A73920C03FB02F24B681B1A9A42FBD825
:1037900064240025262006F093FE013C0544F9D15F
:1037A00007EE905A9FED694ADFED694A2420F8EE52
:1037B000E77A01219FED5E6B87EE847A9FED5E5B79
:1037C00027EE247AB7EEC77A27EE067B87EE056BE5
:1037D000B7EEC66B8AED006A07F00AF9214625208C
:1037E0004FF47A7407F004F95549574B48683A6822
:1037F000A3FB0232920C04FB02F24B681B1A9A42A2
:10380000FBD864240025262006F05AFE013C05441E
:10381000F9D107EE905A9FED4D4ADFED4D4A214612
:10382000F8EEE77A24209FED426B87EE847A9FEDD5
:10383000425B27EE247AB7EEC77A27EE067B87EE47
:10384000056BB7EEC66B89ED006A07F0D1F8012170
:10385000252007F0CDF83A493B4B48683A68A3FB6E
:1038600002324FF47A73920C03FB02F24B681B1A7C
:103870009A42FBD864240025262006F021FE013C54
:103880000544F9D107EE905A9FED304ADFED304AFA
:103890000121F8EEE77A24204FF47A7487EE847AD7
:1038A0009FED236B9FED245B27EE247AB7EEC77A5A
:1038B00027EE067B87EE056BB7EEC66B88ED006AD8
:1038C00007F096F80121252007F092F81C491E4BBD
:1038D00048683A68A3FB0232920C04FB02F24B6880
:1038E0001B1A9A42FBD864240025262006F0E8FD26
:1038F000013C0544F9D107EE905A9FED144ADFEDE3
:10390000144AF8EEE77A9FED0A6B87EE847A9FED12
:103910000A5B27EE247AB7EEC77A27EE067B87EE9E
:10392000056BB7EEC66B86ED006ABDE8F08700BF99
:103930000000000000F084400000000000C0924041
:10394000001000E02C88002083DE1B4380F3C74872
:1039500000404E4508B50021022007F049F800213B
:10396000032007F045F80021042007F041F800216A
:10397000292007F03DF80021052007F039F8002143
:103980000920BDE8084007F0E1BB00BFF6EE007A71
:10399000052010B570EEE70AF4EEC00AF1EE10FA59
:1039A000CCBF01240024214607F022F8204610BD98
:1039B000F8B5069F0D4614461946079E04F026FDED
:1039C0003946284604F022FD31462046BDE8F8403D
:1039D00004F01CBDF2EE0A7A0B680133B4EEE71A6C
:1039E0000B60F1EE10FA23DDF4EEC21AF1EE10FADC
:1039F0001EDBF6EE007A10B52DED028B30EEE78A75
:103A00000446F0EE408A0520B4EEC80AF1EE10FA42
:103A10004CBF0121002106F0EBFFF4EEC88AF1EE65
:103A200010FA02D5236801332360BDEC028B10BD70
:103A3000704700BF037A9A0700D470470021C3681B
:103A400001601970037A23F001029B070272F4D51A
:103A5000C26830B4046845681319A54206D002EB69
:103A6000050C1A46013363451170FAD130BC70471A
:103A700010B40B46046829B113F8012B002AFBD1BE
:103A80005B1A013B9C4203D000205DF8044B704759
:103A9000C26802EB040C944508D04B1E12F8011BBF
:103AA00013F8010F8842EFD19445F7D101205DF85A
:103AB000044B70472DE9F04FC04CADF5017D2368F4
:103AC000039213F00103CDE9040100F06182DFF8F5
:103AD0000CA308F0F1FCF8B108F032FDDAF8003080
:103AE000C0B20A281CD0A0F10D02B2FA82F252092B
:103AF000B2B9DAF804108B42EBD0DAF80C105C1C87
:103B0000CAF80040C854DAF80C10DAF80030CA5489
:103B100008F0D2FC0028DFD10DF5017DBDE8F08F63
:103B2000002BF9D0DAF80C4018AA0DF1200B002672
:103B3000234408214FF02008CBF800609C421591E7
:103B40008BF808608BF81060CBF80480CDE9162262
:103B50000CAACBF80C2000F08780013C03F1FF3960
:103B6000354615E0DBF80430B3420ED009F04AFCCC
:103B7000DBF80C30721CCBF800209855DBF80C20D9
:103B8000DBF80030D754DBF80060A14500F0DB80A3
:103B900014F8010F202806D0A0F12C07B7FA87F7F8
:103BA0007F09002FDED0002EEFD0179E33465E45F2
:103BB00043F8105BC6F804803572F36021D09BF89F
:103BC0000820DBF80070029202F002021F2FDBF8DF
:103BD0000C103574019240F21481184620220BF02B
:103BE000B3FB202FC6F8008086F8305000F00F811C
:103BF0000123019A002A40F0F38033729B0700F101
:103C0000F280179BCBF8005034331793DBF80C305D
:103C10001D709BF8083023F001029E078BF80820E6
:103C2000B1D5DBF80C10DBE90062B24201EB060310
:103C3000ABD011441D7001338B42FBD1A3E743F09D
:103C400002032372E168D4E90020904201EB0203F1
:103C500005D001440020187001339942FBD1179B15
:103C600034331793DAF80C300021CAF800101970B9
:103C70009AF8083023F0010298078AF808200DD539
:103C8000DAF80C00DAE90024944200EB020305D0D4
:103C900020441A46013398421170FAD1DDE91645E5
:103CA000AC4200F0A78146492046FFF7E1FE00281C
:103CB00040F0068143492046FFF7DAFE002800F075
:103CC000B080039A40491378404883F00103137091
:103CD0003F4A002B18BF0A463E4906F0F9F99BF807
:103CE00008309D0700F1CD80DDE91616B1423FF4A2
:103CF000F0AE343100240A4605E08E4202F134026F
:103D00003FF4E7AE343112F82C3C9807F5D552F861
:103D1000283C42F8344C1C7012F82C3C23F0010073
:103D20009B0702F82C0CE8D552F8285C52E90D07E5
:103D3000874205EB0003E0D03D4418460133AB4217
:103D40000470FAD1D9E7002E8CD0234ADDE916346D
:103D5000E31A9B1002FB03F3159A9A4282D0234682
:103D6000002520225C4543F8105B2572E360626009
:103D70003FF475AF9BF80820DBF80C1012F0010837
:103D8000DBF8007002F00206257400F0D980202FC5
:103D9000184628BF20273A460BF0D6FA2760C555AB
:103DA000237A43F00103002E7FF449AF9D0723726D
:103DB0003FF548AF179B3433179353E7D49800204F
:103DC000F003002010040020E80300208088002079
:103DD000EC03002028050020C54EECC428C40020B8
:103DE00043F002033372F168D6E90020904201EB00
:103DF00002033FF406AF01441D7001338B42FBD137
:103E0000FFE63A4618460BF09FFA3760C555029B0D
:103E100013F0010F337A14BF43F0010303F0FE03E4
:103E2000E7E6AE492046FFF723FE0646002840F0AD
:103E3000A380AB492046FFF71BFE002840F0B88066
:103E4000A8492046FFF714FE002840F08B80A649C1
:103E50002046FFF70DFE002840F00E81A3492046C2
:103E6000FFF706FE002800F0B4802D1B342D00F271
:103E7000078100F0E3FB9E4902469E4806F028F9C0
:103E80002DE70021DBF80C30CBF8001019709BF8FF
:103E9000083023F001029C078BF808207FF524AF3F
:103EA000DBF80C00DBE90024944200EB02033FF452
:103EB0001BAF20441A46013398421170FAD113E720
:103EC00009218D4808F062FB8A4806F0E5F81121C7
:103ED0008A4808F05BFB874806F0DEF81321884823
:103EE00008F054FB834806F0D7F81F21854808F0F6
:103EF0004DFB804806F0D0F82021834808F046FBAF
:103F00007C4806F0C9F82021804808F03FFB79483A
:103F100006F0C2F833217E4808F038FB754806F0F9
:103F2000BBF832217B4808F031FB724806F0B4F848
:103F30002F21794808F02AFB6E4806F0ADF8CEE64E
:103F4000202F3D46184628BF20252A460BF0FCF9B5
:103F5000202F256000F805803FF622AF237A03F07A
:103F6000FE0320E70123059A0498D37093705370E1
:103F70001370FEF70DFDB2E61121684808F006FB4C
:103F80005C4806F089F842F6E06006F0DDFCA6E643
:103F90006348644A03600372037480236249436088
:103FA00000F11003C3600123236008F0D5FC8EE507
:103FB0000422314607A8079606F08AFF304600F033
:103FC00025FB1421594808F0E1FA4A4806F064F844
:103FD00085E657492046FFF74BFD002877D02D1B7B
:103FE000342D59D800F01EFB52490246414806F0D4
:103FF0006FF874E69BF8083099077FF58DAD0020C7
:10400000DBF80C30CBF8000018709BF8083023F078
:1040100001028BF808209A074AD4DDE916168E4271
:104020003FF47AAD343100240A4605E08E4202F1B5
:1040300034023FF471AD343112F82C3C9B07F5D5B6
:1040400052F8283C42F8344C1C7012F82C3C23F0F7
:1040500001009F0702F82C0CE8D552F8285C52E9C1
:104060000D07874205EB0003E0D03D4418460133BD
:10407000AB420470FAD1D9E70498FEF76DFC2EE646
:10408000206C09F0BBF9019000F0D2FA019A2A499C
:10409000184806F01DF822E6206C09F0AFF90190EF
:1040A00000F0BAFA019A2549124806F011F816E60E
:1040B000DBE90041DBF80C20A14202EB0403ACD0A9
:1040C0000A441946013393420870FAD1A5E7E26821
:1040D0001B49084805F0FCFF01E600BF340500203D
:1040E0004C050020680500206C05002040120020CF
:1040F0007005002080880020F403002000040020C8
:104100001404002028040020480400206C0400202F
:1041100090040020C4040020F8040020380500208A
:1041200028C40020E48C0020751A000050050020EF
:10413000B8050020BC05002090050020E005002007
:104140000806002006F0F6BC017800294DD00021B9
:1041500070B5064609202DED028BB0EE408A06F0C0
:10416000F5FF2349234A244B48681268A3FB023217
:104170006423920C03FB02F24B681B1A9A42FBD891
:1041800064240025282006F09BF9013C0544F9D160
:1041900007EE905A9FED195AB3EE026A96ED017A36
:1041A000F8EEE77AD6ED026AB0EE480A0920C7EECB
:1041B000855AD6ED037AF8EEE77AA5EEC60A30EE18
:1041C000477A86ED040AE6EEC77AFDEEE77A17EE47
:1041D000901A81F30801F16006F0B8FF0A20BDECE7
:1041E000028BBDE8704006F0AFBB092006F0AEBF01
:1041F000001000E02C88002083DE1B4380F3C748BA
:104200002DE9F041594CA2B007462368DB0740F185
:104210009980574D574E09E005F054FB044630464F
:10422000E4B2214606F0ACF80A2C06D0284605F088
:10423000F7FA03462846002BEED14D4805F08CFBDB
:104240004C49886810B922B0BDE8F08108460023C7
:10425000402212A906F0BAF8474912A808AD0BF09F
:1042600051FA0124444E8046314600200BF04AFAB0
:10427000002873D0013445F8040F0A2CF4D13E49CC
:1042800000200BF03FFA70B120213C4808F07EF985
:104290003B4805F001FF3B49364806F01FF8002077
:1042A00022B0BDE8F081404609F0A8F8034609981D
:1042B0003B6009F09FF803460A98BB8009F09AF822
:1042C00003460B98FB8009F095F803460C983B8158
:1042D00009F090F803460D987B8109F08BF80346AE
:1042E0000E98BB8109F086F803460F98FB8109F010
:1042F00081F8034610983B8209F07CF80346119838
:104300007B8209F077F87A8A3B8AF989CDE9053210
:10431000C2B2BB89387504910792039378893989B1
:10432000FC88BB883A680094CDE90110164914480E
:1043300005F0CEFE13490F4805F0D0FF012022B052
:10434000BDE8F0810F490B4805F020FF01230F4A1B
:104350000F490848236008F0FFFA5AE723460A226B
:104360000C49074805F0B4FE95E700BFD898002037
:10437000F0880020BCC40020A8060020DC06002035
:1043800080880020A482002000070020E48C002008
:1043900069820000AC060020704700BFD0E90232FD
:1043A000F0B59A428BB0044606D0084628226946EA
:1043B00003F0DEFB064618B9002630460BB0F0BD10
:1043C00022686D46236908AF02EB820203EBC20E3E
:1043D000AC460EF1100E1035BCE80F00BC454EF88F
:1043E000100C4EF80C1C4EF8082C4EF8043CEFD183
:1043F00003CDCEF800003046CEF804102368D4E98F
:104400000221013301328B4208BF0023A2602360E6
:104410000BB0F0BD83680BB1272A01D8002070478C
:1044200042688446036902EB820203EBC20330B5A3
:1044300003F120051C68103353F80CEC103153F8CD
:10444000080C53F8042CAB4241F8104C41F80CEC2A
:1044500041F8080C41F8042CECD11A6801205B6883
:104460000A604B60DCF80C10DCE901320344013ACD
:104470008B4208BF0023CCE9013230BD084800233D
:10448000084A094930B441F2883500F114048360C8
:10449000C0E90354C0E9003330BC08F05DBA00BF86
:1044A00000002020E48C0020D92300000000000040
:1044B0002DE9F043044688461746002134221E4663
:1044C0002DED0A8B83B0B0EE41CAB0EE61BAF0EECA
:1044D00042BA159DF0EE62AA8DED010AB0EE43AA34
:1044E0009DF85090F0EE639AB0EE449AF0EE648A34
:1044F000B0EE458AF0EE60CA0AF0A2FF41462046BF
:1045000001F012FC3946204601F0E6FC2046F1B2EB
:10451000002601F00BFC3C4B2046197801F008FC0A
:104520009DED010A204601F005FCB0EE6C0A204624
:1045300001F00CFCB0EE4C0A204601F013FC494699
:10454000204601F01BFCB0EE6B0A204601F01CFC7B
:10455000B0EE4B0A204601F023FCB0EE6A0A20467A
:1045600001F02EFCB0EE4A0A204601F039FCB0EE14
:10457000690A204601F03CFCB0EE490A204601F0F1
:104580003FFCB0EE680A204601F042FCB0EE480A5B
:10459000204601F045FC284604F07AFD204601F053
:1045A00047FC284604F090FD204601F061FCD5ED63
:1045B000217A204685F87D60B8EEE77B9FED106B91
:1045C00087EE060BB7EEC00B01F070FC95F8941067
:1045D000204685F88D6001F071FC296C204685F835
:1045E0003D6001F071FC2046296D85F84D6001F0B9
:1045F0006FFC204603B0BDEC0A8BBDE8F08300BF22
:104600000000000000005940F4C30020014B186076
:10461000704700BFF4C30020014B1860704700BF13
:10462000BC8C0020014B1868704700BFBC8C002078
:10463000014B1860704700BFC08C0020014B186808
:10464000704700BFC08C002030B591B0044615986B
:1046500038B14FF0640C149D0CFB05FCBCFBF0F072
:10466000C0B2169DCDE9000503A8FFF721FF204643
:1046700003A901F099FF204611B030BD1D4B1B6806
:10468000002B36D0B0EE607AF0B51B4C89B01B4ED3
:1046900022781B4D4AB92F683268DFF880C0D21BE0
:1046A000ACFB0272B3EB921F1FD8336802282B6059
:1046B0004FF0000323701AD8124B53F820201248F1
:1046C000B7EEC00A114BB7EEC77AB7EEC11A002990
:1046D00008BF03460E490F4806938DED041B8DED70
:1046E000027B8DED000B05F0F3FC09B0F0BD0A4A2A
:1046F000E5E77047C08C0020DB920020D4E8002062
:1047000094B0002098030020EC030020E803002070
:1047100064060020808800205C060020D34D6210D3
:10472000034B04491868044A1B680860136070470B
:10473000D4E80020849C002094B000202DE9F043B0
:10474000304CABB09C46304F2378DDF8C8902F4EEC
:1047500063B92F4B3568D3F800803B68DFF8BCE0C5
:104760005B1BAEFB03E3B8EB931F3FD83B683360A2
:1047700000232370D9F80040002C3AD1134600944E
:104780000A46002401463398019010A8CCF8004056
:10479000C9F80040FFF78CFE282206A910A803F0F4
:1047A000EFFC21461B4804F099FF282206A919486E
:1047B00004F0D8FD2146174804F090FD342221462C
:1047C0001DA80AF03DFE282206A91DA801F090FBB5
:1047D00003A81DA901F0E8FE03A90F4805F036FC67
:1047E0000D4805F059FC03A805F01EFD2BB0BDE8EF
:1047F000F083DCF80030642606FB03F3B3FBF4F32C
:10480000DCB2BBE7DA920020D4E80020849C0020D0
:10481000BC8C00209898002080880020D34D621026
:104820002DE9F041864C05462368DB072DED068B0C
:10483000C2B040F1F180834C834E08E005F042F8AD
:1048400001463046C9B20A2908D005F099FD204634
:1048500004F0E6FF03462046002BEFDC7A49886827
:1048600020B942B0BDEC068BBDE8F08108460023BC
:10487000802222A905F0AAFD744922A816AE0AF0EA
:1048800041FF0124714F8046394600200AF03AFF6B
:10489000002800F0CD80013446F8040F0C2CF3D131
:1048A0006A4900200AF02EFF80B12221684807F0F3
:1048B0006DFE684805F0F0FB6749634805F00EFDA2
:1048C000002042B0BDEC068BBDE8F081404608F008
:1048D0008DFDB7EEC00B179885ED000A08F086FD38
:1048E000B7EEC00B189885ED010A08F07FFDB7EE12
:1048F000C00B199885ED020A08F078FDB7EEC00BE1
:104900001A9885ED030A08F071FDB7EEC00B1B98ED
:1049100085ED040A08F06AFDB7EEC00B1C9885ED22
:10492000050A08F063FDB7EEC00B1D9885ED060A79
:1049300008F05CFDFDEEC07B1E9817EE903A2B77D9
:1049400008F054FDB7EEC00B1F9885ED080A08F07B
:104950004DFDB7EEC00B209885ED090A08F046FD25
:10496000B7EEC00B219885ED0A0A08F03FFDB7EEBF
:10497000C00B95ED099A95ED088A95ED0A1AB7EEE8
:10498000C0AAB7EEC99A95ED062AB7EEC11A95ED01
:10499000053AB7EEC88A95ED044A95ED035AB7EE8D
:1049A000C22A95ED026AB7EEC33A95ED017AB7EEE9
:1049B000C44AB7EEC55A2949B7EEC66A2548B7EECC
:1049C000C77A8DED121B8DED109B8DED14AB8DED27
:1049D0000E8BD5ED001A95F91C40B7EEE11A85ED66
:1049E0000B0A0C9453EC112B8DED0A2B8DED083B2B
:1049F0008DED064B8DED045B8DED026B8DED007B37
:104A000005F066FB1449104805F068FC012042B02F
:104A1000BDEC068BBDE8F0810F490B4805F0B6FBF5
:104A200001230F4A0F490848236007F095FF02E76A
:104A300023460C220C49074805F04AFB3CE700BF1F
:104A4000DC980020B0890020C8C40020A8060020FF
:104A50009807002080880020A4820020BC07002046
:104A6000E48C0020698200006807002070B50546CC
:104A700084B00A200E4605F067FF33492846334CC0
:104A800005F02CFC06E004F01DFF01462846C9B2E3
:104A900005F076FC204604F0C3FE03462046002BBA
:104AA000F1DCAB6813B9002004B070BD06222849C0
:104AB000264805F0A3FA254804F04EFFAB68132BF7
:104AC000F1D10021284605F073FC0378232BEAD1AD
:104AD0000423012229460DEB030005F0B7FC0198E1
:104AE00080B3102200210AF095FA034601A8338012
:104AF00005F09AFB01A80B230522294605F0A6FC28
:104B00000198E8B1102200210AF084FA034601A8B6
:104B1000736005F089FB01A812230C22294605F0D9
:104B200095FC019850B1102200210AF073FA034657
:104B300001A8B36005F078FB0120B5E70548F2E76E
:104B40000448DFE70348CCE7A4820020108A002055
:104B5000600700200087002007F0AEBC07F0F0BC23
:104B600007F088BC084607F0FBBC00BF70B5842284
:104B70000E46002104460AF063FC84220025002131
:104B8000A0180AF05DFC2946862204F59070C4E95D
:104B90004255C4E94455C4E946550AF051FC862201
:104BA000294604F5D3700AF04BFC2046C4F82C5279
:104BB00084F83052C4F8346270BD00BFC0F81C11D4
:104BC000A0F81821A0F81631704700BF2DE9F04178
:104BD0001C4E04460D4690461B4F33689D4209D932
:104BE000D4F8340203681B69BB4221D107F064FC8E
:104BF0000028F2D0D4F83402144A03685B69934267
:104C00001DD107F09DFC431C16D094F82F32C0B282
:104C100094F830220344A8EB0000DBB2B0FA80F035
:104C20001A44400984F82F3284F83022BDE8F0811C
:104C300098470028D1D0DDE70020BDE8F0819847F3
:104C4000E1E700BFD4E80020992B00009D2B000075
:104C50002DE9F04182B00B460421002401AE144A34
:104C600005460DEB0100019409F09AF8DFF8448045
:104C70003718D5F8342216F8014B136820461B6804
:104C8000434511D107F06CFC95F82F22B74295F8F7
:104C900030321444E4B2234485F82F4285F8303290
:104CA000E7D102B0BDE8F081104621469847EBE716
:104CB000F4090020A52B00002DE9F04182B000246A
:104CC0000B46164A6E460546062168460094ADF826
:104CD000044009F065F8DFF848803718D5F8342229
:104CE00016F8014B136820461B68434511D107F0A5
:104CF00037FC95F82F22B74295F830321444E4B2CD
:104D0000234485F82F4285F83032E7D102B0BDE860
:104D1000F081104621469847EBE700BFF4090020D8
:104D2000A52B00002DE9F04100230446D0F8340201
:104D30000F4684F82F32164684F830320368504DFF
:104D40001B68AB4240F085803F2007F009FC94F8D7
:104D50002F32204694F8302239463F33DBB284F8B4
:104D60002F32134484F83032FFF772FFD4F8340244
:104D700003681B68AB426FD12C2007F0F1FB94F85D
:104D80002F3294F830222C33D4F83402DBB21A4498
:104D900084F82F3284F8302203681B687EB1AB425E
:104DA00067D1312007F0DCFB94F82F2294F83032E1
:104DB0003132D2B2134484F82F22DBB20EE0AB4280
:104DC0005AD1302007F0CCFB94F82F2294F83032DF
:104DD0003032D2B2134484F82F22DBB2D4F834023A
:104DE00084F8303203681B68AB423FD13B2007F0A8
:104DF000B7FB94F82F12204694F830323B31C9B2F9
:104E00000B4484F82F12DBB243EA012184F83032DC
:104E1000FFF752FFD4F8340203681B68AB4222D17B
:104E20003B2007F09DFB94F82F3294F830223B335F
:104E3000D4F83402DBB21A4484F82F3284F83022DA
:104E400003681B68AB420AD10A20BDE8F04107F0B5
:104E500087BB3F2198477AE72C2198478FE70A21A3
:104E6000BDE8F04118473B219847DCE73B219847D4
:104E7000BFE73121984797E730219847A4E700BF63
:104E8000A52B00002DE9F04100230446D0F83402A0
:104E90000D4684F82F3284F830320368444F1B6883
:104EA000BB4278D1232007F05BFB94F82F322946D0
:104EB00094F8302220462333DBB21A4484F82F3290
:104EC00084F83022FFF7C4FE94F886301BB304F157
:104ED000870812E007F044FB94F82F12863E94F8FE
:104EE00030320D4494F88620361BEDB2B2422B448A
:104EF00084F82F5284F830320DDDD4F8342246463F
:104F000018F8015F136828461B68BB42E2D02946A7
:104F100010469847E0E7D4F8340203681B68BB42A8
:104F200042D13B2007F01CFB94F82F12204694F846
:104F300030323B31C9B20B4484F82F12DBB243EA62
:104F4000012184F83032FFF7B7FED4F83402036849
:104F50001B68BB4225D13B2007F002FB94F82F329F
:104F600094F830223B33D4F83402DBB21A4484F88C
:104F70002F3284F8302203681B68BB420ED10A200E
:104F800007F0EEFA0023A4F8843084F8863084F821
:104F90008830BDE8F0812321984786E70A219847A9
:104FA000F0E73B219847D9E73B219847BCE700BF92
:104FB000A52B0000F8B500230446D0F834020D46B6
:104FC00084F82F3284F8303203685B4F1B68BB4291
:104FD00040F09E80212007F0C3FA94F82F3220463B
:104FE00094F8302229462133DBB21A4484F82F3258
:104FF00084F83022FFF72CFED4F8340203681B68D3
:10500000BB4240F095802C2007F0AAFA94F82F328A
:10501000204694F830222C33B4F81611DBB21A442F
:1050200084F82F3284F83022FFF746FED4F8340299
:1050300003681B68BB4278D13B2007F091FA94F8D3
:105040002F3294F830223B33B4F81611DBB21A44F5
:1050500084F82F3284F8302209B3002611E007F0DB
:105060007FFA94F82F12013694F830320D44B4F8D8
:105070001621EDB296422B4484F82F5284F8303238
:105080000DDAD4F83422D4F81C1113688D5D1B6836
:105090002846BB42E3D0294610469847E1E7D4F8BA
:1050A000340203681B68BB423CD13B2007F058FA2E
:1050B00094F82F12204694F830323B31C9B20B4499
:1050C00084F82F12DBB243EA012184F83032FFF773
:1050D000F3FDD4F8340203681B68BB421FD13B20A8
:1050E00007F03EFA94F82F3294F830223B33D4F88C
:1050F0003402DBB21A4484F82F3284F83022036879
:105100001B68BB4207D10A2007F02AFA0120F8BD2C
:105110002121984761E70A2198470120F8BD3B21EA
:105120009847DFE73B219847C2E73B21984786E74E
:105130002C2198476AE700BFA52B0000D0F81C314E
:105140000BB1FFF737BF1846704700BF2DE9F0419C
:10515000002384B0DFF8BC8004462B4E0D462B4F55
:10516000ADF80C30CDE9013333689D4221D9019B64
:10517000042B1ED8D4F8340203689B69BB4226D1A5
:1051800007F078F9431CEFD0C3B23B2B11D0D4F811
:10519000340203685B6943451BD107F0D1F9019BD9
:1051A0005A1C10336B44019203F8080C33689D427B
:1051B000DDD8D4F8340203685B69434521D107F098
:1051C000BFF93B2807D0002004B0BDE8F081984724
:1051D000D8E79847E3E701AA0D4902A809F028FF9C
:1051E0000128F0D1019BB3F5803FECD2B4F82F0237
:1051F00040BA80B2C01AB0FA80F0400904B0BDE8ED
:10520000F0819847DDE700BFD4E80020A12B000023
:10521000F40900209D2B00002DE9F041002382B00D
:10522000524D8046524E0C46524FCDE900332B680A
:105230009C4233D9019B022B30D8D8F83402036842
:105240009B69B3423BD107F015F9431CEFD0C3B2C1
:105250002C2B23D03B2B21D0D8F8340203685B6978
:10526000BB422ED107F06CF9421CE0D0019AC0B2CB
:1052700098F82F3202F1010C0832034498F83012EA
:105280006A44CDF804C0DBB202F8080C88F82F326B
:105290005A182B6888F830229C42CBD8D8F83402B0
:1052A00003689B69B3424FD107F0E4F8C0B22C28E1
:1052B00009D03B2807D0002002B0BDE8F081984714
:1052C000C3E79847D0E701AA2B49684609F0B0FE2A
:1052D0000128F0D1019BFF2BEDD8264E88F8003035
:1052E0002B689C42E7D9D8F8340203685B69B34263
:1052F00028D107F025F9C2B20130F1D098F82F3249
:105300003B2A98F830121344DBB2194488F82F3244
:1053100088F830121AD02C2A04D198F801300133C1
:1053200088F8013098F80230591C434488F802107C
:105330001A712B689C42BED9D8F8340203685B69A5
:10534000B342D6D09847D6E79847AFE798F80230EF
:1053500000222146404643441A7188F80220FFF794
:10536000F5FE0346012088F80330A5E7D4E80020C5
:10537000A12B00009D2B0000F409002000232DE943
:10538000F043474F83B004461D460E46DFF81881B0
:10539000DFF81891CDE900333B689E422FD9019B7D
:1053A000022B2CD8D4F8340203689B69434532D1D0
:1053B00007F060F8421CEFD0C5B22C2D1FD0D4F8F6
:1053C000340203685B694B4527D107F0B9F8411CEB
:1053D000E2D0C5B2019A94F82F32501C08322B4407
:1053E00094F830126A440190DBB202F8085C84F849
:1053F0002F325A183B6884F830229E42CFD82C2294
:1054000031462046FFF7E2FB804640B9002528469A
:1054100003B0BDE8F0839847CCE79847D7E701AAE7
:105420002049684609F004FE0128EFD1019BFF2BBB
:10543000ECD8DFF8789084F82C323B689E4215D97E
:10544000D4F8340203685B694B4524D107F078F83F
:10545000431CF2D094F82F32C5B294F830222B447A
:10546000DBB21A4484F82F3284F83022302D14D065
:10547000312DCBD13B223146204684F82D82FFF7D7
:10548000A5FB05460028C1D031462046FFF75EFE49
:1054900084F82E02BBE79847DAE74FF00008E9E707
:1054A000D4E80020F4090020A12B00009D2B00006F
:1054B0002DE9F041002384B0D0F81021009302932D
:1054C000ADF80C300193A0F80A3180F80831002AB9
:1054D00050D080460C467D4D7D4E7E4F2B689C42C1
:1054E00031D9019B022B2ED8D8F8340203689B696E
:1054F000B34235D106F0BEFF411CEFD0C3B22C2B16
:1055000021D0D8F8340203685B69BB422AD107F086
:1055100017F8431CE2D0019AC0B298F82F3202F17A
:10552000010C1032034498F830126A44CDF804C0DC
:10553000DBB202F8100C88F82F325A182B6888F862
:1055400030229C42CDD82B689C420DD8D8F834022A
:1055500000250368DB689847284604B0BDE8F08161
:105560009847C9E79847D4E72C2221464046FFF7E1
:105570002DFB20B90025284604B0BDE8F08101AA22
:105580005549684609F054FD0128F3D1019BFF2BD2
:10559000F0D888F8083100234D4E4E4F01932B6808
:1055A0009C4232D9019B042B2FD8D8F834020368CF
:1055B0009B69B34240F0838006F05CFF431CEED051
:1055C000C0B23B2821D0D8F8340203685B69BB42E3
:1055D00077D106F0B5FF421CE1D0C0B298F82F3267
:1055E00098F830120344019ADBB288F82F320B444A
:1055F00088F83032531C019302F110030DEB0302C3
:105600002B689C4202F8080CCCD82B689C429DD990
:105610003B2221464046FFF7D9FA0028AAD001AA2A
:105620002D4902A809F004FD0128A3D1019BB3F57F
:10563000803F9FD29BB2B8F80C219A42A8F80A3159
:1056400084D30023234E01932B689C4223D9B8F8BE
:105650000A21019B9A421ED9D8F8340203685B697B
:10566000B34230D106F06CFFC2B20130ECD098F8F2
:105670002F3298F830121344DBB288F82F320B44E3
:10568000D8F8101188F83032019B581C0190CA5488
:105690002B689C42DBD82B689C427FF657AF3B229D
:1056A00021464046FFF792FA054600283FF462AFD4
:1056B00021464046FFF74AFD88F80E015BE7984710
:1056C0007CE7984787E79847CEE700BFD4E80020FB
:1056D000A12B00009D2B0000F40900202DE9F041D2
:1056E000002384B0844D8046844E0C46844F009342
:1056F0000293ADF80C300193A0F8223180F82031EC
:105700002B689C4231D9019B022B2ED8D8F8340249
:1057100003689B69B34235D106F0ACFE411CEFD063
:10572000C3B22C2B21D0D8F8340203685B69BB428A
:105730002AD106F005FF431CE2D0019AC0B298F8C6
:105740002F3202F1010C1032034498F830126A44EF
:10575000CDF804C0DBB202F8100C88F82F325A18CA
:105760002B6888F830229C42CDD82B689C420DD8FB
:10577000D8F8340200250368DB689847284604B04F
:10578000BDE8F0819847C9E79847D4E72C22214625
:105790004046FFF71BFA002800F0A38001AA5949F0
:1057A000684609F045FC012840F09B80019BFF2BD7
:1057B00000F2978088F820310023504E504F01931B
:1057C0002B689C4232D9019B042B2FD8D8F8340285
:1057D00003689B69B34240F0898006F04BFE431C8E
:1057E000EED0C0B23B2821D0D8F8340203685B6900
:1057F000BB427DD106F0A4FE421CE1D0C0B298F8B5
:105800002F3298F830120344019ADBB288F82F3215
:105810000B4488F83032531C019302F110030DEB56
:1058200003022B689C4202F8080CCCD82B689C42DF
:105830009ED93B2221464046FFF7C8F9002850D0A8
:1058400001AA304902A809F0F3FB012849D1019BC4
:105850004FF6FE72934244D80022294EA8F8223116
:1058600001922B689C4225D9019BB8F822219A42CB
:1058700020D97E2B1ED8D8F8340203685B69B34266
:1058800038D106F05DFEC2B20130EAD098F82F326E
:1058900098F830121344DBB288F82F320B4488F8A2
:1058A0003032019B591C434483F825212B68019118
:1058B0009C42D9D82B689C427FF65AAF019B0021AD
:1058C0003B224046434483F825112146FFF77EF9E9
:1058D000054630B121464046FFF738FC88F82401E0
:1058E0004CE70025284604B0BDE8F081984776E7EC
:1058F000984781E79847C6E7D4E80020A12B00002D
:105900009D2B0000F40900202DE9F84300230446F4
:10591000D0F834022380A37023710368384A1B69CE
:10592000934249D106F0C8FD002842D0DFF8D88064
:105930000027D8F80050D8F8003005F1640984F841
:105940002F7284F83072994533D92E4ED4F8340230
:1059500003685B69B34250D106F0F2FDC2B2013078
:1059600027D094F82F3294F830121344213ADBB246
:1059700084F82F320B4484F830321E2A11D8DFE825
:1059800002F01D262E101010101010101010101004
:105990001010101010101010101010101010101007
:1059A0003400D8F8003084F82F72994584F83072AA
:1059B000CCD80020BDE8F8839847B5E705F57A71A3
:1059C0002046FFF775FD0028F3D00320F2E7494693
:1059D0002046FFF783FE8000C0B2BDE8F883494649
:1059E0002046BDE8F843FFF717BC49462046FFF7BD
:1059F000C5FC4000C0B2BDE8F8839847AEE700BFE1
:105A0000992B00009D2B0000D4E8002030B590F8C1
:105A100002C00C4685B000220CF1010300EB0C0122
:105A20000092DBB2837009792C29CDE90122CDF8EF
:105A30000B201FD10CF10A0C5FFA8CFC63452BD8AC
:105A400011460DF1040E1546C21801331279DBB26E
:105A50002C2A1DD0E2B1634505F101054FF001018B
:105A600083700EF8012BEFD91844009502792C2A87
:105A700003D012B1002005B030BD6A46084901A824
:105A800009F0D6FA0128F5D1009B236005B030BD9E
:105A90000029ECD00095EAE718440279E7E700BF57
:105AA000F409002070B582780D4684B00024531CA0
:105AB00081180294DBB28DF80C400194837009794F
:105AC0002C291CD1111DC9B28B422DD80DF1080C07
:105AD0002646C21801331279DBB22C2A20D0FAB143
:105AE0008B4206F101064FF0010483700CF8012B84
:105AF000EFD91844019602792C2A03D012B1002064
:105B000004B070BD01AA0A4902A809F091FA01285F
:105B1000F5D1019B03F18002FF2AF0D82B70EFE74B
:105B2000002CE9D00196E7E718440279E4E700BFCA
:105B3000F809002030B590F802C00C4685B000226C
:105B40000CF1010300EB0C010092DBB203928370B5
:105B500009792C29CDE901221FD10CF10B0C5FFA38
:105B60008CFC63452BD811460DF1040E1546C21866
:105B700001331279DBB22C2A1DD0E2B1634505F165
:105B800001054FF0010183700EF8012BEFD9184485
:105B9000009502792C2A03D012B1002005B030BD47
:105BA0006A46084901A809F043FA0128F5D1009B8B
:105BB000236005B030BD0029ECD00095EAE7184419
:105BC0000279E7E7F809002010B5002386B090F8C5
:105BD00002C0002204930593019200EB0C02CDE970
:105BE00002330CF10103DBB2837012792C2A18D135
:105BF0000CF10F0C0C465FFA8CFC63450CD802A923
:105C0000C21801331279DBB22C2A0DD032B16345B0
:105C1000837001F8012BF3D9184402792C2A03D0A0
:105C200012B1002006B010BD01AA054902A809F072
:105C3000FFF90128F5D1019B236006B010BD00BF1C
:105C4000FC09002010B50446FEF790FF204610BD69
:105C5000F0B585B00E460746154601A91C46FFF76C
:105C600069FF10B9002005B0F0BD02A93846FFF762
:105C700061FF0028F6D003A93846FFF7A5FF0028EA
:105C8000F0D069463846FFF70DFF0028EAD00DF145
:105C900001013846FFF706FF0028E3D00DF10201AD
:105CA0003846FFF7FFFE0028DCD00DF1030138462F
:105CB000FFF7F8FE0028D5D0019B039A3360029BC2
:105CC0009DF801102B6022609DF800300A9A0B9C11
:105CD000137021709DF802200C999DF803300A7012
:105CE0000D9A1370BFE700BF10B582B00C4601A932
:105CF000FFF76AFF08B1019B236002B010BD00BF2F
:105D000010B582B00446084601910AF0D9F983B271
:105D1000019920461A46FEF751FF0C21204602B099
:105D2000BDE81040FFF70ABA0180704781707047E4
:105D3000C1707047F2EE047A20EE270AFDEEC07AB9
:105D400017EE903A83F3080303717047F2EE047A7A
:105D500020EE270AFDEEC07A17EE903A83F308038F
:105D600043717047F2EE047A20EE270AFDEEC07A06
:105D700017EE903A83F30803837170476429A8BF34
:105D80006421C171704700BFF3EE047A20EE270A48
:105D9000FDEEC07A17EE903A83F307030372704763
:105DA000DFED067A30EE270A30EE000AFDEEC07A0B
:105DB00017EE903A83F30903438170470000C8420D
:105DC000DFED067A30EE270A30EE000AFDEEC07AEB
:105DD00017EE903A83F30903838170470000C842AD
:105DE000FDEEC07A17EE903A83F30C03C38170473F
:105DF000FDEEC07A17EE903A83F30C0303827047EE
:105E0000FDEEC07A17EE903A83F30C03438270479D
:105E1000FDEEC07A17EE903A83F30C03838270474D
:105E2000FDEEC07A17EE903A83F30C03C3827047FD
:105E30009FED096B9FED0A7B0B4A30EE060B20EEBF
:105E4000070BFDEEC07B17EE903A9342A8BF1346B6
:105E500023EAE3738361704700000000008056402E
:105E6000000000000088C34040771B0000000000D5
:105E70009FED096B9FED0A7B0B4A30EE060B20EE7F
:105E8000070BFDEEC07B17EE903A9342A8BF134676
:105E900023EAE373C361704700000000008066409E
:105EA000000000000088C34080EE3600FDEEC07A9E
:105EB00017EE903A83F31003038470471F29A8BF9D
:105EC0001F2180F82210704781F31301416270474F
:105ED00081F3190181627047002300F12C0CC36229
:105EE000036319B10722604609F0A8BB704700BFE1
:105EF000272A01D8002070474FF0000C04232DE919
:105F0000F0430646E646102401279C42254611F838
:105F10000C2028BF1D465B1B07FA05F0082DA4EBDB
:105F2000050442FA03F200F1FF30E4B200EA020095
:105F300018BFC2B213F0FF0302FA04F202D10CF14F
:105F4000010C08234EEA02021FFA82FE002CDCD16B
:105F500004200127A6F800E09842864611F80C209C
:105F600028BF9E46A3EB0E0307FA0EF5BEF1080FFD
:105F7000A0EB0E0042FA03F205F1FF35C0B205EACC
:105F8000020518BFEAB213F0FF0302FA00F202D1D1
:105F90000CF1010C08232243D4B20028DCD1B470E8
:105FA000012708249C42A64611F80C2028BF9E46D3
:105FB000A3EB0E0307FA0EF5BEF1080FA4EB0E04D7
:105FC00042FA03F205F1FF35E4B205EA020518BF13
:105FD000EAB213F0FF0302FA04F202D10CF1010C51
:105FE00008230243D0B2002CDCD1F0700127082036
:105FF0009842864611F80C2028BF9E46A3EB0E035C
:1060000007FA0EF5BEF1080FA0EB0E0042FA03F2FC
:1060100005F1FF35C0B205EA020518BFEAB213F078
:10602000FF0302FA00F202D10CF1010C0823224313
:10603000D4B20028DCD13471012708249C42A64642
:1060400011F80C2028BF9E46A3EB0E0307FA0EF5AD
:10605000BEF1080FA4EB0E0442FA03F205F1FF357E
:10606000E4B205EA020518BFEAB213F0FF0302FA30
:1060700004F202D10CF1010C08230243D0B2002C2F
:10608000DCD17071012708209842864611F80C2057
:1060900028BF9E46A3EB0E0307FA0EF5BEF1080FCC
:1060A000A0EB0E0042FA03F205F1FF35C0B205EA9B
:1060B000020518BFEAB213F0FF0302FA00F202D1A0
:1060C0000CF1010C08232243D4B20028DCD1B471B6
:1060D000012707249C42A64611F80C2028BF9E46A3
:1060E000A3EB0E0307FA0EF5BEF1080FA4EB0E04A6
:1060F00042FA03F205F1FF35E4B205EA020518BFE2
:10610000EAB213F0FF0302FA04F202D10CF1010C1F
:1061100008230243D0B2002CDCD1F0710127072004
:106120009842864611F80C2028BF9E46A3EB0E032A
:1061300007FA0EF5BEF1080FA0EB0E0042FA03F2CB
:1061400005F1FF35C0B205EA020518BFEAB213F047
:10615000FF0302FA00F202D10CF1010C08232243E2
:10616000D4B20028DCD18646012709203472984237
:10617000054611F80C2028BF1D465B1B07FA05F4E5
:10618000082DA0EB050042FA03F204F1FF34C0B27F
:1061900004EA020418BFE2B213F0FF0302FA00F2AD
:1061A00002D10CF1010C08234EEA02021FFA82FE12
:1061B0000028DCD109240127A6F80AE09C42A64663
:1061C00011F80C2028BF9E46A3EB0E0307FA0EF52C
:1061D000BEF1080FA4EB0E0442FA03F205F1FF35FD
:1061E000E4B205EA020518BFEAB213F0FF0302FAAF
:1061F00004F202D10CF1010C0823024390B2002CEE
:10620000DCD1B0814FF0010E0C209842074611F806
:106210000C2028BF1F46DB1B0EFA07F5082FA0EB4A
:10622000070042FA03F205F1FF35C0B205EA0205A4
:1062300018BFEAB213F0FF0302FA00F202D10CF128
:10624000010C0823224394B20028DED1F4810127F7
:106250000C249C42A64611F80C2028BF9E46A3EBB6
:106260000E0307FA0EF5BEF1080FA4EB0E0442FA76
:1062700003F205F1FF35E4B205EA020518BFEAB200
:1062800013F0FF0302FA04F202D10CF1010C08230F
:10629000024390B2002CDCD130824FF0010E0C2072
:1062A0009842074611F80C2028BF1F46DB1B0EFA48
:1062B00007F5082FA0EB070042FA03F205F1FF35BE
:1062C000C0B205EA020518BFEAB213F0FF0302FAF2
:1062D00000F202D10CF1010C0823224394B20028F1
:1062E000DED17482012704460C209842864611F8BC
:1062F0000C2028BF9E46A3EB0E0307FA0EF5BEF155
:10630000080FA0EB0E0042FA03F205F1FF35C0B210
:1063100005EA020518BFEAB213F0FF0302FA00F221
:1063200002D10CF1010C0823224394B20028DCD1E5
:10633000864601270C20B4829842054611F80C20AD
:1063400028BF1D465B1B07FA05F4082DA0EB0500CE
:1063500042FA03F204F1FF34C0B204EA020418BFA7
:10636000E2B213F0FF0302FA00F202D10CF1010CC9
:1063700008234EEA02021FFA82FE0028DCD10746FB
:10638000A6F816E015204FF0010E9842044611F8C9
:106390000C2028BF1C461B1B0EFA04F5082CA0EB92
:1063A000040042FA03F205F1FF35C0B2D2B218BFC1
:1063B0002A4013F0FF0302FA00F202D10CF1010CA3
:1063C000082317430028E0D104464FF0010E1620A1
:1063D000B7619842054611F80C2028BF1D465B1B8B
:1063E0000EFA05F7082DA0EB050042FA03F207F1BB
:1063F000FF37C0B2D2B218BF3A4013F0FF0302FA1F
:1064000000F202D10CF1010C082314430028E0D162
:10641000F461012710249C42A64611F80C2028BFE5
:106420009E46A3EB0E0307FA0EF5BEF1080FA4EB90
:106430000E0442FA03F205F1FF35E4B205EA020563
:1064400018BFEAB213F0FF0302FA04F202D10CF112
:10645000010C0823024390B2002CDCD130840127C8
:1064600005209842864611F80C2028BF9E46A3EBD3
:106470000E0307FA0EF5BEF1080FA0EB0E0042FA6C
:1064800003F205F1FF35C0B205EA020518BFEAB212
:1064900013F0FF0302FA00F202D10CF1010C082301
:1064A0002243D4B20028DCD107464FF0010E13205E
:1064B00086F822409842044611F80C2028BF1C465A
:1064C0001B1B0EFA04F5082CA0EB040042FA03F2A1
:1064D00005F1FF35C0B2D2B218BF2A4013F0FF0356
:1064E00002FA00F202D10CF1010C08231743002834
:1064F000E0D119244FF0010E77629C42254611F835
:106500000C2028BF1D465B1B0EFA05F7082DA4EBD7
:10651000050442FA03F207F1FF37E4B2D2B218BF22
:106520003A4013F0FF0302FA04F202D10CF1010C1D
:1065300008231043002CE0D1B06206F1330706F1C6
:106540002B0001254FF0000808249C42A14611F8B9
:106550000C2028BF9946A3EB090305FA09FEB9F1FF
:10656000080FA4EB090442FA03F20EF1FF3EE4B275
:106570000EEA020E18BF5FFA8EF213F0FF0302FA62
:1065800004F202D10CF1010C082348EA02025FFA7E
:1065900082F8002CD9D100F8018F8742D2D1012096
:1065A00086F83340BDE8F08310B52DED068B8B786F
:1065B000FEB00446022B00F2B280614A52F823304A
:1065C00091ED067AF2EE046A0A7AB3EE046AB8EE46
:1065D000474B07EE902A8A79F6EE000A07EE102A5A
:1065E000F8EEE77A4A89B8EEC77A87EE862A02EE95
:1065F000902A8A8907EE902ACA8A87EE266A09EECF
:10660000102A9FED507A8A8A08EE102A4A8AF8EEFC
:10661000E77AB8EE499B0AEE102AF8EEE22AB0EECD
:10662000470AA7EEA07AB8EE488BA2EEA00AB8EE11
:106630004AABB7EEC22A9FED3C3B8DED1A9B0A8A0E
:10664000B7EEC77A84EE035B09EE102AB8EE499BD9
:10665000B7EEC00A8DED188BCA899FED351B08EE89
:10666000102A8DED16AB8DED149BB8EE488BCA79D0
:106670008DED107BB7EEC67A0A9201F12C028DEDFA
:106680000E0B8DED0C2B8DED087B8DED128B9FEDA0
:106690002A4B35EE415B8DED1C5BD1ED077A088C02
:1066A000B8EE675B85EE037B05EE100AB8EE455B3E
:1066B0008DED205B886A2490486A239091F822002F
:1066C000229037EE447B8DED1E7B487901930B7948
:1066D00007EE100A009226A807EE903AB8EEC77AA5
:1066E0000B88F8EEE77AC97887EE266A164A029197
:1066F0004FF4AF7187EEA67AB7EEC66A8DED066BE2
:10670000B7EEC77A8DED047B07F04AFB26A9204639
:1067100003F03CFD20467EB0BDEC068B10BD0B4B5C
:106720004EE700BFAFF30080000000000088C340C8
:10673000000000000080564000000000008066401D
:10674000141000200000C8C2C40B00205C0600200A
:1067500081F3100101807047FDEEC07A17EE903A88
:1067600083F31003438070479FED057B20EE070BFA
:10677000FDEEC07B17EE903A03F30F038380704762
:1067800000000000006AE8409FED057B20EE070B4B
:10679000FDEEC07B17EE903A03F30F03C380704702
:1067A00000000000006AE8400F29A8BF0F21017215
:1067B000704700BF81F30401417270474181704707
:1067C0008181704740F6FF739942A8BF1946C18185
:1067D000704700BF81F3180109120182704700BFA2
:1067E00081F3180109124182704700BFDFED067A7C
:1067F00030EE270A20EE270AFDEEC07A17EE903A17
:1068000083F31003838270470000C842F2EE047ADB
:1068100020EE270AFDEEC07A17EE903A83F31003BC
:10682000C3827047DFED057A20EE270AFDEEC07ABD
:1068300017EE903A83F31003038370470000C842B9
:10684000DFED067A30EE270A20EE270AFDEEC07A49
:1068500017EE903A83F31003438370470000C84259
:10686000F2EE047A20EE270AFDEEC07A17EE903A97
:1068700083F30A0383837047DFED057A20EE270A4E
:10688000FDEEC07A17EE903A83F30C03C383704792
:106890000000C842F2EE047A20EE270AFDEEC07A2C
:1068A00017EE903A83F3080380F82030704700BF5A
:1068B000DFED057A20EE270AFDEEC07A17EE903A5A
:1068C00083F30A034384704700007A440729A8BF72
:1068D000072180F824107047C184704701857047F4
:1068E0004185704781857047C18570470186704733
:1068F000B1F57A7F054BA8BF4FF47A719942B8BFC2
:10690000194601F57A714186704700BF18FCFFFFF8
:10691000DFED057A20EE270AFDEEC07A17EE903AF9
:1069200083F310038386704700007A44FDEEC07A3B
:1069300017EE903A83F31003C3867047FDEEC07ADA
:1069400017EE903A83F3100303877047FDEEC07A89
:1069500017EE903A83F3100343877047FDEEC07A39
:1069600017EE903A83F3100383877047F5EE007AB1
:1069700020EE270AFDEEC07A17EE903A83F3080363
:1069800080F83E30704700BFF5EE007A20EE270A0F
:10699000FDEEC07A17EE903A83F3080380F83F309B
:1069A000704700BFF5EE007A20EE270AFDEEC07AB0
:1069B00017EE903A83F3080380F84030704700BF29
:1069C000F5EE007A20EE270AFDEEC07A17EE903A37
:1069D00083F3080380F84130704700BFDFED067A8B
:1069E00020EE270AFDEEC07A17EE903A83F30803F3
:1069F00080F84230704700BF00004842DFED067A61
:106A000030EE270AFDEEC07A17EE903A83F30803C2
:106A100080F84330704700BF0000C842DFED067ABF
:106A200030EE270AFDEEC07A17EE903A83F30803A2
:106A300080F84430704700BF0000C842DFED067A9E
:106A400030EE270AFDEEC07A17EE903A83F3080382
:106A500080F84530704700BF0000C842DFED067A7D
:106A600020EE270AFDEEC07A17EE903A83F30C036E
:106A7000A0F84630704700BF0000C8420F29A8BFE9
:106A80000F2180F848107047272A01D8002070474E
:106A90002DE9F041012291F800E0082300270EF0D3
:106AA0000F0E1024164680F824E09C42A04611F8F0
:106AB00002C028BF9846A3EB080306FA08F5B8F110
:106AC000080FA4EB08044CFA03FC05F1FF35E4B20F
:106AD00005EA0C0518BF5FFA85FC13F0FF030CFAFA
:106AE00004FC01D10132082347EA0C0C1FFA8CF791
:106AF000002CDAD10780102501279D42A84611F805
:106B000002C028BF9846A3EB080307FA08F6B8F1BD
:106B1000080FA5EB08054CFA03FC06F1FF36EDB2B1
:106B200006EA0C0618BF5FFA86FC13F0FF030CFAA6
:106B300005FC01D10132082344EA0C0C1FFA8CF445
:106B4000002DDAD14480012710249C42A04611F880
:106B500002C028BF9846A3EB080307FA08F6B8F16D
:106B6000080FA4EB08044CFA03FC06F1FF36E4B26C
:106B700006EA0C0618BF5FFA86FC13F0FF030CFA56
:106B800004FC01D10132082345EA0C0C1FFA8CF5F4
:106B9000002CDAD18580012710259D42A84611F8E6
:106BA00002C028BF9846A3EB080307FA08F6B8F11D
:106BB000080FA5EB08054CFA03FC06F1FF36EDB211
:106BC00006EA0C0618BF5FFA86FC13F0FF030CFA06
:106BD00005FC01D10132082344EA0C0C1FFA8CF4A5
:106BE000002DDAD1C480012704249C42A04611F86C
:106BF00002C028BF9846A3EB080307FA08F6B8F1CD
:106C0000080FA4EB08044CFA03FC06F1FF36E4B2CB
:106C100006EA0C0618BF5FFA86FC13F0FF030CFAB5
:106C200004FC01D10132082345EA0C0C5FFA8CF513
:106C3000002CDAD10572012704259D42A84611F8DF
:106C400002C028BF9846A3EB080307FA08F6B8F17C
:106C5000080FA5EB08054CFA03FC06F1FF36EDB270
:106C600006EA0C0618BF5FFA86FC13F0FF030CFA65
:106C700005FC01D10132082344EA0C0C5FFA8CF4C4
:106C8000002DDAD14472012710249C42A04611F84D
:106C900002C028BF9846A3EB080307FA08F6B8F12C
:106CA000080FA4EB08044CFA03FC06F1FF36E4B22B
:106CB00006EA0C0618BF5FFA86FC13F0FF030CFA15
:106CC00004FC01D10132082345EA0C0C1FFA8CF5B3
:106CD000002CDAD14581012710259D42A84611F8E4
:106CE00002C028BF9846A3EB080307FA08F6B8F1DC
:106CF000080FA5EB08054CFA03FC06F1FF36EDB2D0
:106D000006EA0C0618BF5FFA86FC13F0FF030CFAC4
:106D100005FC01D10132082344EA0C0C1FFA8CF463
:106D2000002DDAD18481012710249C42A04611F85D
:106D300002C028BF9846A3EB080307FA08F6B8F18B
:106D4000080FA4EB08044CFA03FC06F1FF36E4B28A
:106D500006EA0C0618BF5FFA86FC13F0FF030CFA74
:106D600004FC01D10132082345EA0C0C1FFA8CF512
:106D7000002CDAD1C581012710259D42A84611F8C3
:106D800002C028BF9846A3EB080307FA08F6B8F13B
:106D9000080FA5EB08054CFA03FC06F1FF36EDB22F
:106DA00006EA0C0618BF5FFA86FC13F0FF030CFA24
:106DB00005FC01D10132082344EA0C0C1FFA8CF4C3
:106DC000002DDAD10482012710249C42A04611F83C
:106DD00002C028BF9846A3EB080307FA08F6B8F1EB
:106DE000080FA4EB08044CFA03FC06F1FF36E4B2EA
:106DF00006EA0C0618BF5FFA86FC13F0FF030CFAD4
:106E000004FC01D10132082345EA0C0C1FFA8CF571
:106E1000002CDAD14582012710259D42A84611F8A1
:106E200002C028BF9846A3EB080307FA08F6B8F19A
:106E3000080FA5EB08054CFA03FC06F1FF36EDB28E
:106E400006EA0C0618BF5FFA86FC13F0FF030CFA83
:106E500005FC01D10132082344EA0C0C1FFA8CF422
:106E6000002DDAD18482012710249C42A04611F81B
:106E700002C028BF9846A3EB080307FA08F6B8F14A
:106E8000080FA4EB08044CFA03FC06F1FF36E4B249
:106E900006EA0C0618BF5FFA86FC13F0FF030CFA33
:106EA00004FC01D10132082345EA0C0C1FFA8CF5D1
:106EB000002CDAD1C582012710259D42A84611F881
:106EC00002C028BF9846A3EB080307FA08F6B8F1FA
:106ED000080FA5EB08054CFA03FC06F1FF36EDB2EE
:106EE00006EA0C0618BF5FFA86FC13F0FF030CFAE3
:106EF00005FC01D10132082344EA0C0C1FFA8CF482
:106F0000002DDAD10483012710249C42A04611F8F9
:106F100002C028BF9846A3EB080307FA08F6B8F1A9
:106F2000080FA4EB08044CFA03FC06F1FF36E4B2A8
:106F300006EA0C0618BF5FFA86FC13F0FF030CFA92
:106F400004FC01D10132082345EA0C0C1FFA8CF530
:106F5000002CDAD1458301270A259D42A84611F865
:106F600002C028BF9846A3EB080307FA08F6B8F159
:106F7000080FA5EB08054CFA03FC06F1FF36EDB24D
:106F800006EA0C0618BF5FFA86FC13F0FF030CFA42
:106F900005FC01D10132082344EA0C0C1FFA8CF4E1
:106FA000002DDAD184830A249C42254628BF1D4641
:106FB0005B1B641B13F0FF0301D10132082314F0A3
:106FC000FF04F1D10C2501279D42A84611F802C00B
:106FD00028BF9846A3EB080307FA08F6B8F1080F94
:106FE000A5EB08054CFA03FC06F1FF36EDB206EA04
:106FF0000C0618BF5FFA86FC13F0FF030CFA05FCC1
:1070000001D10132082344EA0C0C1FFA8CF4002D44
:10701000DAD1C483012708249C42A04611F802C09B
:1070200028BF9846A3EB080307FA08F6B8F1080F43
:10703000A4EB08044CFA03FC06F1FF36E4B206EABE
:107040000C0618BF5FFA86FC13F0FF030CFA04FC71
:1070500001D10132082345EA0C0C5FFA8CF5002CB3
:10706000DAD180F8205001270A259D42A84611F860
:1070700002C028BF9846A3EB080307FA08F6B8F148
:10708000080FA5EB08054CFA03FC06F1FF36EDB23C
:1070900006EA0C0618BF5FFA86FC13F0FF030CFA31
:1070A00005FC01D10132082344EA0C0C1FFA8CF4D0
:1070B000002DDAD14484BEF1070F00F2AF80DFE883
:1070C0001EF0AA0222026602DE019A0156010800A1
:1070D000B00008264FF0010C9E4237468C5C28BF5A
:1070E0001F46F61BDB1B082FF6B244FA03F404D04C
:1070F0000CFA07F7013F3C40E4B2B44013F0FF0341
:1071000044EA050401D101320823E5B2002EE3D19F
:1071100080F83E504FF0010C08259D422F468C5CB4
:1071200028BF1F46ED1BDB1B082FEDB244FA03F40A
:1071300004D00CFA07F7013F3C40E4B2AC4013F036
:10714000FF0344EA060401D101320823E6B2002D10
:10715000E3D180F83F604FF0010C08269E4237468D
:107160008C5C28BF1F46F61BDB1B082FF6B244FAC7
:1071700003F404D00CFA07F7013F3C40E4B2B440FA
:1071800013F0FF0344EA050401D101320823E5B2FC
:10719000002EE3D180F840504FF0010C08259D42AD
:1071A0002F468C5C28BF1F46ED1BDB1B082FEDB262
:1071B00044FA03F404D00CFA07F7013F3C40E4B270
:1071C000AC4013F0FF0344EA060401D10132082366
:1071D000E6B2002DE3D108274FF0010C80F84160A2
:1071E0009F423E468C5C28BF1E46BF1B9B1B082E41
:1071F000FFB244FA03F404D00CFA06F6013E344020
:10720000E4B2BC4013F0FF0344EA050401D10132AB
:107210000823E5B2002FE3D180F842500120BDE8F9
:10722000F08108264FF0010C9E4237468C5C28BF47
:107230001F46F61BDB1B082FF6B244FA03F404D0FA
:107240000CFA07F7013F3C40E4B2B44013F0FF03EF
:1072500044EA050401D101320823E5B2002EE3D14E
:1072600080F843504FF0010C08259D422F468C5C5E
:1072700028BF1F46ED1BDB1B082FEDB244FA03F4B9
:1072800004D00CFA07F7013F3C40E4B2AC4013F0E5
:10729000FF0344EA060401D101320823E6B2002DBF
:1072A000E3D180F844604FF0010C08269E42374637
:1072B0008C5C28BF1F46F61BDB1B082FF6B244FA76
:1072C00003F404D00CFA07F7013F3C40E4B2B440A9
:1072D00013F0FF0344EA050401D101320823E5B2AB
:1072E000002EE3D180F845504FF0010C0C259D4253
:1072F0002F468C5C28BF1F46ED1BDB1B082FEDB211
:1073000044FA03F404D00CFA07F7013F3C40E4B21E
:10731000AC4013F0FF0344EA060401D10132082314
:10732000A6B2002DE3D104274FF0010CA0F846606F
:107330009F423E468C5C28BF1E46BF1B9B1B082EEF
:10734000FFB244FA03F404D00CFA06F6013E3440CE
:10735000E4B2BC4013F0FF0344EA050401D101325A
:107360000823E5B2002FE3D180F8485056E74FF0EC
:10737000000C102601279E4235468C5C28BF1D4616
:10738000761B5B1B082DF6B244FA03F404D007FA0F
:1073900005F5013D2C40E4B2B44013F0FF034CEA84
:1073A000040401D1013208231FFA84FC002EE2D12B
:1073B000A0F83AC010274FF0010C9F423D468C5C6C
:1073C00028BF1D467F1B5B1B082DFFB244FA03F448
:1073D00004D00CFA05F5013D2C40E4B2BC4013F09A
:1073E000FF0344EA060401D101320823A6B2002FAC
:1073F000E3D1868712E74FF0000C102601279E424A
:1074000035468C5C28BF1D46761B5B1B082DF6B2EB
:1074100044FA03F404D007FA05F5013D2C40E4B228
:10742000B44013F0FF034CEA040401D101320823F5
:107430001FFA84FC002EE2D1A0F836C010274FF0CE
:10744000010C9F423D468C5C28BF1D467F1B5B1B89
:10745000082DFFB244FA03F404D00CFA05F5013DFF
:107460002C40E4B2BC4013F0FF0344EA060401D10F
:1074700001320823A6B2002FE3D10687CEE64FF0F3
:10748000000C102601279E4235468C5C28BF1D4605
:10749000761B5B1B082DF6B244FA03F404D007FAFE
:1074A00005F5013D2C40E4B2B44013F0FF034CEA73
:1074B000040401D1013208231FFA84FC002EE2D11A
:1074C000A0F832C010274FF0010C9F423D468C5C63
:1074D00028BF1D467F1B5B1B082DFFB244FA03F437
:1074E00004D00CFA05F5013D2C40E4B2BC4013F089
:1074F000FF0344EA060401D101320823A6B2002F9B
:10750000E3D186868AE64FF0000C102601279E42C2
:1075100035468C5C28BF1D46761B5B1B082DF6B2DA
:1075200044FA03F404D007FA05F5013D2C40E4B217
:10753000B44013F0FF034CEA040401D101320823E4
:107540001FFA84FC002EE2D1A0F82AC010274FF0C9
:10755000010C9F423D468C5C28BF1D467F1B5B1B78
:10756000082DFFB244FA03F404D00CFA05F5013DEE
:107570002C40E4B2BC4013F0FF0344EA060401D1FE
:1075800001320823A6B2002FE3D1068646E64FF06B
:10759000000C102601279E4235468C5C28BF1D46F4
:1075A000761B5B1B082DF6B244FA03F404D007FAED
:1075B00005F5013D2C40E4B2B44013F0FF034CEA62
:1075C000040401D1013208231FFA84FC002EE2D109
:1075D000A0F82CC010274FF0010C9F423D468C5C58
:1075E00028BF1D467F1B5B1B082DFFB244FA03F426
:1075F00004D00CFA05F5013D2C40E4B2BC4013F078
:10760000FF0344EA060401D101320823A6B2002F89
:10761000E3D1C68502E64FF0000C102601279E42FA
:1076200035468C5C28BF1D46761B5B1B082DF6B2C9
:1076300044FA03F404D007FA05F5013D2C40E4B206
:10764000B44013F0FF034CEA040401D101320823D3
:107650001FFA84FC002EE2D1A0F826C010274FF0BC
:10766000010C9F423D468C5C28BF1D467F1B5B1B67
:10767000082DFFB244FA03F404D00CFA05F5013DDD
:107680002C40E4B2BC4013F0FF0344EA060401D1ED
:1076900001320823A6B2002FE3D10685BEE500BF64
:1076A000B1F84620F1EE005A9FEDA95A0B4607EEBD
:1076B000102A9FEDA81ADFEDA87AF2EE041AB8EEB0
:1076C000C77A10B52DED068B91F8422087EE270A78
:1076D000ADF5A26D044606EE102A8A8E06EE902ABB
:1076E00091F84520B8EEC66A02EE102A91F84420BF
:1076F000F8EEE66AC6EE059A04EE102A91F84320E9
:1077000005EE102A91F8412086EE818A06EE902A35
:1077100091F8402007EE102A91F83F20B8EE422A57
:1077200006EE102AB8EE444A91F83E20B8EE455ACB
:1077300032EE672A00EE902A34EE674A8A8FF8EE1E
:10774000E66A35EE675A0AEE102AB7EEC22A4A8F69
:1077500066EEA56AB7EEC44A09EE102AB8EEC77AFB
:107760000A8FB8EEC66A91F84810F8EEE00A27EEE4
:10777000257A429126EE256A60EEA50AB8EE4AAB5C
:10778000B7EEC55AB7EEC88A8DED3E2B8DED3C4B5A
:10779000B7EEE92AB7EEE64AB7EEC66AB8EE499BFD
:1077A0008DED3A5B8DED382B8DED364B8DED2EAB9F
:1077B000B7EEC75AD98E07EE102A5A8EB7EEE04AB6
:1077C000B8EE472B07EE101AB7EEC00AA2F57A7290
:1077D0004FF480618DED326BB8EE476B8DED2A2B47
:1077E0008DED286B8DED304B8DED345B8DED2C9B4D
:1077F0008DED268B2592594A8DED400B188E2490E5
:10780000588B07EE100AB8EEC77A9FED4F3B87EE14
:10781000276A36EE676AB7EEC66A8DED146B988AF2
:1078200007EE100AB8EEC77A87EE276A36EE676A67
:10783000B7EEC66A8DED0E6B588C07EE100AB8EEE7
:10784000C77A87EE016AB7EEC66A8DED1C6B93F8B6
:10785000200007EE100AB8EEC77A87EE216AB7EE6D
:10786000C66A8DED1A6BD88B07EE100AB8EEC77A90
:1078700087EE276AB7EEC66A8DED186B988B07EE18
:10788000100AB8EEC77A87EE216AB7EEC66A8DEDA8
:10789000166B188B06EE900AF8EEE66A86EEA77A6B
:1078A000B7EEC77A8DED127BD88A07EE900AF8EE14
:1078B000E77A87EEA17AB7EEC77A8DED107BD88D87
:1078C0002390988D2290588D2190188D2090D88CDF
:1078D0001F9093F824001E90588A0C90188A0B90E1
:1078E000B3F9060007EE100AB3F90400B8EEC77B3F
:1078F00087EE035B07EE100A5888B8EEC77B87EE69
:10790000036B07EE100AB8EE477B8DED007BD8893C
:107910000A908DED045B8DED026B98890990588972
:107920000890587A0790187A069044A81B8806F0A9
:1079300037FA44A9204602F029FC20460DF5A26D35
:10794000BDEC068B10BD00BF00000000006AE840DF
:107950000000484200007A440000C842D80C0020D1
:107960002DE9F041082A058940F2D2430446104629
:1079700028BF08209D4282B057D0002A36D04FF051
:10798000010C00254FF0080EA67A8642324628BF29
:107990000246082EA0EB02000CFA02F3A6EB020747
:1079A000C0B203F1FF3303FA00F303EA010343FA21
:1079B00000F303FA07F3DBB202D12668E768F55556
:1079C000E668276817F8068043EA0803BB55A37AE0
:1079D0009B1ADBB2A37223B9E36884F80AE001338F
:1079E000E36023699B1A23610028CDD1A369CBB141
:1079F000E268BAB1204650F8141B0A440091694667
:107A0000019298476368A27ADB00236142B1236840
:107A1000E2689A5C1A702369A27A083B13442361D6
:107A20000023E36002B0BDE8F0814B004D0803F095
:107A3000AA0305F055010B4399089B0001F033019F
:107A400003F0CC030B43190941EA0311C0F1080309
:107A5000C9B21941C9B290E72DE9F041102A058950
:107A600040F2D2430446104628BF10209D4282B007
:107A700057D0002A36D04FF0010C00254FF0080EE9
:107A8000A67A8642324628BF0246082EA0EB0200A4
:107A90000CFA02F3A6EB0207C0B203F1FF3303FABC
:107AA00000F303EA010343FA00F303FA07F3DBB23E
:107AB00002D12668E768F555E668276817F806805A
:107AC00043EA0803BB55A37A9B1ADBB2A37223B91E
:107AD000E36884F80AE00133E36023699B1A2361B9
:107AE0000028CDD1A369CBB1E268BAB1204650F8E5
:107AF000141B0A4400916946019298476368A27A70
:107B0000DB00236142B12368E2689A5C1A70236942
:107B1000A27A083B134423610023E36002B0BDE86E
:107B2000F081114D45F2555303EA510305EA410135
:107B30004CF6CC450B4343F2333101EA93019B00F1
:107B40001D4041EA050340F60F71084D01EA13118B
:107B500005EA03139BB21943C0F1100349BA89B275
:107B6000194189B285E700BFAAAAFFFFF0F0FFFF25
:107B7000272A01D8002070472DE9F0410B464FF02D
:107B800028088AB00446002118464246102607F00D
:107B900057FC042741F2E1024FF49E730025067062
:107BA000ADF814203A4694F82410079306958DF802
:107BB0001670CDE9030803A8CDE90855FFF7D0FEFC
:107BC0003246218803A8FFF747FF3246618803A8A1
:107BD000FFF742FF3246A18803A8FFF73DFF324678
:107BE000E18803A8FFF738FF3A46217A03A8FFF798
:107BF000B7FE3A46617A03A8FFF7B2FE32466189C2
:107C000003A8FFF729FF3246A18903A8FFF724FF45
:107C10003246E18903A8FFF71FFF3246218A03A8F5
:107C2000FFF71AFF3246618A03A8FFF715FF3246B5
:107C3000A18A03A8FFF710FF3246E18A03A8FFF7E5
:107C40000BFF3246218B03A8FFF706FF3246618BFC
:107C500003A8FFF701FF0A22A18B03A8FFF7FCFE90
:107C600008260A229DF816309342194628BF11466D
:107C7000082BA2EB0102D2B204D1069B0398C55493
:107C80009DF816305B1A0698DBB201308DF816307D
:107C900013B906908DF81660079B5B1A0793002AAC
:107CA000E0D1099BD3B1069AC2B1039908A80A444E
:107CB000019101A902929847049B9DF81620DB00D0
:107CC00007934AB1039B069A9A5C1A70079B9DF82A
:107CD0001620083B13440793002306930C22E18BE4
:107CE0000DEB0200FFF7B8FE082294F8201003A85D
:107CF000FFF736FE0A22618C03A8FFF7ADFE94F869
:107D00002430072B28D8DFE813F05D018A01300109
:107D10000301D600880066000800082294F843108A
:107D200003A8FFF71DFE082294F8441003A8FFF7EC
:107D300017FE082294F8451003A8FFF711FE0C2245
:107D4000B4F846100DEB0200FFF786FE042294F80B
:107D5000481003A8FFF704FE9DF81630069C062283
:107D60000025082002E09DF81630069C9A42114634
:107D700028BF1946082BA2EB0102D2B204D1039B03
:107D80001D55069C9DF816305B1A0134DBB28DF848
:107D9000163013B906948DF81600079B5B1A0793EB
:107DA000002AE0D1099B93B1069A82B1039C01A9F4
:107DB00008A82244CDE901429847049B9DF816206B
:107DC000DB0007931AB1039B069A9A5C1A70012094
:107DD0000AB0BDE8F08194F83E10082203A8FFF72E
:107DE000BFFD94F83F10082203A8FFF7B9FD94F8EF
:107DF0004010082203A8FFF7B3FD94F841100822B1
:107E000003A8FFF7ADFD94F84210082203A8FFF77E
:107E1000A7FD9DF81630069CA1E7618F102203A8EC
:107E20000025FFF719FE1022A18F03A8FFF714FE0B
:107E30000822069C10469DF8163011469A4228BF2B
:107E40001946082BA2EB0102D2B204D1039B1D55A7
:107E5000069C9DF816305B1ADBB28DF816301BB904
:107E600001348DF816000694079B5B1A0793002ACD
:107E7000E1D1099B002B00F0FF80002C00F0FC807A
:107E8000039A01A908A81444CDE901249847049A4B
:107E90009DF81630D20007924BB1039B069A9A5C6C
:107EA0001A70079A9DF81630083A1A440792002271
:107EB0001446069253E7E18E102203A80025FFF72F
:107EC000CBFD1022218F03A8FFF7C6FD0822069CD8
:107ED00010469DF8163011469A4228BF1946082BC5
:107EE000A2EB0102D2B204D1039B1D55069C9DF862
:107EF00016305B1ADBB28DF816301BB901348DF8E1
:107F000016000694079B5B1A0793002AE1D1B0E79D
:107F1000618E102203A80025FFF79EFD1022A18E7E
:107F200003A8FFF799FD0822069C10469DF816301D
:107F300011469A4228BF1946082BA2EB0102D2B281
:107F400004D1039B1D55069C9DF816305B1ADBB2CD
:107F50008DF816301BB901348DF816000694079B76
:107F60005B1A0793002AE1D183E7A18D102203A8B1
:107F70000025FFF771FD1022E18D03A8FFF76CFDCE
:107F80000822069C10469DF8163011469A4228BFDA
:107F90001946082BA2EB0102D2B204D1039B1D5556
:107FA000069C9DF816305B1ADBB28DF816301BB9B3
:107FB00001348DF816000694079B5B1A0793002A7C
:107FC000E1D156E7E18C102203A80025FFF744FD1C
:107FD0001022218D03A8FFF73FFD0822069C1046C2
:107FE0009DF816309342194628BF1146082BA2EB84
:107FF0000102D2B204D1039B1D55069C9DF8163098
:108000005B1ADBB28DF816301BB901348DF81600FF
:108010000694079B5B1A0793002AE1D129E7618D3B
:10802000102203A80025FFF717FD1022218E03A8B8
:10803000FFF712FD0822069C10469DF81630934269
:10804000194628BF1146082BA2EB0102D2B204D177
:10805000039B1D55069C9DF816305B1ADBB28DF80C
:1080600016301BB901348DF816000694079B5B1A75
:108070000793002AE1D1FCE69DF816306FE600BFB9
:108080002DE9F041202A058940F2D24304461046EA
:1080900028BF20209D4282B057D0002A36D04FF012
:1080A000010C00254FF0080EA67A8642324628BF02
:1080B0000246082EA0EB02000CFA02F3A6EB020720
:1080C000C0B203F1FF3303FA00F303EA010323FA1A
:1080D00000F303FA07F3DBB202D12668E768F5552F
:1080E000E668276817F8068043EA0803BB55A37AB9
:1080F0009B1ADBB2A37223B9E36884F80AE0013368
:10810000E36023699B1A23610028CDD1A369CBB119
:10811000E268BAB1204650F8141B0A44009169463F
:10812000019298476368A27ADB00236142B1236819
:10813000E2689A5C1A702369A27A083B13442361AF
:108140000023E36002B0BDE8F0814B08490003F072
:10815000553301F0AA3119438B08890003F03333FA
:1081600001F0CC310B4319091B0101F00F3103F071
:10817000F0331943C0F1200309BAD9408DE700BF9D
:10818000272A01D800207047F0B50B46282789B070
:108190000446002118463A46042607F051F91025F6
:1081A000002141F2E1024FF49E730570ADF80C20FE
:1081B0002A4601900DEB06000491059302978DF875
:1081C0000E60CDE906112188FFF746FCA178324602
:1081D0000DEB0600FFF7C4FBE17808220DEB06006B
:1081E000FFF7BEFB217908220DEB0600FFF7B8FB75
:1081F000617908220DEB0600FFF7B2FBA179082296
:108200000DEB0600FFF7ACFBE17907220DEB060052
:10821000FFF7A6FB217A07220DEB0600FFF7A0FB74
:10822000618909220DEB0600FFF716FCA1890922DE
:108230000DEB0600FFF710FCE1890C220DEB0600A8
:10824000FFF70AFC218A0C220DEB0600FFF704FC65
:10825000618A0C220DEB0600FFF7FEFBA18A0C22BF
:108260000DEB0600FFF7F8FBE18A0C220DEB060090
:10827000FFF7F2FBA16915220DEB0600FFF700FFE7
:10828000E1690DEB06001622FFF7FAFE2A46218C63
:108290000DEB0600FFF7E0FB94F8221005220DEB32
:1082A0000600FFF75DFB616A13220DEB0600FFF786
:1082B000E7FE04F12B05A16A333419220DEB060009
:1082C000FFF7DEFE15F8011F082201A8FFF748FBA3
:1082D000A542F7D1012009B0F0BD00BF002340F254
:1082E000EE22C9B210B50446037580F82730C0E904
:1082F0000A3204F037FB012204F11F01204604F08A
:10830000B5FC204604F0AAFCFA2002F01DFB204632
:1083100010BD00BF70B505460C4E10210C4805F18C
:108320001E04263504F032F9202004F019F914F85F
:10833000011F00231022304601F0D8FEA542F3D1E0
:108340000248BDE8704001F0A7BE00BF8088002051
:10835000140A002010B5044607211F3004F02AFD3E
:1083600094F82630834201D1012010BD1121044828
:1083700004F00CF9034801F08FFE002010BD00BF8F
:10838000000A00208088002010B50446082116301D
:1083900004F010FDA37F834201D1012010BD1C21F8
:1083A000034804F0F3F8034801F076FE002010BD06
:1083B000280A00208088002070B5054604F0ECFAF9
:1083C000284605F1150404F02BFC0022BE212846A6
:1083D00005F11E0604F0F0FB284604F011FC04F839
:1083E000010FB442F8D12846FFF7CEFF48B195F906
:1083F0001720AB7D43EA022300EE103ABAEECE0A14
:1084000070BD9FED010A70BD00C079C470B590F8D1
:1084100027300446012B06D0022B25D073B1002350
:1084200080F8273070BD1C4BD0E90A121B685B1A1C
:108430009342F7D3022380F8273070BD012580F8DE
:10844000275004F0A9FA204604F0EAFB20462A4609
:10845000442104F0B1FB104B40F2EE201B68A362F4
:10846000BDE8704002F070BA0D460126FFF7A4FF88
:10847000204685ED000A84F8276004F08DFA204636
:1084800004F0CEFB32464421204604F095FB024B1B
:108490001B68A36270BD00BFD4E8002070B50E4613
:1084A00009490446154601F071FE41F2140000210D
:1084B0002044C4E9036501F069FE002104F5815000
:1084C00001F064FE204670BD6C0A002010B5044621
:1084D0000021007C02F08CFA04F5815001F0A4FE2A
:1084E00041F21400204401F09FFE204601F09CFE62
:1084F000204610BD0B4641F2140110B50446194444
:1085000001F062FE204610BD10B5044601F5815110
:1085100001F05AFE204610BD30B5054685B00C4628
:10852000FAB9E16801A800230D2201F0F3FDE0682B
:108530000322154903685B689847E06801221349E4
:1085400003685B68984701A9284601F059FE01A815
:1085500001F06AFE284605B030BDE06803685B693B
:108560009847E06803681B6998470028F5D1E068E0
:108570000322054903685B689847E06801220349C4
:1085800003685B689847CCE75C0A0020600A00201B
:108590002DE9F04F1546BBB00C4668220021064677
:1085A00006F04EFF2A46214601A8FFF7B5FF039BC0
:1085B000002B00F03F8107AD0DF1E8092C46204665
:1085C0000C34002101F0E2FD4C45F8D12C2101A82A
:1085D00001F0D6FE00222C2101A801F013FF421C5D
:1085E000034600F0838004AC002200F1010801A9D9
:1085F00020460DF1280B01F029FF214628460DF1F8
:10860000C40A01F055FE204601F00EFE42462C2120
:1086100001A801F0F7FE5F460346B3F1FF3F424673
:1086200001A9204603F1010860D001F00FFF2146A7
:1086300038460C3701F03CFE204601F0F5FD42467D
:108640002C2101A801F0DEFE57450346E5D10123A8
:108650002846337001F024FF7060584601F026FF71
:10866000B7EEC00A0DA886ED020B01F01FFFB7EEB2
:10867000C00A10A886ED040B01F018FFB7EEC00A7F
:1086800013A886ED060B01F011FFB7EEC00A16A87D
:1086900086ED080B01F00AFFB7EEC00A19A886EDB7
:1086A0000A0B01F0FDFE30631CA801F0F9FE7063B7
:1086B0001FA801F0FBFEB7EEC00A22A886ED0E0B44
:1086C00001F0F4FEB7EEC00A25A886ED100B01F00C
:1086D000E7FEB06428A801F0E3FEF0642BA801F0E7
:1086E000DFFE30652EA801F0DBFE706500222C2134
:1086F00001A801F087FE421C034600F0A28004ACF2
:10870000002200F1010801A920460DF1280B01F01B
:108710009DFE214628465F4601F0CAFD204601F035
:1087200083FD42462C2101A801F06CFE0346B3F103
:10873000FF3F424601A9204603F1010800F0818075
:1087400001F084FE214638460C3701F0B1FD204689
:1087500001F06AFD42462C2101A801F053FE4F456D
:108760000346E4D10123284637AC337001F098FE6C
:1087700003465846736001F099FEB7EEC00A0DA893
:1087800086ED020B01F092FEB7EEC00A10A886ED4E
:10879000040B01F08BFEB7EEC00A13A886ED060BA2
:1087A00001F084FEB7EEC00A16A886ED080B01F0B2
:1087B0007DFEB7EEC00A19A886ED0A0B01F070FE27
:1087C00003461CA8336301F06BFE70631FA801F021
:1087D0006DFEB7EEC00A22A886ED0E0B01F066FE14
:1087E000B7EEC00A25A886ED100B01F059FE03462E
:1087F00028A8B36401F054FEF0642BA801F050FEE9
:1088000003462EA8336501F04BFE706531A801F0D8
:1088100047FE034634A8B36501F042FEF0652046EA
:1088200001F03EFE3066204601F0FEFCAC42A4F1B1
:108830000C0407D101A801F0F7FC30463BB0BDE8BD
:10884000F08F37AC204601F0EFFCAC42A4F10C04F1
:10885000F8D1EFE7F8B516680C460546CF68D6B1F3
:10886000304607F02DFC3B680246314638465B68CF
:108870009847E0680122094903685B689847E06807
:108880000368DB689847284600230D22E16801F061
:1088900041FC2846F8BD024EE2E700BF600A002016
:1088A000008700202DE9F0430446C06887B000220D
:1088B00003684DF67C510226524FDB6998474FF40E
:1088C0009673E0684FF4006204F11401836001F0D4
:1088D000F3F94FF4006204F61401E06801F006FABF
:1088E0000121207C02F0C0F80021207C02F080F8F9
:1088F000642002F029F80121207C02F079F84FF47D
:108900007A7002F021F800230D22E168684601F038
:1089100001FC394603A801F039FC03A9684601F0BF
:1089200083FD054603A801F07FFC013568465ED152
:1089300001F07AFC012E04D055E0E06803685B6921
:108940009847E06803681B6998470028F5D104F54B
:1089500081560227DFF8B8904FF47A70DFF8B480C0
:1089600001F0F2FF494603A801F010FC03AA2146DA
:108970006846FFF76FFF03A801F056FC69463046D2
:1089800001F096FC684601F04FFC414603A801F057
:10899000FDFB03A9304601F047FD054603A801F0A1
:1089A00043FC013506D1012F04D01EE0E0680368C6
:1089B0005B699847E06803681B6998470028F5D110
:1089C000E0680322104903685B689847E068012269
:1089D0000E4903685B689847E0680368DB6807B086
:1089E000BDE8F043184701268DE70127BAE741F2B9
:1089F00014006946204401F053FC684601F014FC61
:108A00009FE700BF640A00205C0A0020600A002083
:108A1000580A0020A80600204E2100224FF0300CFA
:108A200080F8361002210280828082600273028206
:108A3000426102768283026280F824200285C2624B
:108A400080F8302080F834C082870264A0F84C207F
:108A50000265A0F85C204266A0F86C204267A0F88E
:108A60007C20C0F88420A0F88C20C0F89420A0F8C6
:108A70009C20C0F8A42080F8BD10A0F8BE2080F88B
:108A8000C020C0E93122C0E93322C0E93522A0F874
:108A9000AC2080F8AE20704738B5057804462D2DFF
:108AA00008BF0134204604F0A9FC6422237802FBAD
:108AB00000F0A3F13002092A05D814F8013FA3F110
:108AC0003002092AF9D92E2B03D02D2D08BF4042A0
:108AD00038BD6378303B092BF7D8A27803EB8303CA
:108AE000303A00EB4300092A98BF80182D2D08BFAB
:108AF000404238BD70B50D46044604F07FFC1B4B68
:108B00006422A3FB00135B0902FB13002B80227875
:108B1000174BA2F1300100FB03F3092905D814F823
:108B2000012FA2F130010929F9D92E2A0AD003EB2D
:108B30008303104A002101332972A2FB03235B083F
:108B40006B6070BD60780134A0F130010929EED866
:108B5000074A094EA6FB020214F8010FD20802FBD5
:108B60000133A0F130010929F4D9E0E71F85EB5169
:108B700080969800ABAAAAAACDCCCCCC2DE9F04126
:108B800090F8AD60044656B390F8AE30A3F14102C0
:108B9000052A6FD9A3F16102052A94BF573B303BE8
:108BA00094F8AF201B01A2F14101DBB2052940F28C
:108BB000F980A2F16101052994BF573A303A134474
:108BC00094F8AC20DBB29A4200F0B680D4F8D430EE
:108BD00000260133C4F8D4303046BDE8F08190F867
:108BE000BE3033B390F8BD20022A03D090F8AE1007
:108BF000002941D1D4F8C850002DEDD02B4604F106
:108C0000AE0704E02D6B002DE6D0D4F8C830996A89
:108C1000A86A07F049F80028DED1EA6A94F8BE3065
:108C20009A42D9DCEED10F223946284606F006FDDD
:108C3000E8E790F8AE30472B00F0CB800223D4F861
:108C4000C45084F8BD30C4F8C850002DC4D004F11D
:108C5000AE0704E02D6BC4F8C850002DBCD0A86A44
:108C6000394607F021F80028F4DBB5D00023C4F81A
:108C7000C830B1E7373B93E743EA4213013B2B2B64
:108C8000B8D801A252F823F0116F0000056F000060
:108C9000F56E0000E96E0000D96E0000276F00003D
:108CA0001B6F0000796F00006D6F0000356C0000D5
:108CB000356C0000356C0000356C0000356C000030
:108CC000356C0000356C0000356C0000356C000020
:108CD000356C0000356C0000356C0000356C000010
:108CE000356C0000356C0000356C0000356C000000
:108CF000356C0000356C0000356C0000356C0000F0
:108D0000356C0000356C0000116F00005D6F0000D5
:108D1000056F0000F56E0000E96E0000D96E0000DE
:108D2000536F0000496F00003F6F0000356C00007A
:108D3000356C0000396F0000D4F8D83094F8C020AA
:108D40000133C4F8D8307AB3D4F8D03094F8BD20C9
:108D50000133C4F8D030002A00F0FD80012A4BD046
:108D6000D4F8C850002D3FF437AF2B46DFF84082CF
:108D700040F201170BE007F001F9D8F80030AF849A
:108D80002B622D6B002D3FF427AFD4F8C830996AC1
:108D9000A86A06F089FF0346294605F11000002B5A
:108DA000E9D019E7373A0AE794F8BD30002B57D0DD
:108DB000012BD5D140F201127D4B616CA287A4F842
:108DC0004C202164626D19681B68A1642265A3654B
:108DD000C6E790F8AF10774806F084FB00283FF410
:108DE0002DAF04F1B0057449284606F05DFF002858
:108DF00040F0A880012322E76D4A40F20113616C24
:108E0000206A21641168A060A164616DE06A216537
:108E10001168A387A165E169A4F84C30616094F8FA
:108E2000241060612173A16A216194F830102176C9
:108E300094F8351084F8341094F8371084F836100C
:108E400011682380A163A16E616611682166A16F1C
:108E50001268A4F85C30A4F86C30C4E91C217FE7E8
:108E6000534B40F20110626D1968A4F84C00A165E3
:108E70002265186840F201121B68D4F89810C4F8F3
:108E8000A030D4F8A830A4F88C20A4F89C20C4F812
:108E9000A430C4E9240163E7A1F15701B1FA81F1DB
:108EA000490980F83010A5E600F12801AE30FFF73F
:108EB00021FE9FE6A1F15301B1FA81F1490980F841
:108EC000241097E600F11C01AE30FFF713FE91E687
:108ED000AE30FFF7E1FD60658CE6AE3004F08EFA4F
:108EE000C4F8980086E6302980F8351094BF002336
:108EF000012380F8C0307DE680F837107AE6AE3086
:108F000004F07CFA606475E6AE30FFF7C5FDA0673B
:108F100070E6AE30FFF7C0FDA0666BE6A1F141013F
:108F2000B1FA81F1490980F8C01063E6AE30FFF76D
:108F3000B3FDC4F888005DE6AE30FFF7ADFDC4F8C0
:108F4000A80057E61D49284606F0AEFE003818BFB7
:108F50000120430073E6164B40F20112616DA4F844
:108F60004C2021651968A4F87C20A165E169616045
:108F700094F824102173A16A216194F830102176AD
:108F800094F8351084F8341094F8371084F83610BB
:108F900019682280D4F88820A163C4F884201A6854
:108FA000C4F88020226AA260E26A626161E700BFC1
:108FB000D4E80020480A0020500A0020540A00206B
:108FC00038B5D0F8CC30A1F10A0204460D46013381
:108FD000C0F8CC30222A2ED8DFE802F0182D2D1848
:108FE0002D2D2D2D2D2D2D2D2D2D2D2D2D2D2D2DB1
:108FF0002D2D2D2D2D2D412D2D2D2D2D182D1200EA
:1090000090F8AC3083F02C0380F8AC3094F8BF308B
:109010000E2B30D90020A5F12A0194F8BE30002291
:10902000B1FA81F1013384F8BF20490984F8BE30D8
:1090300084F8AD1038BD90F8BF300D2B05D85A1C00
:10904000034480F8BF2083F8AE1094F8AD00D0B987
:1090500094F8AC3085EA030184F8AC1038BD0023E5
:1090600002221846A4F8AC3084F8BD20A4F8BE3023
:1090700084F8C03038BD23440022204683F8AE2057
:10908000FFF77CFDC7E7002038BD00BF00000000EF
:1090900090ED026A00228388B8EE466B427007EEBC
:1090A000103A037B9FED065BB8EEC77B86EE050B9F
:1090B00030EE070B0BB1B1EE400B7047AFF3008001
:1090C0000000000065CDCD4190ED056A0022038AC5
:1090D000B8EE466B427007EE103A037E9FED065BDA
:1090E000B8EEC77B86EE050B30EE070B0BB1B1EE89
:1090F000400B7047AFF300800000000065CDCD410C
:109100000020704700B5036883B08C4601220DF142
:1091100007015B688DF807C0984703B05DF804FB52
:10912000704700BF30B482B00C4602AB03E90600C2
:10913000C37C002B30D072B6C37CDA0708D54FF061
:10914000E0214569D1F880212A408262C1F880215E
:109150009D0708D54FF0E0218569D1F884212A4088
:10916000C262C1F88421590708D54FF0E021C569D2
:10917000D1F888212A400263C1F888211A0708D54E
:109180004FF0E021056AD1F88C212A404263C1F8F2
:109190008C21DB062FD462B683689C4235D0224BEB
:1091A00084609B69214AC3F30111C3F3826352F8BF
:1091B00021100133B1FBF3F2CCB1944227D8B2FBBA
:1091C000F4F3B2FBF3F294422CD3B3F5817F20D3B6
:1091D000174CC460036803220020019918615A6289
:1091E00001221C6419661A6102B030BC70479942B2
:1091F000EFD3531CE9E74FF0E022416AD2F89031F7
:109200000B408363C2F89031C5E7C468E2E70024ED
:10921000DFE7022BFBD9023B5A08140244EA02445E
:109220001C43D6E71A46E4E700C00F4004100020B4
:10923000FF7F7F00F8B504460F46007F00211646E9
:1092400001F0D6FB04F11003A06993E80600FFF7D4
:1092500069FFA5692B685F66D96D11F4F81FFBD013
:109260005A6F5E66DA6D12F4F81FFBD05E6FEB7C0E
:10927000F6B213B3DF0704D5A96A4FF0E022C2F8B3
:109280000011980704D5E96A4FF0E022C2F80411F2
:10929000590704D5296B4FF0E022C2F808111A07CC
:1092A00004D5696B4FF0E022C2F80C11DB0604D53F
:1092B000AA6B4FF0E023C3F81021207F012101F0B9
:1092C00097FB3046F8BD00BF10B5044600221321BD
:1092D000FFF7B0FFE36AC01A10BD00BF10B5044627
:1092E00061B1836B1BB14022C021FFF7A3FF832232
:1092F00081212046FFF79EFF012010BD832281219E
:10930000FFF798FF01E003F0BFF900221221204689
:10931000FFF790FF0307F6D5082292212046FFF7BA
:1093200089FF012010BD00BF10B5002201210446B5
:10933000FFF780FF00F00303032B10D0002212215F
:109340002046FFF777FF10F0080301D1184610BD43
:10935000082292212046FFF76DFF002010BD01205A
:1093600010BD00BF2DE9F04117460C460022222116
:109370000546FFF75FFF00EB0708B8F1FF0F03D9C1
:10938000C0F1FF074FF0FF084FB1013CE61914F898
:10939000012F80212846FFF74DFFB442F7D15FFA35
:1093A00088F2A2212846FFF745FF3846BDE8F08144
:1093B00003680D4A1B69934210B504460FD1002281
:1093C0001321FFF737FFE36AC01A50B1E36A0022A6
:1093D000204601331146E362FFF72CFF10BD98478A
:1093E000F3E74FF0FF3010BD0973000038B5036894
:1093F0000446114A1B69934219D100221321FFF739
:1094000019FFE36AC01AA0B100220D212046FFF720
:1094100011FF0022054620461146FFF70BFF2A46A2
:1094200005468D212046FFF705FF284638BD9847A1
:10943000E9E74FF0FF3038BD0973000070B5002236
:109440001D210446FFF7F6FEC0F30710092823D8B4
:109450001B4B00221E2153F820602046FFF7EAFE36
:109460000546002226212046C5F30715FFF7E2FE38
:1094700001230246AB4096FBF3F64FF47A7393FB5D
:10948000F6F3102B13DD40F00800A621C2B22046EF
:10949000BDE87040FFF7CEBE00221E212046FFF738
:1094A000C9FE002226212046FFF7C4FE02462046C0
:1094B00002F0F702A621BDE87040FFF7BBBE00BF77
:1094C000A4030020052938B5054626DD0C2921DC3A
:1094D000062922D009014CB2C322B1212846FFF748
:1094E000A9FE0A22B7212846FFF7A4FE00221E216A
:1094F0002846FFF79FFE03469E21284603F00F03F0
:1095000044EA0302D2B2FFF795FE2846BDE8384090
:10951000FFF794BF6FF03F04DEE7C522B121284674
:109520006024FFF787FE0C22B7212846FFF782FE52
:10953000DCE700BF38B541F678630446994205DDA3
:1095400042F6A003994216DC102500E00025002217
:109550001D212046FFF76EFE03469D21204603F0A5
:109560000F0345EA0302D2B2FFF764FE2046BDE8CE
:109570003840FFF763BF43F6F04399421ADD45F2E6
:109580004013994218DD47F61223994216DD4AF23C
:10959000E423994214DD4FF22443994212DD0B4B30
:1095A000994211DD0A4B9942D4BF6FF07F056FF0ED
:1095B0006F05CCE72025CAE73025C8E74025C6E778
:1095C0005025C4E76025C2E77025C0E748E80100E0
:1095D00090D0030038B504460D46007F012101F00C
:1095E00043FA207F012101F003FA206A431C13D0C3
:1095F0000121C0B201F038FA002194F8200001F0F6
:10960000F7F90A2001F0A0F994F82000012101F0F7
:10961000EFF90A2001F098F9A06903F04FFC00224D
:1096200042212046FFF706FE122801D0002038BD57
:10963000802281212046FFF7FDFD0023E917A56266
:10964000254AE804C90441EA553103F051FD0546B5
:1096500086212046C5F30742FFF7ECFDC5F307223C
:1096600087212046FFF7E6FD8821EAB22046FFF772
:10967000E1FD00228E212046FFF7DCFD00228F2134
:109680002046FFF7D7FD00220C212046FFF7D2FD30
:1096900002468C21204642F00302D2B2FFF7CAFDF7
:1096A0000422A6212046FFF7C5FD8422CD212046B5
:1096B000FFF7C0FD2B228B212046FFF7BBFD8F2239
:1096C00089212046FFF7B6FD812220461146FFF78B
:1096D000B1FD012038BD00BF0048E80170B5044667
:1096E0000E46FFF721FE08B1002070BD812205461D
:1096F00020461146FFF79EFDD6B101232A461D21C3
:1097000020462363FFF796FD02469D21204642F046
:109710000102D2B2FFF78EFD00228D212046FFF715
:1097200089FD0022A2212046FFF784FD012070BDA3
:1097300032461D2120462663FFF77CFD02469D210F
:10974000204602F0FE02FFF775FDE5E70D4B07200E
:109750000D49002210B40D4C19610D491C600A24FA
:109760001A735A609A60C3E9050109200221C3E90E
:109770000740C3E909125DF8044BC3E90B22C3E9B2
:109780000D2270479898002000127A00E80F002000
:10979000308800200B4BD3F83022120A0270D3F825
:1097A00030224270D3F82022120E8270D3F8202289
:1097B000120CC270D3F82022120A0271D3F82032A0
:1097C0004371704700441F4010B590B0044602A892
:1097D000FFF7E0FFBDF80C30074A04A85BBA009120
:1097E00030219BB204F0DCFA04A9204600F0CEFC44
:1097F000204610B010BD00BFA00600200120704719
:10980000B0F84630B0F848209BB292B2934202D2F0
:10981000013AD01A7047416B01390A44D01A704797
:10982000016972B6B0F84A20B0F84C3092B29BB2DF
:109830009A423CBF806B1218C86AD31A62B6C0F352
:1098400002601844704700BFB0F84A100246B0F8F2
:109850004C3089B29BB2994210B4046914D00133E0
:10986000906B116B984298BF0023994206D85B1AFF
:10987000526AD05CC0B25DF8044B7047126A5DF862
:10988000044BD05CC0B2704772B6B0F84A0080B2E8
:10989000814201D062B6E2E7E36A13F0E06F03D1E0
:1098A0004FF0FF3062B6E6E7E36901200024116A59
:1098B000A2F84A00C3F30900DBB2A2F84C404B7097
:1098C000F0E700BFB0F84A100246B0F84C3089B259
:1098D0009BB2994230B4046925D00133946B9C4209
:1098E00016D9106B1FFA83FC984217D9106AC05C16
:1098F000C0B2956DA2F84CC045B199421CD3CB1AA9
:10990000D16B994202D3D36DC5F8883030BC704713
:109910004FF0000C106B63469842E7D8181A556A4E
:10992000285CC0B2E5E7084672B6B2F84A1089B2C0
:10993000884204D062B6D0E70C44E31AE0E7E36A59
:1099400013F0E06F03D14FF0FF3062B6DEE7E0695D
:10995000C0F30900F9E700BF90F8443043B110B5F7
:10996000044602F091FE94F84430002BF9D110BD6A
:10997000704700BF38B5D0E90453D3E90312096832
:10998000114228D090F84420044632B102F07CFE07
:1099900094F84430002BF9D1636900210E4AA96183
:1099A000207E03EB0010007D02EB001045680520CF
:1099B0002860657E03EB051393F8343002EB031245
:1099C000A36D52681060A4F84A10A4F84C1013B1AB
:1099D000E26DC3F8842038BD6C7E002007EE901A3B
:1099E0009FED9A7A0421B6EE005AF8EE677A9FED61
:1099F000986A41F6FF7CC7EE275A2DE9F0478E465C
:109A00000569012407EE901AF8EEE77A85EEA77A49
:109A100077EE057AFDEEE77A17EE903A6345A8BF38
:109A20006346012BB8BF012307EE903AF8EEE76AD0
:109A300076EEC76AC6EE877AF5EEC07AF1EE10FAD6
:109A400048BFF1EE677AF4EEC67AF1EE10FA03D869
:109A5000B0EE676A8E461C4601312129D2D1002121
:109A6000436902F40076A0F84A10B3F85AC08E4257
:109A7000A0F84C10B3F85860A0F84610A0F84810B1
:109A800080F84410816BDF68A1EB0606A1EB0C01A6
:109A9000C0E90F6139681E6941EA0601396014BFE7
:109AA00001210021817640F0AC80017E694E03EBFC
:109AB0000118DFF8C09198F81470D8F81CA006EBD4
:109AC0000717B968C1F800907968D8F818700F6066
:109AD000BAF1000F03D0D8F82010CAF80010477E62
:109AE000D92103EB071898F834C006EB0C1CDCF8FE
:109AF00008703960DCF80410D8F838700F60417EC7
:109B000003EB0111CF6B0FB1096C39600EF1FF311E
:109B1000BEF1080F4FEA0161CCBF4FF0000E4FF0CD
:109B2000010E01F0F85144EA4E4421435C6829617A
:109B3000597801F110030021E960474941F82340B9
:109B400041694FF0010E454C02F0030C4F7891F83B
:109B50005610434B39554FF002174469617803EBB7
:109B6000511301F01F019B000EFA01F11960EF6221
:109B7000AB6A43F08803AB6253073ED44CF47013D6
:109B800002F00F01042908BF43F0804397062ED549
:109B9000817E43F0805300293AD11607AB6103D58B
:109BA0002B6943F000532B616B69D10623F080537E
:109BB00048BF43F080536B61D30503D52B6943F451
:109BC00000532B61A36883B1264E3478002C3AD021
:109BD000611E254DC9B22B1F05EB810101E09942A1
:109BE00025D053F8042F9042F9D1BDE8F087817E4B
:109BF0000029D2D043F0A003CFE71C4B4CEA03036B
:109C0000BEE7477E4FF2D901124E03EB07186AE711
:109C1000417E43F0A00304EB011191F8341006EBF0
:109C20000116B668316821F440413160B5E7631C24
:109C3000DBB20F4A3370137845F8240043F0020377
:109C40001370BDE8F0870123074DF2E7001BB74B07
:109C5000EC78AD606C7E00200094002000E400E011
:109C60004038003807E9002008C4002010003C00FC
:109C700017E9002038F00100EFF31380B8B9EFF3D3
:109C800010834BB9EFF305823AB94FF48073EFF3C9
:109C9000118050B1984208D270470F2AF7D9054B6E
:109CA0009B5CEFF311800028F4D1184670474FF009
:109CB000FF30F1E7F0E300E010B4416299B1036BCB
:109CC0001A44446900218263B4F85830B4F85A4009
:109CD000D31AA0F84A10121BA0F84C105DF8044BE0
:109CE000C0E90F327047026BEBE700BF816241B100
:109CF000C36A1A4400234263A0F84630A0F84830F3
:109D00007047C26AF6E700BF036D2DE9F0410446D3
:109D10000F46066913B1426DC3F88420A37E2BB1B0
:109D200072B6B36943F00053B36162B6B4F84650FB
:109D3000636BADB20135AB424CD84FF000084546DD
:109D4000B4F848309BB29D4219D028E073691B02D9
:109D500010D5B4F84830626B9BB201339A4236D9C1
:109D60009AB2E16A99422DD9E169CB5CDBB2F36129
:109D7000A4F84820B4F848309BB2AB420FD1FFF7AB
:109D80007BFF6369B3F856308342DFDAFF28F1DDE9
:109D900002F07AFCB4F848309BB2AB42EFD0E36AF1
:109DA000AB421AD9FFB2E3695F5572B6012084F85D
:109DB0004400A4F84680B36943F40003B36162B67B
:109DC000BDE8F0815B1AA16ACB5CDBB2CFE7002271
:109DD0001346C6E71FFA85F8B2E7ED1AFFB2A36A89
:109DE0005F55E2E7FFF790BF0269536913F4401F24
:109DF00070B543D0D36A13F0E06FC3F3026E3AD06C
:109E0000B0F84A50B0F84C60ADB2B6B207E0016AA3
:109E100001F803C00EF1FF3313F0FF0E1DD0D1691E
:109E20006B1C846BB0F84CC0C1F309019C4298BF15
:109E300000231FFA8CFC9C45ECD0046B5FFA81FC7C
:109E40001D469C42A3EB0404E1D8436A03F804C016
:109E50000EF1FF3313F0FF0EE1D1ABB2A0F84A30A0
:109E6000836D43B1B54254D3AD1B016CA94202D8F6
:109E7000C16DC3F884105369D90245D49669330281
:109E800028D553691D0225D5B0F84650B0F84830A2
:109E9000ADB29BB206E0C169C95CC9B2D161D16AF9
:109EA0004C0512D4AB4238D0446B0133C16A9C429A
:109EB00098BF00239942A3EB0104ECD8816A095DA5
:109EC000C9B2D161D16A4C05ECD599B2AB42A0F8C8
:109ED000481025D0710216D553695B0213D50021B5
:109EE000036D80F8441013B1416DC3F88810837E70
:109EF0002BB172B6936923F00053936162B69369F4
:109F000023F48003936170BD536943F4801353615C
:109F1000B4E7816B891B0D44A7E79BB2A0F84830DA
:109F2000936923F400039361936943F4800393617D
:109F3000D0E700BF0148FFF757BF00BF908800205F
:109F40000148FFF751BF00BFF08800200148FFF72C
:109F50004BBF00BF508900200148FFF745BF00BF3D
:109F6000B08900200148FFF73FBF00BF108A0020E2
:109F70000148FFF739BF00BF708A0020012A70B581
:109F800008BF0A228AB091B34FF0210E01E05FFAB8
:109F900086FE0EF1FF36B1FBF2F502FB15145FFAF7
:109FA00084FC092C0CF137040CF1300C98BF5FFADB
:109FB0008CF40EF1280C88BFE4B29142EC4429469F
:109FC0000CF8244CE3D24BB10EF1FF3E2D225FFA88
:109FD0008EFE0EF128036B4403F8242C036801A9BC
:109FE000CEF122025B68714498470AB070BD3022FE
:109FF0004FF0210E8DF82520E5E700BF2DE9F04157
:10A000000C46D1B1EAB180468E1800250E4F04E00F
:10A0100002F0A6FAB44205440CD0D8F8003014F887
:10A02000010B1B68BB42F3D0014640469847B4423F
:10A030000544F2D12846BDE8F0810D462846BDE82A
:10A04000F0811546F6E700BFA52B00002DE9F04191
:10A050008C688AB0DCB10025884606462F462B4620
:10A06000212201A9404600F0B1F9202C2246336894
:10A0700028BF202201A930465B68A41A15449847DE
:10A080000744002CEBD138460AB0BDE8F0812746E2
:10A0900038460AB0BDE8F08100B5036883B040F6E9
:10A0A0000D2C022201A95B68ADF804C0984703B0EB
:10A0B0005DF804FB054B022888BF034610B41C68FA
:10A0C000184663685DF8044B184700BF808800207D
:10A0D0000EB400B582B003AA52F8041B019205F039
:10A0E00001F902B05DF804EB03B070475AB9036898
:10A0F000C9B2074A1B68934200B506D108465DF80D
:10A1000004EB02F02DBAFFF739BF5DF804EB1847F6
:10A11000A52B00002DE9F84F00278B46814692467B
:10A12000394603F1FF38174C174E00F02FF8256819
:10A130000BE002F005FA002810DA02F0A5FA236815
:10A14000DBF808205B1B934215D2DBF800305B691B
:10A15000B342EED0584698470028EEDB08D082453F
:10A1600006D00137C1B2484600F00AF94745DED9AA
:10A170004846BDE8F88F012348468BF80C30BDE80F
:10A18000F88F00BFD4E800209D2B0000F8B5002612
:10A190000446C0E90066866029B108460D4605F010
:10A1A0008FFF074608B92046F8BD013003F034F9A7
:10A1B0000028F8D0294606702060C4E9017705F030
:10A1C000DDFE2046F8BD00BFF8B588424FF000051F
:10A1D00004468560C0E9005502D08E680F680EB94C
:10A1E0002046F8BD701C03F017F90028F8D0394656
:10A1F00005702060C4E9016605F0C0FE2046F8BD88
:10A2000000238842C0E9003383600CD010B4D1E948
:10A210000042C1E90033C0E900428A685DF8044B9E
:10A220008B6082607047704710B50446006803F089
:10A23000FBF8204610BD00BFF8B50446154632B9FC
:10A24000036803B11A7000232046A360F8BD436879
:10A250000E469A421CD9511C006803F0A9FB074620
:10A2600060B1A368C4E900050BB9037027683146E3
:10A270003846A56005F082FE2046F8BD206810B182
:10A2800003F0D2F8276000232046C4E90133F8BD6B
:10A2900007683146A560384605F070FEECE700BF60
:10A2A000814203D08A680968FFF7C6BF704700BFC4
:10A2B000884238B505460ED000680C4608B103F058
:10A2C000B3F8A0680023D4E90012A860C5E9001221
:10A2D000C4E90033A360284638BD00BF38B5054641
:10A2E0000C4649B1084605F0EBFE214602462846D9
:10A2F000FFF7A2FF284638BD2846A96038BD00BF39
:10A300002DE9F843044600680D4616468842A368C6
:10A3100009D8C218914206D20F1A4FF0010936B976
:10A320002046BDE8F8834FF00009002EF8D003EB7B
:10A330000608626890450CD908F1010103F038FB6A
:10A340000028EDD0A368C4E9000813B903702068A1
:10A35000A368B9F1000F08D12946184405F00EFE94
:10A360002046C4F80880BDE8F8833246C119184475
:10A3700000F0C6FD2368002203F80820F0E700BFC4
:10A3800010B582B00023044601228DF8041001A903
:10A390008DF80530FFF7B4FF204602B010BD00BFB6
:10A3A00010B504468A680968FFF7AAFF204610BD69
:10A3B00083688B4203D9006808B108447047024B98
:10A3C000002218461A70704709E90020C2B170B522
:10A3D000B1FA81F60C46760919B185689D4201D81B
:10A3E0000E7070BDED1A02F1FF3C01682046654514
:10A3F000194428BF65462A4605F020F9665570BD08
:10A40000704700BF8368934207D910B50468A0184D
:10A4100005F068F820B1001B10BD4FF0FF30704709
:10A420004FF0FF3010BD00BF836843B1096810B51D
:10A430000468204605F000FB20B1001B10BD4FF062
:10A44000FF3070474FF0FF3010BD00BF9A422DE93A
:10A45000F04105460E4602D911461A460B46002128
:10A46000A960B7689742C5E9001114D39F4228BF7D
:10A470001F46336813F80780D95533689C180DD0F0
:10A48000204605F01DFE214602462846FFF7D4FE71
:10A49000336803F807802846BDE8F081AC60F8E730
:10A4A000006808B102F0AABF704700BF006810B191
:10A4B000002104F009BC9FED010A70470000000074
:10A4C0002A2849D8F8B5254F04463B78E3B9244BF0
:10A4D0001B5DFF2B29D0234A02EB041291680A6806
:10A4E00002F44050B0F5805F30D01C061FD41E4CE3
:10A4F0002360236AD80704D402F0C6F8236AD90778
:10A50000FAD5194B586AF8BD174D184E01E002F004
:10A51000BBF8AB6C1B06FAD4B36C13F08003F6D116
:10A520003B700F4B1B5DFF2BD5D10020F8BD0F4CAE
:10A5300003F07F032360236ADA0704D402F0A4F84F
:10A54000236ADB07FAD5094B586AF8BD22F480521A
:10A550001C060A60EBD4CAE7002070470AE9002015
:10A56000348300206C7E002000400C4000800C40B2
:10A57000082830B422D00A280CBF4FF405714FF4DC
:10A580004671104C104D636C626C2B400F4802F00A
:10A5900003021A43636C03F0E00313430B43636449
:10A5A000436C426C2B4002F003021A43436C03F0ED
:10A5B000E0031343194330BC416470474FF44071CA
:10A5C000DFE700BF00400C4000FCFFFF00800C40B4
:10A5D00010B41F4C1F281F49A36C23F02003A36451
:10A5E000626C8B6C22F4404223F020038B644B6C32
:10A5F00023F4404312D942F4404243F4404362649E
:10A600004B641349134A8B6C5DF8044B43F02003F1
:10A610008B64936C43F02003936470470F2808D930
:10A6200042F4004243F4004309480A4942644B643F
:10A63000E7E7072804D942F4804243F48043F3E774
:10A64000032862644B64DCD85DF8044B704700BF9C
:10A6500000400C4000800C40A249A34B88422DE9E9
:10A66000F047A24C5E699A69D4F80C801BD9A04BC4
:10A67000984240F20281C31A9E491B0AA1FB0313B0
:10A6800040F22761DB0903EB830303EB830303F24F
:10A69000E2438B4228BF0B46A3F54877964BA3FBBA
:10A6A0000737FF0804E0954FB8428CBF0E270627F6
:10A6B0008D4908F01F09D1F88030B94543F0C00337
:10A6C000C1F880300CD228F01F08A1F5F82148EA23
:10A6D0000708C1F80C800B68002BFCDA08F01F0992
:10A6E00016F0007324D186490C698649A14300F015
:10A6F000EA8082F4805134464FF4805514F0605F54
:10A7000004D026F060561E43774B5E6111F4405F23
:10A7100007D022F4405274492A438A618B6C1A078D
:10A72000FCD446F00076704A5661936C9B06FCD4CC
:10A73000754CA04200F2CE804FF0010C01466346FA
:10A7400003FB011203F1010E0CF10105A24218D81E
:10A75000BEF1080F4FF0010340F08D80BCF1040FF3
:10A7600000F291800A18A24200F2A48005FB00F1D9
:10A77000AC4603F1010E03FB01120CF10105A242EC
:10A78000E6D90CF1FF318C0286EA81215F48104442
:10A790005F4A90427FD9DFF8A4A16C225D48584DF2
:10A7A000B0FBFEF0D5F800E0B0FBFCF0DFF890C1A4
:10A7B0000EEA0C0CD44509D042F400524FF4805CF0
:10A7C000C5F800C02A602A68002AFCDA464A1569E2
:10A7D00005F007059D4203D01361936CDD03FCD4A3
:10A7E00011F4E05F09D026F4E05604F4E0543E4A48
:10A7F00026435661936C9907FCD44749474A014464
:10A8000091423CD8464BC909A3FB0131090B4B1EB1
:10A810001B0286EA030212F4407F06D026F440763B
:10A8200003F44073304A334353612F4A536923F092
:10A8300000735361936C9B06FCD43A4B4F45A3FBCA
:10A8400000234FF0FF324FEA9343B0FBF1F1B2FB2C
:10A85000F3F3354A1060354A1160354A136008D267
:10A8600028F01F08214A48EA0707D7601368002B21
:10A87000FCDABDE8F087734662E7122718E74FF469
:10A8800040730421C5E70CF1FF31204807238C02F7
:10A89000104486EA8121274ADFF8A8A0A2FB002005
:10A8A000020D2548362A38BF362202FB00F042EA64
:10A8B0000A0A74E74FEA8C24002386EA8C214FF0C1
:10A8C000010EAC4662E71D4686F0C05411464FF0BB
:10A8D000C05313E700244FF0010C024631462346D3
:10A8E000E64653E700A4781F00C00F400000084070
:10A8F0000046C32323B24C001F85EB5100366E0186
:10A9000000800D4040300080FFB19F26808D5B00AD
:10A91000FF7EF64D00643F4D7FD1F0087F17B42CC9
:10A920009F10E50083DE1B432C8800202888002030
:10A930004CE80020819F5E16001BB7006C20008051
:10A940007F3001800020008000B970472DE9F84F6A
:10A9500001218146214C224D224E54E8003F2A68B5
:10A96000306844E80013002BF7D11F494B684FF4BF
:10A970007A7BDFF878A01B1A01270BFB02F8DAF8C4
:10A980000020A3FB02325A4594BF9044D84454E8B7
:10A99000003F2A68306844E80073002BF7D14B6809
:10A9A000DAF800C01B1A0BFB02F2A3FB0C3CBCF54F
:10A9B0007A7F94BF624402F57A72A2EB0802B2F584
:10A9C0007A7F06D3B9F1010908F57A78DFD1BDE8BD
:10A9D000F88F01F059FE0449D9E700BFD8E80020FC
:10A9E000D4E80020D0E80020001000E04CE800206F
:10A9F000362816D80201104B03EB00109B5810B4F8
:10AA0000C2685C68144205D061B95DF8044BC3F8B4
:10AA100088207047836851B1084A5DF8044B1A607A
:10AA2000704770475DF8044BC3F884207047044AB0
:10AA30005DF8044B1A6070476C7E002038F001000E
:10AA40003830010036280BD8064B020103EB00100A
:10AA50009A58C36892681A4214BF012000207047B8
:10AA6000002070476C7E0020362829D8164B020142
:10AA7000012903EB00109A5810B45368C4680ED033
:10AA800004290CD023EA040353608368A9B1022986
:10AA900017D003290CBF0D4A0D4A1A6007E0234363
:10AAA00001295360836808D040F638021A60436871
:10AAB00015225DF8044B1A60704738221A60F6E7D9
:10AAC0007047044A1A60F2E76C7E002038300100BB
:10AAD0003800010038F0010030B4124A0020124B57
:10AAE0000121124D124CC2F8F032C2F8F402C2F841
:10AAF000B810C2F8A000C2F8A450C2F8B010536950
:10AB0000DB07FCD551612378DB07F0D413680549D6
:10AB100043F0010313600B68DB07FCD462B630BC62
:10AB2000704700BF00802A400504012401000F0087
:10AB300000812A4070B50E4C4FF6FF7E0D4E04F199
:10AB40007E05A6F58053002102E0B34281B204D213
:10AB50001A88481C02337245F7D124F8021FAC4210
:10AB600006F58056EDD1044B01221A7070BD00BF6E
:10AB70004EE8002000107C600CE9002041F2BB038D
:10AB800098422FD8184B10B51B7804463BB3A00849
:10AB9000164B04F00301164CA3FB0023C21A03EB6F
:10ABA0005203144A5B09C3EB831E9C46A0EB0E03C1
:10ABB00041EA8C01FF2034F813C01A444FEA4C0CD0
:10ABC00013030CEB023CBCEB023F07D91A8802339B
:10ABD000D4B28C4208BF100A9C45F7D810BDFFF7CD
:10ABE000A9FFD4E7FF2070470CE9002005411004BD
:10ABF00050E80020C0070600F8B50F46164672B6AA
:10AC0000344B40F20641344A9A610222DA61002252
:10AC1000C3F8A020C3F8F012C3F8F422C3F8F82256
:10AC2000C3F8FC224FF47022C3F8A4200122C3F819
:10AC3000B02020F01F038219BFF34F8F4FF0E024A4
:10AC4000C4F85C3F20339A42FAD8BFF34F8FBFF36A
:10AC50006F8F204D6B69DA07FCD501231F49B2B213
:10AC600020F07F406B6142F47022C5F8F01242F28E
:10AC70000121184CC5F8F412C5F8BC30C5F8A00085
:10AC8000C5F8A420C5F8B030154D01E05B0609D425
:10AC9000636913F00100F9D041236361BDE8F84016
:10ACA000FFF71ABF082E0AD836B132463946374464
:10ACB0000646284600F024F940236361E8E7A6F140
:10ACC000080008263946324637440646284600F032
:10ACD00017F9F1E700802A40F05AF05A32041808B8
:10ACE00080812A4010B472B6284B0221284C0022E1
:10ACF0009C614FF47024D96140F20641C3F8F01210
:10AD00000121C3F8F422C3F8F822C3F8FC22C3F8E7
:10AD1000A020A2F58052C3F8A4400240C3F8B010AE
:10AD2000BFF34F8F02F5805102F120034FF0E02C6A
:10AD3000994234BF0121802102EB41118B42CCF8B2
:10AD40005C2F1A4603F12003F8D1BFF34F8FBFF3F6
:10AD50006F8F0E4A5369D907FCD501240D490E4B5C
:10AD600054610340C2F8F0124FF470200749C2F852
:10AD7000A030C2F8A400C2F8B0404B69DB07FCD594
:10AD800001235DF8044B4B61FFF7A6BE00802A400B
:10AD9000F05AF05A2004180800F0FF0041F2BB03FB
:10ADA000984200F28980464B2DE9F0471B78C2B0EB
:10ADB00005468946002B7CD0AB08424E05F00305C2
:10ADC000414FA6FB03269A1B06EB5206760945EA7D
:10ADD0008605C6EB86169E1B3C4B37F8164033445F
:10ADE00060004FEA033800EB0330B0EB033F64D957
:10ADF00043464FF0FF0C1A880233D1B2A94208BF74
:10AE00004FEA122C9842F6D8E14541D0B4F5006FD4
:10AE100041D302AC4FF48072FF21204604F010FBB6
:10AE200008F5805008F102034246984234BF0120E1
:10AE30004FF4006008EB4000134602321B88824248
:10AE4000D9B24FEA13236354F6D104F805900DF1FB
:10AE500007090DF2071A00254C464046FFF742FF4E
:10AE600014F801CF08EB450002220DF10601631E24
:10AE7000BCF1FF0FA3EB090306D043EA0C23013515
:10AE8000ADF80630FFF7B8FEA245E9D127F8165015
:10AE900042B0BDE8F08745EA092502A90222013443
:10AEA000ADF80850FFF7A8FE27F8164042B0BDE8FD
:10AEB000F087FFF73FFE7FE770474FF0FF0CA3E7F7
:10AEC0000CE900200541100450E80020C0070600EE
:10AED00062B170B505460C468E182046013415F84F
:10AEE000011BFFF75BFFB442F7D170BD704700BF95
:10AEF00008B5F7F7EFFDF8F73BF801F0C5FBFAE707
:10AF0000844641EA000313F003036DD1403A41D374
:10AF100051F8043B40F8043B51F8043B40F8043B33
:10AF200051F8043B40F8043B51F8043B40F8043B23
:10AF300051F8043B40F8043B51F8043B40F8043B13
:10AF400051F8043B40F8043B51F8043B40F8043B03
:10AF500051F8043B40F8043B51F8043B40F8043BF3
:10AF600051F8043B40F8043B51F8043B40F8043BE3
:10AF700051F8043B40F8043B51F8043B40F8043BD3
:10AF800051F8043B40F8043B51F8043B40F8043BC3
:10AF9000403ABDD2303211D351F8043B40F8043B63
:10AFA00051F8043B40F8043B51F8043B40F8043BA3
:10AFB00051F8043B40F8043B103AEDD20C3205D373
:10AFC00051F8043B40F8043B043AF9D2043208D06B
:10AFD000D2071CBF11F8013B00F8013B01D30B88DD
:10AFE00003806046704700BF082A13D38B078DD0BB
:10AFF00010F003038AD0C3F10403D21ADB071CBF8D
:10B0000011F8013B00F8013B80D331F8023B20F8F6
:10B01000023B7BE7043AD9D3013A11F8013B00F82F
:10B02000013BF9D20B7803704B7843708B788370B7
:10B030006046704701F1FF3C70B56646002400E0B1
:10B040000134B0FBF2F502FB1503092B03F1370EB7
:10B0500003F130035FFA8EFE98BF5FFA83FE9042E1
:10B06000284606F801EFEBD2631C0022C818CA5428
:10B070007CB162461CF8015F10F8016DA1EB0C0376
:10B0800002328CF80060013B521A057023449A4248
:10B09000EFDB084670BD00BF4FF0010C0CFA01FC5D
:10B0A00001EB410100EB411170B5B1F80EE01FFA60
:10B0B0008CF5254C1FFA8EFE24782E010EFB0333EF
:10B0C00006F0F006E340B0F888417345A4B228BF0B
:10B0D00073463443012AA0F888410DD0022A28D0B3
:10B0E000C2B10CF00F02B0F888C11FFA8CFC4CEA18
:10B0F000020CA0F888C170BD9BB20CF00F022D02AB
:10B10000CB82B0F8803105F470659BB22B43A0F878
:10B110008031E8E7AEEB030E0CF00F021FFA8EFE53
:10B12000A1F80AE0B0F880319BB21343A0F8803157
:10B13000D9E79BB20CF00F02CB83B0F880319BB201
:10B140001E43A0F88061CEE7DC92002036284BD861
:10B15000F8B52A4D044615F8202005EB8005012A94
:10B160002DD0022A3FD16B78C3F3011003283ED0C3
:10B17000234A02EB803203F0030C224889B2634673
:10B1800002EB4C1C0678BCF806E05801BCF8103005
:10B190001FFA8EFECEF1011E1EFA83F303F1FF3E6D
:10B1A0000EFB01F1F1408E4523D95B1AC3F1010377
:10B1B0009BB289B20244ACF8063011820DE06A7885
:10B1C000C2F30113032B10D00F4800EB83308BB276
:10B1D00002F00301AA78FFF75FFF0C4BEA7803EB5C
:10B1E00004135B681A60F8BD70470948EFE7094A25
:10B1F000C1E7991E4FF6FF73DBE700BF60830020B5
:10B2000000C01D40DC92002000C03D406C7E00204C
:10B2100000803E4000801E4000230F2248F2B82CE0
:10B22000194610B54FF470444FF4806EA0F88C416D
:10B230004FF46044A0F88E210A46A0F89031B0F88F
:10B2400088319BB243F0F003A0F8883101EB410351
:10B25000013100EB431304299C80A3F806E05A84D3
:10B260001A865A805A81A3F80EC05A82DA825A830B
:10B27000DA83EBD1B0F888319BB243F00F03A0F82A
:10B280008831B0F888319BB243F47063A0F88831FC
:10B2900010BD00BF374B384A996F384841F47F01E1
:10B2A00070B5996741F20106D3F8801045F6C05594
:10B2B00043F226040A43C3F88020FFF7ADFF00F5F0
:10B2C0008040FFF7A9FF00F58040FFF7A5FF00F5DC
:10B2D0008040FFF7A1FF0022A0F503104FF00F0EF2
:10B2E000114600EB42134FEA421C01329981042AB5
:10B2F0005981A3F80EE09E82DD8020F80C1019829F
:10B300009C81EED100221E484FF00F0E41F2010643
:10B31000114645F6C05543F2260400EB42134FEAAE
:10B32000421C01329981042A5981A3F80EE09E82C1
:10B33000DD8020F80C1019829C81EED1002211488A
:10B340000F2641F20105114645F6C05443F2260E80
:10B3500000EB42134FEA421C01329981042A5981C1
:10B36000DE819D82DC8020F80C101982A3F80CE0AD
:10B37000EED170BD00C00F40000003FC00C03D4096
:10B3800000001E4000401E4072B6EFF30583524C91
:10B39000C4F884301EF0040F0CBFEFF30882EFF303
:10B3A00009824FF0E0234D4E4D4DD3F8280DD3F8D0
:10B3B0002C1DC4E92201D3F8341DD3F8383DC4E96B
:10B3C00024139369C4F89830D369C4F89C3000F012
:10B3D000D1F884ED280A01F045FA0B214FF0FF3235
:10B3E000C4F8A4000B46C4F880103E49301D5A40F2
:10B3F000202402F00103013C01FB03F383EA520223
:10B40000F7D1A84202D073680646EFE7324BC3F883
:10B41000A820BFF34F8F4FF0E0233049324AC3F8E2
:10B42000701FC3F8702FBFF34F8FBFF36F8F2F4A7A
:10B4300002252F48D36E2F4943F44053D36605604D
:10B44000D3692D4823F07F0343F04003D3610B6899
:10B4500083423DD8264D00214FF0E0234FF0FF32CC
:10B4600029600126C5F808112449C5F80011C5F85E
:10B470000861C3F88021C3F88421C3F88821C3F888
:10B480008C21C3F8902101E000F066F9D5F80C3169
:10B49000002BF9D00134C5F80C614F2CF4D9184BAE
:10B4A000022018494FF00042C1F840015A63D5F814
:10B4B0000C313BB9144815490D4A0163D2F80C31DF
:10B4C000002BFAD04FF0E023114AC3F80C2DFEE711
:10B4D000FFF7C2F8BEE700BF00FF272080FF27204C
:10B4E000A8FF27202083B8EDA0FF272000C00F4031
:10B4F000004008402C880020803DCD0B009F240098
:10B5000000900D4000002E4000800F40F100AD0B78
:10B510000400FA050A490A6838B108B51318094841
:10B52000834204D810460B6008BD1046704704F0F3
:10B53000A9FB0C234FF0FF320360104608BD00BF8B
:10B54000E08C002000002820002070474FF0FF30E2
:10B55000704700BF4FF4005300204B60704700BF9E
:10B56000012070474FF0FF30704700BF30BFFDE74C
:10B57000FFF70ABF124AD2F880305B07FBD5D2F83A
:10B5800080301048C3F30B230F4990ED007A07EE8B
:10B59000903A91ED006AB8EE477A0C4AF8EEE77AF5
:10B5A0000B4BD2ED006A77EEC77A93ED007AB8EED6
:10B5B000477A67EE867A87EEA60A37EE400A70472A
:10B5C00000810D403CE8002044E8002048E80020CD
:10B5D00040E80020836BF0B41BB1536843F4004390
:10B5E000536072B6446B3CB31A4B2260D3F8B0413F
:10B5F0000C421DD1184E776804E07468E41BB4F562
:10B60000166F0BD2D3F8404144F48044C3F8404154
:10B61000D3F8B851D3F840416404EED50D4007D1BA
:10B620000C4CC0E90225D4F8B0310B43C4F8B0315A
:10B63000426362B6F0BC7047064DC0E90224D5F8FB
:10B64000B0310B43C5F8B0310263426362B6F0BC5F
:10B65000704700BF00002E40001000E070B5056B81
:10B660009DB106462A46002403E012680134012AEF
:10B670000CD0536813F08003F7D032632CB1284606
:10B68000B36B2D689847013CF9D170BDC6E90C3306
:10B69000F4E700BF30B4D9B91F4C204B0021204A39
:10B6A00001254FF0011099601D60C4E9023180242A
:10B6B0005C60C2F8BC01D2F8B0311A482B43C2F822
:10B6C000B0310160D2F8B031002BFBD130BC7047F3
:10B6D0000904154B104C012541F080019860104A77
:10B6E000596000F580511D60D96000F50051A364D8
:10B6F000196100F5405100F58040596100219861C1
:10B70000E164D2F8B03143F48033C2F8B031D2F8FA
:10B71000B031002BFBD1C0E700000020C096002014
:10B7200000002E40D0E70020E096002008490122CA
:10B730000B7802FA00F023EA0000087030B9054ADD
:10B74000D2F8483123F08003C2F84831704700BF77
:10B750000FE9002000002E402DE9F04F974C83B0F8
:10B76000D4F84471FB07C4F8447153D5D4F8AC2124
:10B77000002A4AD0924EDFF860A2DFF87492DFF818
:10B7800074B2DFF87482C4F8AC21D6E90A20D4F888
:10B79000403143F40053C4F84031D4F840319D04A3
:10B7A000F5D5D4F8403123F40053C4F840314FF0BC
:10B7B0000113C4F8B431D4F8B45115F00115FAD11D
:10B7C00093B28446CAF80050B3F5086F00F0CF81F9
:10B7D00000F2DB8040F202318B4200F0E78100F2A0
:10B7E0009A80822B00F0CB81B3F5817F40F08A8074
:10B7F00010F0780F83B200F003824FF00113C4F809
:10B80000C031D4F8AC21002ABDD16C4AD2F8BC3189
:10B81000002B42D17E0616D5684BD3F8AC21C3F875
:10B82000AC21D3F8BC21C3F8BC21D3F8B041002C23
:10B83000FBD14FF0FF32C3F8B421D3F8843100F0CC
:10B8400027FD604B1C60FC0103D55F4B1B6803B1F7
:10B850009847B80103D55D4B1B6803B1984779073A
:10B8600008D5564BD3F8843113F4007347D0584BA6
:10B8700001221A70514BD3F848311A060AD53B06FB
:10B8800008D5544A13782BB1013BDBB21370002B5F
:10B8900000F0728203B0BDE8F08F4F49C2F8BC31AE
:10B8A0000868034240F0D181464A14681C40B1D078
:10B8B0005FEA144810D0424E4FF0010998FAA8F5FB
:10B8C000B5FA85F506EBC51009FA05F54030FFF726
:10B8D000C5FE38EA0508F1D1A4B2002C9AD0384E42
:10B8E0004FF0010894FAA4F5B5FA85F506EBC510FA
:10B8F00008FA05F5FFF7B2FEAC43F3D18AE7344A04
:10B900001370B7E7802B7FF478AF344802210580AD
:10B91000FFF7C0FE75E7B3F5A06F00F00B81A3F54C
:10B92000D063012B3FF669AF2D4B5D68002D3FF4CE
:10B9300064AF1FFA8CFC4FEA124E04E01D690C3311
:10B94000002D3FF45AAF1A887245F7D15A886245E4
:10B95000F4D14FEA1E22032A00F0A5811A89000CB7
:10B96000824228BF0246BEF5007F40F0A181184BFD
:10B970001C4918781C4B0192002818BF19461B4817
:10B98000FFF7BEFA194D019AE1E142F221218B4203
:10B990007CD033D942F221318B4200F081804FF6C6
:10B9A000C0018B427FF429AF10F47F4F83B27FF444
:10B9B00024AF43F46E4363F30F0CB5E700002E4051
:10B9C00000000020D4E70020E8E80020ECE8002098
:10B9D00015E9002016E90020D0E7002004E8002047
:10B9E0005C860020CC1E0060301F0060600D2320AC
:10B9F000C8E700205DCFC6B8C0012E40B3F5106F78
:10BA000066D042F221018B427FF4F7AE030C072B84
:10BA10007FF4F3AEB24BB349F560D960B249B3607D
:10BA2000C3F80890C1E9002001221A60AF4A5A60A9
:10BA3000AF4A1A61D4F8B01141F00101C4F8B01155
:10BA400002F5805102F5005259619A61D4F8B03183
:10BA5000002BFBD1A74AF36493600123B264136007
:10BA600048F2800353604FF00113C4F8BC31D4F89E
:10BA7000B03143F48033C4F8B0314FF48033CAF8A6
:10BA80000030D4F8B031002BFBD1BAE680B238B91F
:10BA9000994BC2F307421968984B1960984B1A707A
:10BAA000944B00229A60F2640122B3641A608022EF
:10BAB0005A604FF00113C4F8BC31D4F8B03143F4EC
:10BAC0008033C4F8B031D4F8B031002BFBD198E604
:10BAD000C2F307428B4B1A708B4BC4F8C8318B4BA7
:10BAE000C4F8CC318A4BC4F8D03100F0D3FB8022AB
:10BAF0002946884803F0A4FC874B8022C6F8A0B0F2
:10BB0000C6F8E0307B4BF5645A600122B3649D6057
:10BB10001A604FF00113C4F8BC31D4F8B03143F4CB
:10BB20008033C4F8B031CAF80050D4F8B031002BDB
:10BB3000FBD166E66F4B0121F564196080219D60A1
:10BB4000B36459604FF00113C4F8BC31D4F8B0317C
:10BB500043F48033C4F8B031D4F8B031002BFBD1BA
:10BB6000130C5B0643F08073C4F8543149E6654B0F
:10BB700001216A481B780370FFF78CFD41E683B210
:10BB800010F078007FF439AE03F07F0258F82210ED
:10BB9000624A1080180600F19E80CB0701D5012370
:10BBA000137002215D48FFF775FD2AE610F0780F4B
:10BBB00083B27FF422AE03F07F0213F0800F58F8B7
:10BBC000223014BF43F4803343F0010348F822309D
:10BBD0000022484BF2649A600122B3641A6080220A
:10BBE0005A604FF00113C4F8BC31D4F8B03143F4BB
:10BBF0008033C4F8B031D4F8B031002BFBD100E66B
:10BC000003F07F0213F0800F58F8223014BF23F4A2
:10BC1000803323F0010348F822300022354BF264D0
:10BC20009A600122B3641A6080225A604FF00113B7
:10BC3000C4F8BC31D4F8B03143F48033C4F8B03127
:10BC4000D4F8B031002BFBD1DBE500200860264999
:10BC50000C88486842F221018C427FF425AE80B204
:10BC600000287FF421AE2E492E4C03C9A1808628DE
:10BC70004FEA11412060A1717FF416AE72B62A48D6
:10BC8000017841F008010170D2F848110D0605D481
:10BC900080200143C2F84401C2F8481162B6234A29
:10BCA0005021117000E6000C2A78824228BF02461B
:10BCB000BEF5E06F44D11E4B1E4D18781E491F4B38
:10BCC0000192002818BF19462846FFF719F90723E3
:10BCD0006B70019A3BE0C9033FF561AF61E700BFBC
:10BCE000E0960020C8F70020909800208000070010
:10BCF000C8070120C0960020D4E80020E4E8002016
:10BD000013E9002014E900200200CC00C800020062
:10BD10000200C800800000201993D57404E80020B8
:10BD2000C8E70020DCE800200FE9002016E9002029
:10BD300015E90020600D2320301F0060CC1E00603C
:10BD40002946104D01922846FFF7DAF8019A25F0AE
:10BD50001F031544BFF34F8F4FF0E021C1F8703F30
:10BD600020339D42FAD8BFF34F8FBFF36F8F054842
:10BD70001146FFF78FFC44E50320FFF7D7FC0CF0DA
:10BD80008BFB00BF600D23202DE9F0471F46831E6B
:10BD9000022B01D9BDE8F087DFF84C9015460C4620
:10BDA0003C2209EBC01806464FEAC01A002108F1F0
:10BDB0000400240403F044FBB5FA85F20123520980
:10BDC00044EA427449F80A40C8F83870C8F80830A4
:10BDD000002FDFD0034AB34011680B431360BDE866
:10BDE000F08700BFD4E70020000000202DE9F047D5
:10BDF0000D46811E022901D9BDE8F087C701DFF891
:10BE00004C909246044640373C2200211E4609EBE6
:10BE100007082D0408F1040003F012FBBAFA8AF2B5
:10BE2000520945EA427249F807200122C8F83860F1
:10BE3000C8F80820002EDFD0034B10341968A24048
:10BE40000A431A60BDE8F087D4E700200000002014
:10BE500012048160C36101F5405342F0800210B4C6
:10BE60000124426001F50052046001F5805401F59F
:10BE70008041C46081615DF8044BC0E904237047D0
:10BE8000831E0A46022B00D97047064B00F11001B1
:10BE90004FF0010C03EBC0100CFA01F14030FFF73A
:10BEA00099BB00BF00000020831E0A46022B00D968
:10BEB00070470121024B814003EBC010FFF78ABBA2
:10BEC0000000002040687047124A134BD2F820024D
:10BED00020F07F40984210B584B002D200EB800081
:10BEE00040000E4C01A90A22FFF7A4F801A9002383
:10BEF000204611F8012B01333AB10A2B20F8022F0A
:10BF0000F7D11623237004B010BD5B00DBB22370A1
:10BF100004B010BD00441F4080969800C4920020D9
:10BF200000F0D6BA00F066BB00F03CBB08461146F4
:10BF300000F02CBBF8B5144C4FF0E025134E4FF435
:10BF4000003204EB4024124F06EB40160346C5F8BE
:10BF50008C2121463A883046FFF77AFF3B882344FC
:10BF6000BFF34F8FC5F85C4F2034A342FAD8BFF31C
:10BF70004F8FBFF36F8F03203146FFF795FF4FF4CC
:10BF80000033C5F80C31F8BDE00D232000970020E8
:10BF9000FEE80020244B2DE9F0411C884368C56968
:10BFA000C3F30E43E41A002C24DD204920480A780C
:10BFB0000078D3B21F4E82421F4807D010F803808A
:10BFC00036F81870C7F50072944218D90133002270
:10BFD00026F81540082B194E88BF134626F8152061
:10BFE00098BFDAB2C554164B0A701A6814441C6024
:10BFF000BDE8F0812846BDE8F041FFF79BBF07EBA5
:10C000004820104922462744084401EB4521FEF709
:10C0100077FF0B4A284626F8187013682344BDE8BA
:10C02000F0411360FFF786BFFEE800200DE9002015
:10C030000EE9002010E8002030E8002020E8002071
:10C040000CE80020E00D23201D4B1A78002A36D181
:10C0500002F0FF031B4A12788AB32DE9F0411A4D12
:10C060002A8852B3194EC2F50068194F3278194C1C
:10C0700007EB421704EBC224424638462146FFF73D
:10C08000E7FE04EB0802BFF34F8F4FF0E023C3F845
:10C09000704F2034A242FAD8BFF34F8FBFF36F8F97
:10C0A00004203946FFF7ECFE33780133DBB2032B73
:10C0B00088BF0023337000232B80BDE8F0817047D8
:10C0C00012E9002014E9002000E9002011E9002015
:10C0D00000980020E01D23202DE9F04F85B0CDE928
:10C0E0000110002900F0BF800023604CDFF8988128
:10C0F000DFF898A15E4F009301235E4A23705E4BE8
:10C100001978B8F8003002EB4119002B40F0A780F5
:10C110001E461D469B464846FFF7D4FE10F08000A1
:10C1200000F08C80BFF34F8F9AF8003084F800B095
:10C1300005B93E68002B7DD13B689B1B782B00F234
:10C1400087804E4B1B78002B74D000F09DFA0122A3
:10C15000B8F8003015462270002BDCD0464AC3F5F3
:10C16000006011781A4600EBC120454DC9022844F1
:10C17000019D954217D20393DDE901512A46FEF74E
:10C18000BFFE039B4FF040425B1BA8F800303D4BC5
:10C19000C3F88420BFF34F8F0098002328442370F6
:10C1A00005B0BDE8F08F364BCD180299FEF7A8FE1A
:10C1B00000234FF4006229464846FFF749FEBFF3CB
:10C1C0004F8F05F1200205F50063934234BF012330
:10C1D00040234FF0E02205EB4313C2F8705F203597
:10C1E000AB42FAD1BFF34F8FBFF36F8F04204946A4
:10C1F000FFF746FE204A13780133DBB2032B84BFDE
:10C2000000231D4A1370B8F80030019AD11A009A21
:10C210001A4401910092029A1A4400230292194A88
:10C22000A8F80030C2F88430BFF34F8F2370002984
:10C230007FF462AF009805B0BDE8F08F4FF4006264
:10C240000D4B8AF8000019781346A8F800208AE7F9
:10C25000012300988AF8003005B0BDE8F08F1A4637
:10C26000C3F500607FE70198E5E700BF12E9002011
:10C27000D4E800200098002011E9002014E90020F3
:10C28000E01D232000002E4000E9002010E90020DE
:10C29000704700BF2D4B002180222D4870B51B78C0
:10C2A00000242C4D8B422C4E0CBF40234FF40073C6
:10C2B0002B80338003F0C4F8284A2146284B1470A1
:10C2C0004FF4807227481C8003F0BAF8264A1021E8
:10C2D000264B0220C2E90044C2E90244244AC3E9D1
:10C2E00000441470234AC3E90244234B1C702346C4
:10C2F00014602246FFF77AFD2246318803201F4B47
:10C30000FFF742FD2346012229880420FFF76EFD36
:10C3100020460134FFF70EFE082CF9D1184B0021FE
:10C320004A221848184C0460C3F88410C3F88020CF
:10C33000D3F84821154942F08072C3F8482121B151
:10C34000134A137843F00103137070BD15E9002000
:10C350000098002002E90020FEE8002011E90020FA
:10C3600000E900200097002010E8002020E80020CD
:10C370000DE900200CE800200EE90020D59F000008
:10C3800000002E40E8E8002089A000000000000026
:10C3900017E900202DE9F04F4FF0E0234FF4003271
:10C3A000DFF8C8A083B0C3F88C218B469AF8004010
:10C3B00000294FD08046E4B20027DFF8B490264B26
:10C3C000ABEB070225491B78A34204F101043FD0DF
:10C3D000092C234B404628BF00241E5D39F816C0A7
:10C3E0000CEB462319441F4B33F81650A5EB0C05F4
:10C3F000AA421CD20CEB462C18491B4C61440192FA
:10C40000FEF77EFD216839F816505846019AA1EBD7
:10C410000B012A44394429F8162021604FF0E0230B
:10C420004FF40032C3F80C2103B0BDE8F08F2A4668
:10C430002F44FEF765FD0C49E3B230460A68A84474
:10C44000521B0A608AF80030FFF774FDBB45B6D86E
:10C450003846E3E70846E1E70DE90020E00D232038
:10C4600030E8002010E800200CE800200EE9002051
:10C4700020E800200B4B0C4A12781978D3B28A427C
:10C480000DD0013309480A4A092B0A4928BF002365
:10C49000C35C31F8131002EB4323585C70474FF034
:10C4A000FF3070470DE900200EE9002030E8002041
:10C4B000E00D232020E80020044B10B51C680CB1CF
:10C4C000204610BD00F0E0F8204610BD0CE800202A
:10C4D0002DE9F84F144E154D33782A78934221D028
:10C4E000DCB2DFF85090DFF850B0DFF85080104F2A
:10C4F0000134082C5FFA84FA01D90024A24619F805
:10C500000400DBF8003038F8102037F81010521A09
:10C510009B1ACBF80030FFF70DFD86F800A02B78B2
:10C52000A342E5D1BDE8F88F0EE900200DE9002017
:10C5300020E8002030E800200CE8002010E800206F
:10C5400000B583B001210DF10700FFF723FF20B1F3
:10C550009DF8070003B05DF804FB4FF0FF30F9E7EA
:10C56000094B00B583B01B788DF807003BB1012162
:10C570000DF10700FFF7B0FD03B05DF804FB03F019
:10C58000FF0003B05DF804FB14E90020044B1B78A6
:10C5900003F0FF020BB1FFF79FBD1046704700BFCD
:10C5A00014E900202DE9F0410024DFF84480012344
:10C5B0000D4D27460D4E88F800303378284620353B
:10C5C000A34204F1010405D0FFF77CFC030658BF29
:10C5D00007F50067042CF0D1BFF34F8F00233846D6
:10C5E00088F80030BDE8F0810098002011E90020B3
:10C5F00012E900202DE9F8431D4B1B7813B11D4DA6
:10C600002A880AB9BDE8F8831B4EC2F500691B49A8
:10C6100033784A461A4C01EB43181A4F04EBC324F3
:10C62000012340463B7021460023FFF711FC04EB39
:10C630000902BFF34F8F4FF0E023C3F8704F20344F
:10C64000A242FAD8BFF34F8FBFF36F8F0420414649
:10C65000FFF716FC33780133DBB2032B88BF0023CE
:10C66000337000232B80BFF34F8F3B70BDE8F883FE
:10C6700014E9002000E9002011E9002000980020C2
:10C68000E01D232012E900202DE9F8432D4B1E78F0
:10C6900066B12D4F3B784BB90123F1073B7043D472
:10C6A000B20726D400233B70730701D4BDE8F8839A
:10C6B000264B1A68002AF9D0EFF30582002AF5D13B
:10C6C000EFF3108572B61868002834D0204C21781A
:10C6D000002930D10122227042691A60002A2ED02E
:10C6E000916105B962B60025836845779847257042
:10C6F000DCE7DFF8648098F80030002BD2D000250A
:10C70000DFF858902B4659F823400135236820461E
:10C710001B69984710B163699B68984798F8002097
:10C72000EBB29A42EFD8BDE7FFF7C6FE0028B7D0BC
:10C73000AFF30080B4E7002DB8D162B6B6E7054B81
:10C740001A60CEE717E9002008E90020F8C30020AE
:10C7500006E9002004C4002007E9002008C40020E6
:10C76000EFF3108272B6437F5BB9017F012930B4C9
:10C770000BD0032913D00123437702B962B630BC32
:10C7800070470AB962B670477047124C2168B1B160
:10C79000114943610B68086083615861EBE70F4DF5
:10C7A0000F492C688CB143610B68836158614FF06D
:10C7B000E0234FF080540860C3F8044DDBE7064BDC
:10C7C00020601860C0E90511D5E7C0E9054428607C
:10C7D000EDE700BFF8C3002004C4002000C400201F
:10C7E000FCC3002090F81CC04160BCF1020FC26085
:10C7F00001D183681847FFF7B3BF00BF70B5EFF3EF
:10C80000108272B60C4C206880B10C4E0025436932
:10C81000236073B19D6102B962B68368457798471A
:10C82000EFF3108272B620680028F0D102B962B628
:10C8300070BD3360EFE700BF00C40020FCC30020E0
:10C84000FFF7DCBF0449054A4968054B19601368C6
:10C8500001331360704700BF001000E0D4E80020EF
:10C86000D0E80020074A506A936A19468446506A05
:10C87000936A9942F9D18445F7D1DB0B43EA4040F2
:10C88000704700BF00400D4008B5D0E900325BB1F1
:10C89000BAB10F4BA3FB0213DB0803EB4303B2EB6C
:10C8A00083030AD1012008BD094BA3FB0213DB0857
:10C8B00003EB4303B2EB830301D0D21A4260F02AA8
:10C8C000F0D803F0DFF91C22034600201A6008BDEF
:10C8D000ABAAAAAA70B5044638B319B1B2FA82F667
:10C8E0007609A2B9206800B36268F2B1184B194901
:10C8F00002FB03F3B1EBB30F17D3A368E3B9002234
:10C90000012322606260A260E260184670BD1D468D
:10C91000049BC0E90012C360FFF7B6FF034600287E
:10C92000F3D06DB90123184670BD03F0ABF91622A0
:10C9300000230260184670BD002102F081FDDEE791
:10C94000626831462068A56002F07AFD0123DCE7C9
:10C95000ABAAAAAA5555551503460846194603F031
:10C960004DB900BF38B50D46044600212846FEF7F4
:10C970007BF8084B2A0103EB051599580023EA6858
:10C98000A360E3732382A374C4F80B30C4E90021CD
:10C9900038BD00BF6C7E0020F0B5D0E9005C72B6F7
:10C9A000DCF80430EF4323EA0503CCF8043062B628
:10C9B0007C20DFF8C0E02D492D4E4C68DEF80020C9
:10C9C000A6FB0232920C52004B681B1B9A42FBD80A
:10C9D000DCF808302B4204D1431E13F0FF00ECD1E9
:10C9E000F0BD72B6CCF88850DCF804302B43CCF89C
:10C9F000043062B61E4B4868DEF800201B49A3FBDA
:10CA00000232920CC2EB021252014B681B1A9A427C
:10CA1000FBD872B6DCF804301F40154BCCF804701C
:10CA20004868DEF800201149A3FB02324623920C2D
:10CA300003FB02F24B681B1A9A42FBD8DCF8083061
:10CA40002B420CBF0120002062B6094B4C684FF40A
:10CA5000CD71DEF80020A3FB0232920C01FB02F242
:10CA600002494B681B1B9A42FBD8F0BD001000E046
:10CA700083DE1B432C880020CB0770B4D0E9004034
:10CA800028D572B6C0F888404368254D2343254910
:10CA90004360254B6E680A68A3FB0232920C02EBDE
:10CAA000820252006B689B1B9A42FBD8C0F88440FC
:10CAB00062B61D4B68680A681949A3FB0232920CE2
:10CAC000C2EBC203C2EBC3024B681B1A9A42FBD8EB
:10CAD00070BC704772B6C0F888404368104D23435D
:10CAE00010494360104B6E680A68A3FB0232920C37
:10CAF00002EB82126B689B1B9A42FBD8C0F8844001
:10CB000062B6094B68680A680549A3FB0232920CB9
:10CB100002EB82024B681B1A9A42FBD870BC70472A
:10CB2000001000E02C88002083DE1B4370B4D0E9A5
:10CB3000004172B64B681D4823431D4D4B60C1F840
:10CB400088401C4B46682A68A3FB0232920C02EB19
:10CB5000420243689B1B9A42FBD84B68134E23EA60
:10CB600004034B60134B40682A68A3FB0232920C0B
:10CB700002EB8202520073681B1A9A42FBD88B6840
:10CB8000234214BF0120002062B60A4B352174688D
:10CB90002A68A3FB0232920C01FB02F203494B68A4
:10CBA0001B1B9A42FBD870BC704700BF001000E00E
:10CBB0002C88002083DE1B432DE9F0410825064622
:10CBC0000F4690460124274230464FEA440414BFE2
:10CBD00001210021FFF750FF013DE4B2F3D1B8F18C
:10CBE000000F0AD172B6D6E900135A6822EA010290
:10CBF0005A603268C3F8882062B6BDE8F08100BF91
:10CC0000F8B508240027012506463046FFF78EFFB9
:10CC10006B0000B12F43013CDDB2F6D13846F8BDC0
:10CC200070B508250124064614F0CC0F30464FEAB3
:10CC3000440414BF01210021FFF71EFF013DE4B2AF
:10CC4000F2D172B6D6E900135A6822EA01025A609C
:10CC50003268C3F8882062B670BD00BF00238360CD
:10CC6000C37303828374C0F80B307047837C2DE953
:10CC7000F04704462BB1002318462382A374BDE875
:10CC8000F08789461546FFF787FE0028F3D008266F
:10CC9000002D45D0012515F0F00F20464FEA45053F
:10CCA00014BF01210021FFF7E7FE013EEDB2F2D1F2
:10CCB00072B6D4E900135A6822EA01025A60226867
:10CCC000C3F8882062B601264FF000083746C246F6
:10CCD0002046FFF72BFF05462046FFF727FF012DD3
:10CCE00001D1012847D085422ED0012D04EB080345
:10CCF00025D01A7A22EA06021A72760029462046C0
:10CD00000137FFF7B9FE16F0FF06FFB2E0D108F1D8
:10CD100001085FFA88F8B8F1080F2CD00126D7E790
:10CD2000012515F0EC0F20464FEA450514BF0121FF
:10CD30000021FFF7A1FE013EEDB2F2D1B8E71A7A69
:10CD4000012532431A72D8E7237CBB420DD904EB8C
:10CD500008031A7A164214BF01250025002DEED1D2
:10CD6000082F24D8BA466774C3E70CBF01250025F5
:10CD700004EB0803F2E7402F7FF67DAF84F810A0A4
:10CD8000BAF1000F01D10123A374227A002A3FF4E3
:10CD900072AF09F1FF33083409F1070901E014F813
:10CDA000012F03F8012F4B45F9D1012067E7BA465F
:10CDB0009FE700BF81B100EB010C084B002110F888
:10CDC000012B5140604501F00F0203EB11119A5CF9
:10CDD000097C81EA0201F2D108467047A01F006079
:10CDE000324B334930B5D3E911542079C8771A6CE6
:10CDF00095F804C081F81CC0087752B1B2F5004F15
:10CE000023D32C4911442A4A1964D07682F81BC0D6
:10CE100030BD19680F24D86C8C6540F20134CA61AA
:10CE20000C614FF47C544C6103210468246883F83E
:10CE30003D10214B9C4226D1037F4260022BC260F1
:10CE400026D18368BDE8304018472D68E98B090476
:10CE500022D492B2EA832168EC8BA4B2EC82CC8B10
:10CE6000240405D5CC8BC2F3080204F47E4422438B
:10CE7000CA83CA8B92B2CA8200210D4A1964D07645
:10CE800082F81BC030BD23461146BDE8304018472C
:10CE9000BDE83040FFF764BCE98BC2F3080E92B2E4
:10CEA00001F47E4141EA0E01E983D4E73088002095
:10CEB00000800E400180FFFF25A8000043682DE997
:10CEC000F04FD3E90041814D4FF0B80A22684FF08E
:10CED000020822EA01027E492260AA6911407D4AC5
:10CEE0000A43AA6190F810E07B4A03EB0E0603EBBD
:10CEF0008E0E317C02EB01118968C1F800A090F818
:10CF000011C003EB0C050CF10A0C95F8241002EB90
:10CF100001118968C1F800A0817C03EB010903EBD2
:10CF2000810199F838B002EB0B1BDBF808B0CBF8A5
:10CF300000A0D4F800A05F684AEA070AC4F800A07D
:10CF4000347CDEF814E002EB04146468C4F800E0FA
:10CF500095F8244053F82CC002EB04146468C4F81C
:10CF600000C0C96B99F8384002EB04125268116096
:10CF70009A6C99F8441011601A6A317F5B6B1160EA
:10CF800095F830201A600F220368C3F810809A6564
:10CF9000C27C002A31D072B6C37CDC0708D54FF0C2
:10CFA000E0214469D1F8802122408262C1F88021C9
:10CFB000990708D54FF0E0218469D1F884212240F7
:10CFC000C262C1F884215A0708D54FF0E021C46934
:10CFD000D1F8882122400263C1F888211F0708D5B3
:10CFE0004FF0E021046AD1F88C2122404263C1F85D
:10CFF0008C21DE0655D462B60368384C8268A242A2
:10D0000059D0324A846092693549C2F30116C2F39D
:10D010008262344D51F826100132B1FBF2F2AA427D
:10D0200031D80022C260002403211C610724596208
:10D0300001211A641C661961C37C13B3DD0704D592
:10D04000816A4FF0E022C2F800119C0704D5C16A42
:10D050004FF0E022C2F80411590704D5016B4FF0DC
:10D06000E022C2F808111A0704D5416B4FF0E02204
:10D07000C2F80C11DB0604D5826B4FF0E023C3F835
:10D080001021BDE8F08F1849A1FB0251090DB2FB38
:10D09000F1F2A24288BF0131B1F5817F0DD3134A6D
:10D0A000C0E74FF0E022416AD2F890310B40836331
:10D0B000C2F890319FE7C268B5E70229B1D90239B9
:10D0C0004C08220242EA04420A43ABE700C00F4088
:10D0D000CFFFFFE3100000086C7E002000093D0038
:10D0E00004100020FF083D0083DE1B43FF7F7F000C
:10D0F00053B94AB9002908BF00281CBF4FF0FF31BF
:10D100004FF0FF3000F070B9ADF1080C6DE904CEBE
:10D1100000F006F8DDF804E0DDE9022304B0704712
:10D120002DE9F047089E0D4604460F46002B4AD1D4
:10D130008A42944665D9B2FA82F343B102FA03FCFB
:10D14000C3F120029F4020FA02F217439C404FEAAD
:10D150001C4E1FFA8CF5B7FBFEF1220C0EFB11776B
:10D1600042EA074201FB05F090420AD91CEB020299
:10D1700001F1FF3780F01C81904240F219810239A1
:10D180006244121AA4B2B2FBFEF00EFB102244EA73
:10D19000024400FB05F5A5420AD91CEB040400F18A
:10D1A000FF3280F00781A54240F2048164440238D6
:10D1B00040EA0140641B00211EB1DC400023C6E9A7
:10D1C0000043BDE8F0878B4208D9002E00F0ED80C7
:10D1D0000021C6E900050846BDE8F087B3FA83F1EF
:10D1E000002949D1AB4202D3824200F2F880841A6E
:10D1F00065EB030201201746002EE2D0C6E9004786
:10D20000DFE702B9FFDEB2FA82F3002B40F0908034
:10D210008A1A4FEA1C471FFA8CFE0121B2FBF7F570
:10D2200007FB1520220C42EA00420EFB05F090425B
:10D2300008D91CEB020205F1FF3802D2904200F23D
:10D24000CB804546121AA4B2B2FBF7F007FB1022BE
:10D2500044EA02440EFB00FEA64508D91CEB040478
:10D2600000F1FF3202D2A64500F2BB801046A4EBCB
:10D270000E0440EA05409FE7C1F120078B4022FAE7
:10D2800007FC4CEA030C05FA01F420FA07F3FD4011
:10D290004FEA1C492343B5FBF9F81FFA8CFE09FB42
:10D2A00018551C0C44EA054408FB0EF5A54202FA89
:10D2B00001F200FA01F00BD91CEB040408F1FF3A6B
:10D2C00080F08880A54240F28580A8F1020864447D
:10D2D000641B9DB2B4FBF9F309FB134445EA044413
:10D2E00003FB0EFEA64508D91CEB040403F1FF3531
:10D2F0006CD2A6456AD9023B644443EA0843A3FBC7
:10D300000295A4EB0E04AC42C846AE4656D353D0A9
:10D3100056B1B0EB080264EB0E0404FA07F7CA40FA
:10D32000CC401743C6E9007418460021BDE8F087D9
:10D33000C3F1200102FA03FC20FA01F225FA01F1FF
:10D340009D402A434FEA1C471FFA8CFEB1FBF7F0C1
:10D3500007FB1015110C41EA054100FB0EF58D424B
:10D3600004FA03F408D91CEB010100F1FF382FD2B5
:10D370008D422DD902386144491B92B2B1FBF7F5B9
:10D3800007FB151142EA014205FB0EF1914208D953
:10D390001CEB020205F1FF3816D2914214D9023D6E
:10D3A0006244521A45EA004138E73146304608E700
:10D3B0003946E6E61046FBE64845A9D2B9EB020835
:10D3C00065EB0C0E013BA3E74546EAE72B4694E7E5
:10D3D0004046D1E7D0467BE7023D624432E708464B
:10D3E0000AE76444023842E7704700BF002101F0B9
:10D3F00059BC00BF0A22002101F05CBD0A220021B5
:10D4000001F058BD034B1B5C03F00303012B08BF65
:10D41000203070474D120020024B0146186800F082
:10D420000BB800BF70920020024B0146186802F052
:10D4300059BF00BF709200202DE9F04F01F10B069B
:10D44000162E83B0044624D8102900F2BA8000F0CA
:10D45000A3FA102618220220B54F3A44A2F108017F
:10D4600053688B4200F0BA805A68D96822F00302F0
:10D470001A449D68E9608D60516841F001012046C1
:10D48000516003F1080500F08DFA284603B0BDE8AD
:10D49000F08F36F0070600F19480B14200F29180DF
:10D4A00000F07AFAB6F5FC7FC0F09A81730A00F0BA
:10D4B0008F80042B00F26F81B30903F1390003F16F
:10D4C000380CC3009A4F3B44A3F108055B689D42AA
:10D4D00006D10CE0002980F22781DB689D4206D04E
:10D4E0005A6822F00302911B0F29F3DD60463D6963
:10D4F000DFF850C265457CD06A6822F00302931BB6
:10D500000F2B00F37B81002BC7E904CC80F26C81E8
:10D51000B2F5007F80F01A81D308796801334FEAB1
:10D52000521E012202FA0EF20A4357F833E0C5F800
:10D5300008E007EBC3010839E9607A6047F8335027
:10D54000CEF80C50831001219940914257D81142D6
:10D5500006D120F003004900114200F10400FAD086
:10D5600007EBC0094D468646D5F80C80454508D1E5
:10D570001DE1002B80F22481D8F80C80454500F095
:10D580001681D8F8042022F00302931B0F2BF0DD44
:10D590002046D8E9025408EB060146F00106C8F817
:10D5A0000460EC60A56043F00104C7E90411C1E91F
:10D5B00002CC4C6048F8023000F0F4F908F108059C
:10D5C00002E00C2323600025284603B0BDE8F08F5D
:10D5D0004FF4007340204FF03F0C73E7D3689A423A
:10D5E00008BF02307FF440AF3D69DFF858C16545A0
:10D5F00082D17A688310012199409142A7D9BD68F0
:10D600006B6823F003094E4503D8A9EB06030F2BE3
:10D610007ADCDFF834B1474BDBF800201B680132BD
:10D62000334405EB090A00F0338103F580530F33CF
:10D6300023F47F6828F00F084146204602F0FAFAEA
:10D64000411C024600F0F380824500F2EE803A4B26
:10D65000196841441960084600F04E81DBF800105B
:10D66000019301311BBFA2EB0A010918CBF800207E
:10D67000196012F0070B00F01781CBF108010A4482
:10D68000CBF5805190440831A1EB0801C1F30B0A9E
:10D6900051462046009202F0CDFA421CDDE90023FB
:10D6A00000F04F81801A00EB0A081968BA6048F050
:10D6B00001005144BD425060196000F02981B9F168
:10D6C0000F0F40F227816868A9F10C0C2CF0070CB1
:10D6D00000F0010040EA0C0068604FF0050E05EB19
:10D6E0000C00BCF10F0FC0E901EE00F2328150686E
:10D6F0001546124B1A688A4238BF1960104B1A68D7
:10D700008A4238BF196094E0AA1943F0010346F039
:10D7100001066E602046BA60536000F043F9083598
:10D72000284603B0BDE8F08FD9681A44A1E600BFCF
:10D73000548E002088E6002058E6002080E6002075
:10D7400084E600205C8E00205C920020B2F5206F01
:10D750004FEA522363D3142B00F2B78003F15C012C
:10D76000C9005B3307EB010E7958AEF1080E8E4508
:10D7700000F091804B6823F00303934202D989683B
:10D780008E45F7D1D1F80CE07A68C5E9021ECEF8D3
:10D790000850CD60D6E6142B59D9542B00F29D8049
:10D7A000330B03F16F0003F16E0CC3008AE60EF138
:10D7B000010E1EF0030F05F108057FF4D5AE51E010
:10D7C000424445465368D8F80C1043F001035360B7
:10D7D00055F8083F2046D9608B6000F0E3F8F3E687
:10D7E000F00806F1080237E62A442046536843F061
:10D7F00001035360083500F0D5F8E5E6A919204685
:10D8000046F0010643F001046E60C7E90411C1E966
:10D8100002CC4C60AB5000F0C5F80835D4E6930953
:10D8200003F13901C90038339CE7BD425FD0BD68C0
:10D83000686820F003084645A8EB060302D80F2BC2
:10D840003FF762AF204600F0ADF80025BCE603F1DB
:10D850005C0003F15B0CC30034E659F808394B4512
:10D8600040F0968010F0030F00F1FF30F5D17B6897
:10D8700023EA01037B60490099423FF6C0AE19B923
:10D88000BDE649000EF1040E1942FAD0704667E673
:10D8900003F11008D0E69A104FF001087B6808FAEF
:10D8A00002F21A437A6070E702EB08014942C1F3C1
:10D8B0000B0A51462046009202F0BCF9431CDDE9F8
:10D8C00000237FF4EFAEDA46EFE6542B25D8130B96
:10D8D00003F16F01C9006E3344E7B3F5AA7F25D881
:10D8E000F30B03F1780003F1770CC300EAE5294B51
:10D8F000186840441860B1E6CAF30B0CBCF1000F85
:10D900007FF4ACAEBD68C84448F001006860F0E642
:10D910001546EEE60123536094E7B3F5AA7F23D8BA
:10D92000D30B03F17801C90077331BE740F254525F
:10D93000934223D8B30C03F17D0003F17C0CC300A8
:10D94000C0E5ABF1080BD844A8EB02084FF0000A81
:10D95000ABE605F108012046009302F0C3FCBD6868
:10D96000009B68681968C4E640F254518B420BD89A
:10D97000930C03F17D01C9007C33F3E64FF47E7311
:10D980007F204FF07E0C9DE54FF47E717E23E9E60B
:10D990007B6870E758E60020014802F075BB00BFC5
:10D9A00050E60020014802F071BB00BF50E60020A5
:10D9B00010B4044C03460A4620685DF8044B19462F
:10D9C00000F002B8709200202DE9F84F17460029A8
:10D9D00000F098800C4607F10B058046FFF7DCFF4E
:10D9E000162D54F8041C5BD810252A46AF425CD88B
:10D9F00021F003069642A4F1080962DABC4BD3F881
:10DA000008C009EB0600844500F09780D0F804C0F8
:10DA10002CF0010303445B68DB0768D42CF0030C93
:10DA200006EB0C03934247DACB0710D454F8083CBA
:10DA3000A9EB030ADAF8043023F003018C44B44460
:10DA4000944580F211817318934280F2E880394640
:10DA50004046FFF7F1FC0746E0B154F8043C23F0E0
:10DA600001034B44A0F10802934200F0D280321F20
:10DA7000242A00F2F580132A00F2AC8003462246E5
:10DA8000116819605168596092689A602146404651
:10DA900002F028FC4046FFF785FF3846BDE8F88FC6
:10DAA00025F00705002D2A46A0DA0C23C8F800301F
:10DAB00000273846BDE8F88F1E46D0E90223D36020
:10DAC0009A60731B0F2B22D8D9F8043003F001039E
:10DAD00033434E44C9F80430736843F00103736064
:10DAE00040462746FFF75EFF3846BDE8F88FC90776
:10DAF000ADD454F8083CA9EB030ADAF8041021F07D
:10DB00000301A0E7BDE8F84F1146FFF795BCD9F82F
:10DB1000042009EB050102F001024E4443F0010329
:10DB20002A43C9F804204B60736843F001030831AD
:10DB30007360404602F0D6FBD2E7DCF8040020F028
:10DB4000030B06EB0B0C05F1100084454DDAC907F9
:10DB50003FF57DAF54F8081CA9EB010ADAF8041070
:10DB600021F003018B44B34458453FF76CAF57464F
:10DB7000DAF80C1057F8080F321F242AC1608860A9
:10DB800000F2DB80132A40F2D6802168CAF8081020
:10DB90006168CAF80C101B2A00F2DF8008340AF111
:10DBA00010022168116061685160A16891600AEB00
:10DBB0000501ABEB050242F0010299604A60DAF818
:10DBC000043003F001032B434046CAF80430FFF74A
:10DBD000E9FE6EE723680360636843601B2A68D828
:10DBE00004F1080200F108034AE709EB05029A6014
:10DBF000ACEB050343F00103536054F8043C03F01D
:10DC000001032B43404644F8043CFFF7CBFE274674
:10DC10004FE750F8043C23F003031E4451E75746F6
:10DC2000DAF80C1057F8080F321F242AC1608860F8
:10DC30004CD8132A48D92168CAF808106168CAF874
:10DC40000C101B2A56D808340AF110021E4623680D
:10DC5000136063685360A3689360D1463C4630E725
:10DC6000214601F071FB11E7D0E902135746CB6062
:10DC7000996057F8081FDAF80C30CB60321F242A5D
:10DC800099602DD8132A29D92368CAF80830636807
:10DC9000CAF80C301B2A42D808340AF11003226853
:10DCA0001A6062685A60A2689A606646D1463C462D
:10DCB00007E7A3688360E368C360242A26D004F1E1
:10DCC000100200F11003DBE63A46BFE72146384672
:10DCD0001E46D14601F038FB3C46F2E63B46DEE705
:10DCE000214638466646D14601F02EFB3C46E8E622
:10DCF000548E0020A168CAF81010E168CAF8141008
:10DD0000242A20D010340AF118029FE72369036106
:10DD10006169416104F1180200F11803B0E6A368DB
:10DD2000CAF81030E368CAF81430242A21D010341D
:10DD30000AF11803B3E73A4633E72146384601F0C3
:10DD400003FB164B33E72269CAF818206269CAF848
:10DD50001C2018340AF1200278E7A168CAF81010D4
:10DD6000E168CAF81410242A0DD010340AF1180200
:10DD700017E72369CAF818306369CAF81C301834E9
:10DD80000AF120038BE72269CAF818206269CAF8F1
:10DD90001C2018340AF1200203E700BF548E002033
:10DDA0000CB410B51F4B00291C689CB035DB4FF438
:10DDB0000273ADF81430029006901FAB18D00139F1
:10DDC0004FF6FF7204910791ADF8162002A91E9A32
:10DDD0000193204602F0B4FF421C01DA8B2323603A
:10DDE000029B00221A701CB0BDE8104002B07047C0
:10DDF0004FF6FF7204910791ADF8162002A91E9A02
:10DE00000193204602F09CFF431C01DA8B23236020
:10DE10001CB0BDE8104002B070478B2323604FF068
:10DE2000FF30F5E7709200202DE9F04F2DED108BBB
:10DE300097B08A4600210792129100220021CDE975
:10DE400004128046514611910F4611F8012B2D2ADC
:10DE50005ED801A050F822F039C0000051BF000088
:10DE600051BF000051BF000051BF000051BF000072
:10DE700051BF000051BF000051BF000087BE00002D
:10DE800087BE000087BE000087BE000087BE00007E
:10DE900051BF000051BF000051BF000051BF000042
:10DEA00051BF000051BF000051BF000051BF000032
:10DEB00051BF000051BF000051BF000051BF000022
:10DEC00051BF000051BF000051BF000051BF000012
:10DED00051BF000051BF000087BE000051BF0000CD
:10DEE00051BF000051BF000051BF000051BF0000F2
:10DEF00051BF000051BF000051BF000051BF0000E2
:10DF000051BF000073C6000051BF00005FC6000093
:10DF100000210991302A7DD0002308932F2A14462E
:10DF200040F2CD844FF0000938464E464D4612E08F
:10DF30000130082D1190C8BF09EB89090478C6BFCC
:10DF400002EB4902A2F13009A3F130062F2C05F1B2
:10DF5000010522466FDD06EB8603392C02EB4303F5
:10DF6000E6DD9F49012201F023FB002837D1119BF8
:10DF70001A46013311935478002D40F04385302C1C
:10DF800040F02485C3F101029818013311931C78E5
:10DF9000302CF9D0A4F13103082B00F20183119F3A
:10DFA000431CA4F1300B0B930125BC464FF0000E2F
:10DFB00006EB86060BEB460600200CF101031193DD
:10DFC0009CF80140A4F13001092900F2BB82013024
:10DFD0008B46002940F04F84DDF844C0EDE7002077
:10DFE000652CAE460B90844601D0452C30D1002DD7
:10DFF0006BD1089B034367D1079B9FED778B13B1D0
:10E00000079BC3F800A0B0EE480B17B0BDEC108B17
:10E01000BDE8F08F7A7802F0DF02582A00F00C8415
:10E02000013711973A78302AFAD0002A00F0B780E9
:10E030000123089372E76A49012201F0B9FA002826
:10E0400000F0C080AE464FF0000CCDF82CC060460A
:10E050004FF0000B002D7ED007EE906A0B9BB8EEC0
:10E06000677BABEB0303BEF1000F08BFAE46102D7C
:10E070000A932B46A8BF1023092D8DED047B0CDDE0
:10E08000584A02EBC30212ED125B06EE909AB8EE0C
:10E09000666BA7EE056B8DED046B0F2D00F3A8806A
:10E0A0000A9A002A00F0E4830A9A40F33C83162A75
:10E0B00040F398840A99C5F125028A4280F2A68429
:10E0C0000A9AEB1A134499E00025DDF844A00AF1FE
:10E0D000010311939AF801402B2C00F05E822D2C45
:10E0E00000F0F78100230A93A4F13003092B00F21A
:10E0F000EB81302C05D1119B013311931C78302C0E
:10E10000FAD0A4F13103082BA2D8119A0C92531C17
:10E110001193A4F1300B54782F2C07DCDEE301338C
:10E1200011934C782F2CA2F1300B06DD0BEB8B02F8
:10E13000392C194604EB4202F1DD0C9A9B1A082B8C
:10E1400040F3CC8344F61F6B0A9B002B82D0CBF1AB
:10E15000000B002D80D1089B034320D1BCF1000FA0
:10E160007FF44AAF692C00F0CF8300F3F382492C8F
:10E1700000F0CA834E2C7FF43FAF1B4911A802F078
:10E18000D3FC00283FF438AF119B1B78282B00F0FC
:10E19000F284164802F048F8B0EE408B01E09FEDA3
:10E1A0000E8B079A0AB1119B1360099B002B3FF459
:10E1B0002AAFB1EE488BB0EE480B17B0BDEC108B18
:10E1C000BDE8F08F119B0B905A1C11925C78AE4603
:10E1D000F8E600BFAFF30080000000000000000080
:10E1E000D8130020A8020020E8130020A4820020F9
:10E1F0000A9AEB1A1344002B40F3B08213F00F017C
:10E200000AD0C34A02EBC1029DED046B92ED007B84
:10E2100027EE067B8DED047B33F00F0240F0388251
:10E220000023089300962B4672463946404605F077
:10E23000D3FF8146002800F0E1820B9BA3EB0B0B80
:10E240000A9B9FEDA9EB002B9FEDA9CB9FEDAADBCD
:10E250009FEDABBBB4BF5A4600224FF0000A23EA41
:10E26000E3730B920C935446D9F80410404605F022
:10E2700031FF0646002800F00E81D9F810209DEDF0
:10E28000048B0232920009F10C010C30FCF738FECD
:10E29000B0EE480B14AA13A9404606F059FB1290A1
:10E2A000002800F0E4800121404606F03DF80446D5
:10E2B000002800F0F080139A002AC0F2DE800B9B49
:10E2C0000C9F02EB030B089B149DD21A2A44914B1E
:10E2D000013A9A42C5F1360580F29880991A1F29B1
:10E2E000A5EB010500F3E380012202FA01F30D938F
:10E2F00000230E932F44089B5D44AB455A461F44B0
:10E30000A8BF2A46BA42A8BF3A46002A03DDAD1A82
:10E31000BF1AABEB020B0B9B002B00F38880002D88
:10E3200000F39C800A9B002B00F3B780002F00F3C2
:10E33000A980BBF1000F08DD21465A46404606F091
:10E340002FF90446002800F0A68012993246404674
:10E3500006F0C0F98246002800F09D800023C568C1
:10E36000C360214606F094F90028C0F2C78300F08C
:10E3700061832146504606F055FBB0EE007BB4EEBB
:10E38000C70BF1EE10FA46D8002D00F0CB80B7EEA7
:10E39000009B0598604B00226049DFF884C100EAC9
:10E3A0000107674500F0D480089959B1B7F1D46FDF
:10E3B00008D8B4EECB9BF1EE10FA40F2568103F18F
:10E3C000D661CB1BB0EE480B43EC1A2B06F02CFAAF
:10E3D000AAEE008B8DED048B18EE903A089A22B9C4
:10E3E0004E4A1A40974200F0E4801299404605F0E8
:10E3F00097FE3146404605F093FE2146404605F023
:10E400008FFE5146404605F08BFE2DE7012300218B
:10E41000CDE90D316EE7B6EE009B20EE099B002D95
:10E420005FD1B1EE497B059853EC172BB4E7214639
:10E430001A46404606F054F8044660B30146129A64
:10E44000404605F09FFF30B30F901299404605F00B
:10E4500067FE0F9A1292002D7FF764AF12992A4639
:10E46000404606F09DF8129000287FF45BAF22230F
:10E470009FED258BC8F80030BCE00C9BDDF82CB07C
:10E480009F1A20E731463A46404606F089F806468C
:10E4900000287FF44EAF1298E9E731460C9A4046C7
:10E4A00006F01EF8064600287FF440AFF3E7C2F1FD
:10E4B0007F4202F57F0202F57B420121E23201FA3E
:10E4C00002F3CDE90D1315E7CDF844A04FF0000B92
:10E4D000C0E501230A930AF1020311939AF802405E
:10E4E00002E6B0EE497B9EE79535A094FFFFCF3F53
:10E4F0009535A094FFFFDF3F35E5AF350000E03FE5
:10E500000000C0FFFFFFDF41000000000000F07FBF
:10E51000A802002002FCFFFF0000F03F0000F07F97
:10E520000000E07FDDE90412002900F08580DDE9CC
:10E530000412012900F0D8811046B74BB7EE009BBA
:10E54000002229E7652C4FF0010C3FF4BEAD4CE5ED
:10E5500043EC1A2BA0F1547305939DED04FBB0EE30
:10E560004F0B06F061F9AD49AAEE00FB1FEE903AA1
:10E57000AB4A194091428DED04FB72D9A94B18EEBC
:10E58000902A9A4203D118EE103A013383D0A54A5B
:10E590004FF0FF33CDE9043227E700230A939AE7CF
:10E5A000652C00F0D080452C00F0CD804FF0010CA0
:10E5B000D1E551EC190B0D9309F036FF09F006FF78
:10E5C000049B1D430D9B41EC170BC3F313031D4329
:10E5D00039EE479B00F0A080B4EECC9BF1EE10FA30
:10E5E00005D4B4EECD9BF1EE10FA7FF7FEAE9DEDB3
:10E5F000048B12980146404605F092FD3146404694
:10E6000005F08EFD2146404605F08AFD494640460C
:10E6100005F086FD5146404605F082FDC1E5012228
:10E620000992791C11917A78002A3FF4E5AC0F46E3
:10E6300070E400220992F4E7C2F313031046002BA2
:10E640007FF47BAFB7EE007BB4EEC70BF1EE10FAB0
:10E6500000F1D381B6EE009B20EE099BB1EE497B21
:10E66000E2E603F154730593B8E6BCEEC99B19EEDC
:10E67000103A012B38BF012309EE103AB8EE499B3E
:10E68000002D40F03E81B1EE497B53EC172B96E60E
:10E69000B2F59A7F00F3B280102A4FEA221340F3BA
:10E6A0008682614C9DED047B00202246014613F0DA
:10E6B000010F01F101014FEA630304D092ED006BF9
:10E6C000012027EE067B012B02F10802EFD108B1F1
:10E6D0008DED047B059BA3F15473059304EBC104FA
:10E6E0009DED046B94ED007B4C4B27EE067B17EE03
:10E6F000902A4E4913408B428DED047B7ED8A1F5C4
:10E7000080118B4240F2D681464C4FF0FF33CDE969
:10E7100004340023089385E5B4EECE9BF1EE10FAA5
:10E720007FF563AE63E71632FFF662AD0B9BA3EB9A
:10E730000B0B3F4B03EBCB0393ED007B9DED046B89
:10E7400086EE078B2DE54FF0000ECDF82CE04FF054
:10E75000010C4EE46E2C3FF410AD4DE43FF460AD7F
:10E760005B4213F00F010AD0314A02EBC1029DED6A
:10E77000046B92ED007B86EE077B8DED047B1B1115
:10E780003FF44EAD1F2B33DC13F0100218BF6A228A
:10E790009DED047B0892274A0021D80704D592ED0D
:10E7A000006B012127EE067B5B1002F10802F4D119
:10E7B00009B18DED047B089B93B1DDE90401C1F340
:10E7C0000A52C2F16B03002B0ADD1F2B40F32F828C
:10E7D0000020342B049040F340824FF05C7305938B
:10E7E0009DED047BB5EE407BF1EE10FA7FF41AAD9F
:10E7F00022239FED058BC8F80030D2E422239FED41
:10E80000048BC8F80030CCE40000000000000000D9
:10E81000000000000000F07F0000F0BF0000F07F6B
:10E82000FFFF9F7CFFFFEF7F800200200000A07CA5
:10E83000A8020020700300200293099B019312ABF1
:10E840000093A74A13AB11A9404601F0A3FE10F0B4
:10E850000F0504463FF4A3AC062D74D1079B9FED32
:10E860009A8B0137002B3FF4CEAB1F60FFF7CBBB79
:10E870009DED048B95E40B9BDDF844C003440B93A2
:10E88000012805F101031A4614D02844441E03E070
:10E8900046009C420DD001332A46082A1D4606EB4D
:10E8A0008600F5D9102BDCBF09EB89094FEA49092D
:10E8B000EFE70232082D3CDC1546FFF779BB8949AA
:10E8C0000122384600F074FE002800F082804FF0EC
:10E8D000000EF14676467546FFF7B5BB44F61F635A
:10E8E0009B45A8BF9B462FE4DDE904231846002B77
:10E8F0007FF423AE22239FED748B1298C8F800306A
:10E9000078E6B0EE497BC0E6774911A802F00CF931
:10E9100000283FF471AB119B7449013B11A811937E
:10E9200002F002F910B9119B013311939FED688B2E
:10E9300037E4102ADCBF09EB890901EB49091546C8
:10E940000020FFF73ABB129A3AB1352114A806F01D
:10E950009BF81299404605F0E3FB013D139B042D03
:10E9600000F28F81DFE805F0032D2A1F0300149ABF
:10E97000049203F23342159B23F4801343EA0253BB
:10E980000593E50502D543F000430593584A1A4024
:10E990009DED048B002A7FF404AC01F073F922236F
:10E9A0000360FFF7FEBB4FF0FF336FF00046CDE989
:10E9B0000436E3057FF55CAF059BE4E74C4B05931C
:10E9C000F7E7149B0493159B0593DAE70020FFF704
:10E9D000E1BA119B1A4601331193547806468146D9
:10E9E000FFF7CDBA434B03EBC20393ED008B9DEDD4
:10E9F000047B28EE078BFFF7D4BBBEEE007BB6EEA0
:10EA0000009B11E5AE460B90FFF7DCBA394BC5F120
:10EA10000F054A1B03EBC50503EBC20395ED008B05
:10EA200093ED007B9DED046B28EE068B28EE078BA3
:10EA3000FFF7B7BB002D00F09580DDE904BC2E4B3D
:10EA4000CCF313019942624600F0D2800E9B002B5A
:10EA500000F0A580DDE90412134217461AD0B0EE8B
:10EA6000480B002D00F0A68005F0DEFE089B7BB170
:10EA7000C7F30A53C3F16B03002B09DD1B0503F138
:10EA80007F51002001F5401141EC170B20EE070BE0
:10EA900038EE008B089B5BB19FED0F7B144B28EE8B
:10EAA000078B18EE902A134013B92223C8F80030C0
:10EAB00012989FE502F15473059300230893FFF722
:10EAC000B1BB00BFAFF300800000000000000000F9
:10EAD000000000000000F07F00000000000050393E
:10EAE000DC810020D8130020DC130020E01300207C
:10EAF0000000F07FA8020020FFFF0F00DDE90412F4
:10EB00000D43C7D1C2F313031746002BC2D122F025
:10EB100000431B0D1B05B3F1D66FBBD9DAF81430D7
:10EB20001BB9DAF81030012BB4DD51460122404602
:10EB300005F036FD2146824605F0AAFD0028A9DD34
:10EB4000089B002B7ED1504B3B40A3F580136FEA0E
:10EB500013536FEA035305934FF0FF3304939DED76
:10EB6000048B97E7DDE90412C2F313030B43174646
:10EB70007FF46CAFE4E7454911A814AA01F0F0FF57
:10EB800005287FF406AB159B43F0FF4343F4E003F5
:10EB90000593149B04939DED048BFFF702BBDDE905
:10EBA00004010D9B03423FF475AF0F4657E7384C05
:10EBB00000218FE505F038FE089B002B55D0C7F3E8
:10EBC0000A53C3F16B03002B09DD1B0503F17F51D1
:10EBD00001F54011284641EC170B20EE070B38EEEB
:10EBE000408BB5EE408BF1EE10FA7FF455AF81E625
:10EBF000089B04991BB3244B1340B3F1D46F1ED868
:10EC00001B0DC3F16B034FF0FF3000FA03F3994281
:10EC10007FF41CAF1F4B9A4230D01B4B134003F5BF
:10EC200080130593002304939DED048B32E74FF08E
:10EC3000FF3202FA03F3049A1A400492D0E54FF02F
:10EC4000FF33E4E7104B3B40B3F1D66F3FF77DAFA6
:10EC5000B3F15C7F3FF720AF4CE6C2F14B024FF0BF
:10EC6000FF3393400B400593BAE538EE408BB5EE89
:10EC7000408BF1EE10FA7FF41BAF3BE60131CCD1B3
:10EC800009E400237DE600BF0000F07FF081002052
:10EC900080020020FFFFEF7F014BFFF7C5B800BFE8
:10ECA000E88C002010B4054C054B84460A462068C9
:10ECB0005DF8044B6146FFF7B7B800BF70920020C3
:10ECC000E88C00200000000010B5234C234B844644
:10ECD0000A4620686146FFF7A7F8B4EE400BF1EE54
:10ECE00010FA27D6F7EEC07B9FED1D7AF0EEE76AAB
:10ECF000F4EE476AF1EE10FA0EDDB0EEC05B9FED68
:10ED0000146BB4EE465BF1EE10FA05DC23682222A8
:10ED10001A60B0EE670A10BD17EE903A13F0FF4F7D
:10ED2000F7D1104B10EE902A1340002BEED1B0EE2D
:10ED3000670A10BD10EE903A002B0B4804DA01F080
:10ED40007BFAF1EE407AE4E7BDE8104001F074BAD6
:10ED5000FFFFFFFFFFFFEF7F70920020E88C002095
:10ED6000FFFF7F7F0000F07FA4820020012B2DE9B0
:10ED7000F84F40D0242B98463DD84C4D8E467646D1
:10ED80001EF801BB15F80B4014F00804F7D1BBF1D5
:10ED90002D0F72D0BBF12B0F08BF9EF800B06FF0A3
:10EDA000004908BF06F1020E002B42D0102B57D0AD
:10EDB000B9FBF8F700252E4608FB179A05E033D07B
:10EDC00008FB06C601251EF801BBABF1300CBCF1F7
:10EDD000090F06D9ABF1410CBCF1190F12D8ABF1F8
:10EDE000370C634517DDB5F1FF3FECD0B742E6D2F3
:10EDF0004FF0FF35E7E700F045FF162303600020E2
:10EE0000BDE8F88FABF1610CBCF1190F03D8ABF181
:10EE1000570C6345E7DC6B1C27D08CB90AB1A5BB46
:10EE200011603046BDE8F88FE245C9DA4FF0FF3592
:10EE3000C9E7BBF1300F05D04FF00A084346B7E7EA
:10EE40007642EBE79EF8003003F0DF03582B21D128
:10EE50004FF010089EF801B043460EF1020EA7E7EE
:10EE6000BBF1300F1AD09846A2E72223036072B19B
:10EE70000EF1FF314E461160D3E79EF800B04FF01F
:10EE8000004906F1020E01248EE7B146F0E74E4636
:10EE90003046C7E74FF00808434689E79EF8005020
:10EEA00005F0DF05582DD3D0984681E74D1200209C
:10EEB000FFF75CBF10B4054C8446134620685DF82C
:10EEC000044B0A466146FFF751BF00BF7092002015
:10EED0002DE9F04707464C480E46354616F801EB3B
:10EEE00010F80EC01CF0080CF7D1BEF12D0F5AD04F
:10EEF000BEF12B0F03BF96F800E06446AE1C6446DB
:10EF00005BB1102B54D04FF0FF38B8FBF3F803FB84
:10EF100008FA6FEA0A0A994608E0BEF1300F5AD0A3
:10EF20000A23DFF8E8804FF0050A994600252846B5
:10EF300005E02CD009FB00C0012516F801EBAEF16D
:10EF4000300CBCF1090F06D9AEF1410CBCF1190F20
:10EF50000BD8AEF1370C634510DDB5F1FF3FECD0B7
:10EF60004045E6D94FF0FF35E7E7AEF1610CBCF163
:10EF7000190F03D8AEF1570C6345EEDC6B1C0BD0B8
:10EF800004B140420AB165B91160BDE8F087D445CB
:10EF9000D0DD4FF0FF35D0E722233B602846002A22
:10EFA000F3D0711EF0E796F800E00124AE1CA7E74D
:10EFB000BEF1300F21D1307800F0DF00582816D193
:10EFC0004FF0100996F801E04FF00F0A02366FF08B
:10EFD00070484B46AAE7337803F0DF03582BEFD095
:10EFE00008234FF0070A6FF0604899469EE799465C
:10EFF0006FF070484FF00F0A98E74FF00F0A6FF06C
:10F000007048994692E700BF4D12002099999919CE
:10F01000FFF75EBF10B4054C8446134620685DF8C8
:10F02000044B0A466146FFF753BF00BF70920020B1
:10F030000EB410B59FB021AC4FF4017154F8042BFD
:10F040000192ADF81C100490089001F039F8059079
:10F0500009900B480B490C9100234FF6FF7C10934D
:10F060001593019A0068ADF81EC0234604A90394C5
:10F0700003F008FC1FB0BDE8104003B0704700BFAC
:10F0800070920020EDD0000010B50C46B1F90E10C2
:10F0900000F0BAFD002803DB236D0344236510BD97
:10F0A000A38923F48053A38110BD00BF00207047C3
:10F0B0002DE9F0410C46B1F90C101F46CB05054671
:10F0C00016460BD421F48051A1813B46B4F90E10B1
:10F0D00032462846BDE8F04100F0BEBDB4F90E103E
:10F0E0000223002200F074FDB4F90C10EAE700BF1F
:10F0F00010B50C46B1F90E1000F06AFDA389421C50
:10F100000EBF23F4805343F480532065A38110BDC8
:10F11000B1F90E1000F04ABD024A0349034800F05D
:10F12000EFB800BF64920020892B010008870020FF
:10F130000C4B4168994210B5044601D005F004FD1E
:10F14000A168094B994202D0204605F0FDFCE16818
:10F15000064B994204D02046BDE8104005F0F4BCAF
:10F1600010BD00BF8CE60020F4E600205CE7002024
:10F170002DE9F8432A4C2B4B2B48DFF8C090DFF8E1
:10F18000C0802A4F1860002504230822294604F174
:10F190005C00274E6566C4E90253C4E90055C4E922
:10F1A0000455A56100F04CF9224B636708222946FB
:10F1B00004F1C400C4E90749C4E90987C4E91A5540
:10F1C000C4E91E55C4F8CC502567C4F88050E662E7
:10F1D00000F036F9184BC4F8DC30294604F1680316
:10F1E000082204F59670C4F88430C4E92298C4E972
:10F1F0002476C4E93455C4E93855C4F83451C4F808
:10F20000D850C4F8E85000F01BF904F1D003C4E969
:10F210003C98C4E93E76C4F8EC30BDE8F88300BF02
:10F220008CE60020C4E7002059D1000031D1000055
:10F2300051D100000900010012000200C9D00000F5
:10F24000F1D0000010B504460A4800F01DFF636BC2
:10F2500023B9094B094A1B68626323B1BDE810401A
:10F26000044800F013BFFFF783FFBDE810400148DA
:10F2700000F00CBF54E60020C4E7002071D100006C
:10F28000014800F001BF00BF54E60020014800F033
:10F29000FDBE00BF54E60020F0B5ADF5057D04AF1E
:10F2A000009313464FF400720E460392394603AAA8
:10F2B000054600F0F5F988B104460246039B314645
:10F2C000284600F0C9FCBC42039004D028462146E1
:10F2D00001F008F803980DF5057DF0BD4FF0FF3003
:10F2E000F9E700BF10B4054C8446134620685DF86A
:10F2F000044B0A466146FFF7CFBF00BF7092002063
:10F300002DE9F84380460F4616464FF00009D6E92E
:10F310000154013D11D4A389012B05F1FF3508D912
:10F32000B4F90E300133214603D04046B84749EACC
:10F3300000096B1C04F16804EDD13668002EE6D19B
:10F340004846BDE8F88300BF88420DD98B18834238
:10F350000AD900EB020CBAB1624613F801CD02F8EB
:10F3600001CD9942F9D170470F2A0ED8034602F118
:10F37000FF3C4AB10CF1010C013B8C4411F8012B0C
:10F3800003F8012F6145F9D1704740EA01039B075B
:10F3900050D1A2F1100370B501F1200C23F00F053C
:10F3A00001F1100E00F11004AC441B095EF8105C72
:10F3B00044F8105C5EF80C5C44F80C5C5EF8085C89
:10F3C00044F8085C5EF8045C44F8045C0EF1100E2E
:10F3D000E64504F11004E9D1013312F00C0F01EB02
:10F3E000031102F00F0400EB031327D0043C24F0B8
:10F3F00003064FEA940C1E441C1F8E465EF8045B05
:10F4000044F8045FB442F9D10CF1010402F00302A4
:10F4100003EB840301EB840102F1FF3C4AB10CF1E0
:10F42000010C013B8C4411F8012B03F8012F6145BD
:10F43000F9D170BD02F1FF3C03469BE72246EBE7A2
:10F44000830730B548D0541E002A3FD0CAB20346C5
:10F4500001E0013C3AD303F8012B9D07F9D1032CBD
:10F460002DD9CDB245EA05250F2C45EA054536D9FB
:10F47000A4F1100222F00F0C03F1200EE6444FEA33
:10F48000121C03F1100242E9045542E90255103200
:10F490007245F8D10CF1010214F00C0F03EB0212CB
:10F4A00004F00F0C13D0ACF1040323F00303043376
:10F4B000134442F8045B9342FBD10CF003042CB1DB
:10F4C000C9B21C4403F8011B9C42FBD130BD644609
:10F4D0001346002CF4D1F9E703461446BFE71A4659
:10F4E000A446E0E711F0FF01034644D0820732D181
:10F4F00010B5046841EA012E4EEA0E4E8EEA04026F
:10F50000A2F1013323EA0203A4F1013222EA040248
:10F51000134313F0803F0FD150F8044F84EA0E0CD0
:10F52000A4F10133ACF1013223EA040322EA0C0214
:10F53000134313F0803FEFD0037823B936E010F87F
:10F54000013F002B32D09942F9D110BD8A4211D02F
:10F550009A071846CCD0184613F8012B002AF5D18B
:10F56000104670479907184607D0184601330278AD
:10F57000002AF7D170478207F7D10268A2F1013360
:10F5800023EA020313F0803F08D150F8042FA2F1C0
:10F59000013323EA020313F0803FF6D00378002BF7
:10F5A000E8D010F8013F002BFBD17047184610BD82
:10F5B000002A3ED040EA01039B0730B584462FD194
:10F5C000032A2DD90B4608E0043A8446194625D073
:10F5D0001EF0803F22D1032A22D90468194653F82D
:10F5E000045BA4F1013EAC4284462EEA040E00F115
:10F5F0000400E9D09CF800000C78A0421BD1E6463C
:10F6000068B11EF8010F11F8014FA2EB0E03A042E2
:10F6100003F1FF330FD11CEB0303F1D1002030BD08
:10F620009CF800000C78844205D1012AF6D0E64609
:10F63000E6E710467047001B30BD00BF40EA0103FB
:10F640009B0730B501D1032A0FD8844601F1FF3E54
:10F6500007E01EF8011F03F8011B541EC1B19C46B0
:10F6600022466346002AF4D130BD0B468446194633
:10F6700053F8045BA5F1013424EA050414F0803F3B
:10F68000E4D1043A032A4CF8045B1946EFD8DDE7CD
:10F690009444002CE8D003F8011B6345FBD130BD36
:10F6A00030B5146815469BB01A4609B1002C19D123
:10F6B00000214FF42273ADF80C30009104914FF605
:10F6C000FF7302910591ADF80E3069461E9B01F063
:10F6D00037FB002813DB009B286000221A70049877
:10F6E0001BB030BD4FF4C16300910491ADF80C30F4
:10F6F0002146E4DA8B23036000201BB030BD0020DC
:10F70000EEE700BF024A12680123503200F002B84F
:10F7100070920020F0B4074610B33E468C4616F8AF
:10F72000010B01E0A04216D01CF8014B002CF9D1CE
:10F73000D8B116F8015B0C4601E0002BF9D014F8A3
:10F74000013B9D42F9D14DB1002306F8013C166002
:10F750003846F0BC70475BB13746DEE72E46F6E729
:10F760001768002FD9D13846F3E7F0BC1060704716
:10F77000166038463B70ECE701292DE9F0415BD972
:10F780004FF00108C64600244FF0FF35434608E01D
:10F79000A3EB05081C464FF0010E04EB0E038B4251
:10F7A00010D200EB0E0CC75C1CF80560B742EFD31B
:10F7B00032D04FF001082546C646444404EB0E0300
:10F7C0008B42EED30127C2F80080BE4600244FF0E2
:10F7D000FF363B4607E09F1B1C464FF0010E04EB33
:10F7E0000E038B4210D200EB060C10F803801CF8BD
:10F7F0000EC0E045EFD817D001272646BE463C4450
:10F8000004EB0E038B42EED30136681C864201D313
:10F8100017603046BDE8F081C6450ABF74440EF15A
:10F82000010E4FF0010EB8E7BE450ABF74440EF159
:10F83000010E4FF0010ED2E701270026E8E700BFD6
:10F840002DE9F04F9246ADF21C4D05AA81460F46B8
:10F85000504619461D46FFF78FFF134683460DF2AB
:10F86000144243F8045F9342FBD1002D00F0DF8087
:10F870006C1E06AE0AF1FF320AEB0400009612F885
:10F88000011FAB1A013B5344824246F82130F6D1A6
:10F8900005995A465144504605F0EEFA00286FD1BA
:10F8A0000BF1FF330393CBF101038046064601932E
:10F8B00009EB060E009A1EF8043052F82330DBB133
:10F8C000B8F1000F03D0059A9A4200D9AB1A1E4432
:10F8D0004FF000087B1B9E42EAD909EB070045F474
:10F8E000006105F0F9FA07447B1B9E42E0D9002035
:10F8F0000DF21C4DBDE8F08FC3455B4638BF434653
:10F90000A34210D2591EF21851444A4402E0013376
:10F91000A34208D212F8010B11F801CF8445F6D0AA
:10F92000019A1644D3E7C345039B7ED906EB0B022D
:10F930004A440AEB0B01029602E0434515D0034608
:10F9400012F8010D11F8016D864203F1010C03F16B
:10F95000FF30F2D0029E634608F1010898450AD8AC
:10F96000059B1E44A5EB0308B4E7434608F10108D4
:10F970009845029EF4D970460DF21C4DBDE8F08FFB
:10F98000A5EB0B035B4538BF5B46013305930BF1D9
:10F99000FF330193CBF101030026029345F4006885
:10F9A00009EB0601009A0B5D52F823306BB11E443F
:10F9B0007B1BB342F4D209EB0700414605F08CFAF9
:10F9C00007447B1BB342EBD291E7A34514D2019BC2
:10F9D0000BEB06020AEB030C4A445B4602E00133E0
:10F9E000A34209D212F8010B1CF801EF8645F6D0AC
:10F9F000029A16441E44DBE7BBF1000F10D00BEB5C
:10FA0000060048440AEB0B0201E0534508D012F807
:10FA100001ED10F801CDE6451346F6D0059BC6E78B
:10FA200008460DF21C4DBDE8F08F5B4694E706AB2F
:10FA30004FF0FF3400932BE72DE9F0410D46097894
:10FA400090B00446002954D06A78002A00F08380E0
:10FA5000AB78002B51D0E8782E68002800F0828027
:10FA60002B79002B57D0284600F02AFB064640F49D
:10FA70000071204605F030FA86425BD8FE2E00F277
:10FA80008680801B27184022711C6846FFF7D8FC2F
:10FA90007EB16A1E5FFA86FC901912F8013F03F0EE
:10FAA0003F0340336B44A91A6144824203F8401C6F
:10FAB000F3D1013CA35D03F03F0340336B4413F8E3
:10FAC000403C1C44A74203D239E04444A74236D309
:10FAD00014F806C00CF03F0C0CF140030DEB030CC6
:10FAE0002046324629461CF8408C05F0C5F900280E
:10FAF000EBD1204610B0BDE8F081007842EA014227
:10FB000000E00C4640EA0343611C98B19A426078D9
:10FB1000F7D1013CEDE7227862B131BA01E09942B8
:10FB20001ED042EA0323204614F8012F002AF6D102
:10FB3000994215D00024204610B0BDE8F081BB5D8D
:10FB4000B819002BF6D04FF4006105F0C5F9074451
:10FB5000BC42AED9EEE710B0BDE8F041FFF7C2BC41
:10FB6000C41EC6E7120442EA016242EA0323217876
:10FB7000024600E02C4641EA0200651C0202002910
:10FB8000D8D0B3EB002F6178F4D1023CB1E7014645
:10FB900033462A46204610B0BDE8F041FFF750BE7C
:10FBA000014B93F828017047E88C002038B5074DC9
:10FBB0000022044608462A60FBF7C8FC431C00D01C
:10FBC00038BD2B68002BFBD0236038BDD8E7002060
:10FBD00038B50C46084D8446114620461A46002387
:10FBE0002B606446FBF7BEFC431C00D038BD2B687D
:10FBF000002BFBD0236038BDD8E7002013460A460F
:10FC00000146022000F0CABA38B50C46084D8446B9
:10FC1000114620461A4600232B606446FBF794FCED
:10FC2000431C00D038BD2B68002BFBD0236038BDAF
:10FC3000D8E7002038B5074D0022044608462A6060
:10FC4000FBF768FC431C00D038BD2B68002BFBD0B1
:10FC5000236038BDD8E7002038B50C46084D8446EF
:10FC6000114620461A4600232B606446FAF722FA12
:10FC7000431C00D038BD2B68002BFBD0236038BD5F
:10FC8000D8E70020014B1868704700BF7092002031
:10FC90000000000000000000000000000000000064
:10FCA000A2EB0300704700BF02780B78012A28BF3F
:10FCB0009A42F5D16DE9044540EA0104CDE90267B5
:10FCC0006FF0000C4FEA447212B380EA010414F0A2
:10FCD000070F6AD100F0070420F0070004F00305C5
:10FCE00021F007014FEAC505F0E8042314F0040FE2
:10FCF000F1E804670CFA05F462EA040266EA040615
:10FD00000AD063EA0403624667EA0407664603E032
:10FD1000F0E80423F1E8046782FA4CF582EA06046D
:10FD2000A4FA8CF46CBB83FA4CF583EA0705A5FAB8
:10FD30008CF595B950E9022351E9026782FA4CF536
:10FD400082EA0604A4FA8CF483FA4CF583EA0705E8
:10FD5000A5FA8CF52543DBD09CB92DBAB5FA85F40C
:10FD600024F0070427FA04F1DDE9026723FA04F31B
:10FD700003F0FF0001F0FF01FDE80445A0EB0100E6
:10FD8000704724BAB4FA84F424F0070426FA04F184
:10FD9000DDE9026722FA04F202F0FF0001F0FF0140
:10FDA000FDE80445A0EB0100704714F0030F3CD1BF
:10FDB00010F0030428D150F8082B51F8083B82FAC0
:10FDC0004CF582EA0305A5FA8CF55DB950F8042CD0
:10FDD00051F8043C82FA4CF582EA0305A5FA8CF549
:10FDE000002DE8D02DBAB5FA85F424F0070423FAE3
:10FDF00004F122FA04F202F0FF0001F0FF01FDE835
:10FE00000445A0EB010070474FEAC40420F0030052
:10FE100050F8082B21F0030151F8083B0CFA04F4C8
:10FE200062EA040263EA0403C9E710F003041AD08B
:10FE3000A1EB040120F00300E40750F8042B06D0E6
:10FE40000FD28B785FFAA2F4E41A06D12BB1CB78EB
:10FE50005FFAB2F4E41A00D11BB920465DF8104BEA
:10FE6000704701F1040150F8042BCC0721F0030185
:10FE700051F8043B48D824D222F07F4482FA4CF552
:10FE800094EA1325A5FA8CF50AD165B951F8043B1B
:10FE900084EA0204B4EB036F0ED150F8042BEBE7B5
:10FEA0004FEA132355E035F07F454DD10878FDE842
:10FEB0000445C0F1000070474FEA126203F0FF03EF
:10FEC00047E002EA1C4482FA4CF594EA1345A5FA8D
:10FED0008CF50AD165B951F8043B84EA0204B4EB0D
:10FEE000034F0CD150F8042BEBE74FEA134330E0FB
:10FEF00015EA1C4528D10B884FEA124229E04FEA47
:10FF0000124203EA1C4324E002F0FF0482FA4CF59B
:10FF100094EA1365A5FA8CF50AD165B951F8043B4A
:10FF200084EA0204B4EB032F09D150F8042BEBE769
:10FF30004FEA13630DE015F0FF0F05D10B684FEA90
:10FF4000122223F07F4304E04FF00000FDE8044557
:10FF5000704712BA1BBA82FA4CF482EA0304A4FA7C
:10FF60008CF5B5FA85F402FA04F203FA04F34FEAC9
:10FF70001260FDE80445A0EB1360704780EA0102BF
:10FF8000844612F0030F4FD111F0030F32D14DF818
:10FF9000044D11F0040F51F8043B0BD0A3F10132D2
:10FFA0009A4312F0803F04BF4CF8043B51F8043BE5
:10FFB00016D100BF51F8044BA3F101329A4312F05D
:10FFC000803FA4F101320BD14CF8043BA24312F064
:10FFD000803F04BF51F8043B4CF8044BEAD0234661
:10FFE0000CF8013B13F0FF0F4FEA3323F8D15DF813
:10FFF000044B704711F0010F06D011F8012B0CF8DB
:02000004600199
:10000000012B002A08BF704711F0020FBFD031F852
:10001000022B12F0FF0F16BF2CF8022B8CF80020D9
:1000200012F47F4FB3D1704711F8012B0CF8012B5C
:10003000002AF9D1704700BF70B50D4E0D4D761BEB
:10004000B61006D0002455F8043B01349847A64268
:10005000F9D1094E094D761B08F022FAB61006D0E8
:10006000002455F8043B01349847A642F9D170BDED
:10007000801E0060801E0060981E0060801E006070
:10008000704700BF704700BF704700BF704700BF98
:100090000000000000000000000000000000000060
:1000A0000000000000000000000000000000000050
:1000B0000000000000000000000000000000000040
:1000C00090F800F06DE9024520F007016FF0000C98
:1000D00010F0070491F820F040F049804FF0000440
:1000E0006FF00700D1E9002391F840F000F108001B
:1000F00082FA4CF2A4FA8CF283FA4CF3A2FA8CF353
:100100004BBBD1E9022382FA4CF200F10800A4FAB9
:100110008CF283FA4CF3A2FA8CF3E3B9D1E904230D
:1001200082FA4CF200F10800A4FA8CF283FA4CF344
:10013000A2FA8CF37BB9D1E9062301F1200182FAFE
:100140004CF200F10800A4FA8CF283FA4CF3A2FA04
:100150008CF3002BC6D0002A04BF04301A4612BA12
:10016000B2FA82F2FDE8024500EBD2007047D1E915
:10017000002304F00305C4F100004FEAC50514F0A4
:10018000040F91F840F00CFA05F562EA05021CBF75
:1001900063EA050362464FF00004A9E72DE9F04742
:1001A000DFF87CA00646DAF8000098460F46914634
:1001B000FFF76AFF184B1C6824B365681F2D24DC09
:1001C0005EB96B1C0235DAF80000636044F82570F4
:1001D000FFF75CFF0020BDE8F08704EB85010123F9
:1001E000C1F88890D4F88821AB401A43022EC4F895
:1001F0008821C1F80881E4D1D4F88C211A43C4F8CD
:100200008C21DEE7054C1C60D7E7DAF80000FFF729
:100210003DFF4FF0FF30DEE7B8E40020BCE40020F3
:10022000DC8C0020000000009FED010B704700BF38
:10023000000000000000F87F9FED010A704700BF3A
:100240000000C07FF8B5244F0C460646FDF7A4FB1E
:10025000BB685D68C4F57E610F3125F003054B195D
:1002600023F47F6323F00F03A3F58054B4F5805F7C
:1002700007DB00213046FFF7DDFCBB682B449842CA
:1002800004D03046FDF78EFB0020F8BD61423046B9
:10029000FFF7D0FC01300DD0104ABB682D1B45F094
:1002A00001055D60136830461B1B1360FDF77AFB88
:1002B0000120F8BD00213046FFF7BCFCBA68831A64
:1002C0000F2BDEDD43F001035360054B03491B6830
:1002D000C01A0860D5E700BF548E002058E6002001
:1002E0005C920020002961D0F8B50C460646FDF767
:1002F00053FB54F8042C7B4FA4F1080522F00101B4
:1003000005EB010CB868DCF80430604523F003030A
:1003100000F08B80D207CCF8043032D454F8082C8B
:10032000AD1A1144AA6807F1080082426AD00CEBAA
:100330000304D4F804E0EC68D4601EF0010FA2605E
:1003400000F0978041F001036B60CCF80010B1F52C
:10035000007F35D27868CB080122490901338A40F1
:10036000024357F833107A6007EBC302083AC5E935
:10037000021247F83350CD603046BDE8F840FDF733
:1003800011BB0CEB03025268D00710D4194407F1DB
:100390000800DCF80830834273D0DCF80C20DA6007
:1003A000936041F001036B606950D0E7704741F002
:1003B0000103B1F5007F44F8043CCCF80010C9D328
:1003C000B1F5206F4FEA512348D28B0903F1390070
:1003D00003F13802C300F818FB580838984259D086
:1003E0005A6822F003028A4202D99B689842F7D1E8
:1003F000D868C5E902308560DD603046BDE8F84068
:10040000FDF7D0BA0CEB03025268D20763D40B4459
:10041000DCE90212CA60916043F001026A60304672
:10042000EB50BDE8F840FDF7BDBA0B44D10707D447
:1004300054F8082CAD1A1344D5E90212CA60916031
:1004400043F001026A60284ABD6012689A4293D85C
:10045000264B30461968FFF7F5FE8DE7142B0AD9B5
:10046000542B1FD80B0B03F16F0003F16E02C30076
:10047000B1E719448DE703F15C0003F15B02C300AF
:10048000A9E741F00103C7E90455C5E902006B6023
:10049000695071E779689210012404FA02F20A4364
:1004A0007A60A6E7B3F5AA7F06D8CB0B03F17800F4
:1004B00003F17702C3008EE740F25452934206D80C
:1004C0008B0C03F17D0003F17C02C30083E74FF442
:1004D0007E737E227FE741F001036B60CCF8001051
:1004E0004AE700BF548E00206092002088E600207A
:1004F0002DE9F0410469B4EB611F2FDD00F1140E0A
:100500004E1111F01F0C0EEB84050EEB86032BD061
:100510005EF8261004339D4221FA0CF1CCF120083C
:1005200018D977461A6802FA08F20A4347F8042BEA
:1005300053F8041B9D4221FA0CF1F3D8A31B9B0036
:10054000053B9B0801330EEB83044EF82310C9B121
:10055000043417E0416174460029F9D10023036196
:1005600000234361BDE8F0819D4288BF00F1100285
:10057000F4D953F8041B42F8041F9D42F9D8A41B78
:100580000EEB8404A4EB0E039B1074450361E7D0CB
:10059000BDE8F0812DE9F04F2DED028B0C688B4604
:1005A000A17885B0302908EE100A9246029340F0F7
:1005B000CE816FF00100001BE21C8318144612F874
:1005C000011B3029F9D0DFF8008318F80120002A38
:1005D00000F0E5802278002718F802203D462646E4
:1005E0002AB116F8012F18F80220002AF9D1B549CE
:1005F000019301223046FEF7DBFF019B8146002874
:100600004DD0002D4ED13278A94602F0DF02502A9B
:10061000354650D0CBF80060002F69D12B1B013B31
:10062000072B394604DD5B10072B01F10101FADCD1
:1006300018EE100A03F04EFD8346002800F0668293
:1006400000F11406AC42019680F0D2810027CDF86B
:100650000C909C49A1463C460CE0202F19D038460E
:1006600004372A7818F8022002F00F02824014435F
:100670004D4547D015F8012D2E2AEED14D45ECD32E
:1006800001222846FEF794FF8E490028F0D0202F43
:10069000E5D1002046F8044B04270446E1E7002D8D
:1006A00000F04281327802F0DF02AD1B502A4FEA9F
:1006B00085093546AED16A782B2A00F025812D2A8E
:1006C00000F0A5806E1C002018F802104A1E182A9F
:1006D00000F29B80727818F8022010390136002A47
:1006E0005AD100B149428944CBF80060002F95D01F
:1006F000002B14BF00250625284605B0BDEC028B53
:10070000BDE8F08FDDF80C90234646F8043B184610
:10071000019BF61AB610CBF8106003F0B5FD760118
:10072000DAF80040301AA04275DCC0F2EF800027F2
:10073000DAF808304B45C0F25181DAF804304B4505
:100740004ADDA3EB09094C4500F38280DAF80C205E
:10075000022A00F06581032A00F08181012A00F05D
:100760006F8118EE100A594603F0DAFC5025109AF2
:1007700000232846136005B0BDEC028BBDE8F08F66
:1007800001EB810102EB4102A2F1100116F8012FE9
:1007900018F80220002AA4D0192AF1DDA1E749495E
:1007A000019301222046FEF703FF019B00286DD133
:1007B000617818F80120651C002A69D030292C4680
:1007C00005D114F8013F302BFBD018F80320B2FA02
:1007D00082F77F09012302E7012557B1DAF80C30CF
:1007E000022B5DD0032B5FD0012B00F0848045F0FD
:1007F0001005109BC3F800B0029B2846C3F8009078
:1008000005B0BDEC028BBDE8F08F2E4602E701205B
:10081000AA78AE1C58E7061B3146584604F062F928
:10082000074678B1721E53110199012751F8231020
:1008300002F01F0307FA03F30B4203D0BA4200F39E
:10084000E280022731465846B144FFF751FE6FE778
:1008500009F1FF35002F40F0CE80002D40F0CD8013
:100860006B11019A05F01F0552F823200123AB40BC
:1008700013424946584618BF47F00207A4EB090443
:10088000FFF736FE0225DAF80490A6E72178254620
:1008900001F0DF01502900F0BF80CBF8005027E7BE
:1008A000119BC3F101031193119B002B9FD0DBF827
:1008B0001070DDF80480BA004346019208EB87000F
:1008C000002107E0D8130020E0100020984243F8F0
:1008D000041C3FD91E4653F8042BB2F1FF3FF5D05C
:1008E0000132022D326000F0BF8014F01F0440F08E
:1008F000E78021257DE7BA077FF579AF019B1B686B
:100900001F43FB07D3D472E7002081E7221A594620
:1009100018EE100AA9EB020903F042FE00F11403DD
:1009200083460193002703E7727818F80200711CD0
:10093000002800F0A0800D4611F8012F18F80200E1
:100940000028F8D1751B4FEA85090E465DE6023492
:10095000002338E6DBF808309F4280F28E803B4669
:100960000BEB830201210133022DCBF810305161D2
:100970007AD09F42B9DA002B40F39B80DBF8142039
:1009800008EB83030BF1180083424FEA520240F256
:10099000B1804446016842EAC17244F8042B50F821
:1009A000042B83424FEA5202F4D8A3EB0B03193B0A
:1009B0009B08013348F8232008EB8303002A40F00A
:1009C0009D80A3EB080292104345CBF8102073D012
:1009D000DAF8083009F101094B458ADA18EE100AF5
:1009E000594603F09DFB109A00231360A32583E66C
:1009F000019E002389E6012732E72946584604F084
:100A000071F807462CE7B11E584604F06BF8002831
:100A10003FF417AF032715E74FF0000901274AE617
:100A2000119A002A7FF49DAE02990B60019B01226E
:100A3000CBF810201A60109B6225C3F800B05BE66B
:100A40004C457FF48EAE012CEED0611E584604F06A
:100A500049F800283FF485AEDAF80430E4E7119A4B
:100A6000002A3FF47EAEDFE7DAF80030013BA34214
:100A700034D02225BDE60E46C7E5DBF8041018EE9B
:100A8000100A013103F026FB0646C8B3DBF810302C
:100A900002339A000BF10C010C30FAF731FA594687
:100AA00018EE100A03F03CFB06F114083369B34654
:100AB00056E70023CBF810300023CBF8143087E73B
:100AC000019B4344C4F1200453F8040C03F0DCFB05
:100AD000A042BFF60EAFDBF810304CE7631104F014
:100AE0001F0458F823200123A34013420CBF2225E2
:100AF00021257EE6C8F8002043466AB1043360E74A
:100B0000074B08483246842104F0BAFC044B0548E0
:100B10005A46E42104F0B4FCCBF81020CCE700BF27
:100B2000601000207410002010B4046809E014F86C
:100B3000013FA3F1410CBCF1190F98BF2033934240
:100B400009D111F8012B002AF1D1013404600120F0
:100B50005DF8044B704700205DF8044B704700BF00
:100B60002DE9F04F096885B04B1111F01F0102907B
:100B700002EB8303039140F08F801D1F0193029BC2
:100B800001991C68002341F8043C61780134002974
:100B900000F09880DFF87491A846AC469A461E464D
:100BA0000EE0202900F28C80564506DDC44501D2B6
:100BB000072B5BDD624551D3082314F8011FA1B157
:100BC00019F801000028ECD00133082B06F10106CA
:100BD0003ADCDCF80010090100F00F000843CCF803
:100BE000000014F8011F0029EAD1002E6AD0C44584
:100BF00001D2072B74DD624552D2111F634653F8B0
:100C0000040B41F8040FAB42F9D9A5EB0C0323F018
:100C10000303691C04330CF1010C614538BF042344
:100C20001344002143F8041BAB42FBD9019B53F84A
:100C3000043C2BB9AA4249D055F8043D002BF9D009
:100C4000052005B0BDE8F08F6245B6D200234CF810
:100C5000043C1946ACF1040C0123BDE70023ACF1C0
:100C600004084CF8043CB246C446A6E7C3F10801A8
:100C7000DCF800308900C1F1200E60469B464768D1
:100C800007FA0EF343EA0B0327FA01FB036040F86F
:100C900004BF4045F3D38DE7191D01911D466EE752
:100CA000039B002BC2D0039B0198C3F120014FF09E
:100CB000FF33CB4050F8041C0B4040F8043CB8E72D
:100CC000292909D0042005B0BDE8F08F01230520B3
:100CD0002B6005B0BDE8F08F029901340C6084E709
:100CE000DCF80010C3F108039B00C3F12007644641
:100CF0000846666806FA07F1014326FA03F0216008
:100D000044F8040F4445F4D375E700BFE010002019
:100D100082B049B15AB16BB113780B601278101ED2
:100D200018BF012002B0704701A9002AF3D1104674
:100D300002B070476FF00100F4E700BF0000000050
:100D40002DE9F04F2DED088BD1B00C460BEE101AAB
:100D500090460893834604F003F9036812931846FB
:100D6000FFF7AEF920AF1090082200213846FEF7B9
:100D700067FBA3891B0603D52369002B00F0558769
:100D800000239FED838B9FED849BCDE92533CDE937
:100D90001333CDE9153327AA0E932492924611936B
:100DA00004934446A1467E4BD3F8E450FEF7F8FE88
:100DB0004A4603461CA900975846A847002800F059
:100DC000B080C0F2A6801C9A252A034601D099441F
:100DD000E9E7B9EB0405064640F0A78000234FF091
:100DE000FF328DF867309846069309F1010999F8AA
:100DF000003003922B25202609F10109A3F12002DE
:100E00005A2A00F2CF80DFE812F0E802CD00CD00D0
:100E1000E302CD00CD00CD006A00CD00CD0005027B
:100E20008402CD001002C902CD00BD025B005B0050
:100E30005B005B005B005B005B005B005B00CD0068
:100E4000CD00CD00CD00CD00CD00CD005301CD00B3
:100E500083011A02530153015301CD00CD00CD008F
:100E6000CD001502CD00CD009602CD00CD00CD0005
:100E7000AB01CD00AA02CD00CD00E306CD00CD0030
:100E8000CD00CD00CD00CD00CD00CD005301CD0073
:100E90008301DE015301530153017702DE017F001C
:100EA000CD008902CD005F02E0062F027F00CD0059
:100EB000AB017C00B806CD00CD00BD06CD007C00A6
:100EC000A3F13002002119F8013B01EB810102EB93
:100ED0004101A3F13002092AF5D906918EE758465F
:100EE00004F03EF8436815931846FFF7E9F81690AA
:100EF000584604F035F883681393169B002B40F096
:100F00002D8699F8003077E799F8003048F02008EE
:100F100072E7082200213846FEF792FA012399442D
:100F200041E7B9EB0405064611D0269B2B442693D6
:100F3000259B0133072BCAE9004525931CDC0AF1E8
:100F4000080A049B2B440493002E7FF447AF269B92
:100F5000002B41F00B821BEE103AB3F90C3013F06A
:100F6000400F049B18BF4FF0FF330493049851B017
:100F7000BDEC088BBDE8F08F1BEE101A24AA584672
:100F800005F0F4FA0028E6D10DF19C0AD9E700BF7C
:100F90000000000000000000FFFFFFFFFFFFEF7FE9
:100FA000E88C00200B93002BD1D00021CDE90C114F
:100FB0008DF8DC3001238DF86710029307910593BB
:100FC00003910F9137AC18F00203099302D0029BF2
:100FD0000233029318F084030A9305D1069B029A08
:100FE0009D1A002D00F36983269A89B125990DF188
:100FF000670001310132CAF8000007294FF00100F3
:1010000026922591CAF8040000F3A2830AF1080A87
:10101000099B83B1259B1AA901330232CAF800103B
:10102000072B4FF0020126922593CAF8041000F313
:10103000A3830AF1080A0A9B802B00F06C82039BB1
:1010400005995D1A002D00F3A58218F4807F40F009
:101050000D82059BCAF804301A44259BCAF800404B
:101060000133072B2692259300F31B830AF1080A0C
:1010700018F0040F05D0069B02995C1A002C00F3AF
:101080008883049B069902988142ACBF5B181B18A9
:101090000493002A40F0B08200232593079B1BB1E4
:1010A00007995846FFF71EF90DF19C0A4C4679E660
:1010B0000B93089B073323F00703B3EC028BB0EECE
:1010C000C87BB4EE497BF1EE10FA089340F3E98453
:1010D000B5EEC08BF1EE10FA01F159809DF8671062
:1010E000AB4CAC4B28F080080B9A472AC8BF1C4673
:1010F0000023CDE90C330322079302920592039358
:101100000F9300293FF45FAF029B013302935AE72C
:10111000432B0B9303D018F0100F00F05D85089D52
:101120000822002122A837ACFEF78AF922AB55F835
:10113000042B2146584604F01DF90346013305905F
:1011400001F0EE82059B089523EAE37302930021E8
:10115000CDE90C118DF86710079103910F9132E7DB
:101160000B93089B1A4600238DF86730134653F8FB
:10117000044B0893002C00F048850B9B532B00F088
:10118000EC8618F010030C9340F0E786039B5D1C7F
:1011900001F0E5800C991A46204604F071F807909A
:1011A000002801F02883079B1A1B05920C9B0393D0
:1011B00022EAE2720F930D93079373239DF8671051
:1011C00002920B939DE718F0200F0B93089B3DD0E4
:1011D000073323F007031A4611465B6851F8082BC2
:1011E00008911946002BC0F20C84039B013300F0D8
:1011F0009E8228F0800052EA0103029040F099821A
:10120000039B002B40F09A828046002303930593B2
:1012100050AC06E1089B53F8042B0692002A80F29A
:101220001984069A08935242069299F8003048F0C1
:101230000408E1E599F8003048F00808DCE548F0DA
:10124000100818F0200F0B93089BC1D118F0100F55
:1012500040F00B8418F0400F00F0038433F9042BA6
:101260000893D1170B46BDE7089B48F00202029293
:1012700053F8042B089347F63003ADF86830782014
:10128000454B1193002102230B900020039C8DF805
:101290006700601C00F0AD80029820F0800852EAE0
:1012A000010040F0A480002C40F0AE86002BACD1B1
:1012B000029B13F00103059300F0D18330238DF8D6
:1012C0003F310DF23F14ACE018F0200F40F0D48312
:1012D00018F0100F40F09F8618F0400F40F09787ED
:1012E00018F4007F00F09786089B049953F8042BAC
:1012F000089311704C4655E599F80030682B03BFF0
:1013000099F8013048F4007809F1010948F04008E3
:1013100072E599F800308DF867506DE599F8003066
:101320006C2B03BF99F8013048F0200809F101093E
:1013300048F0100860E50B9348F0100818F0200101
:1013400000F05183089B073323F00703596853F8D3
:10135000082B089328F480630293002395E70B93EE
:1013600048F010030293029B13F0200100F0298340
:10137000089B073323F00703596853F8082B089399
:10138000012382E799F8003048F0800834E500BF77
:10139000EC130020F0130020FC130020494611F844
:1013A000013B2A2B01F04982A3F13002092A894628
:1013B00098BF002101F2448119F8013B01EB810142
:1013C00002EB4101A3F13002092AF5D9039115E599
:1013D00099F8003048F001080EE59DF86730002BC1
:1013E0007FF48FAD99F800308DF8676004E5CDF893
:1013F0000880012B00F09D81022B50AC20D1119868
:1014000002F00F031209C35C04F8013D42EA0172C5
:10141000090952EA0103F3D150AB1B1BDDF8088028
:101420000593059A03989DF8671082424FF00003D8
:10143000B8BF0246CDE90C33079302920F9360E6E2
:1014400002F00703D20842EA4172C908303352EA77
:101450000105204604F8013DF2D1029AD10700F1BE
:101460004D8250AB1B1B90460593DAE70B9B652B17
:1014700040F3D480B5EE408BF1EE10FA40F0C1811C
:10148000259BBA49CAF80010013301320121072B0C
:1014900026922593CAF8041000F351850AF1080A30
:1014A0001B9B0E998B4280F2D082109B12991A449A
:1014B000CAE90013259B26920133072B259300F3DD
:1014C00097830AF1080A0E9B5C1E002C7FF7D0ADB3
:1014D000102C259B40F36E851BEE106A102505E04D
:1014E0000AF1080A103C102C40F364850133A0492E
:1014F0001032072BCAE90015CDE92532F0DD24AA08
:101500003146584605F032F800287ED1DDE9253213
:101510000DF19C0AE6E7069B02995D1A002D7FF704
:101520008EAD102D259B21DD099410261BEE104A4F
:1015300004E0103D102D0AF1080A16DD01338C4934
:101540001032072BCAE90016CDE92532F1DD24AAB5
:10155000214658460DF19C0A05F008F8002854D1A0
:10156000103D102DDDE92532E8DC099C8049CAF8E0
:10157000045001332A44072BCDE92532CAF8001064
:1015800000F32685039B05995D1A002D0AF1080AD0
:101590007FF75BAD102D259B1FDD514610261BEEFE
:1015A00010AA04E0103D102D01F1080114DD0133F3
:1015B0006F481032072BC1E90006CDE92532F1DD75
:1015C00024AA5146584604F0D1FFF0B9103D102D21
:1015D000DDE9253227A9EADC8A4601336449CAF8E5
:1015E00004502A44072BCDE92532CAF8001000F335
:1015F000DA810AF1080A28E51BEE101A24AA5846D7
:1016000004F0B4FF00283FF447AD079B002B3FF4E4
:10161000A2AC07995846FEF765FE9CE40E9B012B91
:1016200040F37A81259BCAF8004001330132012141
:10163000072B26922593CAF8041000F3F8810AF1CB
:10164000080A1099129801330A44072BCAE90001CD
:10165000CDE9253200F3DD810AF1080AB5EE408BB1
:10166000F1EE10FA00F077810E990133013901345F
:101670000A44072BCAF800402593CAF804102692A2
:1016800000F35B810AF1080A1499CAF804100133C7
:101690000A44072B1EA9CDE92532CAF800107FF7AE
:1016A000E5AC1BEE101A24AA584604F05FFF002890
:1016B000ABD1269A0DF19C0ADAE4102DDDE9251252
:1016C0002C4E24DD179410231BEE104A084604E02C
:1016D000103D102D0AF1080A17DD013010320728DD
:1016E000CAE90063CDE92502F2DD24AA2146584665
:1016F0000DF19C0A04F03AFF002886D1103D102D10
:10170000DDE925024FF01003E7DC179C01460131AB
:101710002A440729CDE92512CAF80060CAF8045006
:1017200000F3BD839DF867100AF1080A5DE4CDF867
:1017300008800A2A71F1000380F0458330320123CA
:10174000DDF808808DF83F2105930DF23F1468E61F
:101750001BEE101A24AA584604F008FF00287FF454
:1017600054AF269A0DF19C0A52E400BF2C140020BD
:10177000E0860020A82E00201BEE101A24AA58464E
:1017800004F0F4FE00287FF440AF269A0DF19C0A85
:1017900051E4102C259BBE4E1FDD1BEE108A102538
:1017A00004E0103C102C0AF1080A16DD0133103257
:1017B000072BCAE90065CDE92532F2DD24AA4146AE
:1017C00058460DF19C0A04F0D1FE00287FF41DAFAD
:1017D000103C102CDDE92532E8DC01332244072BD4
:1017E000CAE90064CDE925327FF74BAC1BEE101A35
:1017F00024AA584604F0BAFE00287FF406AF269AC1
:101800003FE41B99002940F35A830C9E0E9B9E4295
:10181000A8BF1E46002E0BDD259B01333244072B4B
:10182000CAE900462692259300F389860AF1080A40
:101830000C9D002EA8BFAD1B002D00F303820C9B56
:1018400018F4806F2344059340F01F821B9B0E9970
:101850008B4203DB18F0010F00F0CF84109912982F
:101860000A44CAE9000125992692013107292591E8
:1018700000F3A5860AF1080A0E996518CC1A059B93
:10188000ED1AA542A8BF2546002D0DDDCAF800308F
:10189000259BCAF8045001332A44072B269225932E
:1018A00000F3BB860AF1080A002DA8BF641B002CB8
:1018B0007FF7DEAB102C259B40F37C831BEE106A78
:1018C000102505E00AF1080A103C102C40F3728341
:1018D000013370491032072BCAE90015CDE92532D2
:1018E000F0DD24AA3146584604F040FE00287FF47B
:1018F0008CAEDDE925320DF19C0AE5E7302B3FF493
:101900008BAD3023023804F8013C50AB1B1ADDF8D4
:1019100008800593044684E518F0010F7FF482AE39
:10192000259BCAF80040013301320121072B269282
:101930002593CAF804107FF7A5AE1BEE101A24AA4F
:10194000584604F013FE00287FF45FAEDDE925322F
:101950000DF19C0A98E60E994C1E002C7FF794AE70
:10196000102C40F361831BEE106A102505E00AF18C
:10197000080A103C102C40F35783013345491032BC
:10198000072BCAE90015CDE92532F0DD24AA31463E
:10199000584604F0EBFD00287FF437AEDDE9253230
:1019A0000DF19C0AE5E71BEE101A24AA584604F034
:1019B000DDFD00287FF429AE269A0DF19C0AFFF781
:1019C00044BB029B13F0100340F0C180029A12F056
:1019D000400200F07A83089850F8042B08901946CA
:1019E00092B2012351E418F0100355D118F04002CF
:1019F00000F05D83089850F8042B0890194692B2C5
:101A0000A8E4524261EB4101CDF808802D2001236A
:101A10003CE41BEE101A24AA584604F0A7FD002847
:101A20007FF4F3ADDDE925320DF19C0A16E61BEEDD
:101A3000101A24AA584604F099FD00287FF4E5AD59
:101A4000DDE925320DF19C0AFBE518F0010F3FF4AA
:101A50000FAB2AE5089399F80030FFF7CDB950ACE9
:101A6000DFE418F4007F40F0DB8353F8042B089385
:101A7000D1170B46FFF7B6BB089B049853F8041B1D
:101A80000893C217C1E900024C46FFF78BB900BFAB
:101A9000A82E0020E0860020089B53F8042B089312
:101AA00058E4B4EE488BF1EE10FA80F194860B9B6B
:101AB000612B00F05285412B00F0C085039B013360
:101AC0000B9B23F0200500F08084472D04D1039B5D
:101AD000002B08BF0123039318EE903A002B48F423
:101AE00080724646C0F21886B0EE48AB002390469E
:101AF000099307930B9B413B252B00F29883DFE86A
:101B000013F06F0496039603960368046C0496031F
:101B100096039603960396039603960396039603FD
:101B200096039603960396039603960396039603ED
:101B300096039603960396039603960396039603DD
:101B40009603960396039603960368046C04089B19
:101B500053F8042B08930123FFF797BB139B002B2B
:101B60003FF4CFA9139B1B78002B3FF4CAA999F827
:101B7000003048F48068FFF73FB90B93CDF8088038
:101B8000FFF7F1BB0B939A4B119318F0200100F073
:101B90000581089B073323F00703596853F8082B86
:101BA000089318F0010F0AD052EA010307D00B9BEB
:101BB0008DF86930302348F002088DF8683028F439
:101BC000806302930223FFF760BB0B93FFF7B6BB62
:101BD0000B93884B1193D8E7089B012153F8042BF2
:101BE00002918DF8DC200893059137ACFFF7AFBA6E
:101BF0001BEE101A24AA584604F0B8FC00287FF403
:101C000004AD269A0DF19C0A5DE4039B0794062B14
:101C1000224628BF062303942146CDE90C22764CA8
:101C2000029305930F92FFF76CBA40215846FBF7D9
:101C300003FC20602061002800F00F8640236361D0
:101C4000FFF79EB8102D259B40F35D82514610266C
:101C50001BEE10AA04E00831103D102D40F3528213
:101C6000013366481032072BC1E90006CDE9253261
:101C7000F1DD24AA5146584604F078FC00287FF490
:101C8000C4ACDDE9253227A9E6E70E9BCDF8249008
:101C9000E31803930D9BCDF82880139E059DDDF876
:101CA0005890DDF83C800B941BEE101A5046002B28
:101CB00034D0B8F1000F35D10D9B013B013E0D939F
:101CC000159BC0E90039259B01334A44072B269216
:101CD00025936CDC0830039B96F800C05B1B6345C2
:101CE000A8BF6346002B9A460CDD259C01341A449C
:101CF000072CC0E900532692259400F3778196F8CB
:101D000000C00830BAF1000FACBFACEB0A04644667
:101D1000002C0ADC65440D9B002BCAD1B8F1000FE2
:101D200000F0AC8308F1FF38CAE7102CDDF894C04E
:101D300024DD05954FF0100A63460D4604E0103C83
:101D4000102C00F1080016DD01332C491032072B4E
:101D5000C0E9001ACDE92532F1DD24AA294658460A
:101D600004F004FC00287FF450AC103C102CDDE99A
:101D7000253227A8E8DC2946059D9C460CF1010385
:101D800022444460072B1D4C0460CDE9253200F34A
:101D9000C68396F800C008306544BCE718F010030D
:101DA00000F0C280089B53F8042B0893F9E624AA9C
:101DB0005846059104F0DAFB00287FF426AC269AF9
:101DC000059927A887E70298CDF81CA050AC00F42D
:101DD000806000250AEE10BA094BDDF84CA0CDF862
:101DE0001490A3464FF00508AC46044610E000BF2F
:101DF000FC1300201014002024140020E086002092
:101E0000CDCCCCCC0A2A71F1000136D34A463146FA
:101E1000501840F10000A3FB005626F0030505EB27
:101E20009605401B151A4FF0CC3661F1000E06FBEB
:101E300005F6A5FB039503FB0E6609F0010E2E4483
:101E4000AEFB085E2D184FEA590930350BF8015CDE
:101E500049EAC6790CF1010C0BF1FF3B7608002C26
:101E6000D0D09AF800008445CCD1BCF1FF0FC9D086
:101E70000A2A71F1000180F08F815C4650AB1B1B78
:101E8000DDF81490CDF84CA01AEE10BADDF81CA0C5
:101E9000DDF80880CDF838C00593FFF7C2BA1BEE15
:101EA000101A24AA584604F061FB00287FF4ADAB59
:101EB0009DF86710269A0DF19C0AFFF796B8259BAE
:101EC000BE48CAF80000013301320120072B2692D8
:101ED0002593CAF8040000F377810AF1080A002963
:101EE00040F0AF800E9908F001030B433FF4C0A807
:101EF000109B12991A44CAE90013259B26920133BC
:101F0000072B259300F352820AF1080A0E99CAF8AA
:101F1000004001330A44072BCDE92532CAF80410EA
:101F20007FF7A4A8FFF7BDBB18F0400200F0DD80EA
:101F3000089850F8042B0890194692B231E61BEE2F
:101F4000101A24AA584604F011FB00287FF45DAB58
:101F5000269A0DF19C0AFFF7A3BA22AE08220021AF
:101F600030461D94FDF76CFA039B5A1C00F0DB8091
:101F70000025CDF80890CDF81C809946A8460CE0C5
:101F800037A9584603F0F6F9431C404400F0C883D3
:101F9000484508DC00F0188480461D9A52593346A3
:101FA0000435002AECD1CDF81480DDF80890DDF876
:101FB0001C80C5E001338249CAF804402244072B43
:101FC000CAF80010CDE925327FF750A8FFF769BBAA
:101FD0001BEE101A24AA584604F0C8FA00287FF411
:101FE00014AB269A0DF19C0AFFF729B824AA58468B
:101FF000059104F0BBFA00287FF407AB96F800C007
:10200000269A059927A87DE6012BCDF808807FF454
:10201000F3A9FFF793BB089B049953F8042B4C4694
:1020200011600893FEF7BEBE01336549CAF804404B
:102030002244072BCDE92532CAF800107FF722ABE6
:102040007BE4109B12981A44CAE90003259B269250
:102050000133072B259300F3A9810AF1080A00290F
:10206000BFF654AF4D42103180F20F831BEE101AB1
:10207000102605E00AF1080A103D102D40F30583F3
:1020800001334F481032072BCAE90006CDE925324B
:10209000F0DD24AA5846039104F068FA00287FF482
:1020A000B4AADDE9253203990DF19C0AE4E7089B07
:1020B00018F400711ABF114653F8042B53F8042B7F
:1020C000089318BFD2B2FFF745B9029B13F4007111
:1020D000089B1ABF114653F8042B53F8042B08939E
:1020E00018BFD2B20123FFF7D0B8089B18F40071D3
:1020F0001ABF114653F8042B53F8042B089318BF4A
:10210000D2B24EE58A4601332D49CAF804502A441A
:10211000072BCDE92532CAF8001000F339810AF106
:10212000080AFFF78CBB0023194600961DAA5846E3
:1021300003F046F903460133059000F0F1821D9447
:10214000059B002B4ED0632B00F3188100230793CF
:1021500037AC082200213046FDF772F9059D009644
:102160002B461DAA2146584603F02AF9854240F025
:102170007C83059A0023A35422EAE272CDE90C3352
:102180009DF86710039302920F93FEF7BABF2D21BB
:102190008DF86710FEF7A4BF169B1599ABEB030BE8
:1021A0001A465846FDF74AFA9AF80120054B0AB13B
:1021B0000AF1010A4FF0000C28E600BF2C140020A1
:1021C000E0860020CDCCCCCC1BEE101A24AA5846B9
:1021D00004F0CCF900287FF418AA1B99269A0DF177
:1021E0009C0A7CE6059B9DF867100F93CDE90233AE
:1021F000CDE90C330793FEF784BF0E990598651857
:102200002D1ACC1AA542A8BF2546FFF74DBB089B47
:10221000049953F8042B089311804C46FEF7C2BD75
:1022200013F9042B0893D1170B46FEF7DBBF039A73
:10223000022122AB01931DAB009358461BABB0EEBD
:102240004A0B029203F0D8FA472D029A044600F096
:102250006181462D104405D12378302B00F06F8228
:102260001B9A1044B5EE40ABF1EE10FA40F04681F7
:1022700003461B1B0E93472D00F01081462D00F0E6
:10228000B5811B9B0C930C9B412D03F1FF331B93DA
:1022900000F0E5819DF82C200021002BB8BF0C9B9D
:1022A0008DF87820BABFC3F101032D222B22092B10
:1022B0008DF8792040F3DA810DF18F05DFF81CC429
:1022C0002A4610468CFB0321DA17C2EBA10202EB6F
:1022D0008201A3EB4101303100F8011C194663294A
:1022E000134600F1FF32ECDC3033D9B2831E9D423D
:1022F00002F8011C40F28B8213460DF17A0201E0D4
:1023000013F8011B02F8011B9D42F9D10DF1910355
:102310000DF17A021B1A13441EAA9B1A14930E9BEA
:10232000149A012B1A44059240F30382059B109ADC
:102330001344059326F48063059A43F480780023C0
:10234000CDE90C3322EAE2720F930292099B002B33
:1023500040F0B1809DF867100393FEF7D2BE20468F
:10236000FDF7AEFE02460590FEF720BF1BEE101AE9
:1023700024AA584604F0FAF8FEF7EDBD591C584659
:10238000FBF75AF80446002800F0CA810790E0E6FF
:102390001BEE101A24AA584604F0E8F800287FF42F
:1023A00034A9269A0DF19C0AFFF749BA1BEE101AC0
:1023B00024AA584604F0DAF800287FF426A9DDE9BB
:1023C00025321B990DF19C0A49E606230393FFF77A
:1023D00083BB039B02215A1C2BE7039A032128E7A6
:1023E0001BA8B0EE4A0B03F00FF8B4EE007B20EE12
:1023F000070BB5EE400BF1EE10FA01D101231B9350
:10240000B348039BB3EE005B013B224604E0B5EE0C
:10241000400BF1EE10FA13D020EE050BFDEEC07B61
:10242000B3F1FF3F17EE901A415CB8EEE76B9446AC
:1024300030EE460B02F8011B194603F1FF33E6D1DB
:10244000B6EE006BB4EEC60BF1EE10FA00F3488165
:10245000B4EE460BF1EE10FA04D117EE903ADB071A
:1024600000F13E81002906DB4B1C1344302102F8A9
:10247000011B9342FBD1131B0E93FCE60B9C0E9B9E
:10248000DDF82490DDF828801396E3189D42294654
:1024900028BF194682460591FFF7D8B91B9B0C93BC
:1024A000DA1C02DB039A93420CDD0B9B023B0B937D
:1024B00023F02005E7E62D2100238DF86710039314
:1024C000FEF722BE0C9B0E9A9342C0F2BD80F0072D
:1024D0000C9B40F13281109A13440593710503D58A
:1024E0000C9B002B00F33581059B23EAE3730293D9
:1024F00067230B9300230F930D9327E7229B8342BF
:10250000BFF4B7AE30215A1C22921970229B984218
:10251000F9D8AEE6F30700F1A780229BA9E624AA2A
:102520005846059104F022F800287FF46EA896F82A
:1025300000C0269A059927A86544FFF7ECBB1BEE5F
:10254000101A24AA584604F011F800287FF45DA858
:10255000269A0DF19C0AFFF76BB978238DF8693044
:1025600030238DF86830039B632B48F0020600F39C
:10257000A6800023079337AC18EE903A002B48F45E
:1025800081782BDBB0EE48AB0B9B23F020050023BA
:1025900009930B9B612B7FF4ADAAB0EE4A0B1BA8ED
:1025A00002F032FFB4EE007B20EE070BB5EE400BDD
:1025B000F1EE10FA01D101231B93464821E71BEEEF
:1025C000101A24AA584603F0D1FF00287FF41DA852
:1025D0001B9B269A0DF19C0AFFF74EB90B9B23F02B
:1025E00020052D230993B1EE48ABD2E71B9A0C923C
:1025F000002A06F0010340F30D8103990B4340F0DC
:10260000CF800C9B059366230B93720500F1A3808A
:10261000059B23EAE37302936CE71BEE101A24AACE
:10262000584603F0A3FF00287EF4EFAF1B9C0E9BDF
:10263000269A1C1B0DF19C0AFFF736B958238DE72B
:1026400000220392FEF7DABB0E9B109A9A180C9B9D
:102650000592002B40F3AB8067230B93D5E70B9AD1
:102660000F32D2B2012118E6A018FBE5002940F094
:10267000A88030228DF87A200DF17B02303302F8E9
:10268000013B1EABD31A149349E601331249CAF831
:1026900004502A44072BCDE92532CAF800107FF7F1
:1026A00033AC1BEE101A24AA584603F05FFF002833
:1026B0007EF4ABAFDDE925320DF19C0A26E4591C0E
:1026C0005846FAF7B9FE044650B3079054E700BFE6
:1026D00010140020FC130020E08600206766666668
:1026E000CDF888C012F8011C90F80FC06145134660
:1026F0000AD14FF0300E03F801EC229B591E2291B3
:1027000013F8011C8C45F6D0392916BF0131817AA6
:10271000C9B203F8011CAEE600239046079360E7B8
:102720001BEE102AB2F90C3043F040039381FEF700
:1027300016BCF5077FF5FEADF8E50593CEE6B5EEE0
:1027400040ABF1EE10FA3FF48BADC2F101021B92E7
:1027500087E567230B9313990B78FF2B79D000251E
:102760000C9A284603E001300131FF2B08D0934238
:1027700006DAD21A4B78002BF5D10B780135F4E745
:102780000C9213910D900F950F9A0D9B169913446F
:10279000059A01FB0323059323EAE3730293D5E52E
:1027A000109BD3181944662305910B932DE7C3F1B1
:1027B00001031A4422EAE2730293672305920B9302
:1027C00098E60DF17A0259E7039BDDF80890DDF8F1
:1027D0001C800593B4E418EE903A002BB4BF2D2171
:1027E0009DF86710254C264BB8BF8DF8671028F070
:1027F0008008FEF779BC039B0293059373239DF831
:10280000671003900F900D900B93FEF77ABC022394
:10281000149384E5039A134305D10123662202939E
:102820000B92059366E6109B01331A4422EAE27389
:102830000293662305920B935CE6089A99F801309F
:10284000894652F8041B089241EAE1710391FEF7B0
:10285000D3BA00230F930D9396E70C23CBF80030E7
:102860004FF0FF330493FEF781BB1BEE102A9389D0
:1028700043F040039381FEF7C8BE00BFF41300206D
:10288000F81300202DE9F04F2DED028BADF5377DCB
:102890008B46B1F90C1002AF8C048146FA643B639D
:1028A00009D4DBF8643041F4005123F40053ABF851
:1028B0000C10CBF8643000231C460822194607F19F
:1028C0005800FB62A246FCF7BBFD3C647C62BC6323
:1028D0007C64834BD3F8E440FDF762F907F15802BA
:1028E0000346009207F15401FA6C4846A047051EC2
:1028F000FB6C33DB2B44FB647B6D2E46002B00F01E
:10290000B680012D38D0252B40D0002DE1D0FB6CB6
:102910009E1BDBF80430741E002B40F39880DBF81C
:10292000001094F801C091F800E0A31C0AEB03002A
:10293000E64501F10101A3EB060204F10104A0EB5D
:10294000060040F09480DBF80430CBF80010013B27
:10295000AA42CBF80430DFDB8246BAE70133FB64DE
:1029600008224FF6FD73002107F158007B65FCF744
:1029700067FD7B6D002B7AD05A4EF25C100700F198
:102980001C85252B40F0868001252E46F86C0024FE
:102990000278A046A2F12503411C552B67D8DFE839
:1029A00013F00A076600660066006600010766000D
:1029B00066006600660066000C060C060C060C0637
:1029C0000C060C060C060C060C060C0666006600CF
:1029D00066006600660066006600180666008E04E3
:1029E000C904180618061806660066006600660028
:1029F000820066006600BF0466006600660089000B
:102A000066006600660066006B0666006600DD060E
:102A100066006600660066006600180666009004A0
:102A2000CB04180618061806BE06D20682006600F9
:102A3000E706F306AC06C104DA06660066008B0002
:102A40007D00CA06660066006B0666007D0059467A
:102A5000484603F04BFE00283FF461AF7B6C002B2F
:102A600001F05280BBF80C305A0601F14D803B6CEE
:102A700043B13B6CD3F80080B8F1000F02D0404660
:102A8000FAF7D2FC786C07F53577BD46BDEC028BC2
:102A9000BDE8F08FFB6C01255E1E3AE72307E6D107
:102AA0004278084676E72207E1D1427844F00204F2
:102AB00008466FE744F00104F9640225DBF80430AE
:102AC000002B40F30884600640F10F846B1E032B3B
:102AD00001F2EB80DFE813F07B02F1014B0108000B
:102AE000E88C00204D120020484602F039FA0368B5
:102AF0003B6208F1FF33B3F5AE7F40F25A856FF4C5
:102B0000AE7508EB05033B6140F25D18002607F542
:102B1000B87308EE109AC7E90566FE637E63FE612E
:102B2000BE6444F4F064BB621D464646DBF8001008
:102B30000A78A2F12B034E2B50D8DFE813F07E0366
:102B40004F007E034F004F00A300A600A600A60082
:102B5000A600A600A600A600A600A6004F004F00F3
:102B60004F004F004F004F004F0074030B030B0347
:102B70000B039E0394034F004F0084034F004F004C
:102B80004F004F005D034F003A034F004F004F00CE
:102B900033034F004F004F001E036D034F004F00E3
:102BA0004F004F004F004F004F0074030B030B0307
:102BB0000B039E0394034F004F0084034F004F000C
:102BC0004F004F005D034F003A034F004F004F008E
:102BD00033034F004F004F001E036D03A0056FD558
:102BE000386A037893426BD1C7E902457E6081461B
:102BF00018EE106A4FF000085C4607E0216091F87B
:102C000000E099F8000086451CD1DA4619F8010F5A
:102C100045460AF1010B013108F10108002800F0D6
:102C200064866068013800286060E7DC2146304631
:102C300003F05CFD30B9216899F8000091F800E0DC
:102C40008645E2D0A3463A6ABC683D612B46B14650
:102C5000BE6CFD68BD6401335D4602EB0308B346FC
:102C60002646144618F8011D2A46484603F0FEFC85
:102C70004445F7D13B693446AAEB030A5E46AB46AE
:102C8000BD6C20E0E00500F10185BB6CF96BD94219
:102C900016D124F4C07405F8012B013EDBF8043092
:102CA000013B002B0AF1010ACBF8043040F36F839B
:102CB000DBF800300133CBF80030002E7FF436AF64
:102CC000BE6C18EE109A7B6B002B40F0DC82FB6B25
:102CD000013B012B41F21680731E062B40F2278622
:102CE000E3051BD5660501F1B58015F8011C6529C2
:102CF00005F1FF330AF1FF360AD0452908D05A46BC
:102D0000484603F0B3FC15F8021CAAF10206AB1EFC
:102D10005A464846B2461D4603F0A8FC14F010027D
:102D20007FF4D7AD04F4C063B3F5806F2A7000F070
:102D3000D284BB69002B40F02C874846B96A002238
:102D4000FBF7AAFFE0073B6B00F1C985A10700F183
:102D5000C685B4EE400BF1EE10FA53F8044B80F147
:102D6000F486B7EEC00B3B6384ED000AA2E308F1E2
:102D7000FF33B3F5AE7F40F2A2836FF4AE7208EB7F
:102D80000203FB6340F25D1807F5B8730022BE6BC7
:102D9000BB62594644F45864D3461D4692460A68BD
:102DA0001078A0F12B034D2B60D8DFE813F08202DE
:102DB0005F0082025F005F00CD02E001E001E00100
:102DC000E001E001E001E0016F026F025F005F00DF
:102DD0005F005F005F005F005F004E004E004E002E
:102DE0004E004E004E005F005F005F005F005F001E
:102DF0005F005F005F005F005F005F005F005F00DB
:102E00005F005F005F005F0076025F005F005F00B1
:102E10005F005F005F005F005F004E004E004E00ED
:102E20004E004E004E005F005F005F005F005F00DD
:102E30005F005F005F005F005F005F005F005F009A
:102E40005F005F005F005F0076020A2E0EDD24F453
:102E500038644B6805F8010B013B002B4B6040F3D5
:102E60008D8201320A60B8F1010898D1E005D046A0
:102E7000BE63DA468B4607D5BB6A9D4200F22284C8
:102E8000BB6A9D423FF4F3AD14F0100210D1B96A51
:102E9000BB6BFE6A2A704846B047A10640F1088421
:102EA0003B6B53F8042B10603B637B6C01337B64FA
:102EB000BB6AED1A4544AA440BE5B8F1000F08BF00
:102EC0004FF0FF38E00740F1958214F010037B6368
:102ED00040F07484210640F166863C6B54F8043B54
:102EE000FB63002B3FF4C3AD8020FAF795FAB8647A
:102EF000002800F07887FB6BBA6C1A603A6CD588B2
:102F000093889D4280F052851068FB6B40F8253015
:102F10003B6C3C630135DD80BB6CBB6220233B62B4
:102F2000DBF80030B14E1B78F35C13F0080340F07F
:102F3000BB847C6A7E621D46FCF732FEA8423FF4E9
:102F40008DADDBE9003207F5B87013F8011B415570
:102F5000013A032CCBE9003205F1010507F16806BF
:102F600002D13368042B04D0082200213046FCF73C
:102F700067FA07F5B872B96C00962B46484602F01E
:102F8000CFF9421C04463FF469AD002840F0788434
:102F9000BB6C186002F020FA002840F05C86AA445E
:102FA00008F1FF387B6B002B40F03386BB6CFA6B6B
:102FB0000433BB64002A00F02C86BA6A9D1A3B6A6F
:102FC000B3EBA50F40F256877D6B00F05CBCB8F107
:102FD000000F08BF4FF0FF38E00740F17B8214F08C
:102FE0001003BB6240F0F383210640F1ED853E6B98
:102FF00056F8043B3B62002B3FF439AD8020FAF7D2
:103000000BFA0446002800F0EE863B6A3A6C186022
:10301000D58893889D4280F0DD8410683B6A40F833
:1030200025303B6C3E630135DD802023FC61BB61B4
:103030007E6AC7F83CA00025C246A046FCF7B0FD5A
:10304000A8423FF40BADDBE9003213F8011B013A53
:1030500007F5B870CBE90032032E05F101034155A5
:10306000BB6407F1600402D12368042B04D008225A
:1030700000212046FCF7E4F907F5B872BB6C009418
:103080004146484602F04CF9421C06463FF4E6AC85
:10309000002840F0CA82C8F80000054607F168031E
:1030A0000822002118467B63FCF7CAF950497B6B64
:1030B000D1F8E0102A4648460D4607F15001A847CE
:1030C000012800F0D583002207F170039B5C002BE0
:1030D00000F0A185FB6BBA6C032E1344FB6300F078
:1030E000CA830AF1FF3ABB6A5BB93B6A08F104087C
:1030F0003BB1FB69A8EB0304BB69B3EBA40F40F23F
:103100000584DBF80430002B4FF0000540F3968275
:10311000BAF1000F92D1D7F83CA07E624446BB6A58
:10312000002B7FF4D6AB23603B6A002B00F0C281FA
:10313000FB69BA69E11A8B1001339A4240F2BA81F5
:103140003C6A04312068FAF733FC002800F0B281B1
:103150002060AFE121057FF5B3ADFB6BB96C5B1867
:103160007FF4AEADBB6424F4C074FB6393E5214BE4
:1031700024F4386433F916606BE604F41863B3F58D
:10318000807F7FF49DAD7B6B012B7FF499AD302365
:1031900005F8013B24F48074002344F40064013EEC
:1031A0007B6378E5BB6C062B40F074850723BB641A
:1031B00071E523057FF584AD04F4A063B3F5806F5A
:1031C00005D061057FF57CAD7B6B002B47D0A30557
:1031D00004D47B6BF9695B1AC7E9055324F478645E
:1031E000002344F4C0747B6355E500BF4D120020FA
:1031F000E88C0020842E0020FB6B002B00F0FF8168
:10320000FB6B022B00F0B083BB6C012B00F0F18153
:10321000042B00F0EE8153E5BB6C072B40F03A85A0
:103220000823BB6437E5200500F1F981FB6B012B16
:103230007FF446AD0223FB632DE523067FF540AD09
:1032400024F0800427E5BB6C002B40F0CC817B6B25
:10325000B3B904F4E063B3F5E06F00F02085BE6C11
:1032600018EE109A33E5210500F1B781BB6C022BF3
:1032700040F010850323BB640DE520059CD56CE769
:10328000BE6C18EE109A24F4807420E58D4B33F94F
:103290001660082E3FF7DBADE8E504F4C063B3F534
:1032A000007F7FF4E3AD24F4007444F4A06410269E
:1032B000CFE523067FF5DAAD24F08004C9E544F0BC
:1032C0000104DBF80430F964002B44F040044FF0B3
:1032D00000053FF7F8AB5946484603F007FA0028C7
:1032E0007FF4BCAB60063FF5F1ABDBF80020764E17
:1032F0001378F35C19077FF5E9ABDBF80430013B89
:10330000002B0AF1010ACBF8043002F101024ADD78
:10331000CBF800201378F35C19077FF5D7ABECE707
:1033200044F00104694BFB620823F964BB63032585
:10333000FFF7C4BB44F00104654BFB620A23F96448
:10334000BB630325FFF7BABB23057FF582AD16B932
:1033500044F400740826630500F1A681FB6B24F495
:1033600060741BB1013BFB6308F101084B68013B32
:10337000002B0AF1010A4B603FF773AD4846B96470
:1033800003F0B4F9B96C00283FF46DAD6EE518EEAA
:10339000100A594603F0AAF900287FF491AC002ED8
:1033A0007FF4C4AB8CE45946484603F09FF90028EB
:1033B0007FF454ABDBF800209AE7DBF804200FE041
:1033C000DBF800301A78B25C110703F101037FF5D6
:1033D00080AADBF80420013ACBE900320AF1010AA5
:1033E000002AEDDC5946484603F080F90028E7D072
:1033F000FFF76FBAE10600F1498314F0800400F092
:10340000AB833C6B54F8046BBE64002E3FF42FABCF
:103410002020FAF701F80546002800F062843A6C93
:1034200030609388D6889E4280F0A8821068BB6C7A
:1034300040F826303B6C3C630136DE802023FB6382
:10344000DBF80020204E1178715C080700F1AC8297
:1034500033462C4610462E46DBF80410BA6C013970
:10346000CBF80410411CCBF800103546017805F864
:10347000011B22B1FA6B2E1B964280F07A83B8F1C1
:1034800001080BD0DBF8041000292E4640F3AE8370
:10349000DBF800000178595C0907DDD5291B8A4457
:1034A00001314FF000032B70BB6C1BB1FB6B8B42E7
:1034B00000F294837B6C01337B64FFF70ABA00232C
:1034C000FB6361E4842E00204D12002051D00000E7
:1034D000F1CE0000E60600F1818114F0800400F0D6
:1034E0006D833C6B54F8046BBE64002E3FF4BFAA9E
:1034F0002020F9F791FF0546002800F0F2833A6C8E
:1035000030609388D6889E4280F07A821068BB6CC7
:1035100040F826303B6C3C630136DE802024DBF82B
:10352000002007F1700319461378CB5C002B3FF4A1
:103530009EAA08EE109AD7F84890C7F83CA02E46ED
:10354000A24610460C46DBF80410431C0139CBE9B7
:1035500000312946007801F8010BB9F1000F02D0C3
:103560008D1B55457AD20D46B8F101080AD0DBF81B
:103570000410002940F36A81DBF800000178615CE7
:103580000029E0D1544618EE109AD7F83CA0AE1BA3
:103590003FF46DAA4FF000032B70BB6C1BB1711C84
:1035A0008C4200F22D837B6C0133B2447B64FFF7C5
:1035B00090B900233B61FFF7A9BA14F08F0F7FF495
:1035C00056AA08EB880802EB4808A8F13008FFF774
:1035D00067BAF9640425FFF771BAFB6BB96C5B1825
:1035E0007FF444AEBEE5BB6C032B02D0052B7FF409
:1035F00067ABBB6C0133DBB2BB64FFF74CBB7B6BCF
:10360000002B7FF401AE04F4E063B3F5E06F7FF4C8
:10361000FBAD012324F4F064FB63FFF73CBBFB6BC1
:10362000B96C5B187FF402AE9CE5831C40F05B84B0
:10363000DBF80430BD6C002B3FF700AD594648461F
:1036400003F054F800283FF463ADD7F83CA07E6245
:103650004446002D3FF463ADFFF700BA4FEA4A0A33
:1036600030465146FAF7A4F90646002800F039839F
:103670000544C9F8000077E744F40074BC4BFB62D2
:103680001023F964BB630325FFF718BA7B6B013382
:103690007B633B6924F08004002B3FF4FEAA3B6966
:1036A000013B3B61FFF7FABA24F4B064FFF7D1BBEA
:1036B000220740F1C7813B6B53F8042B3B6310702A
:1036C000FFF7F3BB15F8011C5A464846013D02F0CE
:1036D000CDFFFFF7D5BBFB697A6B93423FF42DAB6F
:1036E0009A1A07F2C3239D4228BF07F2C225A149B7
:1036F000284601F093FBFFF720BBE20600F1318181
:10370000230700F1BA81660740F1B4823B6BF9648C
:1037100053F8042B3B63A2F800A0FFF7DAB82307A5
:103720007FF4A5A94278682A00F0868144F0040459
:103730000846FFF72FB98E4BFB620A23F964BB637F
:103740000325FFF7BBB98C4BFB620023F964BB6315
:103750000325FFF7B3B944F408748FE707F170004D
:1037600001F056FA44F04004F8640125FFF7A6B9C9
:1037700022077FF47CA942786C2A00F0578144F03C
:1037800001040846FFF706B914F08F037FF46FA910
:103790003A6C002A00F0E781427844F08004084641
:1037A000FFF7F8B858EA04087FF461A942781024BA
:1037B0000846FFF7EFB8F964FFF7A7B800233B62AC
:1037C000BB62FB6307F15403BB64FFF7A9BB002393
:1037D000C7E906333B6207F1540429E4DBF8003003
:1037E00007F1700211461A788A5C002A3FF43FA95B
:1037F0000133CBF80030DBF80430B8F1010F03F1EE
:10380000FF33CBF8043018BF0C4614D1FFF753BB7D
:10381000DBF800301A78A25C0133002A3FF44BAB8E
:10382000CBF80030DBF804300135013B4545CBF8DF
:1038300004303FF440AB002BEADC5946484602F026
:1038400055FF0028E4D0AA44FFF743B818EE100A49
:10385000594602F04BFF00283FF48EAEB542544665
:1038600018EE109AD7F83CA07FF491AEFFF7F6B8A7
:1038700097F8502028E42368042B7FF432AC32E41C
:10388000831C40F03983DBF80430002B40F3D781F0
:10389000DBF800307A6A1B78D35C180703D4B8F1E0
:1038A000000F7FF449AB7C627B6B002B7FF411A887
:1038B000BA6C1360FB6B002B3FF4FCADBB6AD11AF2
:1038C0008B103A6A01339A427FF6F4ADFC6B0431F7
:1038D0002068FAF76DF800287FF43AACEAE553F86F
:1038E000042B82ED000B3B63E4E5FD68396A7E68DA
:1038F00028464246A346BC6801F000FB7B6BFB6197
:1039000024F42074013E0546FFF7C8B9F869D900D0
:103910001D46FAF74DF8F861002800F064823A6A13
:103920006B0000EB04081060BB61FFF7EABB022EDE
:1039300040F2C482032E3FF4D3A9043E5FFA86F816
:103940006FEA0803EE1815F8011D5A46484602F0C2
:103950008DFEAE42F7D10AF1FF3AAAEB080AFFF753
:10396000BFB9F964FEF7B5BF0323FB63FFF793B953
:1039700051D0000044120020F1CE00004FF6F67244
:10398000934200F297823A6C08339BB21068F86356
:1039900099007B63FAF70CF8002800F07B823A6C00
:1039A0007B6B9380106042E501217AE54FF6F67259
:1039B000934200F2938208339EB23B6CB1001868C8
:1039C000F9F7F6FF3B6C002800F03E829E801860FD
:1039D000FFF79BBA4FF6F672934200F27F823A6C81
:1039E00008339BB299001068BB64F9F7E1FFBB6C28
:1039F000002800F028823A6C93801060FFF70EBB1D
:103A00004FF6F672934200F255823A6C08339BB23D
:103A10001068F86399007B63F9F7CAFF002800F08B
:103A200039823A6C7B6B9380106070E5827844F049
:103A300002040230FEF7AEBF827844F00804023080
:103A4000FEF7A8BF630758D414F001027FF428AA38
:103A5000A6077FF525AAB34BF96A99424846BB6B86
:103A6000B96A00F03D8201F035FB3B6B53F8042B43
:103A70003B63C2E90001FFF718BA3B6BF96453F8E6
:103A8000042B3B6382F800A0FEF723BFDBF8003075
:103A9000A54E1A78B25C12073EF51BAF0133CBF886
:103AA0000030DBF80430B8F1010F03F1FF33CBF83D
:103AB000043008BF0AF1010A3EF40BAF012411E003
:103AC000DBF800301A78B25C150703F1010311D45A
:103AD000CBF80030DBF804300134013B4445CBF82F
:103AE000043007D0002BEBDC5946484602F0FEFDBF
:103AF0000028E5D0A244FEF7ECBE3B6B53F8042B44
:103B00003B631080FFF7D1B93B6C002B00F06E8156
:103B10003B6CD3F80080DE8876B10024A8F1040560
:103B2000A14655F8043F1868F9F77EFC01342B686C
:103B3000A642C3F80090F4D14FF0FF337B64B8F194
:103B4000000F7EF49CAFFEF79DBF78483B63FCF707
:103B500073FB84ED000AADE43A6BFC6352F8045B3E
:103B60003A63BC646CE482B0CDE9023302AB3B64DF
:103B700012E67B63530020461946FB63F9F718FFF2
:103B80000446002800F0AD80BB6C851918607B6B83
:103B900075E47D6929460A2301314846FBF788F917
:103BA000BB69C21A9DE5D7E90C3253F8041B3A628F
:103BB000B9643B63BA62FA63FFF7B2B93B6BBC64AA
:103BC00053F8045B3B63AAE43B6BBA6A53F8044BBB
:103BD000BA61C7E907223B63FFF72ABABC6C2068C9
:103BE000F9F7E6FE00287FF4B3AA63E45946484695
:103BF0007B6302F07BFD7B6B00283FF449AC4DE416
:103C000018681C46F9F7D4FE00283FF4CCAC2060BD
:103C1000C9E4002537E6BD6CD7F83CA07E62444677
:103C2000002D3FF47CAA013D07F5B8735A46595D53
:103C3000484602F01BFD002DF5D1FFF770BA59463A
:103C4000484602F053FD00283FF422AE7C62002D6E
:103C50007EF404AF28E67C62002D3FF425AE013DE2
:103C600007F5B8735A46595D484602F0FFFC002D2F
:103C7000F5D119E6E5073CD4A4073AD53B6BF964C6
:103C800053F8042B3B634FEAEA73C2F800A0536079
:103C9000FEF71FBE18EE109A1E46FFF714B8012358
:103CA00024F4F064BB64FEF7F6BFB8F1010F38BF2F
:103CB0004FF0010814F001033AD1E50600F1368116
:103CC000240640F14C813B6B53F8045BBB64002D30
:103CD0003EF4CDAE4046F9F79FFB0346002840F086
:103CE000DC803B6C002B00F08180D3F80080DE8804
:103CF00012E73B6BF96453F8042BC2F800A03B6356
:103D0000FEF7E7BD2B46BD6AAB427EF6B0AE1C4661
:103D100014F8011D5A46484602F0A8FCAC42F7D1FF
:103D2000FEF7A5BE51D000004D120020A482002055
:103D300014F010037B635ED00025FD63BD642E4646
:103D400000244B46C146A84625461C46FBF728FFE3
:103D5000A8423EF483AEDBE9003213F8011B013ABE
:103D6000CBE900327A6A07F5B870032A415505F1AC
:103D7000010307F1680502D12A68042A06D0082247
:103D800000212846BB62FBF75BFBBB6A009507F589
:103D9000B87231462046BB6201F0C2FA431C786219
:103DA0003EF45CAEBB6A002840F047817A6B02B9F2
:103DB00032609A4409F1FF397B6B002B40F075812A
:103DC000BB6C002B00F07081FB6BF51AB8EBA50FF4
:103DD00000F26A8118464FEAC801F9F7E9FDF86375
:103DE000002840F05C813B6C002B2DD14FF0FF335D
:103DF0007B64FEF747BE220640F18F803C6B54F88F
:103E0000043BBB64002B3EF432AE8020F9F704FB88
:103E100006460028E7D0BB6C18603B6CDD889A88AA
:103E20009542C0F0B3804FF6F6718A4256D80832F8
:103E300093B23A6CFB6399001068F9F7B9FDFB6B1C
:103E4000002840F0AE803B6CDB883A6C1E46D2F80E
:103E5000008061E62B46BD6AAB427EF608AE1C468A
:103E600014F8011D5A46484602F000FCAC42F7D156
:103E7000FEF7FDBD1046D9001E46F9F799FDB86260
:103E80000028B0D04219BA64FA6B7D6B10607300E1
:103E90003B62F8E4D7F83C803EE6396C2860CE8877
:103EA0008A889642C0F08E804FF6F6718A42386357
:103EB00040F2A5803B6CD3F800802DE6BA6A9542AB
:103EC0007EF6D5AD2C46BD6A14F8011D5A4648460B
:103ED00002F0CCFBAC42F7D1FEF7C9BD2B46B4E7EC
:103EE00001F0C8F9C1E5D8F800301D4601337FF470
:103EF000D5A82A46FFF7E8B8BB6C186801F06CFA41
:103F000000287FF4A8AE032CAA447FF449A83368A4
:103F1000042B7FF445A8FFF745B8D7E90C3253F8D6
:103F2000046B3B631546FA63BA6409E71C46DBF889
:103F30000430984539DDDBF800201A44CBF8002026
:103F4000594648461C44A8EB030802F0CFFB002862
:103F5000EDD0002C3EF482ADA244FEF7BABC3D6B1E
:103F600043462968CDF800B00122484602F0DCFB48
:103F7000044600283EF472AD0435BD647B6C013309
:103F80007B64BB6C3B63A244FEF7A3BC1868BB6CAC
:103F900040F825303B6C3C630135DD80FE63202515
:103FA000CEE63A6C93801060F1E7A3EB0803CBF800
:103FB0000430DBF8003044444344CBF80030A244E2
:103FC000FEF787BC0A68FA63FA6B42F826503A6C2F
:103FD0000136B6B2D6801946CDF800B0434601226C
:103FE000484602F0A1FB0446D8B18045C6D92868EE
:103FF0002146F9F7DDFC0028C0D02860BEE73B6C05
:10400000083294B21A687A631046A100F9F7D0FC1E
:104010007A6BF86300285BD03B6C9C8018603B6B2C
:10402000D2E77B6CD7F83C80002B3FF475ADBBF832
:104030000C305B067EF51DAD6AE57A6A02321DD151
:10404000DBF80420002A1D463FF780AE5946204683
:1040500002F04CFBE0B9B9F1000F7FF477AE4546B2
:10406000A146BB6C23B1FB6BF11AB5EBA10F27D8AE
:104070007B6B002B7EF42DACFFF71CBA9A447B6A55
:10408000032B7FF497AE2B68042B7FF493AE93E65B
:10409000A1462C464546002CE3D0FEF7DFBCBA6CA7
:1040A000461910604FEA48080436DBF80430002B4C
:1040B0004FF00005CADDB9F1000F7FF447AECEE73F
:1040C000BC6C2068F9F774FC0028D1D02060CFE7E1
:1040D000904621E5436C70B505460C464BB153F84C
:1040E000240080B1026843F824200023C0E9033390
:1040F00070BD2122042101F0AFFA03466864002854
:10410000EDD1002070BD012101FA04F6721D92006C
:10411000284601F0A1FA0028F3D0C0E90146E4E7FF
:1041200031B1436C4A6853F82200086043F822100A
:10413000704700BF2DE9F0410E6980460F461D46CD
:1041400001F1140E0020DEF800108CB202FB0453C3
:10415000090C4FEA134C02FB01CC01309CB204EB7A
:104160000C4486424EF8044B4FEA1C45EBDC3DB153
:10417000BB68B34207DD07EB860301365D613E6134
:104180003846BDE8F081796840460131FFF7A2FF6B
:104190000446B0B13A69023207F10C0192000C30CA
:1041A000F6F7AEFED8F844307A6853F8221039603A
:1041B00043F82270274607EB860301365D613E61B6
:1041C000DEE7034B03482246BA2101F059F900BF4C
:1041D00060100020E01100202DE9F8431746274A1F
:1041E0001E4608330C46092E82FB03124FEAE37386
:1041F0000546C3EB620339DD4FF0010C00214FEAA5
:104200004C0C634501F10101F9DC2846FFF762FF20
:10421000014668B3089B4361092F4FF00103036116
:1042200012DC0A340927BE420BDDF21BA61814F873
:10423000013B0A22303B2846FFF77CFFA64201469D
:10424000F5D10846BDE8F88304F10909C8463C44A5
:1042500018F8013B0A22303B2846FFF76BFFA045C8
:104260000146F5D1A7F108044C44DCE70021CCE776
:104270000A46034B0348D32101F002F9398EE33893
:1042800060100020E0110020030C1B04D3B90004CF
:10429000102310F07F4F04BF0002083310F0704F5E
:1042A00004BF0001043310F0404F04BF800002330C
:1042B000002805DB10F0804F03F1010308BF202325
:1042C000184670470023E4E7036813F0070208D09C
:1042D000D9071FD49A0722D55B0803600122104634
:1042E000704799B209B91B0C1022D9B209B908322A
:1042F0001B0A190704BF1B090432990704BF9B0856
:104300000232D90703D45B0802F1010205D0036031
:10431000104670470022104670472022DFE79B08B6
:10432000022203601046704738B5436C04460D46C0
:104330004BB15868B0B102685A6000220123C0E94D
:104340000435C26038BD2122042101F085F90346FD
:1043500060640028EDD1094B0948002240F2451164
:1043600001F08EF81C220121204601F075F9002889
:10437000F1D001220223C0E90123DEE76010002012
:10438000E01100202DE9F04F0E691569AE4285B0AD
:104390008846144605DB2A46234635460C46164613
:1043A0009846A3686168AF19BB42B8BF0131FFF7F7
:1043B00091FE0190002800F08780019B03F1140911
:1043C00009EB870AD14505D24B46002243F8042B5E
:1043D0009A45FBD808F1140808EB860B04F1140386
:1043E000D8451A4603EB85055FD22B1B153B23F0FE
:1043F000030304331534A54238BF0423CDE902A7D3
:10440000AC461F46924605E0090C29D1C34509F187
:10441000040948D958F8041B8DB2002DF4D0564633
:104420004C46002356F8041B22681FFA81FE90B206
:10443000090C05FB0E00120C034405FB012202EBE4
:1044400013429BB243EA0243B44544F8043B4FEAAB
:104450001243E7D849F8073058F8041C090CD5D0A6
:10446000D9F8003050461A464C4600260588120CF2
:1044700001FB052216449BB243EA064344F8043B81
:1044800050F8045B22682D0C93B201FB053303EB5B
:10449000164384454FEA1346E8D8C34549F8073028
:1044A00009F10409B6D8DDE902A7002F02DC05E016
:1044B000013F03D05AF8043D002BF9D0019B184668
:1044C0001F6105B0BDE8F08F034B0448019A4FF41B
:1044D000B17100F0D5FF00BF60100020E011002096
:1044E00012F003032DE9F0411446064632D10D4681
:1044F000A41020D0D6F84080B8F1000F33D0E307E5
:104500004FF0000707D4641015D0D8F80000A8B108
:104510008046E307F7D5424629463046FFF732FF8B
:10452000B5B16968736C641053F821202A6043F8B0
:1045300021500546E9D12846BDE8F0814246414672
:104540003046FFF71FFFC8F8000007608046E0E72D
:104550000546D8E7013B0F4A52F823200023FFF716
:10456000E9FD0546C4E701213046FFF7B3FD80466B
:1045700040B1012340F27122C0E9043200233064CB
:104580000360BCE7044B0548424640F2451100F089
:1045900077FF00BF2883002060100020E01100207A
:1045A0002DE9F0470D4614462F69AB68496807EBC3
:1045B00062177E1C9E4280464FEA621904DD5B0052
:1045C0009E4201F10101FADC4046FFF783FD84467B
:1045D000002852D0B9F1000F00F114020EDD09F1EC
:1045E00005014FEA810E134600EB8101002043F8DC
:1045F000040B8B42FBD1AEF114031A44296905F177
:10460000140314F01F0E03EB81012ED0CEF120090C
:1046100010464FF0000A1C6804FA0EF444EA0A043B
:1046200040F8044B53F8044B994224FA09FAF2D8A3
:104630004B1B153B23F00303043305F115008142A6
:1046400038BF0423BAF1000F18BF374642F803A061
:10465000D8F844306A68CCF8107053F822102960FA
:10466000604643F82250BDE8F087043A53F8040B43
:1046700042F8040F9942F9D8EAE7034B034862462F
:104680004FF4EF7100F0FCFE60100020E0110020FC
:104690000B6984460069C01A16D10CF1140C143150
:1046A0000CEB830210B401EB830301E0944508D2C4
:1046B00052F8044D53F8041D8C42F7D005D24FF048
:1046C000FF305DF8044B7047704701205DF8044BE4
:1046D000704700BF2DE9F84F0F691369FF1A002FCB
:1046E0000E4690467FD101F11405143202EB83028D
:1046F00005EB830301E09D4278D253F8041D52F884
:10470000044DA142F7D069D37168FFF7E3FC8146FD
:10471000002877D03569D8F81020C76008F1140E4A
:1047200006F1140009F1140A06F110010EEB8202E1
:1047300000EB850756464FF0000C5EF8044B51F82D
:1047400004BFA3B21CFA8BFCACEB03034FEA144C7E
:10475000CCEB1B4C0CEB234C9BB243EA0C43724555
:1047600046F8043B4FEA2C4CE7D8A2EB0801153978
:1047700008F11508424521F0030404F1040438BF90
:104780000424204421F0030238BF0022874252440F
:10479000544418D92646014651F8043B1CFA83FCC0
:1047A0004FEA2C4202EB13421FFA8CFC4CEA024304
:1047B0008F4246F8043B4FEA224CEDD8013F3F1AA6
:1047C00027F00307E21923B952F8043D013D002BFD
:1047D000FAD0C9F810504846BDE8F88F3346012793
:1047E0004646984690E7F9DB00278DE70021FFF762
:1047F00071FC814668B101220023C9E904234846BF
:10480000BDE8F88F064B07484A4640F2452100F0C4
:1048100037FE034B03484A4640F2372100F030FE92
:1048200060100020E011002082B08DED000B164BCF
:10483000019A1340A3F15073002B06DD00221946A4
:10484000104641EC100B02B070475B42B3F1A07F01
:104850004FEA235209DA4FF400231341002219468C
:10486000104641EC100B02B07047A2F114031E2B4E
:10487000DABF4FF00042DA40012200231946104609
:1048800041EC100B02B070470000F07FF8B50469EE
:1048900000F1140606EB8404271F54F8045C284634
:1048A000FFF7F2FCC0F120030A280B601BDDBE42BB
:1048B0000BD20B3854F8081C2ED145F07F5343F42B
:1048C00040130A4643EC102BF8BDB0F10B01F4D0B5
:1048D00005FA01F141F07F53002143F440130A46E9
:1048E00043EC102BF8BDC0F10B0C25FA0CF1BE42C5
:1048F00041F07F5338BF54F8081C00F1150034BF55
:1049000021FA0CF1002105FA00F0014343F44013B1
:104910000A4643EC102BF8BDC0F1200C854021FA6B
:104920000CF345EA0307A4F10805AE4201FA00F1D1
:104930003CBF54F80C0C20FA0CF047F07F5338BF02
:10494000014343F440130A4643EC102BF8BD00BF6B
:104950002DE9F043884683B0012157EC106B1546D2
:10496000FFF7B8FB0446002851D0C7F30A59C7F334
:104970001303B9F1000F01D043F48013002E01930B
:1049800018D101A8FFF7A0FC019A6261012200F191
:1049900020032261B9F1000F25D0A9F2334909EBB8
:1049A00003022046C3F13503C8F800202B6003B092
:1049B000BDE8F08368460096FFF786FC034610B317
:1049C000DDE90002C3F1200102FA01F10143DA40FE
:1049D00061610192002AA26114BF022201222261B8
:1049E000B9F1000FD9D1A3F23243C8F8003004EB7B
:1049F00082031869FFF748FCC0EB421320462B6086
:104A000003B0BDE8F083009A6261019AE2E7034BCC
:104A10000348224640F20F3100F032FD60100020C2
:104A2000E0110020F0B583B00E4669460746FFF757
:104A30002DFF01A9304655EC104BB0EE407BFFF73F
:104A400025FF33693A69D21ADDE900315B1A03EBBD
:104A50004213002B09DD17EE902A02EB035545ECBB
:104A6000174B87EE000B03B0F0BD10EE902A51EC0F
:104A7000100BC3EB033302EB035141EC100B87EE39
:104A8000000B03B0F0BD00BF0139491101F1010C69
:104A9000116902F1140303EB81018B4200EB8C0CD2
:104AA00017D210B5A0F1040E53F8044B4EF8044F82
:104AB0009942F9D88A1AA2F1150323F003030433AB
:104AC0001844844504D9002340F8043B8445FBD8AE
:104AD00010BD844505D9002340F8043B8445FBD82C
:104AE0007047704703694A11934200F1140009DAD4
:104AF00000EB830302E053F8042DC2B98342FAD8D5
:104B00000020704710DD11F01F010DD010B450F8D7
:104B1000224000EB820324FA01F28A4094420CD036
:104B200001205DF8044B704700EB8203E6E70120AB
:104B3000704753F8042D002AF2D18342F9D800209F
:104B40005DF8044B704700BF70B500294BD0064696
:104B50000C4610B1436B002B48D0636ED80734D598
:104B6000B4F90C30002B3ED02146304600F094F8CA
:104B7000E36A054633B1E169304698470028B8BF7B
:104B80004FF0FF35A3891A063CD4216B41B104F1E3
:104B90004003994202D03046FBF7A4FB0023236375
:104BA000616C21B13046FBF79DFB00236364FAF78B
:104BB00067FB636E0022DB07A2811FD5A06DFBF7A8
:104BC00061FAFAF763FB284670BDA3899905CBD437
:104BD000A06DFBF759FAB4F90C30002BC4D1656E07
:104BE00015F0010505D00025284670BDFAF72AFB0F
:104BF000B3E7A06DFBF74AFA284670BDA06DFBF73E
:104C000045FADBE721693046FBF76CFBBDE700BFE7
:104C100070B50C785E2C86461ED00022481C944647
:104C20000EF1FF330EF1FF0103F8012F8B42FBD190
:104C300084B18CF001010EF80410451C15F8013CFC
:104C40002D2B0ED05D2B03D01BB11C462846F2E75E
:104C5000284670BD013870BD01224C78881C9446EE
:104C6000DEE790F801C0BCF15D0FEED06445ECDCEE
:104C7000661C02300EEB060202F8011BA2EB0E03CB
:104C8000013B9C45F8DCACEB0403013B6445A8BF49
:104C9000002302359C19D1E7B1F90C202DE9F04130
:104CA0000C461107804647D4636842F40062002B2B
:104CB000A2815EDDA56A002D58D00023D8F80060DF
:104CC000C8F8003093B212F4805256D10123E16942
:104CD0004046A847431C67D0A389A56A5F0705D54E
:104CE0006368C01A236B0BB1E36BC01AE16902461B
:104CF00000234046A847411C41D1D8F80030002B82
:104D00003DD01D2B01D0162B56D1A38922692260DC
:104D100023F4006300216160A381216BC8F8006067
:104D200021B304F14003994202D04046FBF7DAFA7E
:104D300000202063BDE8F0812669BEB193B22568EA
:104D400026609A070CBF63690023AD1BA3600BE0CC
:104D50002B463246E169676A4046B847B0F1000C1D
:104D6000A5EB0C05664417DD002DF1DC0020BDE845
:104D7000F081E36B002B9DDCF8E7206DAEE7B4F922
:104D80000C302269226023F40063A3810022DB043B
:104D90006260C2D52065C0E7A38943F040034FF0AD
:104DA000FF30A381BDE8F081D8F80030002B93D00C
:104DB0001D2B06D0162B04D0A38943F04003A381FA
:104DC000D5E7C8F80060D1E738B50C46054608B10C
:104DD000436B03B3B4F90C0088B1636EDB0701D4F5
:104DE00081050FD528462146FFF756FF636EDA0787
:104DF000054602D4A3899B0508D5284638BD05463B
:104E0000284638BDA06DFBF73FF9EBE7A06DFBF737
:104E10003DF9284638BDFAF715FADBE70EB410B5B0
:104E20009DB06FF000411FABCDE906010491094927
:104E300053F8042B0290084C0868019302A90594CA
:104E4000FBF77EFF029B00221A701DB0BDE81040E8
:104E500003B07047709200200802FFFF49B1FF2A9B
:104E600002D80A70012070478A2303604FF0FF3098
:104E700070470846704700BF032A70B514D940EA4E
:104E800001039B0722D104460B46194620460E68B3
:104E90000568B54204F1040403F1040316D1043A91
:104EA000032A20461946F0D8541E9AB1421E0139F1
:104EB00001E0C3180CD012F801EF11F801CFE6455C
:104EC000A4EB0203F5D0AEEB0C0070BD541EEDE771
:104ED000184670BD104670BD71B1034600EB010C61
:104EE00001E0634506D01A46013311780029F8D154
:104EF000101A7047181A70470846704741EA0003B5
:104F00009B0730B401D1032A0FD801F1FF3C07E021
:104F10001CF8011F03F8011B541EC1B1224618469C
:104F20000346002AF4D130BC70470B46194653F8AB
:104F3000045BA5F1013424EA050414F0803FE4D1B8
:104F4000043A032A40F8045B1946EFD8DDE702442F
:104F5000002CE8D003F8011B9342FBD130BC704712
:104F600000487047D88D00202DE9F04F85B01F46CE
:104F7000574B03908A4600920D462A4615F8014B7E
:104F80001E5D16F00806F8D12D2C75D02B2C05BF10
:104F90002C7802960296951C4FF0FF366FF0004B6E
:104FA0002FB1102F6FD0B8464FEAE77905E0302CCB
:104FB00074D04FF00A08B946474642464B46304641
:104FC0005946F8F795F80023019284460A46184698
:104FD000194611E08A4208BF84453DD000FB09F321
:104FE00008FB0133A0FB08010B441EEB000043EB60
:104FF000EE71012315F8014BA4F1300EBEF1090F3B
:1050000006D9A4F1410EBEF1190F0CD8A4F1370E48
:10501000774511DD5C1CEDD0844572EB0103D9D2DC
:105020004FF0FF33E6E7A4F1610EBEF1190F03D88C
:10503000A4F1570E7745EDDC5A1C13D0029A12B139
:10504000404261EB4101009A1AB1A3BB009BC3F837
:1050500000A005B0BDE8F08F019B7345BEDA4FF0AC
:10506000FF33C7E7039A22231360009B33B305F194
:10507000FF3A30465946E9E701232C780293951C04
:105080004FF0004B8CE7302C04D12B7803F0DF037A
:10509000582B08D0B8464FF000098EE72B7803F064
:1050A000DF03582B0FD14FF010086C784FF0000938
:1050B0000235474681E706468B46D8E730465946D3
:1050C00005B0BDE8F08F4FF00808B946474674E7D1
:1050D0004D120020FFF748BF2DE9F04F85B08B46F9
:1050E0000192624A03901E460D46294615F8014B6F
:1050F000135D13F00803F8D12D2C00F082802B2CC7
:1051000003BF2C7802938D1C0293BEB1102E7DD06C
:105110004FEAE67A324653464FF0FF304FF0FF3108
:10512000F7F7E6FF32460746884653464FF0FF3012
:105130004FF0FF31B146F7F7DBFF0AE0302C79D0B2
:105140004FF00A09DFF82881B24605224FF099375F
:105150004E464FF0000C6046614611E0414508BFE5
:10516000B8423ED000FB0AF409FB0141A0FB090450
:105170002144181841EBE3714FF0010C15F8014B75
:10518000A4F13003092B05D9A4F14103192B0DD843
:10519000A4F137039E4211DDBCF1FF3FEED0874200
:1051A00078EB0104DAD24FF0FF3CE7E7A4F16103AA
:1051B000192B03D8A4F157039E42EDDCBCF1FF3F4D
:1051C00014D0029B13B1404261EB4101019B2BB112
:1051D000BCF1000F12D1019BC3F800B005B0BDE8CF
:1051E000F08F9342BEDD4FF0FF3CC7E7039A2223C6
:1051F0001360019B60466146002BEFD005F1FF3B39
:10520000E9E701232C7802938D1C7EE7302C23D113
:105210002B7803F0DF03582B1BD14FF010096C786B
:105220000F2202354FF0FF376FF070484FF0000A41
:105230004E468EE72B7803F0DF03582BEDD04FF06E
:105240000809B24607224FF0FF376FF060484E461C
:105250007FE74FF0000A5DE70F224FF0FF376FF056
:105260007048B1464FF0000A73E700BF4D120020AE
:1052700099999919FFF730BF000000000000000065
:1052800001F0FF01102A2BDB10F0070F08D010F8F7
:10529000013B013A8B422DD010F0070F42B3F6D1FB
:1052A000F0B441EA012141EA014122F007047FF014
:1052B00000070023F0E80256083C85EA010586EA6B
:1052C000010685FA47F5A3FA87F586FA47F6A5FAA7
:1052D00087F68EB9EED1F0BC01F0FF0102F00702B3
:1052E00032B110F8013B013A83EA010313B1F8D15E
:1052F0000020704701387047002D06BF354603383F
:10530000073815F0010F07D1013015F4807F02BF77
:10531000013015F4C03F0130F0BC0138704700BFC8
:1053200070B582B00446069D55B16AB10F4800952C
:10533000D0F8E4602046B047431C10D002B070BDE6
:1053400000F1F405002AF1D1084B0095D3F8E46090
:1053500011460123064A2046B047431CEED10022E5
:105360008A232A60236002B070BD00BFE88C002051
:10537000A482002070B5054684B05BB11C4669B1BB
:105380000E4B2846D3F8E0602346B047431C0FD0AD
:1053900004B070BD00F582740029F1D1074A23469C
:1053A000D2F8E06028460A4601A9B047431CEFD175
:1053B00000228A2322602B6004B070BDE88C00209C
:1053C00010B582B0049CCDE900344FF0FF3302F0F9
:1053D00071FD02B010BD00BF002100F001B800BF98
:1053E00010B500F007F9044601F07CF8A0F11A03AB
:1053F000DBB2022B06D9A4F1090004288CBF0020DF
:10540000012010BD012010BD30B482B08DED000B25
:10541000019A194C22F000430021A342016021DCD3
:10542000009C1C431ED0154C144054B99FED107BBA
:1054300020EE077B8DED007B019A6FF0350122F0A5
:10544000004322F0FF42DDE9004522F4E00242F091
:105450007F551B1545F40015A3F2FE33CDE9004539
:105460000B4403609DED000B02B030BC704700BFE1
:105470000000000000005043FFFFEF7F0000F07FBE
:1054800000B50B4C25681446EE681A4685B00346F5
:105490000D464CB107490095CDE901143046064947
:1054A00001F050F8F6F762F804490C46F3E700BF44
:1054B000709200202010002030100020A4820020D4
:1054C000022932D00329C0F307231DBFA0F18002B7
:1054D00083F08003D2B2C2B203F15001C9B21F29D6
:1054E00006D84CF6D371884269D94FF0FF30704727
:1054F00003F13001C9B224290ED84FF2A6418842E7
:10550000F3D8D03BC3EBC313A2F1A10000EB4300DF
:10551000304A32F810007047A13B072BE5D8DFE88E
:1055200003F0483E342E29252119C2B29E2AC0F329
:1055300007210BD92332D2B280239F2994BF70391F
:10554000503103EB410303F0FF03C5E77E3AD2B2CB
:105550007F23F2E7C02AC8D81F4BA2F1A10033F87D
:1055600010007047F12AC0D81C4B19E0D82ABCD8CB
:105570001B4B15E0F62AB8D802F540507047F32AC5
:10558000B3D802F53E5020307047164B134413F841
:10559000A13C002BA9D002F57E4060307047124B31
:1055A000A2F1A10033F81000002808BF4FF0FF302F
:1055B00070470E4BA2F1A10033F810007047B03BCA
:1055C000C3EBC313A2F1A10000EB4300084A32F879
:1055D00010007047F0630020181700207416002098
:1055E00004160020A8150020EC1400203014002020
:1055F0005817002038B50546B9B101F59574124920
:105600002046FAF751FB28B928460121BDE8384069
:10561000FFF756BF0D492046FAF746FB38B9284632
:105620000221BDE83840FFF74BBF094CE7E70949C5
:105630002046FAF739FB28B928460321BDE838404F
:10564000FFF73EBF284638BDC4130020C813002012
:10565000128E0020D013002038B5A1FB02148CBBA1
:10566000F7F7EAFE0546E0B150F8042C22F00302F9
:10567000043A242A17D8132A1AD91B2AC0E900444D
:105680001DD9242A14BF00F1100200F118024FF0B6
:105690000003C0E9024404BF04614461C2E900336D
:1056A0009360284638BD2146F9F7CAFE284638BD22
:1056B00002460023C2E900339360284638BD00F15A
:1056C0000802F6E7FAF7DEFA0C2300250360E8E7A4
:1056D0002DE9F04F03690C69A34283B0C0F28780C3
:1056E000013C01F11405A30000F11408009355F8E2
:1056F000243058F82420013381469A4208EB840074
:1057000005EB84070190B2FBF3F63BD34FF0000C9E
:10571000AE464046E24663465EF804BB02681FFAA6
:105720008BFC06FB0C334FEA134C4FEA1B4B06FB7A
:105730000BCC9BB2AAEB03031FFA8CFA13FA82F389
:10574000CAEB124202EB23429BB243EA0243774583
:1057500040F8043B4FEA224A4FEA1C43DCD2009B4C
:1057600058F8033073B9019B043B984504D307E014
:10577000984504F1FF3403D253F80429002AF7D0E6
:10578000C9F810404846FEF783FF00282BDB01369E
:105790004146002355F8040BD1F800C082B29A1A92
:1057A000030C12FA8CF2C3EB1C4303EB224392B2BC
:1057B00042EA0342AF4241F8042B4FEA2343E9D2C5
:1057C00058F8242008EB84036AB9043B984504D3B5
:1057D00007E0984504F1FF3403D253F80429002A66
:1057E000F7D0C9F81040304603B0BDE8F08F002074
:1057F00003B0BDE8F08F00BF2DE9F04F2DED028B17
:105800008FB08DED020B0191816B1A9D059357ECC2
:10581000106B0446934641B1C26B4A60012393402A
:105820008B60FEF77DFC0023A363B7F10008B4BFD3
:10583000012300232B60BE4BBCBF28F00048CDF8ED
:105840000C8033EA080300F09F809DED028BB5EEDB
:10585000408BF1EE10FA11D1059A012313601B9BC6
:10586000002B00F03F82B34B1B9A1360013B009367
:1058700000980FB0BDEC028BBDE8F08F0CAA0DA90B
:105880002046B0EE480BFFF763F85FEA1853054671
:1058900040F09280DDE90C130B4403F23242202ADF
:1058A00040F3FA82C2F1400208FA02F803F212420F
:1058B000D64048EA060207EE102AB8EE477B581E8B
:1058C00017EE906A53EC172B4FF0010AA6F1F8730C
:1058D0009FED913B9FED927B9FED935B06EE900ACF
:1058E00043EC122BB8EEE64BB7EE086B32EE466B8C
:1058F000A6EE037BA4EE057BFDEEC76BB5EEC07B89
:10590000F1EE10FA16EE907A08D5B8EEE66BB4EE2A
:10591000476BF1EE10FA18BF07F1FF37162F00F2B0
:105920004581854B03EBC70393ED007BB4EEC78B3A
:10593000F1EE10FA57D5091A0023B1F1010807F169
:10594000FF370A9300F1398100230693002F52DAC2
:10595000069B0497DB1B06937B420893019B092B54
:105960004FF000074ED8052B40F39D82043B019376
:105970000026019B9A1E032A00F22581DFE812F01F
:10598000AA03A7039D037E03059AC8F3130842F2F6
:105990000F7358EA060813601ED11B9B002B00F002
:1059A0009185664B009308331B9A009813600FB0E3
:1059B000BDEC028BBDE8F08F18EE906AC6F31306BB
:1059C000A3F2FF3053EC182B46F07F530C994FF0A5
:1059D000000A43F440137BE71B9B002B40F03B8302
:1059E000574B009344E7091A0023B1F101080A93C9
:1059F00000F1E380069300230893019B0497092B91
:105A0000B844B0D900230126019307964FF0FF391F
:105A10009B460021E163CDF82C902046FEF75AFB0F
:105A20000090002800F04085009BA363B9F10E0FA1
:105A300000F2DC80002E00F0D980049B002B40F3A4
:105A4000DE833D4A03F00F0102EBC10292ED007BC1
:105A50001A11DB0540F182833A4991ED086B02F09F
:105A60000F02032088EE065B5AB13649D60704D5EB
:105A700091ED006B013027EE067B521001F1080119
:105A8000F4D185EE076B0A9B3BB1B7EE007BB4EE19
:105A9000C76BF1EE10FA00F1AE8407EE900AB8EE93
:105AA000E75BB1EE0C7BA5EE067B17EE902A51EC7E
:105AB000170BA2F15071B9F1000F00F08883049E1A
:105AC0004A46079B002B00F04784B6EE003B1A4B7A
:105AD000FDEEC64B03EBC20CB8EEE47B36EE477B23
:105AE0001CED026B83EE065B41EC160B14EE900A84
:105AF00035EE465B0099B4EEC75B3030F1EE10FA3C
:105B000001F8010B00F3AC84B7EE002BB2EE044BAE
:105B10004FF0000C31E000BF61436F63A787D23FB5
:105B2000B3C8608B288AC63FFB799F501344D33F8C
:105B30000000F07F2D140020A80200205013002048
:105B40005C130020800200200CF1010C94454DDA1A
:105B500027EE047B25EE045BFDEEC76B16EE903A54
:105B6000B8EEE63B303337EE437BB4EEC57BF1EE67
:105B700010FA01F8013B00F1738432EE476BB4EE8A
:105B8000C56BF1EE10FADFD5009A049602E08A4266
:105B900000F05084894611F8013D392BF7D00133CC
:105BA000DBB20B70049B0133049355E1091A012306
:105BB000B1F101080A937FF5C7AEC1F10103069365
:105BC0004FF00008C2E60026E66331462046FEF7A5
:105BD00081FA0090002800F06784009BA3634FF0D7
:105BE000FF330B9399460123B34607930D9A002A7E
:105BF00055DB04990E2952DCB74BBBF1000F03EBC8
:105C0000C10393ED006B15DAB9F1000F12DC40F01F
:105C1000F282B1EE047B26EE077BB4EEC78BF1EE89
:105C200010FACA464E4600F26D82DDF800806FEA37
:105C30000B0B70E288EE067BBDEEC77B009917EE7A
:105C4000103AB9F1010F03F13003B8EEC75B01F868
:105C5000013BA5EE468B00F03483B2EE044B0123EA
:105C600011E088EE067BBDEEC77B013317EE102AEC
:105C70004B4502F13002B8EEC75B01F8012BA5EEEF
:105C8000468B00F01E8328EE048BB5EE408BF1EEC0
:105C900010FAE6D1049B013304938946DCE0079BAC
:105CA00043B3019B012B40F37682089B09F1FF3A35
:105CB000534580F23F82089BCDF820A0AAEB030257
:105CC00017444FF0000AB9F1000FC0F22583069B7C
:105CD00009934B44C844069301212046FEF724FB58
:105CE00006460CE07D4B009300980FB0BDEC028B94
:105CF000BDE8F08F069BDDF820A0079E0993099B65
:105D00006BB1B8F1000F0ADD434506991A46A8BFEA
:105D10004246891A9B1A06910993A8EB0208089B30
:105D200063B1079B002B00F0A782BAF1000F00F3CC
:105D30000482089BB3EB0A0240F0FF820121204657
:105D4000FEF7F2FA002F824600F3AF80019B012B91
:105D500040F38781002308930120002F40F0B18099
:105D6000404410F01F0000F07A81C0F12002042AA4
:105D700000F3888040F0F681069B002B05DD294664
:105D80001A462046FEF70CFC0546B8F1000F05DD6B
:105D9000514642462046FEF703FC82460A9B002BF2
:105DA00040F03F81B9F1000F40F32581079B002BA4
:105DB00040F0A380049B01330493DDF800800127A9
:105DC00007E0294600230A222046FEF7B3F90137EF
:105DD000054651462846FFF77BFCB94500F13000E7
:105DE00008F8010BEDDCB9F1000F009ACCBFCB46EF
:105DF0004FF0010B03469344002729460122204619
:105E00000193FEF7CDFB51460546FEF741FC002805
:105E100040F3AF811BF8013C009A0BF1FF3B04E01B
:105E20005A4500F0B1811BF8013D392B0BF10109F6
:105E3000F6D001338BF8003051462046FEF770F95A
:105E400056B12FB1B74203D039462046FEF768F964
:105E500031462046FEF764F929462046FEF760F9F0
:105E6000002389F80030DDE904231A601B9B002B16
:105E70003FF4FEAC0098C3F800900FB0BDEC028B6D
:105E8000BDE8F08FC0F11C00069B03440693099BFC
:105E90000344099380446FE7C2F1200206FA02F23C
:105EA00007EE102A09E5012663E501463A46204639
:105EB000FEF716FB019B012B824640F3C5810023B0
:105EC0000893DAF810200AEB82021069FEF7DCF979
:105ED000C0F1200044E700BFA80200202C140020DD
:105EE000314600230A222046FEF724F90B9B002BA3
:105EF000064640F3CE8204979946099B002B05DDA8
:105F000031461A462046FEF74BFB0646089B002BFF
:105F100040F0EB81B046029B009F03F001027B1E24
:105F20004B440893019B0A92134309935146284618
:105F3000FFF7CEFB314683462846FEF7A9FB4246D3
:105F4000514681462046FEF7C5FBC26801460BF16B
:105F50003003002A42D1CDE906032846FEF798FB1C
:105F6000069902902046FEF7DBF8029A079B1AB9C1
:105F70000999002900F07E82B9F1000FC0F28381F7
:105F8000019949EA01090A9951EA090900F07B815E
:105F9000002A00F3C681089A3B7007F10109974275
:105FA000CB4600F0C481294600230A222046FEF792
:105FB000C1F84645054631464FF000034FF00A024E
:105FC000204612D0FEF7B6F84146064600230A22C4
:105FD0002046FEF7AFF84F468046A7E720460293DB
:105FE000FEF79EF8029B0122C6E7FEF7A3F84F4694
:105FF000064680469AE7019B022B71DC079B002B2B
:106000007FF47BAF049B5146013328460493FFF78E
:106010005FFBDDF800B000F130030BF8013B002717
:10602000EBE651462846FEF733FB0028BFF6BAAE32
:10603000294600230A222046FEF77CF8049B5F1EB7
:10604000079B0546002B7FF44BAF0B9B002B40F3C7
:1060500018829946B1E6BC4B00930333A4E41C209C
:1060600012E7DDE9020100287FF474AEC1F31302E8
:10607000002A00F0F480029B08936DE60123079349
:10608000049B5B4403F10109B9F1010FCC460B936A
:10609000B8BF4FF0010C0021BCF1170FE1637FF78F
:1060A000BCAC01200422520002F1140363450146F6
:1060B00000F10100F7D9E163AFE401230793BBF1DD
:1060C000000F52DDCDF82CB0D946DC46E3E70023C3
:1060D0000793D5E700230793F1E7DDF82C900497A9
:1060E000B9F1000F7FF4A1AD51464B460522204681
:1060F000FEF720F8014682462846FEF7C9FA002836
:106100007FF793AD049B03F1010B009B312298466E
:1061100003F8012B009351462046FEF701F80BF1DE
:106120000103DDF800900493CDF80080002E7FF489
:106130008FAE91E6A3EB0A0AC5E5314652462046EA
:10614000FEF7CEF92A46014606462046FEF71AF922
:10615000294605462046FDF7E3FFEAE50220B0EEBA
:10616000485B81E4C0F13C008EE64FF0010BD9465C
:106170004FE403D1019BDB073FF54CAED9461BF83A
:10618000013D302BFAD057E6049B009A013304936B
:106190003123137050E6BAF1000F00F0238102F2B0
:1061A0003342069B09931344DDF820A006939044E4
:1061B00092E507EE900AB1EE0C5BB8EEE77BA6EE37
:1061C000075B15EE902A51EC150BA2F1507141ECD2
:1061D000150BB1EE047B36EE477BB4EEC57BF1EEDA
:1061E00010FA00F33781B1EE455BB4EEC57BF1EEFA
:1061F00010FA7FF5FBAC4FF0000A564615E500F0AB
:10620000F580049B51495A4202F00F0001EBC00196
:1062100091ED006B121128EE066B00F04281B0EE9A
:10622000467B4B4900260220D30705D591ED005B44
:106230000130012627EE057B521001F10801F3D150
:10624000002E06FE076B1EE4029B002B7FF437AE88
:10625000DDE90201C1F31302002A40F037813D4A13
:106260000A40002A00F0FA80069B013306930123BE
:1062700008F1010808936FE52946089A2046FEF7C1
:106280002FF905465AE5002A12DD2946012220464B
:106290000193FEF785F951460546FEF7F9F9002806
:1062A000019B40F3E180392B00F0CA800BF13103F0
:1062B000B94609F8013B049B01333746049346462F
:1062C000BAE538EE088BB4EEC68BF1EE10FA0ADCB4
:1062D000B4EE468BF1EE10FA7FF4DCAC17EE103A18
:1062E000D8077FF5D7AC009A54E471682046FDF7D3
:1062F000F1FE0746002800F0DE80336902339A0081
:1063000006F10C010C30F4F7FBFD39460122204662
:10631000FEF746F98046FEE5069BA3EB09030993C9
:10632000DAE4392B00F08C80B9460133C1E7049AD6
:1063300001323746049246465FE529462046FEF77D
:10634000CFF80546FAE400BF5C130020A802002045
:10635000800200200000F07F5E4BFDEEC65B03EB89
:10636000C20C1CED023BB8EEE57B36EE477B41EC00
:10637000160B15EE901A23EE063B00983031012AD9
:1063800000F8011B00F08380B2EE044B009B9918CB
:1063900027EE047BFDEEC76B16EE903A303300F823
:1063A000013B8142B8EEE65B37EE457BF0D1B6EEBD
:1063B000006B33EE065BB4EEC75BF1EE10FA3FF50F
:1063C000E3AB36EE436BB4EEC76BF1EE10FA7FF73A
:1063D0000DAC8946013919F8013C302BF9D0731CFA
:1063E000049339E50C9AC2F13602DAE60220B0EEE7
:1063F000486BFFF748BBB9F1000F3FF4DAAE0B9AD8
:10640000002A7FF7F3ABB2EE044B26EE046B0130AB
:1064100007EE900A049BB8EEE75BB1EE0C7BA6EEAC
:10642000057B17EE90CA51EC170B5E1EACF1507154
:10643000FFF747BB049B013304933123FFF7B1BB44
:10644000049BBB4601330493392337460BF8013BC9
:106450004646E1E44FF0000A564653E608927BE4D4
:10646000731C04938946F7E47FF422AFDA077FF5C3
:106470001FAF18E7392BE3D0B9F1000F3FF716AF84
:1064800016E7019B022B3FF728AE0497BAE50146B9
:106490008DE7019B022B3FF720AEDDF82C9004978F
:1064A0002BE50220FFF7EFBA0B4B0C48002240F21D
:1064B000AF11FEF7E5FF084B08483A4640F2EF21DE
:1064C000FEF7DEFF064B0093FFF7D2B9029B08935D
:1064D000F7E400BFA8020020601000206013002035
:1064E00050130020154B984223D870B5144E4FF02E
:1064F000000E40F6DB0403E002F1010EA64516DCB7
:1065000004EB0E0222F0010303EB620306EB4303EC
:10651000521059785D88B3F804C041EA05218C44D3
:106520006045E9D8884206D2541EA645E8DDFF2022
:1065300070BDFF207047187870BD00BFEF010E00DE
:10654000C82E00200EB410B583B005AB064C53F82E
:10655000042B01930146206800F07CF903B0BDE8EC
:10656000104003B0704700BF709200202DE9F04F3B
:106570009368176883B09246002B70D081468A6872
:1065800008680C46083743E0A38913F4906F2ED0B7
:10659000D4E90416A0EB010806EB460606EBD67616
:1065A00008F1010076102844B042324684BF064606
:1065B00032465B0537D511464846F6F73DFF019058
:1065C00000283AD042462169F4F79AFCA289019B3F
:1065D00022F4906242F08002A281A6EB080203EB53
:1065E00008006661A260236120602E46A8464246EC
:1065F0005946F8F7A9FEDAF80830A2682068921B1D
:1066000040445B1BA2602060CAF808303BB30837E7
:1066100057E902B5002DFAD0AA4216469046B3D9E2
:106620002E46A846E3E74846F7F7CEF9034600288A
:10663000D3D121694846F9F755FEA3890C2243F0CE
:106640004003C9F800204FF0FF30A381002200234F
:10665000CAF80820CAF8043003B0BDE8F08F002063
:106660000023CAF8043003B0BDE8F08F38B54B1CE6
:106670001AD093891446126B23F02003A381CDB264
:10668000AAB16268636B9A4209DA23685A1E2260D3
:1066900003F8015C636801336360284638BD214616
:1066A00001F0DEF80028F0D04FF0FF35F5E7236960
:1066B00022682BB1934203D212F8013CAB420FD0B7
:1066C0006168E1632346A26304F14001032262632F
:1066D000216303F8425F0122C4E90032284638BD35
:1066E0006368013A0133C4E90023D6E710B50C46CC
:1066F000096B69B104F14003994201D0F9F7F2FD49
:10670000E36B63600020206313B1A36B236010BDB3
:10671000A3892169002243F02003C4E90012A38168
:106720004FF0FF3010BD00BF2DE9F04F85B0CDE92F
:10673000023202FB03F30E9C0193A3B3D4F804A02E
:10674000019B53458B4646D9A046019D58F8401BF6
:106750000746002652465846F4F7D2FB2368226BC0
:106760005344A946C4E9003611463846D344A5EB44
:106770000A05E2B1424501D0F9F7B4FDE36B2663A7
:106780006360A3B1A16B2160AB429A46E2D3029B46
:1067900001932A465846F4F7B3FBD4E90032521B62
:1067A0002B44C4E90032019805B0BDE8F08F019A8E
:1067B000039B5244A2EB0902B2FBF3F30193A389BA
:1067C0002269019843F02003A3810023C4E9002338
:1067D00005B0BDE8F08F21681D46D8E72DE9F84FD8
:1067E0004B6E9C0490462DD59368126843B38B463C
:1067F000064602F1080959E9025A5FEA9A0715D0DC
:10680000043D002401E0A7420ED055F8041F5A466B
:10681000304601F097FA431C04F10104F3D1002340
:10682000C8E90133BDE8F88FD8F808302AF0030A28
:10683000A3EB0A03C8F8083009F10809002BDAD1E4
:106840000020ECE701F048F80023C8E90133BDE877
:10685000F88F00BF2DE9F04F2DED028BC5B00DF183
:10686000500A834608EE101A1646002108225046A8
:106870001C460793F8F7E4FDBBF1000F04D0DBF8EA
:106880003430002B00F0A08618EE102A536EDB0780
:1068900040F11385B2F90C108AB295040BD418EEAE
:1068A000103A41F4005199815B6E8AB218EE101AC9
:1068B00023F400534B66100740F1058118EE103A9F
:1068C0001B69002B00F0FF8002F01A030A2B00F076
:1068D0000A810023CDE91933CDE90D331BAA0C93AE
:1068E000189291460B930593B0464446A84BD3F8B3
:1068F000E450F9F755F92246034612A9CDF800A055
:106900005846A847002800F04581C0F23981129A04
:10691000252A034601D01C44E8E7B4EB08060546E7
:1069200040F03C81002361788DF8433004F1010888
:1069300006934FF0FF371E462B2408F10108A1F102
:1069400020035A2B00F27881DFE813F0B5027601BC
:106950007601B0027601760176016A007601760151
:106960007D028D02760188029702760192025B0019
:106970005B005B005B005B005B005B005B005B003F
:10698000760176017601760176017601760176014F
:1069900076015C028400760176017601760176014B
:1069A00076017601760176017601E80076017601BE
:1069B000760133027601DA02760176018B057601E3
:1069C000760176017601760176017601760176010F
:1069D00076015C028600760176017601CD028600A2
:1069E0007F007601C0027601FD02EA00ED027F0021
:1069F000760133027C006905760176016B0576012C
:106A00007C00A1F13003002218F8011B02EB820286
:106A100003EB4202A1F13003092BF5D906928EE770
:106A20005846FEF79DFA43680D931846F9F748FB60
:106A30000E9005465846FEF793FA83680B93002D97
:106A400040F0D68498F8001077E798F8001046F0E8
:106A5000200672E746F01006B40640F18E81079BCF
:106A6000073323F007031A46596852F8083B079288
:106A70000A460029C0F27084791C00F0A28526F035
:106A80008001039153EA020100F03F840A2B72F166
:106A9000000180F0418530338DF80F31039E0123D2
:106AA00004930DF20F14049BBB42B8BF3B46039303
:106AB000002308939DF84330002B00F0CB80039B0C
:106AC00001330393C6E018EE101A584618EE105A18
:106AD00001F07CF8002840F05286AA8902F01A03DF
:106AE0000A2B7FF4F6AE18EE101AB1F90E30002B17
:106AF000FFF6EFAE4B6EDB0702D4970540F112862E
:106B000018EE101A23463246584600F069FE0590EA
:106B1000059845B0BDEC028BBDE8F08F46F010063D
:106B200016F0200200F03681079B073323F007039D
:106B300019465A6851F8083B079126F48061039181
:106B4000002100208DF84300781C00F0108203988B
:106B500020F0800653EA020040F00882002F40F047
:106B60003885002940F0D583039B13F0010304937B
:106B700000F0118430238DF80F310DF20F1492E7DD
:106B8000082200215046F8F75BFC01231C44ADE6C7
:106B9000E88C0020B4EB080605461BD0199B1A9A16
:106BA00001333244072BC9E900861A9219931CDD80
:106BB000002A00F0A68318EE101A18AA5846FFF70C
:106BC0000DFE20BB0DF16C09059B33440593002D90
:106BD0007FF4A8AE1A9B002B40F0C18518EE103A46
:106BE0000022B3F90C30199215E009F10809EBE71E
:106BF00018EE101A18AA5846FFF7F0FD002800F00A
:106C0000A680089B1BB108995846F9F76BFB18EE54
:106C1000103AB3F90C3018EE102A526E12F0010F30
:106C20009AB200F0A080500600F1B285059845B0F8
:106C3000BDEC028BBDE8F08F0029CBD000238DF88E
:106C400043300123CDE903338DF8AC102BAC002386
:106C500008931F4616F00203099302D0039B0233E8
:106C6000039316F084030A9305D1069B039A9D1A99
:106C7000002D00F37B82DDE91903411C9DF84320C0
:106C800082B101220133C9F8042007290DF1430222
:106C9000CDE91913C9F8002000F34A82084609F12A
:106CA00008090131099AE2B111AA0233C9F800209A
:106CB00007294FF00202CDE91913C9F8042040F367
:106CC0005082002B00F0438318EE101A18AA584681
:106CD000FFF784FD002894D1DDE919030DF16C095B
:106CE000411C0A9A802A00F08481049ABD1A002D62
:106CF00000F3D781049AC9F8004013440729CDE96D
:106D00001913C9F8042040F36E81002B00F075823E
:106D100018EE101A18AA5846FFF760FD00287FF4F5
:106D200070AF1A9B0DF16C09750705D5069A03998A
:106D3000541A002C00F36B82DDE90521039881428F
:106D4000ACBF521812180592002B7FF451AF08996E
:106D500000231993002900F049815846F9F7C2FA37
:106D60000DF16C09C1E59C053FF55DAF18EE104AC9
:106D7000A06DF9F78BF9A28955E7F006079A00F1A3
:106D80001F83710640F1198332F9043B0792DA1729
:106D900011466EE616F01003079940F0098316F0CD
:106DA000400000F001831A4651F8043B07919BB262
:106DB000C3E6079B1A4600238DF84330134653F869
:106DC000044B0393002C00F01284532900F06583D8
:106DD00016F0100540F061837B1C00F0B3843A4646
:106DE00029462046FEF74CFA0890002800F09F84C0
:106DF000031B039A049323EAE3732F46079203933A
:106E0000089557E6432902D0F50640F12D83079DEA
:106E10000822002116A82BACF8F712FB16AB55F888
:106E2000042B21465846FEF7A5FA03460133049089
:106E300000F0B384049B079523EAE37303930023D4
:106E40008DF8433003E7079B53F8042B0692002A82
:106E500080F29C82069A5242CDE9062398F80010EF
:106E600046F0040669E598F800108DF8434064E5A3
:106E700098F8001046F080065FE5424612F8011BC4
:106E80002A2900F09684A1F13003092B90464FF097
:106E900000073FF654AD18F8011B07EB870703EB1B
:106EA0004707A1F13003092BF5D948E598F8001000
:106EB00046F0010641E59DF84330002B7FF4C2AD5A
:106EC000202398F800108DF8433036E598F800102C
:106ED0006C2903BF98F8011046F0200608F101085C
:106EE00046F0100629E598F80010682903BF98F8C5
:106EF000011046F4007608F1010846F040061CE552
:106F000046F010030393039B13F0200200F0068267
:106F1000079B073323F0070319465A6851F8083BCB
:106F2000079101210DE6079A46F00203039352F8F8
:106F3000043B079247F63002ADF84420B84A0C9261
:106F400002210022FDE5B70600F14882F50600F1B6
:106F50004683740600F1D583B00540F14083079B5A
:106F6000059953F8042B07931170BEE40396012989
:106F70003FF48CAD022944AC11D10C9803F00F0101
:106F80001B09415C04F8011D43EA0273120953EA2C
:106F90000201F3D1039E44AB1B1B049383E503F072
:106FA0000701DB0843EA4273D208303153EA020595
:106FB000204604F8011DF2D1039EF307EBD53029DA
:106FC000E8D03023023804F8013C44AB1B1A039E7E
:106FD0000493044667E5049B1B9401221C931A93B7
:106FE00019920DF16C0909F108099DE60DF16C0982
:106FF0007BE4069A039D551B002D7FF776AE102D7E
:1070000040F3BB83099418EE104A07E000F1020C2C
:1070100009F108091046103D102D1EDD8149C9F8FF
:107020000010421C10331021072ACDE91923C9F89A
:107030000410EBDD18AA002B74D0214658460DF140
:107040006C09FFF7CBFB00287FF4DBADDDE919030A
:10705000103D102D00F1010CE0DC099C714AC9F8CB
:1070600004502B44BCF1070FCDE919C3C9F8002027
:1070700040F39481002B00F01F8318EE101A18AA19
:107080005846FFF7ABFB00287FF4BBAD049ADDE95F
:107090001903BD1A002D00F101010DF16C097FF7F4
:1070A00029AE102D29DD0994102718EE104A07E0AB
:1070B00000F1020C09F108091046103D102D1ADDEF
:1070C000421C58491033072AC9E90017CDE9192392
:1070D000EEDD18AA03B3214658460DF16C09FFF7FF
:1070E0007DFB00287FF48DADDDE91903103D102DE7
:1070F00000F1010CE4DC099C61464A4AC9F80450DD
:107100002B440729CDE91913C9F8002000F3E780C3
:1071100009F108090131EDE54FF0010C18460DF1B8
:107120006C09CAE74FF0010C18460DF16C0972E7C3
:10713000002B00F0048118EE101A18AA5846FFF729
:107140004DFB00287FF45DADDDE919030DF16C09FD
:10715000411CA7E5022311AA1C931B9201210DF1EA
:107160006C09084609F10809411CBAE5102D40F3E5
:10717000E582DDE919130F94084618EE104A07E07E
:1071800000F1020C09F108091046103D102D1DDD1B
:107190002549C9F80010421C10331021072ACDE9F7
:1071A0001923C9F80410EBDD18AA03B32146584689
:1071B0000DF16C09FFF712FB00287FF422ADDDE929
:1071C0001903103D102D00F1010CE1DC0F9C60460D
:1071D000154AC9F804502B440728CDE91903C9F80A
:1071E000002000F3C18009F10809411C46E518465A
:1071F0004FF0010C0DF16C09C7E77607199353D5D1
:10720000069A0399541A002C4EDD0DF16C09102CCE
:1072100040F3B082199918EE106A10250DE000BFF6
:10722000FC130020F0860020B82E0020881C09F1F5
:1072300008091146103C102C1ADD4A1CB3481033C3
:10724000072AC9E90005CDE91923EFDD18AA33B3F0
:1072500031465846FFF7C2FA00287FF4D2ACDDE988
:107260001913103C102C01F101000DF16C09E4DC44
:10727000A64AC9F8044023440728CDE91903C9F8F0
:1072800000207FF759AD7BB118EE101A18AA5846A6
:10729000FFF7A4FA00287FF4B4AC1A9B4CE5012058
:1072A00019460DF16C09C5E7DDE9053203998A42FB
:1072B000ACBF9B185B18059349E5B2F90C108F051C
:1072C00018EE103A8AB23FF5E8AA18EE105A986DF7
:1072D000F8F7DAFEB5F90C108AB2FFF7DEBA002B28
:1072E0003FF479AE18EE101A18AA5846FFF776FA4E
:1072F00000287FF486AC19991A9B01310DF16C09B5
:10730000F8E419920DF16C095EE4002F7FF4C3AB31
:10731000039E0027049744ACFFF7C5BB039B13F003
:10732000100354D1039A12F0400000F06B810799CA
:107330001A4651F8043B07919BB2012101E4099AD6
:10734000002A64D1184601210DF16C09C9E401211C
:1073500018460DF16C09C4E45B4262EB42020396ED
:107360002D200121FFF7EEBB002B00F0888018EEE6
:10737000101A18AA5846FFF731FA00287FF441ACDA
:10738000DDE919030DF16C09411C77E498F8001050
:107390000793FFF7D2BA44ACFFF785BB09F10809A0
:1073A0000CF101016046A0E416F4007240F09781F0
:1073B00051F8043B0791FFF7C0BBB30500F188818A
:1073C00052F8043B0792DA171146FFF752BB0799B0
:1073D00051F8043B07910121FFF7B3BB079B0598C8
:1073E00053F8041B0793C217C1E90002FFF77DBAE7
:1073F0000B9B002B3FF426AB0B9B1B78002B3FF421
:1074000021AB98F8001046F48066FFF796BA022385
:1074100011AA1C931B9201200DF16C09A2E60396A0
:1074200071E53B4B0C9316F0200259D0079B0733B4
:1074300023F0070318465A6850F8083B0790F407F2
:1074400009D553EA020006D08DF84510302146F0E8
:1074500002068DF8441026F4806103910221FFF7A3
:1074600070BB2C4B0C93DEE7079B012153F8042BD8
:1074700003918DF8AC20079304912BACDFE49DF8C9
:107480004320002A40F03281099A002A7FF462AE3C
:10749000184601210DF16C0927E40021082216A8E5
:1074A0001394F7F7CDFF791C00F0BC8000250794FA
:1074B0002C460CE02BA95846FDF75CFF421C2044EB
:1074C00000F06B81B84208DC00F070810446139A2A
:1074D000525916AB0435002AECD10494079CAFE056
:1074E00016F0100307980CD116F0400405D01A4688
:1074F00050F8043B07909BB2A1E716F4007240F0ED
:10750000E18050F8043B079099E700BFB82E0020B7
:10751000FC130020101400200399049744AC9E46ED
:1075200008EE90BA01F480664FF0000C234606E0A6
:10753000BEF10A0F72F1000239D3A6462A46A649C7
:107540001EEB020040F100000F46A1FB001424F0E6
:10755000030101EB9401401ABEEB00014FF0CC3562
:1075600062F1000405FB01F507FB0455A1FB07418F
:107570000D44052704F00101A1FB071B091864084D
:10758000303103F8011C44EAC5740CF1010C013BD5
:107590006D08002ECCD00B9909786145C8D1BCF19B
:1075A000FF0FC5D0BEF10A0F72F100026CD21C466B
:1075B00044AB1B1B049F039E049318EE90BAFFF785
:1075C00072BA0396FFF762BA5846F7F73BFEFFF729
:1075D0005BB9012903967FF4CDACFFF75CBA079B3A
:1075E000059953F8042B11600793FFF77EB9062F16
:1075F0003B46039A794C079228BF062304930393D2
:10760000FFF725BB039B079913F4007214BF51F8D1
:10761000043B51F8043B07911CBF0246DBB2012139
:10762000FFF78FBA16AB00930023194613AA5846EA
:10763000FDF7C6FE03460133049000F0AE801394BC
:10764000049B002B30D0632B63DC002308932BAC0E
:107650000822002116A8F7F7F3FE049D16AB00934D
:1076600013AA2B4621465846FDF7AAFE854240F054
:10767000AB80039B049A07930023A3541F4622EA7E
:10768000E2730393FFF716BA0E9A0D999B1A1846E8
:107690000893F7F7D3FF0B99089B4A780AB1013199
:1076A0000B914FF0000C48E7039B0793049B039357
:1076B0001F460893FFF7FEB9012118460DF16C092A
:1076C000FFF713BB50F8043B07902246DBB2B6E647
:1076D00012F9043B0792DA171146FFF7CAB951F8BD
:1076E000043B07910246DBB2FFF727BA01231C9344
:1076F00001210DF143031B930DF16C090B46FFF7BC
:10770000CDBA079B059953F8042B07931180FFF717
:10771000ECB8591C5846F5F78FFE044600283CD0BB
:10772000089095E7886DF8F7B1FCFFF7E9B9039B7E
:107730000793CDE90377089FFFF7BCB919981A9B07
:10774000013045E5039B07932046F8F7B9FC20EA92
:10775000E0732F46049003930895FFF7ABB918EE3A
:10776000101A18AA5846FFF739F800283FF436AA2D
:10777000FFF74DBA199801307AE58C466EE46B6ECE
:10778000D90705D4AB899A0502D4A86DF8F77EFC19
:107790004FF0FF330593FFF749BA18EE102AB2F9FC
:1077A0000C3043F040039381FFF735BA079C0497F0
:1077B00046E7079B98F8011053F8047B079390461F
:1077C00047EAE777FFF7B9B818EE102A938943F034
:1077D00040039381FFF715BACDCCCCCC2414002004
:1077E00070B50C468989ADF58E6D21F00201ADF8BA
:1077F0001410616E1B91E189ADF81610E1690991D1
:10780000616A0B911CA9029106914FF480610646B2
:107810000491079118A80021CDE900320891F8F7EA
:107820002FFCDDE9003202A93046FFF713F8051EF0
:1078300007DB02A93046FDF7C7FA002818BF4FF052
:10784000FF35BDF814305B0603D5A38943F0400330
:10785000A3811898F8F716FC28460DF58E6D70BDBB
:1078600001F140032DE9F0410C46096B994214D017
:10787000666B77003A46F6F7A7F8054640B300EB8B
:107880000608014632464046F3F73AFBC4E90C5776
:10789000C4F800800020BDE8F0814FF48061F5F766
:1078A000CBFDA8B194F842304FF48062C4E90C02D9
:1078B00080F8FF3394F8413080F8FE3394F840208C
:1078C00080F8FD2300F2FD3323600020BDE8F08145
:1078D0004FF0FF30DFE700BF9368002B00F085809A
:1078E0002DE9F04FB1F90C300C461907804683B0F2
:1078F000174698B225D523691BB310F002033D68E3
:107900002DD04FF0000ADFF8C0B25646B9465E45AA
:107910003346524628BF5B464046002E52D0E169AE
:10792000676AB847002856DDD9F808301B1A824428
:10793000361AC9F80830002BE9D1002003B0BDE8A1
:10794000F08F2146404600F041F9002840F0388190
:10795000B4F90C303D6898B210F00203D1D110F0A8
:10796000010944D14E46009746B38205D4F808B0C9
:1079700040F18580B3455A4600F2B48010F4906F10
:1079800040F0C180206801924946F7F7DDFCA3680A
:10799000019AA3EB0B012368A1601344B246236054
:1079A0000026009A9368A3EB0A03D1449360002B4E
:1079B000C3D0B4F90C0080B2002ED6D1D5E9009620
:1079C0000835D1E7D5E900A60835A0E721464046AD
:1079D000FDF7FAF988B3B4F90C3043F040034FF0E7
:1079E000FF30A38103B0BDE8F08F002070471E4632
:1079F000BA469946184600951F4666B3002832D00D
:107A00004A46D4E904132068A568B24228BF32462A
:107A1000884204D905EB030B5A4500F3A780934233
:107A200064DCE169656A3A464046A847B0F1000B5C
:107A3000D1DDB9EB0B09C9D00120DAF80830A3EB8E
:107A40000B035F44A6EB0B06CAF80830002B3FF48B
:107A500074AF002ED2D1009A5668134608320092B5
:107A6000002EF8D01F6832460A213846FDF708FC80
:107A7000002800F09C800130A0EB0709C0E72068D7
:107A80002369984216D86269B24213D86FF0004356
:107A9000B34228BF3346E16993FBF2F3676A02FB06
:107AA00003F340464A46B847B0F1000A93DDA6EB1F
:107AB0000A0676E7B345DA4628BFB246524649463B
:107AC000F7F742FCA3682268A3EB0A035244A360C1
:107AD0002260002BEBD121464046FDF775F90028C6
:107AE000E5D078E72068B34632464CE73946019244
:107AF000F7F72AFC019AA3689B1AA3602368134432
:107B00002360934695E723682169A3EB010B636922
:107B100003EB430A0AEBDA7A0BF101034FEA6A0A34
:107B200033445345524684BF9A46524643052CD5AA
:107B300011464046F5F780FC00283BD05A462169A3
:107B40000190F3F7DDF9A289019B22F4906242F0E3
:107B50008002A28103EB0B002361AAEB0B03C4F8A4
:107B600014A0A3602060B34632460CE739465A465B
:107B7000F7F7EAFB23685B44236021464046FDF7A4
:107B800023F900283FF455AF25E74046F5F71CFFE1
:107B900003460028DED121694046F8F7A3FBB4F97B
:107BA0000C300C2223F08003C8F8002015E7721C6B
:107BB000914626E70C22B4F90C30C8F800200CE7F7
:107BC0004FF0FF30BAE600BF00FCFF7F38B5314B05
:107BD0001B6805460C4613B15A6B002A4ED0B4F907
:107BE0000C3018079AB21CD5216929B312F0010094
:107BF00007D00020A06060694042A06139B1002038
:107C000038BD950758BF6069A0600029F7D11206FA
:107C100058BF0846F4D543F04003A3814FF0FF302E
:107C200038BDD1062ED5520714D4216943F008037C
:107C3000A3819AB20029D9D102F42070B0F5007F57
:107C4000D4D02146284600F047F9B4F90C30216918
:107C50009AB2CBE7216B51B104F14002914204D0BA
:107C60002846F8F73FFBB4F90C3000222263216963
:107C70000022C4E9001223F02403D7E71846F7F7DF
:107C8000E1FAACE7092243F040032A604FF0FF30ED
:107C9000A38138BD709200202DE9F04782B0824662
:107CA00088461446F7F77CFF012803D108F1FF331B
:107CB000FE2B36D90DF10409424604F15C03494616
:107CC0005046FDF757FB421C064632D020B39DF8C4
:107CD00004C0002509E023685A1C226083F800C014
:107CE0000135B54218D219F801CFA368013B002B2A
:107CF000A360F0DAA769BB4261462246504602DB28
:107D0000BCF10A0FE7D100F053F9431CE8D1064655
:107D1000304602B0BDE8F0874646304602B0BDE8C6
:107D2000F0875FFA88FC8DF804C006460DF104095F
:107D3000CFE7A389304643F04003A38102B0BDE8FA
:107D4000F08700BF30B5536E13F0010FB2F90C305D
:107D5000144683B005469AB201D198051CD590040B
:107D600006D4626E43F4005342F40052A38162666B
:107D700022462846FFF790FF636EDA07054602D4D5
:107D8000A3899B0502D5284603B030BDA06DF8F746
:107D90007DF9284603B030BDA06D0191F8F774F964
:107DA000B4F90C3001999AB2D9E700BF2DE9F04F30
:107DB0008BB0DDE9158A149F0391814605921E461A
:107DC000B8F1000F5CD0039B002B5ED0059B1D68B3
:107DD000002F6AD0741E4EB3039B0493043D00260B
:107DE00001950BE0039B2BBB019B1A68002A3AD03C
:107DF000BC455CD2013C631C664617D0D8F8003005
:107E00000293019BDAF8E05053F8042F019307A97D
:107E100043464846D8F804B0A847421C3AD000EB85
:107E2000060CBC45DED9029BC8E9003B30460BB0CE
:107E3000BDE8F08F00280EDD049B019D18445A1EFA
:107E400007A900F1FF3E11F8013B02F8013F72451E
:107E5000F9D101950490059B1A6804321A60019BC0
:107E60001A68002AC4D1039B0BB1059B1A600CF160
:107E7000FF3600223046C8F800200BB0BDE8F08F76
:107E8000039B00F58678002BA0D1059B4FF0FF37B0
:107E90001D689FE706468A2100223046C9F8001077
:107EA000C8F800200BB0BDE8F08F3E46BEE766463E
:107EB000BCE700BF10B584B0054C06980090079849
:107EC0000190044800680294FFF770FF04B010BDF1
:107ED000E88C0020709200202DE9F0418B890C463F
:107EE000990796B008D504F143030122C4E904328E
:107EF000236016B0BDE8F081B4F90E1000290646E3
:107F000025DB6A4600F0ACF800281FDB019D05F474
:107F10007045A5F50055B5FA85F54FF480686D09F3
:107F20004FF4006741463046F5F786FAE0B1B4F900
:107F30000C30C4F8148043F0800320602061A381DA
:107F400035BB3B43A38116B0BDE8F081A38913F094
:107F5000800519D04FF040080025414630462F4695
:107F6000F5F76AFA0028E2D1B4F90C309A05C0D4CA
:107F700023F0030304F1430243F002030121C4E9A7
:107F80000421A3812260B4E74FF480682F46C9E73B
:107F9000B4F90E10304600F079F810B9B4F90C308D
:107FA000CFE7A38923F0030343F001031BB2C8E723
:107FB000F8B50D461446064610B1436B002B4CD065
:107FC000B4F90C20A369A360170790B21BD52369ED
:107FD000CBB1EDB281042F4622D522686169D31A54
:107FE000994229DD0133A1680139A160511C21604A
:107FF000157062699A4227D0A389DB0701D50A2D43
:1080000022D03846F8BD21463046FFF7DFFD08BBD9
:10801000B4F90C20236990B2EDB281042F46DCD470
:1080200042F40052A281626E616922F400526266DB
:108030002268D31A9942D5DC21463046FCF7C4FEAB
:1080400040B922680123CEE721463046FCF7BCFE4A
:108050000028D6D04FF0FF37D3E7F7F7F3F8AFE7B4
:1080600070B50C46084D03460026204611461C46B6
:108070002E60F3F76FFA431C00D070BD2B68002B05
:10808000FBD0236070BD00BFD8E7002038B5074D96
:108090000022044608462A60F3F762FA431C00D027
:1080A00038BD2B68002BFBD0236038BDD8E70020FB
:1080B00081F0004102E000BF83F0004330B54FEA99
:1080C00041044FEA430594EA050F08BF90EA020F06
:1080D0001FBF54EA000C55EA020C7FEA645C7FEA99
:1080E000655C00F0E2804FEA5454D4EB5555B8BFBC
:1080F0006D420CDD2C4480EA020281EA030382EA2D
:10810000000083EA010180EA020281EA0303362DBE
:1081100088BF30BD11F0004F4FEA01314FF4801C91
:108120004CEA113102D0404261EB410113F0004FA3
:108130004FEA03334CEA133302D0524263EB43035A
:1081400094EA050F00F0A780A4F10104D5F1200EF8
:108150000DDB02FA0EFC22FA05F2801841F1000153
:1081600003FA0EF2801843FA05F359410EE0A5F127
:1081700020050EF1200E012A03FA0EFC28BF4CF058
:10818000020C43FA05F3C01851EBE37101F000450E
:1081900007D54FF0000EDCF1000C7EEB00006EEB1B
:1081A0000101B1F5801F1BD3B1F5001F0CD34908A5
:1081B0005FEA30004FEA3C0C04F101044FEA4452FC
:1081C00012F5800F80F09A80BCF1004F08BF5FEA83
:1081D000500C50F1000041EB045141EA050130BD63
:1081E0005FEA4C0C404141EB0101013C28BFB1F575
:1081F000801FE9D291F0000F04BF01460020B1FAC0
:1082000081F308BF2033A3F10B03B3F120020CDA92
:108210000C3208DD02F1140CC2F10C0201FA0CF070
:1082200021FA02F10CE002F11402D8BFC2F1200CD5
:1082300001FA02F120FA0CFCDCBF41EA0C0190408B
:10824000E41AA2BF01EB0451294330BD6FEA0404D4
:108250001F3C1CDA0C340EDC04F11404C4F12002BF
:1082600020FA04F001FA02F340EA030021FA04F3D1
:1082700045EA030130BDC4F10C04C4F1200220FA28
:1082800002F001FA04F340EA0300294630BD21FA66
:1082900004F0294630BD94F0000F83F4801306BF2C
:1082A00081F480110134013D4EE77FEA645C18BF20
:1082B0007FEA655C29D094EA050F08BF90EA020FB7
:1082C00005D054EA000C04BF1946104630BD91EAAF
:1082D000030F1EBF0021002030BD5FEA545C05D1B2
:1082E0004000494128BF41F0004130BD14F58004F1
:1082F0003CBF01F5801130BD01F0004545F0FE4165
:1083000041F470014FF0000030BD7FEA645C1ABF99
:10831000194610467FEA655C1CBF0B46024650EAD0
:10832000013406BF52EA033591EA030F41F40021FC
:1083300030BD00BF90F0000F04BF0021704730B582
:108340004FF4806404F132044FF000054FF0000157
:1083500050E700BF90F0000F04BF0021704730B518
:108360004FF4806404F1320410F0004548BF4042ED
:108370004FF000013EE700BF42004FEAE2014FEA42
:1083800031014FEA02701FBF12F07F4393F07F4F1D
:1083900081F06051704732F07F4208BF704793F020
:1083A0007F4F04BF41F40021704730B54FF4607433
:1083B00001F0004521F000411CE700BF50EA010236
:1083C00008BF704730B54FF000050AE050EA0102DF
:1083D00008BF704730B511F0004502D5404261EB4F
:1083E00041014FF4806404F132045FEA915C3FF490
:1083F000D8AE4FF003025FEADC0C18BF03325FEA2D
:10840000DC0C18BF033202EBDC02C2F1200300FADD
:1084100003FC20FA02F001FA03FE40EA0E0021FA02
:1084200002F11444BDE600BF08B502460B4643EC1A
:10843000172BB5EEC07BF1EE10FA03D4BDE808406F
:1084400000F00AB8B1EE477B51EC170B00F004F8CE
:10845000404261EB410108BD9FED0B6B41EC170BF6
:108460009FED0B5B27EE066BBCEEC66BB8EE464B82
:10847000A4EE457BFCEEC77B16EE101A17EE900AB1
:10848000704700BFAFF30080000000000000F03D27
:10849000000000000000F0415FF800F0E11D006006
:1084A0005FF800F0351E00600000000000000000D2
:0484B000F8B500BF5C
:0884B400A444FF7F0100000059
:1084BC0000000000000000000000000000000000B0
:1084CC0000000000000000000000000000000000A0
:1084DC000000000000000000000000000000000090
:1084EC000000000000000000000000000000000080
:1084FC000000000000000000000000000000000070
:10850C00000000000000000000000000000000005F
:10851C00000000000000000000000000000000004F
:10852C00000000000000000000000000000000003F
:10853C00000000000000000000000000000000002F
:10854C00000000000000000000000000000000001F
:10855C00000000000000000000000000000000000F
:10856C0000000000000000000000000000000000FF
:10857C0000000000000000000000000000000000EF
:10858C0000000000000000000000000000000000DF
:10859C0000000000000000000000000000000000CF
:1085AC0000000000000000000000000000000000BF
:1085BC0000000000000000000000000000000000AF
:1085CC00000000000000000000000000000000009F
:1085DC00000000000000000000000000000000008F
:1085EC00000000000000000000000000000000007F
:1085FC00000000000000000000000000000000006F
:10860C00000000000000000000000000000000005E
:10861C00000000000000000000000000000000004E
:10862C00000000000000000000000000000000003E
:10863C00000000000000000000000000000000002E
:10864C00000000000000000000000000000000001E
:10865C00000000000000000000000000000000000E
:10866C0000000000000000000000000000000000FE
:10867C0000000000000000000000000000000000EE
:10868C0000000000000000000000000000000000DE
:10869C0000000000000000000000000000000000CE
:1086AC0000000000000000000000000000000000BE
:1086BC0000000000000000000000000000000000AE
:1086CC00000000000000000000000000000000009E
:1086DC00000000000000000000000000000000008E
:1086EC00000000000000000000000000000000007E
:1086FC00000000000000000000000000000000006E
:10870C00000000000000000000000000000000005D
:10871C00000000000000000000000000000000004D
:10872C00000000000000000000000000000000003D
:10873C000080E03779C34143176E05B5B5B8934651
:10874C00F5F93FE9034F384D321D30F94877825A1D
:10875C003CBF737FDD4F1575000000000000F03F3B
:10876C000000000000002440000000000000594000
:10877C000000000000408F40000000000088C34053
:10878C0000000000006AF8400000000080842E41C8
:10879C0000000000D01263410000000084D7974114
:1087AC000000000065CDCD41000000205FA002421A
:1087BC00000000E876483742000000A2941A6D428F
:1087CC00000040E59C30A2420000901EC4BCD64282
:1087DC0000003426F56B0C430080E03779C341432D
:1087EC0000A0D8855734764300C84E676DC1AB43A3
:1087FC00003D9160E458E143408CB5781DAF1544C1
:10880C0050EFE2D6E41A4B4492D54D06CFF080449B
:10881C00F64AE1C7022DB544B49DD9794378EA44B0
:10882C00BC89D897B2D29C3C33A7A8D523F649393A
:10883C003DA7F444FD0FA5329D978CCF08BA5B255C
:10884C00436FAC64280668118C820020748200206F
:10885C0010860020781E0000A0280000F03C0000CC
:10886C0040510000127A0000E4A2000024F4000041
:10887C0048E8010090D0030020A107004552524F58
:10888C00523A20656E746572696E67204552524F7C
:10889C0052207374617465004F4E00004F464600C1
:1088AC0068000000436F6D6D616E64733A000000E8
:1088BC0020206820202020202020202D2068656C7E
:1088CC007000000020206220202020202020202D5D
:1088DC00207265626F6F7400202070202020202091
:1088EC002020202D20746F67676C652070756D706B
:1088FC00206F6E2F6F66660020206D2020202020B8
:10890C002020202D20656E746572204D45415355F5
:10891C0052452073746174650000000020207320A0
:10892C00202020202020202D20656E74657220537D
:10893C0054414E4442592073746174650000000028
:10894C0020207720202020202020202D20726573CD
:10895C00657420574454207472696767657220638C
:10896C006F756E7420696E20454550524F4D2074C2
:10897C006F203000202063203C733E202020202DCF
:10898C002073657420636F6E736F6C6520737461F4
:10899C00747573207072696E7420696E746572766A
:1089AC00616C205B735D0000202072203C733E20C4
:1089BC002020202D20736574205250552073746133
:1089CC00747573207265706F727420696E74657241
:1089DC0076616C205B735D0070756D702025730A79
:1089EC0000000000620000005265626F6F74696ED7
:1089FC00672076696120574454000000770000001E
:108A0C0057445420636F756E7420726573657420BF
:108A1C00746F2030000000006D0000007300000037
:108A2C00636F6E736F6C65207374617475732069FA
:108A3C006E74657276616C3A20256C75730A000051
:108A4C00636F6E736F6C65207374617475732069DA
:108A5C006E74657276616C2073657420746F20255A
:108A6C006C75730A00000000720000005250552013
:108A7C00737461747573207265706F727420696E93
:108A8C0074657276616C3A20256C75730A0000006F
:108A9C0052505520737461747573207265706F72C7
:108AAC007420696E74657276616C207365742074C1
:108ABC006F20256C75730A00556E6B6E6F776E2088
:108ACC00636F6D6D616E643A202573202028736589
:108ADC006E642027682720666F722068656C702989
:108AEC000A000000456E746572696E67204D454141
:108AFC005355524500000000456E746572696E67EF
:108B0C00205354414E44425900000000554E4B4EE8
:108B1C004F574E0073746174653D257320656C610D
:108B2C00707365643D252E316673206261745F76C7
:108B3C003D252E3266562076696E3D252E326656C0
:108B4C00206261745F6865617465723D25730A000B
:108B5C00253034582D2573002C0000004F50432035
:108B6C007061727365206572726F723A20657870ED
:108B7C006563746564202575206669656C64732C67
:108B8C0020676F742025750A000000004F504320A9
:108B9C007061727365206572726F723A20746F6FB8
:108BAC00206D616E79206669656C6473000000004D
:108BBC00524F50433A2074696D653D256C752064A5
:108BCC003330303D257520643530303D25752064BB
:108BDC003730303D25752064313030303D257520DF
:108BEC0064323030303D25752064323530303D25CF
:108BFC00752064333030303D25752064353030308D
:108C0C003D257520616C61726D3D25750A00000073
:108C1C002A3031413F0D000054444C4153207061C7
:108C2C00727365206572726F723A20657870656335
:108C3C00746564202575206669656C64732C2067E7
:108C4C006F742025750A000054444C415320706108
:108C5C00727365206572726F723A20746F6F206D3B
:108C6C00616E79206669656C6473000054444C41F4
:108C7C00533A206D725F6176673D252E3466206213
:108C8C006B673D252E3466207065616B3D252E3457
:108C9C006620726174696F3D252E366620626174A0
:108CAC00743D252E33665620746865726D5F313DB8
:108CBC00252E32664320746865726D5F323D252E19
:108CCC003266204964783D256420737065635F319A
:108CDC003D252E346620737065635F323D252E343E
:108CEC006620737065635F333D252E346620737088
:108CFC0065635F343D252E34660A000025303458F8
:108D0C002C256C752C252E33662C252E33662C25A4
:108D1C002E33662C252E33662C252E33662C252ED1
:108D2C0033662C252E33662C252E33662C252E33BC
:108D3C00662C252E33662C25642C252E36662C2588
:108D4C002E36662C252E32662C256C752C256C75D2
:108D5C002C256C752C256C752C252E32662C252E0D
:108D6C0032662C252E32662C256C752C25752C25FF
:108D7C00752C25752C25752C25752C25752C257594
:108D8C002C25752C25752C252E34662C252E346619
:108D9C002C252E34662C252E36662C252E33662C4F
:108DAC00252E32662C252E32662C25642C252E344D
:108DBC00662C252E34662C252E34662C252E3466F6
:108DCC002C256C752C252E32662C252E32662C25E6
:108DDC002E32662C252E32662C252E32662C2575CD
:108DEC002C25752C252E33662C252E32662C2564CD
:108DFC002C252E32662C252E32662C252E32662CF6
:108E0C00252E32662C252E32662C252E326600003D
:108E1C005741524E494E473A207270755F726563E6
:108E2C006F726473206275666665722066756C6C11
:108E3C0020E28094207265636F72642064726F709C
:108E4C007065640000190000757F000000000000D0
:108E5C0074C00F40C00000000000000002000000C1
:108E6C0050851F400100000034000000020000008B
:108E7C0050851F40000000000100000002000000AF
:108E8C0054851F4001000000350000000200000066
:108E9C0054851F4000000000FF0040002600180011
:108EAC007C0000002575000025640000256600008C
:108EBC00435243206973206E6F742076616C696431
:108ECC002100000053656E736F72204164647265FB
:108EDC007373203D0000000020536361746368705D
:108EEC00616420435243206973206E6F7420766155
:108EFC006C69642100000000504E41424C0000009F
:108F0C00524D430047474100524D440052534400D8
:108F1C000D0000004E434152000000006672616D6E
:108F2C00655F636F756E742C6169725F74656D70CB
:108F3C005F646567432C68756D646974795F7065EF
:108F4C007263656E742C6873656E736F725F746593
:108F5C006D705F646567432C707265735F6D622C16
:108F6C00696E7465726E616C5F74656D705F64655B
:108F7C0067432C6D6F64756C655F73746174757386
:108F8C002C6D6F64756C655F6572726F722C70639B
:108F9C00625F737570706C795F562C6C736D3330C7
:108FAC00335F74656D705F646567432C7063625FDB
:108FBC006865617465725F6F6E2C6D61675F686464
:108FCC006758595F6465672C6D61675F68646758A3
:108FDC005A5F6465672C6D61675F686467595A5F97
:108FEC006465672C616363656C585F6D472C6163C6
:108FFC0063656C595F6D472C616363656C5A5F6D7B
:10900C00470000006CC00F40C0000000504F000033
:10901C0021AE00000CFF0000130000000000000057
:10902C000000000024851F400BFF0000130000000F
:10903C00000000000000000028851F400DFF00000C
:10904C0013000000000000000000000020851F40FD
:10905C000A2524001300000012000000120000007A
:10906C0001020300000000001C851F4000000000EE
:10907C00000000007B226964223A222530345822F9
:10908C002C22766572223A222573222C227374616B
:10909C007465223A222573222C227764745F6E2227
:1090AC003A25752C2276696E223A252E31662C22B1
:1090BC007635223A252E31662C226261745F762237
:1090CC003A252E31662C226261745F6475747922A4
:1090DC003A25752C226368675F69223A252E316622
:1090EC002C226261745F74223A252E31662C227018
:1090FC0063625F74223A252E31662C2270756D7076
:10910C005F69223A252E30662C226F70635F6922CC
:10911C003A252E30662C227473656E5F69223A25CF
:10912C002E30662C2274646C61735F69223A252E92
:10913C0030662C226865617465725F69223A252E4F
:10914C0030662C226C6174223A252E36662C226CE9
:10915C006F6E223A252E36662C22616C74223A25CB
:10916C002E31662C2273617473223A25752C22647D
:10917C00617465223A256C752C2274696D65223AEE
:10918C00256C757D000000007B22656C6170736539
:10919C00645F73223A25752C22616C74223A252E59
:1091AC0030662C226C61745F64656C7461223A25A4
:1091BC002E35662C226C6F6E5F64656C7461223A7E
:1091CC00252E35662C2273617473223A25752C2258
:1091DC006770735F6167655F73223A25752C226F28
:1091EC0070635F64333030223A25752C226F7063C4
:1091FC005F6432303030223A25752C227473656EE0
:10920C005F61697274223A25752C227473656E5FE6
:10921C0070726573223A25752C227473656E5F70BB
:10922C0074656D70223A25752C22727334315F612E
:10923C0069725F74223A252E32662C227273343195
:10924C005F70726573223A252E31662C227273344C
:10925C00315F68756D6964697479223A252E3266BE
:10926C002C22727334315F6873656E736F725F7426
:10927C00223A252E32662C2274646C61735F6D72F7
:10928C005F617667223A252E31662C2274646C61FC
:10929C00735F626B67223A252E32662C2274646CE3
:1092AC0061735F7065616B223A252E31662C2274D6
:1092BC00646C61735F726174696F223A252E336638
:1092CC002C22726F756E645F726F62696E5F696477
:1092DC0078223A25752C226F70635F64353030220A
:1092EC003A25752C226F70635F64373030223A2533
:1092FC00752C226F70635F6431303030223A2575E3
:10930C002C226F70635F6433303030223A25752C19
:10931C00226F70635F6435303030223A25752C2211
:10932C006F70635F6432353030223A25752C2272AF
:10933C007334315F6D61675F7879223A256C642CE8
:10934C002262656D665F76223A252E33662C227476
:10935C00646C61735F737065635F31223A252E30E4
:10936C00662C2274646C61735F737065635F322268
:10937C003A252E30662C2274646C61735F737065B1
:10938C00635F33223A252E30662C2274646C617331
:10939C005F737065635F34223A252E30662C22741D
:1093AC0073656E5F69223A252E30662C226F7063CE
:1093BC005F69223A252E30662C2270756D705F69BC
:1093CC00223A252E30662C2274646C61735F6922FC
:1093DC003A252E30662C227635223A252E32662CF2
:1093EC00226261745F74223A252E30662C227075CD
:1093FC006D705F74223A252E30662C227063625F8A
:10940C0074223A252E30662C226261745F76223AE1
:10941C00252E32662C226865617465725F737461E7
:10942C0074223A25757D0000000000000000000049
:10943C00A52B00006D9F0000699F0000659F000038
:10944C00992B00009D2B0000A12B0000619F0000B8
:10945C000000000000000000257E00003D800000A0
:10946C0041780000997900006178000005790000CE
:10947C00897800001D7A0000B57900003D78000065
:10948C0000000000000000006D0000008D000000D6
:10949C00000000000000000045710000A5730000F2
:1094AC00417100006171000009730000F17300004C
:1094BC002D740000D8399D270054EA2A00A4781F87
:1094CC00007B9A178C82002074820020108600206A
:1094DC002C2066756E6374696F6E3A200000000074
:1094EC00617373657274696F6E2022257322206616
:1094FC0061696C65643A2066696C6520222573226B
:10950C002C206C696E65202564257325730A000078
:10951C0042616C6C6F63207375636365656465642D
:10952C00000000002F566F6C756D65732F646174AD
:10953C00612F6A656E6B696E732F776F726B7370C8
:10954C006163652F474E552D746F6F6C636861694D
:10955C006E2F61726D2D31312F7372632F6E6577A3
:10956C006C69622D63796777696E2F6E65776C69AC
:10957C00622F6C6962632F7374646C69622F676409
:10958C00746F612D6765746865782E630000000048
:10959C0000000000000000000000000000000000BF
:1095AC0000000000000000000000000000000000AF
:1095BC00000000000000000000000000000000009F
:1095CC0010111213141516171819000000000000C2
:1095DC00001A1B1C1D1E1F000000000000000000D4
:1095EC00000000000000000000000000000000006F
:1095FC00001A1B1C1D1E1F000000000000000000B4
:10960C00000000000000000000000000000000004E
:10961C00000000000000000000000000000000003E
:10962C00000000000000000000000000000000002E
:10963C00000000000000000000000000000000001E
:10964C00000000000000000000000000000000000E
:10965C0000000000000000000000000000000000FE
:10966C0000000000000000000000000000000000EE
:10967C0000000000000000000000000000000000DE
:10968C0000000000000000000000000000000000CE
:10969C002F566F6C756D65732F646174612F6A65DD
:1096AC006E6B696E732F776F726B73706163652F5E
:1096BC00474E552D746F6F6C636861696E2F6172C4
:1096CC006D2D31312F7372632F6E65776C69622D3E
:1096DC0063796777696E2F6E65776C69622F6C6939
:1096EC0062632F7374646C69622F6D707265632E84
:1096FC006300000065256C64000000000020202041
:10970C002020202020202828282828202020202025
:10971C0020202020202020202020202020881010F5
:10972C001010101010101010101010101004040451
:10973C00040404040404041010101010101041410F
:10974C0041414141010101010101010101010101FD
:10975C000101010101010101101010101010424211
:10976C0042424242020202020202020202020202CD
:10977C00020202020202020210101010200000006D
:10978C0000000000000000000000000000000000CD
:10979C0000000000000000000000000000000000BD
:1097AC0000000000000000000000000000000000AD
:1097BC00000000000000000000000000000000009D
:1097CC00000000000000000000000000000000008D
:1097DC00000000000000000000000000000000007D
:1097EC00000000000000000000000000000000006D
:1097FC00000000000000000000000000000000005D
:10980C00496E66696E697479000000004E614E0005
:10981C002F566F6C756D65732F646174612F6A655B
:10982C006E6B696E732F776F726B73706163652FDC
:10983C00474E552D746F6F6C636861696E2F617242
:10984C006D2D31312F7372632F6E65776C69622DBC
:10985C0063796777696E2F6E65776C69622F6C69B7
:10986C0062632F7374646C69622F64746F612E630E
:10987C00000000004A495300534A495300000000BD
:10988C004555434A500000002E0000006E66000053
:10989C00696E697479000000616E0000494E4600E3
:1098AC00696E66004E414E006E616E00303132338F
:1098BC003435363738396162636465660000000000
:1098CC0030313233343536373839414243444546EA
:1098DC0000000000286E756C6C2900003000000040
:1098EC000030013002300CFF0EFFFB301AFF1BFF63
:1098FC001FFF01FF9B309C30B40040FFA8003EFFCF
:10990C003E203FFFFD30FE309D309E300330DD4E5B
:10991C00053006300730FC30142010200FFF3CFFC0
:10992C001C3016205CFF26202520182019201C2016
:10993C001D2008FF09FF143015303BFF3DFF5BFF76
:10994C005DFF083009300A300B300C300D300E3012
:10995C000F30103011300BFF1222B100D700F7007E
:10996C001DFF60221CFF1EFF662267221E2234226E
:10997C0042264026B000322033200321A50004FFEC
:10998C00A200A30005FF03FF06FF0AFF20FFA700AC
:10999C0006260526CB25CF25CE25C725C625A125F0
:1099AC00A025B325B225BD25BC253B201230922124
:1099BC009021912193211330000000000000000041
:1099CC000000000000000000000000000000082261
:1099DC000B2286228722822283222A22292200001D
:1099EC000000000000000000000000000000272222
:1099FC002822AC00D221D4210022032229220000EB
:109A0C00000000000000000000000000000000004A
:109A1C0000002022A52212230222072261225222B8
:109A2C006A226B221A223D221D2235222B222C2245
:109A3C0000000000000000000000000000002B21CE
:109A4C0030206F266D266A2620202120B6002C227D
:109A5C00000000000000EF250000000000000000E6
:109A6C0000000000000000010101010101010101E1
:109A7C0001000000000000000101010101010101D1
:109A8C0001010101010101010101010101010101BA
:109A9C0001010000000000000001010101010101B1
:109AAC00010101010101010101010101010101019A
:109ABC000101010091039203930394039503960310
:109ACC009703980399039A039B039C039D039E039E
:109ADC009F03A003A103A303A403A503A603A70349
:109AEC00A803A90300000000000000000000000013
:109AFC0000000000B103B203B303B403B503B60313
:109B0C00B703B803B903BA03BB03BC03BD03BE035D
:109B1C00BF03C003C103C303C403C503C603C70308
:109B2C00C803C9031004110412041304140415040B
:109B3C00010416041704180419041A041B041C0449
:109B4C001D041E041F0420042104220423042404E5
:109B5C00250426042704280429042A042B042C0495
:109B6C002D042E042F040000000000000000000053
:109B7C0000000000000000000000000000000000D9
:109B8C000000000030043104320433043404350482
:109B9C00510436043704380439043A043B043C04B9
:109BAC003D043E043F044004410442044304440485
:109BBC00450446044704480449044A044B044C0435
:109BCC004D044E044F040000002502250C251025E1
:109BDC00182514251C252C25242534253C25012548
:109BEC0003250F2513251B251725232533252B2569
:109BFC003B254B2520252F25282537253F251D25A1
:109C0C0030252525382542259C4E1655035A3F965E
:109C1C00C0541B612863F659229075841C83507ABA
:109C2C00AA60E163256EED656684A682F59B936858
:109C3C002757A16571629B5BD0597B86F498627D36
:109C4C00BE7D8E9B16629F7CB788895BB55E09636F
:109C5C0097664868C7958D974F67E54E0A4F4D4FED
:109C6C009D4F4950F2563759D459015A095CDF605F
:109C7C000F61706113660569BA704F757075FB7969
:109C8C00AD7DEF7DC3800E846388028B55907A90F6
:109C9C003B53954EA54EDF57B280C190EF78004EE6
:109CAC00F158A26E3890327A28838B822F9C4151C6
:109CBC007053BD54E154E056FB59155FF298EB6DAF
:109CCC00E4802D8562967096A096FB970B54F35307
:109CDC00875BCF70BD7FC28FE8966F535C9DBA7A5D
:109CEC00114E9378FC81266E185604551D6B1A85FF
:109CFC003B9CE559A953666DDC748F954256914E89
:109D0C004B90F2964F830C99E153B655305B715FD3
:109D1C002066F3660468386CF36C296D5B74C87646
:109D2C004E7A3498F1825B88608AED92B26DAB7595
:109D3C00CA76C599A660018B8A8DB2958E69AD5392
:109D4C008651125730584459B45BF65E2860A963AB
:109D5C00F463BF6C146F8E7014715971D5713F73AD
:109D6C00017E7682D182978560905B921B9D6958AB
:109D7C00BC655A6C2575F9512E596559805FDC5FAD
:109D8C00BC62FA652A6A276BB46B8B73C17F5689E8
:109D9C002C9D0E9DC49EA15C966C7B8304514B5CE8
:109DAC00B661C68176686172594EFA4F7853696014
:109DBC00296E4F7AF3970B4E1653EE4E554F3D4F7F
:109DCC00A14F734FA052EF5309560F59C15AB65BAE
:109DDC00E15BD17987669C67B6674C6BB36C6B7033
:109DEC00C2738D79BE793C7A877BB182DB82048326
:109DFC007783EF83D3836687B28A2956A88CE68F44
:109E0C004E901E978A86C44FE85C116259723B755E
:109E1C00E581BD82FE86C08CC5961399D599CB4E33
:109E2C001A4FE389DE564A58CA58FB5EEB5F2A602C
:109E3C0094606260D0611262D0623965419B666643
:109E4C00B068776D70704C758676757DA582F987D4
:109E5C008B958E969D8CF151BE521659B354B35BB3
:109E6C00165D68618269AF6D8D78CB845788728A74
:109E7C00A793B89A6C6DA899D986A357FF67CE861D
:109E8C000E92835287560454D35EE162B9643C68E7
:109E9C003868BB6B7273BA786B7A9A89D2896B8D7E
:109EAC00038FED90A39594966997665BB35C7D697F
:109EBC004D984E989B63207B2B6A7F6AB6680D9CED
:109ECC005F6F72529D557060EC623B6D076ED16E88
:109EDC005B841089448F144E399CF6531B693A6A83
:109EEC0084972A685C51C37AB284DC918C935B565C
:109EFC00289D226805833184A57C0852C582E674AE
:109F0C007E4E834FA051D25B0A52D852E752FB5D72
:109F1C009A552A58E6598C5B985BDB5B725E795ECE
:109F2C00A3601F616361BE61DB636265D1675368C7
:109F3C00FA683E6B536B576C226F976F456FB0741A
:109F4C001875E3760B77FF7AA17B217CE97D367F50
:109F5C00F07F9D8066829E83B389CC8AAB8C849083
:109F6C00519493959195A2956596D39728991882BB
:109F7C00384E2B54B85CCC5DA9734C763C77A95CFD
:109F8C00EB7F0B8DC196119854985898014F0E4F3A
:109F9C0071539C556856FA574759095BC45B905CE2
:109FAC000C5E7E5ECC5FEE633A67D765E2651F6739
:109FBC00CB68C4685F6A305EC56B176C7D6C7F754F
:109FCC004879635B007A007DBD5F8F89188AB48CF9
:109FDC00778DCC8E1D8FE2980E9A3C9B804E7D50D7
:109FEC00005193599C5B2F628062EC643A6BA072B7
:109FFC0091754779A97FFB87BC8A708BAC63CA8348
:10A00C00A09709540354AB555468586A708A277842
:10A01C007567CD9E7453A25B1A8150860690184EBC
:10A02C00454EC74E114FCA533854AE5B135F256073
:10A03C0051653D67426C726CE36C78700374767A90
:10A04C00AE7A087B1A7DFE7C667DE7655B72BB533E
:10A05C00455CE85DD262E0621963206E5A86318AF3
:10A06C00DD8DF892016FA6795A9BA84EAB4EAC4E83
:10A07C009B4FA04FD1504751F67A7151F651545322
:10A08C0021537F53EB53AC558358E15C375F4A5FE8
:10A09C002F6050606D601F6359654B6AC16CC27252
:10A0AC00ED72EF77F880058108824E85F790E19389
:10A0BC00FF9757995A9AF04EDD512D5C81666D6968
:10A0CC00405CF266756989735068817CC550E452B6
:10A0DC004757FE5D2693A465236B3D6B34748179E1
:10A0EC00BD794B7BCA7DB982CC837F885F89398BE4
:10A0FC00D18FD1911F5480925D4E3650E5533A5317
:10A10C00D7729673E977E682AF8EC699C899D299C1
:10A11C0077511A615E86B0557A7A7650D35B479048
:10A12C008596324EDB6AE791515C485C98639F7A66
:10A13C00936C7497618FAA7A8A718896827C17685F
:10A14C00707E51686C93F2521B54AB85138AA47FBA
:10A15C00CD8EE190665388884179C24FBE50115222
:10A16C00445153552D57EA738B575159625F845F95
:10A17C00756076616761A961B2633A646C656F66FC
:10A18C004268136E66753D7AFB7C4C7D997D4B7EE7
:10A19C006B7F0E834A83CD86088A638A668BFD8E1D
:10A1AC001A988F9DB882CE8FE89B87521F6283646A
:10A1BC00C06F999641689150206B7A6C546F747A89
:10A1CC00507D4088238A0867F64E395026506550DA
:10A1DC007C5138526352A7550F570558CC5AFA5E2A
:10A1EC00B261F861F36272631C69296A7D72AC72A8
:10A1FC002E7314786F78797D0C77A9808B89198BE5
:10A20C00E28CD28E639075937A965598139A789EB9
:10A21C0043519F53B3537B5E265F1B6E906E8473CA
:10A22C00FE73437D3782008AFA8A50964E4E0B504D
:10A23C00E4537C54FA56D159645BF15DAB5E275FF5
:10A24C0038624565AF67566ED072CA7CB488A180FF
:10A25C00E180F0834E86878AE88D3792C79667989F
:10A26C00139F944E924E0D4F485349543E542F5ABF
:10A27C008C5FA15F9F60A7688E6A5A7481789E8AF2
:10A28C00A48A778B90915E4EC99BA44E7C4FAF4FA6
:10A29C001950165049516C519F52B952FE529A5353
:10A2AC00E35311540E5489555157A2577D59545BA1
:10A2BC005D5B8F5BE55DE75DF75D785E835E9A5E67
:10A2CC00B75E185F52604C619762D862A7633B65BA
:10A2DC0002664366F4666D6721689768CB695F6CAC
:10A2EC002A6D696D2F6E9D6E327587766C783F7A0C
:10A2FC00E07C057D187D5E7DB17D15800380AF808F
:10A30C00B18054818F812A8252834C8861881B8B47
:10A31C00A28CFC8CCA90759171923F78FC92A4959A
:10A32C004D9605989999D89A3B9D5B52AB52F75331
:10A33C000854D558F762E06F6A8C5F8FB99E4B5109
:10A34C003B524A54FD56407A7791609DD29E44739D
:10A35C00096F70811175FD5FDA60A89ADB72BC8F92
:10A36C00646B0398CA4EF0566457BE585A5A6860CC
:10A37C00C7610F6606663968B168F76DD5753A7DA9
:10A38C006E82429B9B4E504FC95306556F5DE65DE6
:10A39C00EE5DFB67996C73740278508A9693DF8834
:10A3AC005057A75E2B63B550AC508D510067C95404
:10A3BC005E58BB59B05B695F4D62A1633D68736BBE
:10A3CC00086E7D70C7918072157826786D798E65D0
:10A3DC00307DDC83C188098F9B9664522857506767
:10A3EC006A7FA18CB45142572A963A588A69B48034
:10A3FC00B2540E5DFC579578FA9D5C4F4A528B54C3
:10A40C003E6428661467F567847A567B227D2F9309
:10A41C005C68AD9B397B19538A513752DF5BF6620E
:10A42C00AE64E6642D67BA6BA985D1969076D69BFF
:10A43C004C630693AB9BBF765266094E9850C25341
:10A44C00715CE860926463655F68E671CA7323753A
:10A45C00977B827E9586838BDB8C78911099AC658B
:10A46C00AB668B6BD54ED44E3A4F7F4F3A52F85366
:10A47C00F253E355DB56EB58CB59C959FF59505B96
:10A48C004D5C025E2B5ED75F1D6007632F655C5BC6
:10A49C00AF65BD65E8659D67626B7B6B0F6C457343
:10A4AC004979C179F87C197D2B7DA2800281F381D9
:10A4BC0096895E8A698A668A8C8AEE8AC78CDC8C5D
:10A4CC00CC96FC986F6B8B4E3C4F8D4F5051575B1D
:10A4DC00FA5B486101634266216BCB6EBB6C3E72CA
:10A4EC00BD74D475C1783A790C803380EA81948438
:10A4FC009E8F506C7F9E0F5F588B2B9DFA7AF88E37
:10A50C008D5BEB96034EF153F7573159C95AA45B47
:10A51C0089607F6E066FBE75EA8C9F5B0085E07B61
:10A52C007250F4679D82615C4A851E7E0E82995141
:10A53C00045C6863668D9C656E713E79177D058041
:10A54C001D8BCA8E6E90C786AA901F50FA523A5C29
:10A55C0053677C7035724C91C8912B93E582C25B2A
:10A56C00315FF9603B4ED653885B4B6231678A6B27
:10A57C00E972E0732E7A6B81A38D529196991251E8
:10A58C00D7536A54FF5B8863396AAC7D0097DA56FF
:10A59C00CE536854975B315CDE5DEE4F0161FE6219
:10A5AC00326DC079CB79427D4D7ED27FED811F8299
:10A5BC00908446887289908B748E2F8F31904B913A
:10A5CC006C91C6969C91C04E4F4F45514153935F31
:10A5DC000E62D467416C0B6E6373267ECD918392B1
:10A5EC00D4531959BF5BD16D5D792E7E9B7C7E58FF
:10A5FC009F71FA515388F08FCA4FFB5C2566AC777C
:10A60C00E37A1C82FF99C651AA5FEC656F69896B6E
:10A61C00F36D966E646FFE76147DE15D7590879197
:10A62C000698E6511D5240629166D9661A6EB65E66
:10A63C00D27D727FF866AF85F785F88AA952D95317
:10A64C0073598F5E905F5560E4926496B7501F51BA
:10A65C00DD5220534753EC53E854465531551756A9
:10A66C006859BE593C5AB55B065C0F5C115C1A5CB0
:10A67C00845E8A5EE05E705F7F628462DB628C6304
:10A68C00776307660C662D6676667E67A2681F6A1E
:10A69C00356ABC6C886D096E586E3C712671677199
:10A6AC00C77501775D7801796579F079E07A117B6E
:10A6BC00A77C397D9680D6838B8449855D88F38809
:10A6CC001F8A3C8A548A738A618CDE8CA4916692B0
:10A6DC007E9318949C9698970A4E084E1E4E574E91
:10A6EC0097517052CE573458CC58225B385EC560A7
:10A6FC00FE6461675667446DB6727375637AB8848D
:10A70C00728BB89120933156F457FE98ED620D6917
:10A71C00966BED71547E77807282E689DF9855874F
:10A72C00B18F3B5C384FE14FB54F0755205ADD5B7D
:10A73C00E95BC35F4E612F63B0654B66EE689B6946
:10A74C00786DF16D3375B9751F775E79E679337D68
:10A75C00E381AF82AA85AA893A8AAB8E9B8F32900D
:10A76C00DD910797BA4EC14E03527558EC580B5CED
:10A77C001A753D5C4E810A8AC58F63966D97257B51
:10A78C00CF8A08986291F356A85317903954825780
:10A79C00255EA863346C8A7061778B7CE07F70884F
:10A7AC0042905491109318938F965E74C49A075DDF
:10A7BC00695D7065A267A88DDB966E634967196940
:10A7CC00C5831798C096FE88846F7A64F85B164E22
:10A7DC002C705D752F66C4513652E252D359815F8D
:10A7EC00276010623F6574651F667466F2681668B0
:10A7FC00636B056E72721F75DB76BE7C5680F058EB
:10A80C00FD887F89A08A938ACB8A1D90929152975A
:10A81C00599789650E7A0681BB962D5EDC601A62AB
:10A82C00A56514669067F3774D7A4D7C3E7E0A8160
:10A83C00AC8C648DE18D5F8EA9780752D962A563CB
:10A84C00426498622D8A837AC07BAC8AEA96767DC4
:10A85C000C824987D94E485143536053A35B025C29
:10A86C00165CDD5D26624762B06413683468C96C9F
:10A87C00456D176DD3675C6F4E717D71CB657F7ABB
:10A88C00AD7BDA7D4A7EA87F7A811B823982A685D0
:10A89C006E8ACE8CF58D78907790AD92919283954F
:10A8AC00AE9B4D528455386F367168518579557E03
:10A8BC00B381CE7C4C565158A85CAA63FE66FD66EB
:10A8CC005A69D9728F758E750E795679DF79977CA6
:10A8DC00207D447D0786348A3B966190209FE7500B
:10A8EC007552CC53E2530950AA55EE584F593D724C
:10A8FC008B5B645C1D53E360F3605C6383633F6359
:10A90C00BB63CD64E965F966E35DCD69FD69156FDF
:10A91C00E571894EE975F876937ADF7CCF7D9C7D65
:10A92C006180498358836C84BC84FB85C588708D99
:10A93C0001906D9097931C97129ACF5097588E61F7
:10A94C00D3813585088D2090C34F74504752735373
:10A95C006F6049635F672C6EB38D1F90D74F5E5C41
:10A96C00CA8CCF659A7D525396887651C363585BD7
:10A97C006B5B0A5C0D6451675C90D64E1A592A5970
:10A98C00706C518A3E551558A559F0605362C167D9
:10A99C00358255694096C499289A534F0658FE5BE8
:10A9AC001080B15C2F5E855F20604B613462FF6666
:10A9BC00F06CDE6ECE807F81D4828B88B88C009058
:10A9CC002E908A96DB9EDB9BE34EF05327592C7B13
:10A9DC008D914C98F99DDD6E277053534455855BD2
:10A9EC0058629E62D362A26CEF6F2274178A3894FD
:10A9FC00C16FFE8A3883E751F886EA53E953464F14
:10AA0C005490B08F6A593181FD5DEA7ABF8FDA6854
:10AA1C00378CF872489C3D6AB08A394E58530656AA
:10AA2C006657C562A263E6654E6BE16D5B6EAD70F9
:10AA3C00ED77EF7AAA7BBB7D3D80C680CB86958A6D
:10AA4C005B93E356C7583E5FAD659666806AB56BFF
:10AA5C003775C78A2450E57730571B5F65607A6677
:10AA6C00606CF4751A7A6E7FF48118874590B399EF
:10AA7C00C97B5C75F97A517BC4841090E979927A20
:10AA8C003683E15A40772D4EF24E995BE05FBD6202
:10AA9C003C66F167E86C6B8677883B8A4E91F39243
:10AAAC00D099176A26702A73E7825784AF8C014EAF
:10AABC004651CB518B55F55B165E335E815E145F50
:10AACC00355F6B5FB45FF2611163A2661D676E6FD9
:10AADC0052723A753A777480398178817687BF8A59
:10AAEC00DC8A858DF38D9A9277950298E59CC552F8
:10AAFC005763F4761567886CCD73C38CAE937396DD
:10AB0C00256D9C580E69CC69FD8F9A93DB751A9054
:10AB1C005A580268B463FB69434F2C6FD867BB8FDC
:10AB2C002685B47D54933F69706F6A57F7582C5B38
:10AB3C002C7D2A720A54E391B49DAD4E4E4F5C505D
:10AB4C00755043529E8C485424589A5B1D5E955EFA
:10AB5C00AD5EF75E1F5F8C60B5623A63D063AF6821
:10AB6C00406C87788E790B7AE07D4782028AE68A80
:10AB7C00448E1390B8902D91D8910E9FE56C58642B
:10AB8C00E2647565F46E84761B7B6990D193BA6E22
:10AB9C00F254B95FA4644D8FED8F449278516B5889
:10ABAC002959555C975EFB6D8F7E1C75BC8CE28EB3
:10ABBC005B98B9701D4FBF6BB16F3075FB964E51E2
:10ABCC00105435585758AC59605C925F97655C6768
:10ABDC00216E7B76DF83ED8C1490FD904D93257860
:10ABEC003A78AA52A65E1F577459126012505A51E5
:10ABFC00AC51CD5100521055545858585759955B7B
:10AC0C00F65C8B5DBC6095622D6471674368BC68B3
:10AC1C00DF68D776D86D6F6E9B6D6F70C871535FA0
:10AC2C00D8757779497B547B527BD67C717D3052B9
:10AC3C0063846985E4850E8A048B468C0F8E0390A1
:10AC4C000F90199476962D98309AD895CD50D55260
:10AC5C000C5402580E5CA7619E641E6DB377E57AA6
:10AC6C00F480048453908592E05C079D3F53975F7A
:10AC7C00B35F9C6D79726377BF79E47BD26BEC72B6
:10AC8C00AD8A0368616AF851817A34694A5CF69C32
:10AC9C00EB82C55B49911E7078566F5CC760666528
:10ACAC008C6C5A8C419013985154C7660D9248592C
:10ACBC00A39085514D4EEA5199850E8B58707A634D
:10ACCC004B936269B499047E777557536069DF8E34
:10ACDC00E3965D6C8C4E3C5C105FE98F0253D18C1B
:10ACEC0089807986FF5EE565734E655182593F5CBC
:10ACFC00EE97FB4E8A59CD5F8D8AE16FB079627900
:10AD0C00E75B71842B73B171745EF55F7B639A643E
:10AD1C00C371987C434EFC5E4B4EDC57A256A96027
:10AD2C00C36F0D7DFD803381BF81B28F9789A4865F
:10AD3C00F45D8A62AD6487897767E26C3E6D367428
:10AD4C003478465A757FAD82AC99F34FC35EDD62A1
:10AD5C00926357656F67C3764C72CC80BA80298F2B
:10AD6C004D910D50F957925A856873696471FD7253
:10AD7C00B78CF258E08C6A9619907F87E479E77764
:10AD8C0029842F4F65525A53CD62CF67CA6C7D769A
:10AD9C00947B957C36828485EB8FDD66206F067202
:10ADAC001B7EAB83C199A69EFD51B17B7278B87B9B
:10ADBC008780487BE86A615E8C80517560756B5149
:10ADCC0062928C6E7A769791EA9A104F707F9C62A1
:10ADDC004F7BA595E99C7A565958E486BC96344F1E
:10ADEC0024524A53CD53DB53065E2C6491657F6726
:10ADFC003E6C4E6C4872AF72ED735475417E2C8272
:10AE0C00E985A98CC47BC69169711298EF983D6352
:10AE1C0069666A75E476D0784385EE862A53515379
:10AE2C0026548359875E7C5FB26049627962AB625B
:10AE3C009065D46BCC6CB275AE769178D879CB7DAD
:10AE4C00777FA580AB88B98ABB8C7F905E97DB98A7
:10AE5C000B6A387C99503E5CAE5F8767D86B357453
:10AE6C0009778E7F3B9FCA67177A39538B75ED9A9A
:10AE7C00665F9D81F18398803C5FC55F6275467B00
:10AE8C003C906768EB599B5A107D7E762C8BF54F66
:10AE9C006A5F196A376C026FE27468796888558A40
:10AEAC00798CDF5ECF63C575D279D7822893F29205
:10AEBC009C84ED862D9CC1546C5F8C655C6D15700B
:10AECC00A78CD38C3B984F65F6740D4ED84EE0573B
:10AEDC002B59665ACC5BA851035E9C5E1660766259
:10AEEC007765A7656E666E6D3672267B50819A818A
:10AEFC0099825C8BA08CE68C748D1C964496AE4F1C
:10AF0C00AB64666B1E8261846A85E890015C536950
:10AF1C00A8987A8457850F4F6F52A95F455E0D67CD
:10AF2C008F79798107898689F56D175F5562B86CC1
:10AF3C00CF4E6972929B06523B547456B358A4611F
:10AF4C006E621A716E59897CDE7C1B7DF09687656A
:10AF5C005E80194E754F75514058635E735E0A5F83
:10AF6C00C467264E3D8589955B96737C0198FB5092
:10AF7C00C1585676A7782552A5771185867B4F50F8
:10AF8C0009594772C77BE87DBA8FD48F4D90BF4F5C
:10AF9C00C952295A015FAD97DD4F1782EA920357C8
:10AFAC005563696B2B75DC88148F427ADF5293588A
:10AFBC0055610A62AE66CD6B3F7CE9832350F84F36
:10AFCC0005534654315849599D5BF05CEF5C295D43
:10AFDC00965EB16267633E65B9650B67D56CE16CD3
:10AFEC00F97032782B7EDE80B3820C84EC8402877D
:10AFFC0012892A8A4A8CA690D292FD98F39C6C9D59
:10B00C004F4EA14E8D5056524A57A8593D5ED85FAF
:10B01C00D95F3F62B4661B67D067D2689251217DBD
:10B02C00AA80A881008B8C8CBF8C7E923296205487
:10B03C002C981753D5505C53A858B2643467677278
:10B04C006677467AE691C352A16C866B00584C5ECB
:10B05C0054592C67FB7FE151C6766964E878549BA0
:10B06C00BB9ECB57B95927669A67CE6BE954D96901
:10B07C00555E9C819567AA9BFE67529C5D68A64EA7
:10B08C00E34FC853B9622B67AB6CC48FAD4F6D7E69
:10B09C00BF9E074E6261806E2B6F138573542A67B7
:10B0AC00459BF35D957BAC5CC65B1C874A6ED1847B
:10B0BC00147A088199598D7C116C2077D9522259B8
:10B0CC0021715F72DB772797619D0B697F5A185A44
:10B0DC00A5510D547D540E66DF76F78F9892F49C33
:10B0EC00EA595D72C56E4D51C968BF7DEC7D6297A2
:10B0FC00BA9E7864216A028384595F5BDB6B1B7395
:10B10C00F276B27D1780998432512867D99EEE76FB
:10B11C006267FF520599245C3B627E7CB08C4F5574
:10B12C00B6600B7D809501535F4EB6511C593A7237
:10B13C003680CE91255FE2778453795F047DAC85B0
:10B14C00338A8D8E5697F367AE85539409610861E7
:10B15C00B96C5276ED8A388F2F55514F2A51C75200
:10B16C00CB53A55B7D5EA0608261D6630967DA670D
:10B17C00676E8C6D3673377331755079D588988AB4
:10B18C004A909190F590C4968D871559884E594FD9
:10B19C000E4E898A3F8F1098AD507C5E9659B95BE4
:10B1AC00B85EDA63FA63C164DC664A69D8690B6D10
:10B1BC00B66E94712875AF7A8A7F00804984C984F1
:10B1CC008189218B0A8E65907D960A997E619162A8
:10B1DC00326B836C746DCC7FFC7FC06D857FBA87BE
:10B1EC00F8886567B1833C98F7961B6D617D3D844B
:10B1FC006A91714E7553505D046BEB6FCD852D8646
:10B20C00A78929520F54655C4E67A868067483742D
:10B21C00E275CF88E188CC91E29678968B5F877344
:10B22C00CB7A4E84A06365758952416D9C6E09740E
:10B23C0059756B78927C8696DC7A8D9FB64F6E61D1
:10B24C00C5655C86864EAE4EDA50214ECC51EE5B17
:10B25C0099658168BC6D1F734276AD771C7AE77C6B
:10B26C006F82D28A7C90CF91759618989B52D17D23
:10B27C002B5098539767CB6DD0713374E8812A8F1C
:10B28C00A396579C9F9E60744158996D2F7D5E9834
:10B29C00E44E364F8B4FB751B152BA5D1C60B2734E
:10B2AC003C79D3823492B796F6960A97979E629F12
:10B2BC00A666746B1752A352C870C288C95E4B60E5
:10B2CC009061236F49713E7CF47D6F80EE842390F6
:10B2DC002C9342546F9BD36A8970C28CEF8D32973A
:10B2EC00B452415ACA5E045F17677C6994696A6DEF
:10B2FC000F6F6272FC72ED7B01807E804B87CE906B
:10B30C006D51939E84798B803293D68A2D508C54B8
:10B31C00718A6A6BC48C0781D160A067F29D994ECB
:10B32C00984E109C6B8AC185688500697E6E9778F3
:10B33C00558100000A000100020003000400050012
:10B34C0006000700080009000A000B000C000D00A5
:10B35C000E000F00100000002020202020202020B4
:10B36C0020202020202020202020202020202020D1
:10B37C002020202020202020000000001F001C2066
:10B38C000000000014210000020016240000000040
:10B39C0014250000020015280000000011290000EF
:10B3AC000000142A00000000182B00000000142CD0
:10B3BC0000000000102D00000000142E0000010001
:10B3CC000C3000000900143A00000100183C000089
:10B3DC000200143F00000100034100001900155B3E
:10B3EC0000000000145C00000000115D0000000073
:10B3FC00175E000000000F5F0000000017600000E7
:10B40C000000036100001900157B00000000187C8F
:10B41C0000000000117D00000000187E00000000FC
:10B42C00007F000020001CA00000000014A1000000
:10B43C00000016A20000030019A60000000014A7CB
:10B44C000000000017A80000000019A9000000006F
:10B45C0006AA0000000013AB0000000018AC0000AE
:10B46C00000001AD0000000019AE0000000017AF95
:10B47C000000000019B00000000018B1000000002E
:10B48C000EB20000010017B40000000003B500006C
:10B49C00000014B60000010017B8000000000EB93F
:10B4AC000000000006BA0000000012BB0000000003
:10B4BC000EBC0000020014BF0000000003C000001E
:10B4CC00160018D70000000003D80000060004DFA7
:10B4DC000000000003E00000160018F70000000058
:10B4EC0003F800003F00043801000000033901009C
:10B4FC000F00044901000000034A01004200048DC2
:10B50C0001000000038E01000C00049B01000000F0
:10B51C00039C01000D0004AA0100010003AC010012
:10B52C000D0004BA0100000006BB0100000003BCC2
:10B53C000100010004BE0100000003BF0100000077
:10B54C0006C00100030003C40100000007C5010090
:10B55C00000003C60100010007C80100000003C978
:10B56C000100010007CB0100000003CC0100230007
:10B57C0004F00100000003F10100000007F20100DB
:10B58C00000003F301002D0004210200000003223F
:10B59C0002001100043402000500033A02001A00F4
:10B5AC00045502000000035602000100045802007A
:10B5BC000000035902000000045A02000000035B63
:10B5CC0002000100045D02000200036002000100A1
:10B5DC000462020000000363020000000464020025
:10B5EC00000003650200010004670200000003680C
:10B5FC0002000400046D02000100036F0200000051
:10B60C0004700200000003710200010004730200C8
:10B61C000100037502000000047602000600037DA1
:10B62C0002000000047E0200010003800200000002
:10B63C000481020000000382020001000484020065
:10B64C000200038702000500048D0200040003922F
:10B65C0002000000049302000000069402000000A7
:10B66C00049502000700039D02000100049F0200E4
:10B67C00100005B00200110017C20200030005C63D
:10B68C0002000B0017D202000D0005E002000400BE
:10B69C0017E50200060005EC0200000017ED0200A1
:10B6AC00000005EE0200000017EF020010000B0076
:10B6BC0003006F0003700300030005740300000017
:10B6CC00177503000000037603000100057A0300E0
:10B6DC000000037B03000200147E03000000037FC4
:10B6EC000300000017840300010003860300000020
:10B6FC00148703000000038803000200038C03007E
:10B70C000000038E0300010004900300000003916D
:10B71C000300100003A303000C0004B0030000009E
:10B72C0003B10300200008D20300020003D503007C
:10B73C00200018F60300000003F70300040004FCCB
:10B74C000300000003FD03008400198204000000C4
:10B75C000B83040004000A8804000100038A04001F
:10B76C00A500033105002500055905000000145AF9
:10B77C0005000500046005000000036105002500BC
:10B78C00048705000100148905000000108A0500DB
:10B79C000000198D05000100168F050000000B91AB
:10B7AC0005002C0010BE050000000BBF05000000BA
:10B7BC0014C0050000000BC10500010014C30500F6
:10B7CC0000000BC40500010014C6050000000BC7E7
:10B7DC000500000006D005001A0006EF0500030066
:10B7EC0014F3050001000100060005001806060010
:10B7FC000200140906000100160B06000000140CD0
:10B80C0006000100190E060001000B1006000A00CC
:10B81C00141B06000000011C06000000141D06008D
:10B82C000200062006001F0005400600000006412D
:10B83C00060009000B4B060014000C600600090002
:10B84C00146A06000300066E060001000B70060069
:10B85C00000006710600620014D40600000006D534
:10B86C00060000000BD60600060001DD06000000F5
:10B87C0019DE060000000BDF0600050005E50600DA
:10B88C0001000BE70600010019E9060000000BEAB5
:10B89C000600030006EE060001000CF0060009008D
:10B8AC0006FA0600020019FD0600010006FF06005C
:10B8BC000000140007000D00010F07000000061027
:10B8CC00070000000B1107000000061207001D0006
:10B8DC000B3007001A00064D070058000BA6070096
:10B8EC000A0006B1070000000CC00700090006CAD8
:10B8FC00070020000BEB0700080005F4070001000F
:10B90C0019F60700000014F70700020005FA0700FB
:10B91C0000000BFD0700000016FE070001000600EA
:10B92C00080015000B1608000300051A080000009B
:10B93C000B1B080008000524080000000B2508005C
:10B94C0002000528080000000B2908000400143030
:10B95C0008000E000640080018000B5908000200F1
:10B96C00145E08000000066008000A00067008005B
:10B97C0017001788080000000689080005000190D0
:10B98C00080001000B980800070006A0080028001A
:10B99C0005C9080000000BCA0800170001E20800E6
:10B9AC0000000BE308001F00090309000000060457
:10B9BC00090035000B3A09000000093B09000000A2
:10B9CC000B3C09000000063D09000000093E09007F
:10B9DC0002000B41090007000949090003000B4D47
:10B9EC0009000000094E0900010006500900000082
:10B9FC000B51090006000658090009000B620900EA
:10BA0C0001001464090001000C660900090014709F
:10BA1C0009000000057109000000067209000E0003
:10BA2C000B8109000000098209000100068509004C
:10BA3C000700068F0900010006930900150006AAED
:10BA4C000900060006B20900000006B60900030052
:10BA5C000BBC0900000006BD0900000009BE09006E
:10BA6C0002000BC10900030009C70900010009CB42
:10BA7C00090001000BCD0900000006CE09000000F2
:10BA8C0009D70900000006DC0900010006DF0900E7
:10BA9C0002000BE2090001000CE60900090006F0A7
:10BAAC000900010016F2090001000EF4090005005E
:10BABC0019FA0900000016FB0900000006FC090039
:10BACC00000014FD090000000BFE090000000B0132
:10BADC000A00010009030A00000006050A0005001F
:10BAEC00060F0A00010006130A001500062A0A00B8
:10BAFC00060006320A00010006350A00010006386D
:10BB0C000A0001000B3C0A000000093E0A0002007A
:10BB1C000B410A0001000B470A0001000B4B0A0005
:10BB2C0002000B510A00000006590A000300065ED1
:10BB3C000A0000000C660A0009000B700A000100E4
:10BB4C0006720A0002000B750A00000014760A0047
:10BB5C0000000B810A00010009830A000000068521
:10BB6C000A000800068F0A00020006930A0015005E
:10BB7C0006AA0A00060006B20A00010006B50A0071
:10BB8C0004000BBC0A00000006BD0A00000009BE40
:10BB9C000A0002000BC10A0004000BC70A000100D6
:10BBAC0009C90A00000009CB0A0001000BCD0A00EC
:10BBBC00000006D00A00000006E00A0001000BE2BB
:10BBCC000A0001000CE60A00090014F00A0000004B
:10BBDC0016F10A00000006F90A0000000BFA0A0030
:10BBEC0005000B010B00000009020B00010006050B
:10BBFC000B000700060F0B00010006130B001500CD
:10BC0C00062A0B00060006320B00010006350B005D
:10BC1C0004000B3C0B000000063D0B000000093E2D
:10BC2C000B0000000B3F0B00000009400B00000054
:10BC3C000B410B00030009470B000100094B0B00E3
:10BC4C0001000B4D0B0000000B550B0001000957B8
:10BC5C000B000000065C0B000100065F0B000200ED
:10BC6C000B620B0001000C660B00090019700B0035
:10BC7C00000006710B0000000E720B0005000B8219
:10BC8C000B00000006830B00000006850B0005006E
:10BC9C00068E0B00020006920B00030006990B00A7
:10BCAC000100069C0B000000069E0B00010006A381
:10BCBC000B00010006A80B00020006AE0B000B00E7
:10BCCC0009BE0B0001000BC00B00000009C10B00EA
:10BCDC00010009C60B00020009CA0B0002000BCDC3
:10BCEC000B00000006D00B00000009D70B00000071
:10BCFC000CE60B0009000EF00B00020019F30B0010
:10BD0C00050016F90B00000019FA0B0000000B00DF
:10BD1C000C00000009010C0002000B040C000000D8
:10BD2C0006050C000700060E0C00020006120C00A3
:10BD3C001600062A0C000F000B3C0C000000063D00
:10BD4C000C0000000B3E0C00020009410C0003002B
:10BD5C000B460C0002000B4A0C0003000B550C00A8
:10BD6C00010006580C000200065D0C000000066085
:10BD7C000C0001000B620C0001000C660C000900A9
:10BD8C0014770C0000000E780C000600197F0C00D4
:10BD9C00000006800C0000000B810C0000000982E2
:10BDAC000C00010014840C00000006850C00070038
:10BDBC00068E0C00020006920C00160006AA0C005F
:10BDCC00090006B50C0004000BBC0C00000006BDFD
:10BDDC000C00000009BE0C0000000BBF0C000000A2
:10BDEC0009C00C0004000BC60C00000009C70C00B5
:10BDFC00010009CA0C0001000BCC0C00010009D594
:10BE0C000C00010006DD0C00010006E00C00010036
:10BE1C000BE20C0001000CE60C00090006F10C0012
:10BE2C0001000B000D00010009020D0001000604C9
:10BE3C000D000800060E0D00020006120D00280071
:10BE4C000B3B0D000100063D0D000000093E0D00EE
:10BE5C0002000B410D00030009460D000200094AC7
:10BE6C000D0002000B4D0D000000064E0D000000F1
:10BE7C00194F0D00000006540D00020009570D006B
:10BE8C0000000E580D000600065F0D0002000B624C
:10BE9C000D0001000C660D0009000E700D0008006D
:10BEAC0019790D000000067A0D0005000B810D00BC
:10BEBC00000009820D00010006850D001100069A94
:10BECC000D00170006B30D00080006BD0D000000A4
:10BEDC0006C00D0006000BCA0D00000009CF0D00B6
:10BEEC0002000BD20D0002000BD60D00000009D889
:10BEFC000D0007000CE60D00090009F20D00010011
:10BF0C0014F40D00000006010E002F000B310E0082
:10BF1C00000006320E0001000B340E000600163F26
:10BF2C000E00000006400E00050005460E00000045
:10BF3C000B470E000700144F0E0000000C500E00B3
:10BF4C000900145A0E00010006810E00010006843F
:10BF5C000E00000006860E000400068C0E00170072
:10BF6C0006A50E00000006A70E0009000BB10E007E
:10BF7C00000006B20E0001000BB40E00080006BD56
:10BF8C000E00000006C00E00040005C60E000000E6
:10BF9C000BC80E0005000CD00E00090006DC0E00CC
:10BFAC00030006000F00000019010F00020014042A
:10BFBC000F000E0019130F00000014140F000000E6
:10BFCC0019150F0002000B180F000100191A0F00B1
:10BFDC0005000C200F0009000E2A0F00090019346F
:10BFEC000F0000000B350F00000019360F00000089
:10BFFC000B370F00000019380F0000000B390F0031
:10C00C000000153A0F000000113B0F000000153C1A
:10C01C000F000000113D0F000000093E0F00010051
:10C02C0006400F00070006490F0023000B710F009C
:10C03C000D00097F0F0000000B800F000400148519
:10C04C000F0000000B860F00010006880F00040093
:10C05C000B8D0F000A000B990F00230019BE0F0067
:10C06C0007000BC60F00000019C70F00050019CE02
:10C07C000F00010014D00F00040019D50F000300AD
:10C08C0014D90F000100060010002A00092B100023
:10C09C0001000B2D100003000931100000000B32C1
:10C0AC00100005000938100000000B3910000100C9
:10C0BC00093B100001000B3D10000100063F100071
:10C0CC0000000C4010000900144A10000500065036
:10C0DC00100005000956100001000B58100001005B
:10C0EC00065A100003000B5E1000020006611000DF
:10C0FC0000000962100002000665100001000967CB
:10C10C0010000600066E100002000B7110000300F8
:10C11C00067510000C000B82100000000983100043
:10C12C0001000B85100001000987100005000B8D24
:10C13C0010000000068E10000000098F1000000097
:10C14C000C9010000900099A100002000B9D1000C1
:10C15C000000199E1000010003A01000250003C769
:10C16C001000000003CD1000000003D010002A00C6
:10C17C0014FB1000000005FC1000000003FD100073
:10C18C000200060011004801064A12000300065086
:10C19C0012000600065812000000065A1200030096
:10C1AC00066012002800068A120003000690120096
:10C1BC00200006B21200030006B81200060006C0EA
:10C1CC001200000006C21200030006C812000E0086
:10C1DC0006D81200380006121300030006181300CC
:10C1EC0042000B5D130002001460130008000E697E
:10C1FC0013001300068013000F00199013000900A0
:10C20C0003A01300550003F81300050010001400E0
:10C21C000000060114006B02196D16000000146E6C
:10C22C0016000000066F160010001C80160000009F
:10C23C00068116001900159B16000000119C1600B3
:10C24C00000006A016004A0014EB160002000DEECA
:10C25C001600020006F11600070006001700110078
:10C26C000B1217000200091517000000061F17001B
:10C27C0012000B32170001000934170000001435AE
:10C28C00170001000640170011000B5217000100A7
:10C29C00066017000C00066E170002000B721700E8
:10C2AC0001000680170033000BB41700010009B61B
:10C2BC00170000000BB71700060009BE1700070097
:10C2CC000BC61700000009C7170001000BC91700A7
:10C2DC000A0014D41700020005D71700000014D868
:10C2EC001700020016DB1700000006DC1700000028
:10C2FC000BDD170000000CE0170009000EF0170012
:10C30C00090014001800050010061800000014079E
:10C31C00180003000B0B18000200010E180000009F
:10C32C000B0F180000000C10180009000620180054
:10C33C002200054318000000064418003400068053
:10C34C00180004000B851800010006871800210056
:10C35C000BA91800000006AA1800000006B018006F
:10C36C004500060019001E000B20190002000923CD
:10C37C00190003000B2719000100092919000200FC
:10C38C000930190001000B321900000009331900A3
:10C39C0005000B3919000200194019000000144463
:10C3AC00190001000C4619000900065019001D0067
:10C3BC00067019000400068019002B0006B0190045
:10C3CC0019000CD0190009000EDA1900000019DE52
:10C3DC001900210006001A0016000B171A000100A4
:10C3EC0009191A0001000B1B1A000000141E1A0078
:10C3FC00010006201A00340009551A0000000B56E3
:10C40C001A00000009571A0000000B581A00060009
:10C41C000B601A00000009611A0000000B621A0080
:10C42C00000009631A0001000B651A000700096D72
:10C43C001A0005000B731A0009000B7F1A0000008C
:10C44C000C801A0009000C901A00090014A01A00A4
:10C45C00060005A71A00000014A81A0005000BB06E
:10C46C001A000D000ABE1A0000000BBF1A000F00C4
:10C47C000B001B00030009041B00000006051B0039
:10C48C002E000B341B00000009351B0000000B367E
:10C49C001B000400093B1B0000000B3C1B000000B0
:10C4AC00093D1B0004000B421B00000009431B004C
:10C4BC00010006451B0007000C501B000900145A14
:10C4CC001B00060019611B0009000B6B1B00080008
:10C4DC0019741B000800147D1B0001000B801B004D
:10C4EC00010009821B00000006831B001D0009A12E
:10C4FC001B0000000BA21B00030009A61B0001007F
:10C50C000BA81B00010009AA1B0000000BAB1B00B1
:10C51C00020006AE1B0001000CB01B00090006BA9D
:10C52C001B002B000BE61B00000009E71B000000A2
:10C53C000BE81B00010009EA1B0002000BED1B00BD
:10C54C00000009EE1B0000000BEF1B00020009F2BB
:10C55C001B00010014FC1B00030006001C00230040
:10C56C0009241C0007000B2C1C00070009341C00BC
:10C57C0001000B361C000100143B1C0004000C4095
:10C58C001C000900064D1C0002000C501C00090088
:10C59C00065A1C001D0005781C000500147E1C00AA
:10C5AC00010003801C00080003901C002A0003BD3E
:10C5BC001C00020014C01C0007000BD01C00020061
:10C5CC0014D31C0000000BD41C000C0009E11C004F
:10C5DC0000000BE21C00060006E91C0003000BED3A
:10C5EC001C00000006EE1C0005000BF41C000000F3
:10C5FC0006F51C00010009F71C0000000BF81C00DC
:10C60C00010006FA1C00000004001D002B00052C84
:10C61C001D003E00046B1D000C0005781D00000081
:10C62C0003791D000000047A1D000200037D1D002B
:10C63C000000047E1D000F00038E1D000000048FFF
:10C64C001D000B00059B1D0024000BC01D003F00AE
:10C65C0003001E00950004961E000400039B1E00A0
:10C66C000000049C1E000100039E1E000000049F9D
:10C67C001E00000003A01E00750003181F0005001B
:10C68C0003201F00250003481F00050004501F0055
:10C69C00000003511F00000004521F000000035350
:10C6AC001F00000004541F00000003551F00000071
:10C6BC0004561F00000003571F00000003591F0001
:10C6CC000000035B1F000000035D1F000000035F00
:10C6DC001F001E0003801F00070007881F000700B3
:10C6EC0003901F00070007981F00070003A01F00FE
:10C6FC00070007A81F00070003B01F00010004B2C9
:10C70C001F00000003B31F00000004B41F00000052
:10C71C0004B61F00010003B81F00030007BC1F0074
:10C72C00000017BD1F00000003BE1F00000017BF54
:10C73C001F00020004C21F00000003C31F00000002
:10C74C0004C41F00000004C61F00010003C81F0022
:10C75C00030007CC1F00000017CD1F00020003D000
:10C76C001F00010004D21F00010004D61F000100AD
:10C77C0003D81F00030017DD1F00020003E01F0099
:10C78C00010004E21F00020003E51F00000004E6A4
:10C79C001F00010003E81F00040017ED1F0002003A
:10C7AC0004F21F00000003F31F00000004F41F003C
:10C7BC00000004F61F00010003F81F00030007FC33
:10C7CC001F00000017FD1F0001001C0020000A00C4
:10C7DC00010B20000400101020000500141620008E
:10C7EC000100131820000000121920000000151A77
:10C7FC0020000000131B20000100121D200000006F
:10C80C00151E20000000131F200000001420200023
:10C81C0007001A28200000001B2920000000012A14
:10C82C00200004001C2F2000000014302000080001
:10C83C00133920000000123A20000000143B2000A5
:10C84C0003000F3F20000100144120000200184497
:10C85C0020000000154520000000114620000000BB
:10C86C00144720000A001852200000001453200026
:10C87C0000000F54200000001455200009001C5F1C
:10C88C002000000001602000040001662000090067
:10C89C000E70200000000571200000000E742000B6
:10C8AC000500187A20000200157D20000000117E82
:10C8BC0020000000057F200000000E8020000900F1
:10C8CC00188A20000200158D20000000118E200017
:10C8DC000000059020000C0016A0200020000BD0BA
:10C8EC0020000C000ADD200003000BE120000000FA
:10C8FC000AE2200002000BE520000B0019002100C9
:10C90C0001000802210000001903210003000807A0
:10C91C0021000000190821000100040A2100000078
:10C92C00080B21000200040E210001000810210058
:10C93C000200041321000000191421000000081546
:10C94C002100000019162100010018182100000018
:10C95C00081921000400191E2100050008242100DB
:10C96C0000001925210000000326210000001927D2
:10C97C0021000000082821000000192921000000D6
:10C98C00032A21000100082C21000100192E21008E
:10C99C000000042F210000000830210001000332A8
:10C9AC0021000000083321000000043421000000A5
:10C9BC00063521000300043921000000193A21003A
:10C9CC000100043C21000100083E21000100184038
:10C9DC00210004000845210000000446210003004A
:10C9EC00194A21000000184B21000000194C2100AD
:10C9FC000100034E21000000194F210000000E50D1
:10CA0C0021000F000D602100220003832100010092
:10CA1C000D85210003000E8921000000198A2100D8
:10CA2C000100189021000400199521000400189AA7
:10CA3C0021000100199C2100030018A02100000016
:10CA4C0019A12100010018A32100000019A4210044
:10CA5C00010018A62100000019A72100060018AE3D
:10CA6C002100000019AF21001E0018CE210001008A
:10CA7C0019D02100010018D22100000019D3210087
:10CA8C00000018D42100000019D521001E0018F454
:10CA9C0021000B01190023000700150823000000DA
:10CAAC00110923000000150A23000000110B2300BC
:10CABC000000190C23001300182023000100192278
:10CACC0023000600152923000000112A2300000072
:10CADC00192B23005000187C23000000197D230023
:10CAEC001D00189B2300180019B42300270018DC24
:10CAFC002300050019E223004400194024000A0019
:10CB0C000E6024003B00199C24004D000EEA24000A
:10CB1C00150019002500B60018B72500000019B83B
:10CB2C002500080018C12500000019C22500350099
:10CB3C0018F825000700190026006E00186F260053
:10CB4C00000019702600F700156827000000116915
:10CB5C0027000000156A27000000116B2700000059
:10CB6C00156C27000000116D27000000156E2700C2
:10CB7C000000116F270000001570270000001171D4
:10CB8C002700000015722700000011732700000019
:10CB9C001574270000001175270000000E76270081
:10CBAC001D00199427002B0018C02700040015C580
:10CBBC002700000011C62700000018C727001E0020
:10CBCC0015E62700000011E72700000015E82700F4
:10CBDC00000011E92700000015EA2700000011EB06
:10CBEC002700000015EC2700000011ED27000000C5
:10CBFC0015EE2700000011EF2700000018F02700A9
:10CC0C000F0019002800FF0018002900820015836E
:10CC1C00290000001184290000001585290000005E
:10CC2C0011862900000015872900000011882900B1
:10CC3C000000158929000000118A29000000158BBD
:10CC4C0029000000118C29000000158D290000001E
:10CC5C00118E29000000158F290000001190290069
:10CC6C000000159129000000119229000000159375
:10CC7C0029000000119429000000159529000000DE
:10CC8C001196290000001597290000001198290021
:10CC9C000000189929003E0015D82900000011D970
:10CCAC002900000015DA2900000011DB2900000022
:10CCBC0018DC29001F0015FC2900000011FD2900BB
:10CCCC00000018FE2900010119002B002F0018305C
:10CCDC002B00140019452B00010018472B000500F0
:10CCEC00194D2B00260019762B001F0019972B00CD
:10CCFC00680003002C00700004712C00000003720B
:10CD0C002C00010004742C00000003752C000100A1
:10CD1C0004772C000400057C2C000100037E2C0001
:10CD2C00650004E42C00000019E52C00050003EB61
:10CD3C002C0003000BEF2C00020003F22C0001006E
:10CD4C0014F92C0003000EFD2C00000014FE2C0026
:10CD5C00010003002D00250003272D000000032DEA
:10CD6C002D00000006302D003700056F2D0000004F
:10CD7C0014702D0000000B7F2D00000006802D008C
:10CD8C00160006A02D00060006A82D00060006B011
:10CD9C002D00060006B82D00060006C02D0006006A
:10CDAC0006C82D00060006D02D00060006D82D0062
:10CDBC0006000BE02D001F0014002E0001001302D2
:10CDCC002E00000012032E00000013042E000000A1
:10CDDC0012052E00000014062E00020013092E006E
:10CDEC000000120A2E000000140B2E000000130C81
:10CDFC002E000000120D2E000000140E2E00080054
:10CE0C0010172E00000014182E000100101A2E000E
:10CE1C000000141B2E000000131C2E000000121D1D
:10CE2C002E000000141E2E00010013202E00000006
:10CE3C0012212E00000015222E00000011232E00BE
:10CE4C00000015242E00000011252E0000001526D0
:10CE5C002E00000011272E00000015282E000000C7
:10CE6C0011292E000000142A2E000400052F2E007C
:10CE7C00000014302E000900103A2E000100143C62
:10CE8C002E00030010402E00000014412E00000064
:10CE9C0015422E00000014432E000C0019502E00D9
:10CEAC00010014522E00020015552E0000001156E0
:10CEBC002E00000015572E00000011582E00000007
:10CECC0015592E000000115A2E000000155B2E0083
:10CEDC000000115C2E000000105D2E000000198077
:10CEEC002E001900199B2E00580019002F00D50098
:10CEFC0019F02F000B001C00300000001401300052
:10CF0C000200190430000000050530000000060680
:10CF1C00300000000D073000000015083000000044
:10CF2C00110930000000150A30000000110B300010
:10CF3C000000150C30000000110D30000000150E23
:10CF4C0030000000110F3000000015103000000000
:10CF5C0011113000000019123000010015143000BE
:10CF6C0000001115300000001516300000001117DC
:10CF7C0030000000151830000000111930000000BE
:10CF8C00151A30000000111B30000000101C30007E
:10CF9C000000151D30000000111E3000010019208A
:10CFAC00300000000D21300008000B2A3000030077
:10CFBC00092E300001001030300000000531300027
:10CFCC0004001936300001000D3830000200053B1A
:10CFDC0030000000063C30000000143D3000000022
:10CFEC00193E300001000641300055000B9930000D
:10CFFC000100179B30000100059D30000100069FC9
:10D00C003000000010A03000000006A130005900D4
:10D01C0014FB3000000005FC3000020006FF30005D
:10D02C000000060531002A00063131005D00199020
:10D03C00310001000E9231000300199631000900F5
:10D04C0006A031001F0019C03100230006F031008A
:10D05C000F00190032001E000E2032000900192AA0
:10D06C0032001D000E48320007001950320000003B
:10D07C000E5132000E00196032001F000E8032007B
:10D08C000900198A320026000EB132000E0019C0B8
:10D09C0032003F0106003400BF1919C04D003F009B
:10D0AC0006004E0014520515A00000000616A00044
:10D0BC0076041990A400360006D0A400270005F8C9
:10D0CC00A400050014FEA40001000600A5000B013D
:10D0DC00050CA6000000140DA60002000610A60008
:10D0EC000F000C20A6000900062AA6000100034030
:10D0FC00A6002D00066EA60000000B6FA600000017
:10D10C000A70A60002001473A60000000B74A6009F
:10D11C000900147EA6000000057FA6000000038015
:10D12C00A6001B00059CA60001000B9EA60001009A
:10D13C0006A0A60045000DE6A60009000BF0A6000F
:10D14C00010014F2A60005001700A7001600051731
:10D15C00A70008001720A70001000322A7000D005C
:10D16C000430A70001000332A7003D000570A700A2
:10D17C0000000471A70007000379A7000E000588C2
:10D18C00A70000001789A7000100038BA70002006D
:10D19C00048EA7000000068FA70000000390A700D4
:10D1AC0004000495A70000000396A700180004AF24
:10D1BC00A700000003B0A7001A0003D0A7000100CD
:10D1CC0004D3A700000004D5A700000003D6A700D5
:10D1DC00030005F2A700020003F5A700010006F703
:10D1EC00A700000005F8A700010004FAA700000042
:10D1FC0006FBA70006000B02A80000000603A8000F
:10D20C0002000B06A80000000607A80003000B0B89
:10D21C00A8000000060CA80016000923A8000100B5
:10D22C000B25A80001000927A80000001928A80058
:10D23C0003000B2CA80000000E30A80005001936C6
:10D24C00A80001001638A80000001939A800000039
:10D25C000640A80033001474A80003000980A8003D
:10D26C0001000682A800310009B4A8000F000BC40D
:10D27C00A800010014CEA80001000CD0A8000900E1
:10D28C000BE0A800110006F2A800050014F8A80095
:10D29C00020006FBA800000014FCA800000006FD1C
:10D2AC00A80001000BFFA80000000C00A900090059
:10D2BC00060AA9001B000B26A9000700142EA900C2
:10D2CC0001000630A90016000B47A9000A000952FC
:10D2DC00A9000100145FA90000000660A9001C0051
:10D2EC000B80A90002000983A90000000684A90094
:10D2FC002E000BB3A900000009B4A90001000BB665
:10D30C00A900030009BAA90001000BBCA900010087
:10D31C0009BEA900020014C1A9000C0005CFA90088
:10D32C0000000CD0A900090014DEA900010006E0E1
:10D33C00A90004000BE5A900000005E6A900000007
:10D34C0006E7A90008000CF0A900090006FAA900DC
:10D35C0004000600AA0028000B29AA000500092FCA
:10D36C00AA0001000B31AA0001000933AA00010038
:10D37C000B35AA0001000640AA0002000B43AA00CC
:10D38C0000000644AA0007000B4CAA000000094D3F
:10D39C00AA0000000C50AA000900145CAA000300AB
:10D3AC000660AA000F000570AA0000000671AA0012
:10D3BC0005001977AA000200067AAA000000097B72
:10D3CC00AA0000000B7CAA000000097DAA00000046
:10D3DC00067EAA0031000BB0AA00000006B1AA001C
:10D3EC0000000BB2AA00020006B5AA0001000BB7A0
:10D3FC00AA00010006B9AA0004000BBEAA00010095
:10D40C0006C0AA0000000BC1AA00000006C2AA00B8
:10D41C00000006DBAA00010005DDAA00000014DEF6
:10D42C00AA00010006E0AA000A0009EBAA0000000D
:10D43C000BECAA00010009EEAA00010014F0AA00EE
:10D44C00010006F2AA00000005F3AA00010009F58C
:10D45C00AA0000000BF6AA0000000601AB000500B4
:10D46C000609AB0005000611AB0005000620AB0059
:10D47C0006000628AB0006000430AB002200035364
:10D48C00AB0000000454AB000600175BAB000000BF
:10D49C00055CAB0003000460AB0008000569AB0041
:10D4AC000000176AAB0001000370AB004F0006C010
:10D4BC00AB00220009E3AB0001000BE5AB00000060
:10D4CC0009E6AB0001000BE8AB00000009E9AB007A
:10D4DC00010014EBAB00000009ECAB0000000BEDFD
:10D4EC00AB0000000CF0AB0009000600AC00A32B55
:10D4FC0006B0D700160006CBD70030000200D800CB
:10D50C00FF070600F9006D010670FA0069000400BF
:10D51C00FB0006000413FB000400061DFB000000CA
:10D52C000B1EFB000000061FFB0009001829FB0066
:10D53C000000062AFB000C000638FB000400063E27
:10D54C00FB0000000640FB0001000643FB0001004D
:10D55C000646FB006B0017B2FB00100006D3FB0065
:10D56C006A01113EFD000000153FFD00000019404E
:10D57C00FD000F000650FD003F000692FD00350037
:10D58C0019CFFD00000006F0FD000B0016FCFD009D
:10D59C00000019FDFD0002000B00FE000F0014102E
:10D5AC00FE0006001517FE0000001118FE0000001A
:10D5BC001419FE0000000B20FE000F001430FE00BA
:10D5CC0000001031FE0001000F33FE000100153584
:10D5DC00FE0000001136FE0000001537FE000000B2
:10D5EC001138FE0000001539FE000000113AFE0053
:10D5FC000000153BFE000000113CFE000000153D34
:10D60C00FE000000113EFE000000153FFE00000071
:10D61C001140FE0000001541FE0000001142FE000A
:10D62C0000001543FE0000001144FE0000001445EC
:10D63C00FE0001001547FE0000001148FE0000002E
:10D64C001449FE0003000F4DFE0002001450FE00B2
:10D65C0002001454FE0003001058FE00000015597F
:10D66C00FE000000115AFE000000155BFE000000D9
:10D67C00115CFE000000155DFE000000115EFE0056
:10D68C000000145FFE0002001862FE000000106330
:10D69C00FE0000001864FE0002001468FE0000008A
:10D6AC001669FE000000146AFE0001000670FE0000
:10D6BC0004000676FE00860001FFFE000000140147
:10D6CC00FF0002001604FF0000001405FF0002001A
:10D6DC001508FF0000001109FF000000140AFF00EC
:10D6EC000000180BFF000000140CFF000000100DD0
:10D6FC00FF000000140EFF0001000C10FF000900D9
:10D70C00141AFF000100181CFF000200141FFF0078
:10D71C0001000321FF001900153BFF000000143C21
:10D72C00FF000000113DFF000000173EFF0000004D
:10D73C000F3FFF0000001740FF0000000341FF00F7
:10D74C001900155BFF000000185CFF000000115D64
:10D75C00FF000000185EFF000000155FFF000000D6
:10D76C001160FF0000001461FF0000001562FF0053
:10D77C0000001163FF0000001464FF000100066646
:10D78C00FF0009000570FF0000000671FF002C006F
:10D79C00059EFF00010006A0FF001E0006C2FF0050
:10D7AC00050006CAFF00050006D2FF00050006DAD8
:10D7BC00FF00020016E0FF00010018E2FF0000006D
:10D7CC0017E3FF00000019E4FF00000016E5FF005E
:10D7DC00010019E8FF00000018E9FF00030019ED33
:10D7EC00FF00010001F9FF00020019FCFF0001001D
:10D7FC00060000010B00060D0001190006280001AF
:10D80C001200063C00010100063F00010E0006500C
:10D81C0000010D00068000017A00140001010200D5
:10D82C000E0701012C001937010108000D40010100
:10D83C0034000E75010103001979010110000E8AE4
:10D84C0001010100198C01010200199001010C0069
:10D85C0019A00101000019D001012C000BFD0101E0
:10D86C000000068002011C0006A0020130000BE043
:10D87C00020100000EE102011A00060003011F0064
:10D88C000E2003010300062D030113000D410301BB
:10D89C0000000642030107000D4A03010000065078
:10D8AC00030125000B7603010400068003011D0013
:10D8BC00149F0301000006A00301230006C8030106
:10D8CC00070014D0030100000DD103010400030074
:10D8DC0004014F00065004014D000CA00401090086
:10D8EC0003B00401230003D8040123000600050142
:10D8FC002700063005013300146F0501000003708A
:10D90C0005010A00037C05010E00038C05010600CD
:10D91C00039405010100039705010A0003A3050107
:10D92C000E0003B30501060003BB05010100060050
:10D93C0006013601064007011500066007010700C5
:10D94C0005800701050005870701290005B20701BD
:10D95C000800060008010500060808010000060A78
:10D96C0008012B00063708010100063C08010000E5
:10D97C00063F080116001457080100000E58080154
:10D98C0007000660080116001977080101000E79DE
:10D99C0008010600068008011E000EA708010800F9
:10D9AC0006E00801120006F4080101000EFB080154
:10D9BC0004000600090115000E1609010500141FCC
:10D9CC0009010000062009011900143F090100009B
:10D9DC000680090137000EBC0901010006BE0901D1
:10D9EC0001000EC009010F000ED209012D00060026
:10D9FC000A0100000B010A0102000B050A010100DB
:10DA0C000B0C0A01030006100A01030006150A019B
:10DA1C00020006190A011C000B380A0102000B3F18
:10DA2C000A0100000E400A01080014500A01080007
:10DA3C0006600A011C000E7D0A010100147F0A0118
:10DA4C00000006800A011C000E9D0A01020006C09F
:10DA5C000A01070019C80A01000006C90A011B00C7
:10DA6C000BE50A0101000EEB0A01040014F00A0197
:10DA7C00060006000B01350014390B0106000640A8
:10DA8C000B0115000E580B01070006600B0112006C
:10DA9C000E780B01070006800B01110014990B0185
:10DAAC0003000EA90B01060006000C0148000380C0
:10DABC000C01320003C00C0132000EFA0C010500FF
:10DACC0006000D0123000B240D0103000C300D0189
:10DADC0009000E600E011E0006800E0129000BAB22
:10DAEC000E01010010AD0E01000006B00E01010088
:10DAFC0006000F011C000E1D0F01090006270F0167
:10DB0C00000006300F0115000B460F010A000E51E4
:10DB1C000F01030014550F01040006700F011100D2
:10DB2C000B820F01030014860F01030006B00F01D6
:10DB3C0014000EC50F01060006E00F0116000900C7
:10DB4C00100100000B01100100000902100100007F
:10DB5C000603100134000B3810010E00144710019D
:10DB6C0006000E52100113000C66100109000B7018
:10DB7C00100100000671100101000B73100101006F
:10DB8C000675100100000B7F1001020009821001C4
:10DB9C000000068310012C0009B0100102000BB329
:10DBAC001001030009B7100101000BB910010100AD
:10DBBC0014BB1001010001BD1001000014BE1001C6
:10DBCC0003000BC21001000001CD1001000006D0B3
:10DBDC00100118000CF0100109000B0011010200DB
:10DBEC000603110123000B2711010400092C11015C
:10DBFC0000000B2D110107000C3611010900144017
:10DC0C001101030006441101000009451101010036
:10DC1C000647110100000650110122000B7311017F
:10DC2C0000001474110101000676110100000B8034
:10DC3C0011010100098211010000068311012F005E
:10DC4C0009B3110102000BB61101080009BF110143
:10DC5C00010006C11101030014C5110103000BC919
:10DC6C001101030014CD1101000009CE11010000B7
:10DC7C000BCF110100000CD01101090006DA1101C3
:10DC8C00000014DB1101000006DC1101000014DDA2
:10DC9C00110102000EE11101130006001201110026
:10DCAC00061312011800092C120102000B2F12018D
:10DCBC0002000932120101000B3412010000093577
:10DCCC00120100000B36120101001438120105007C
:10DCDC000B3E12010000068012010600068812019C
:10DCEC000000068A12010300068F12010E00069F27
:10DCFC001201090014A91201000006B012012E0035
:10DD0C000BDF1201000009E0120102000BE312010B
:10DD1C0007000CF0120109000B00130101000902AD
:10DD2C0013010100060513010700060F1301010082
:10DD3C00061313011500062A1301060006321301FF
:10DD4C0001000635130104000B3B13010100063DD5
:10DD5C0013010000093E130101000B4013010000E8
:10DD6C00094113010300094713010100094B130179
:10DD7C000200065013010000095713010000065D54
:10DD8C00130104000962130101000B661301060064
:10DD9C000B70130104000600140134000935140142
:10DDAC0002000B38140107000940140101000B425A
:10DDBC00140102000945140100000B461401000077
:10DDCC00064714010300144B140104000C501401F9
:10DDDC000900145A14010100145D140100000B5EBB
:10DDEC0014010000065F14010200068014012F00CC
:10DDFC0009B0140102000BB31401050009B9140198
:10DE0C0000000BBA1401000009BB140103000BBF86
:10DE1C001401010009C1140100000BC2140101001E
:10DE2C0006C41401010014C61401000006C7140135
:10DE3C0000000CD014010900068015012E0009AF5A
:10DE4C00150102000BB21501030009B815010300FE
:10DE5C000BBC1501010009BE150100000BBF15011B
:10DE6C00010014C11501160006D8150103000BDCC6
:10DE7C0015010100060016012F00093016010200E1
:10DE8C000B3316010700093B160101000B3D16016F
:10DE9C000000093E160100000B3F16010100144161
:10DEAC00160102000644160100000C501601090070
:10DEBC00146016010C00068016012A000BAB16012B
:10DECC00000009AC160100000BAD1601000009AEF4
:10DEDC00160101000BB01601050009B61601000071
:10DEEC000BB71601000006B81601000014B9160194
:10DEFC0000000CC016010900060017011A000B1DCA
:10DF0C00170102000920170101000B221701030061
:10DF1C000926170100000B27170104000C3017010C
:10DF2C0009000E3A17010100143C17010200193FB9
:10DF3C0017010000064017010600060018012B000F
:10DF4C00092C180102000B2F1801080009381801C0
:10DF5C0000000B3918010100143B1801000003A04C
:10DF6C0018013F000CE0180109000EEA1801080026
:10DF7C0006FF18010700060919010000060C19011B
:10DF8C0007000615190101000618190117000930C0
:10DF9C00190105000937190101000B3B190101009A
:10DFAC00093D190100000B3E19010000063F190143
:10DFBC000000094019010000064119010000094246
:10DFCC00190100000B43190100001444190102004F
:10DFDC000C501901090006A01901070006AA190125
:10DFEC00260009D1190102000BD4190103000BDA28
:10DFFC001901010009DC190103000BE019010000F3
:10E00C0006E11901000014E21901000006E31901F0
:10E01C00000009E41901000006001A0100000B01C0
:10E02C001A010900060B1A0127000B331A0105000F
:10E03C0009391A010000063A1A0100000B3B1A01BB
:10E04C000300143F1A0107000B471A010000065089
:10E05C001A0100000B511A01050009571A010100A1
:10E06C000B591A010200065C1A012D000B8A1A01C9
:10E07C000C0009971A0100000B981A010100149A60
:10E08C001A010200069D1A010000149E1A010400D8
:10E09C0006B01A01480006001C010800060A1C0103
:10E0AC002400092F1C0100000B301C0106000B384A
:10E0BC001C010500093E1C0100000B3F1C01000067
:10E0CC0006401C01000014411C0104000C501C01F2
:10E0DC0009000E5A1C01120014701C01010006727A
:10E0EC001C011D000B921C01150009A91C0100004C
:10E0FC000BAA1C01060009B11C0100000BB21C018B
:10E10C00010009B41C0100000BB51C010100060044
:10E11C001D01060006081D010100060B1D0125004E
:10E12C000B311D0105000B3A1D0100000B3C1D01BC
:10E13C0001000B3F1D01060006461D0100000B47A8
:10E14C001D0100000C501D01090006601D01050099
:10E15C0006671D010100066A1D011F00098A1D01C9
:10E16C0004000B901D01010009931D0101000B958A
:10E17C001D01000009961D0100000B971D010000F8
:10E18C0006981D0100000CA01D01090006E01E01EF
:10E19C0012000BF31E01010009F51E01010014F71A
:10E1AC001E01010006B01F0100000EC01F0114006B
:10E1BC0019D51F01070016DD1F01030019E11F010E
:10E1CC00100014FF1F0100000600200199030D0030
:10E1DC0024016E0014702401040006802401C30085
:10E1EC0006902F01600014F12F0101000600300190
:10E1FC002E040130340108000600440146020600DA
:10E20C006801380206406A011E000C606A010900B0
:10E21C00146E6A01010006706A014E000CC06A019E
:10E22C00090006D06A011D000BF06A01040014F508
:10E23C006A01000006006B012F000B306B01060019
:10E24C0014376B010400193C6B01030005406B0192
:10E25C00030014446B01000019456B0100000C50C5
:10E26C006B0109000E5B6B01060006636B01140069
:10E27C00067D6B01120003406E013F000E806E01A3
:10E28C00160014976E01030006006F014A000B4F35
:10E29C006F01000006506F01000009516F0136003C
:10E2AC000B8F6F01030005936F010C0005E06F01EC
:10E2BC00010014E26F01000005E36F0100000BE4A4
:10E2CC006F01000009F06F01010006007001F717E3
:10E2DC0006008801D50406008D01080005F0AF0189
:10E2EC00030005F5AF01060005FDAF0101000600B6
:10E2FC00B00122010650B10102000664B101030015
:10E30C000670B1018B010600BC016A000670BC01ED
:10E31C000C000680BC0108000690BC010900199C89
:10E32C00BC0100000B9DBC010100149FBC0100004E
:10E33C0001A0BC0103000B00CF012D000B30CF015D
:10E34C0016001950CF0173001900D001F500190007
:10E35C00D10126001929D1013B000965D101010029
:10E36C000B67D1010200196AD1010200096DD101BC
:10E37C0005000173D10107000B7BD1010700198344
:10E38C00D10101000B85D1010600198CD1011D00B2
:10E39C000BAAD101030019AED1013C001900D20126
:10E3AC0041000B42D20102001945D20100000EE0DF
:10E3BC00D20113001900D30156000E60D3011800CE
:10E3CC000800D4011900041AD40119000834D4012E
:10E3DC001900044ED40106000456D401110008683B
:10E3EC00D40119000482D4011900089CD401000046
:10E3FC00089ED401010008A2D401000008A5D40194
:10E40C00010008A9D401030008AED401070004B62A
:10E41C00D401030004BBD401000004BDD4010600E8
:10E42C0004C5D4010A0008D0D401190004EAD401AF
:10E43C0019000804D50101000807D5010300080DD7
:10E44C00D50107000816D5010600041ED5011900D8
:10E45C000838D5010100083BD50103000840D5015F
:10E46C0004000846D5010000084AD50106000452F4
:10E47C00D5011900086CD50119000486D5011900C5
:10E48C0008A0D501190004BAD501190008D4D5018A
:10E49C00190004EED50119000808D6011900042250
:10E4AC00D6011900083CD60119000456D6011900F2
:10E4BC000870D6011900048AD6011B0008A8D601E1
:10E4CC00180018C1D601000004C2D601180018DBD0
:10E4DC00D601000004DCD601050008E2D6011800C4
:10E4EC0018FBD601000004FCD60118001815D70142
:10E4FC0000000416D7010500081CD70118001835B8
:10E50C00D70100000436D7011800184FD7010000BE
:10E51C000450D70105000856D7011800186FD70111
:10E52C0000000470D70118001889D7010000048A74
:10E53C00D70105000890D701180018A9D7010000D1
:10E54C0004AAD701180018C3D701000004C4D701CE
:10E55C00050008CAD701000004CBD70100000CCE7F
:10E56C00D70131001900D801FF010B00DA01360088
:10E57C001937DA0103000B3BDA013100196DDA01AE
:10E58C0007000B75DA0100001976DA010D000B8417
:10E59C00DA0100001985DA0101001487DA010400A0
:10E5AC000B9BDA0104000BA1DA010E000400DF0161
:10E5BC000900060ADF010000040BDF0113000B0049
:10E5CC00E00106000B08E00110000B1BE001060047
:10E5DC000B23E00101000B26E00104000600E10121
:10E5EC002C000B30E10106000537E10106000C4060
:10E5FC00E1010900064EE1010000194FE1010000A4
:10E60C000690E2011D000BAEE201000006C0E20123
:10E61C002B000BECE20103000CF0E201090016FFE9
:10E62C00E201000006E0E701060006E8E70103004E
:10E63C0006EDE701010006F0E7010E000600E80117
:10E64C00C4000EC7E80108000BD0E8010600030067
:10E65C00E90143000B44E9010600054BE901000008
:10E66C000C50E9010900145EE90101000E71EC0186
:10E67C003A0019ACEC0100000EADEC01020016B032
:10E68C00EC0100000EB1EC0103000E01ED012C00B9
:10E69C00192EED0100000E2FED010E000600EE010B
:10E6AC0003000605EE011A000621EE010100062406
:10E6BC00EE0100000627EE0100000629EE0109001C
:10E6CC000634EE0103000639EE010000063BEE01B4
:10E6DC0000000642EE0100000647EE01000006496C
:10E6EC00EE010000064BEE010000064DEE010200AB
:10E6FC000651EE0101000654EE0100000657EE0132
:10E70C0000000659EE010000065BEE010000065DFC
:10E71C00EE010000065FEE0100000661EE01010053
:10E72C000664EE0100000667EE010300066CEE01C4
:10E73C0006000674EE0103000679EE010300067E66
:10E74C00EE0100000680EE010900068BEE011000C0
:10E75C0006A1EE01020006A5EE01040006ABEE01D7
:10E76C00100018F0EE0101001900F0012B00193017
:10E77C00F001630019A0F0010E0019B1F0010E00B8
:10E78C0019C1F0010E0019D1F00124000E00F101A5
:10E79C000C00190DF101A00019E6F1011C00191073
:10E7AC00F2012B001940F20108001950F20101008E
:10E7BC001960F20105001900F301FA0017FBF301CF
:10E7CC0004001900F401D70219DDF6010F0019F04D
:10E7DC00F6010C001900F70173001980F7015800BD
:10E7EC0019E0F7010B0019F0F70100001900F8010E
:10E7FC000B001910F80137001950F80109001960C5
:10E80C00F80127001990F8011D0019B0F80101005A
:10E81C001900F90153011960FA010D001970FA0180
:10E82C0004001978FA0104001980FA010600199005
:10E83C00FA011C0019B0FA010A0019C0FA0105000E
:10E84C0019D0FA01090019E0FA01070019F0FA01D0
:10E85C0006001900FB0192001994FB0136000CF024
:10E86C00FB01090006000002DFA60600A702381013
:10E87C000640B702DD000620B802811606B0CE02B3
:10E88C00301D0600F8021D02060000034A130101A8
:10E89C00000E00000120000E5F000B00010EEF00C7
:10E8AC000C5F104E154E2A4E314E364E3C4E3F4E9E
:10E8BC00424E564E584E824E854E6B8C8A4E12826C
:10E8CC000D5F8E4E9E4E9F4EA04EA24EB04EB34E3E
:10E8DC00B64ECE4ECD4EC44EC64EC24ED74EDE4E6A
:10E8EC00ED4EDF4EF74E094F5A4F304F5B4F5D4F99
:10E8FC00574F474F764F884F8F4F984F7B4F694FED
:10E90C00704F914F6F4F864F964F1851D44FDF4F2A
:10E91C00CE4FD84FDB4FD14FDA4FD04FE44FE54FAE
:10E92C001A50285014502A50255005501C4FF64FA1
:10E93C00215029502C50FE4FEF4F11500650435090
:10E94C00475003675550505048505A5056506C50D1
:10E95C00785080509A508550B450B250C950CA501B
:10E96C00B350C250D650DE50E550ED50E350EE504F
:10E97C00F950F550095101510251165115511451CC
:10E98C001A5121513A5137513C513B513F51405151
:10E99C0052514C5154516251F87A69516A516E512D
:10E9AC0080518251D8568C5189518F51915193512C
:10E9BC0095519651A451A651A251A951AA51AB51AE
:10E9CC00B351B151B251B051B551BD51C551C951ED
:10E9DC00DB51E0515586E951ED51F051F551FE51A5
:10E9EC0004520B5214520E5227522A522E523352A8
:10E9FC0039524F5244524B524C525E5254526A52FC
:10EA0C007452695273527F527D528D52945292526B
:10EA1C00715288529152A88FA78FAC52AD52BC52F2
:10EA2C00B552C152CD52D752DE52E352E652ED9856
:10EA3C00E052F352F552F852F95206530853387516
:10EA4C000D5310530F5315531A5323532F53315344
:10EA5C0033533853405346534553174E49534D5334
:10EA6C00D6515E5369536E5318597B537753825367
:10EA7C009653A053A653A553AE53B053B653C3539A
:10EA8C00127CD996DF53FC66EE71EE53E853ED53CE
:10EA9C00FA5301543D5440542C542D543C542E5490
:10EAAC00365429541D544E548F5475548E545F54FF
:10EABC0071547754705492547B54805476548454CB
:10EACC0090548654C754A254B854A554AC54C4544E
:10EADC00C854A854AB54C254A454BE54BC54D854B7
:10EAEC00E554E6540F551455FD54EE54ED54FA54B8
:10EAFC00E2543955405563554C552E555C5545558A
:10EB0C0056555755385533555D5599558055AF5415
:10EB1C008A559F557B557E5598559E55AE557C55BF
:10EB2C008355A9558755A855DA55C555DF55C45594
:10EB3C00DC55E455D4551456F7551656FE55FD556F
:10EB4C001B56F9554E565056DF71345636563256C2
:10EB5C0038566B5664562F566C566A5686568056E7
:10EB6C008A56A05694568F56A556AE56B656B456DF
:10EB7C00C256BC56C156C356C056C856CE56D156B0
:10EB8C00D356D756EE56F9560057FF560457095729
:10EB9C0008570B570D57135718571657C7551C576F
:10EBAC002657375738574E573B5740574F5769578B
:10EBBC00C057885761577F5789579357A057B357FA
:10EBCC00A457AA57B057C357C657D457D257D35781
:10EBDC000A58D657E3570B5819581D5872582158D4
:10EBEC0062584B587058C06B52583D5879588558DC
:10EBFC00B9589F58AB58BA58DE58BB58B858AE588D
:10EC0C00C558D358D158D758D958D858E558DC5886
:10EC1C00E458DF58EF58FA58F958FB58FC58FD588F
:10EC2C0002590A5910591B59A66825592C592D59A6
:10EC3C00325938593E59D27A555950594E595A5918
:10EC4C0058596259605967596C59695978598159A1
:10EC5C009D595E4FAB4FA359B259C659E859DC596F
:10EC6C008D59D959DA59255A1F5A115A1C5A095A11
:10EC7C001A5A405A6C5A495A355A365A625A6A5A72
:10EC8C009A5ABC5ABE5ACB5AC25ABD5AE35AD75A90
:10EC9C00E65AE95AD65AFA5AFB5A0C5B0B5B165BCE
:10ECAC00325BD05A2A5B365B3E5B435B455B405B19
:10ECBC00515B555B5A5B5B5B655B695B705B735B64
:10ECCC00755B785B88657A5B805B835BA65BB85B06
:10ECDC00C35BC75BC95BD45BD05BE45BE65BE25BAD
:10ECEC00DE5BE55BEB5BF05BF65BF35B055C075CAB
:10ECFC00085C0D5C135C205C225C285C385C395C25
:10ED0C00415C465C4E5C535C505C4F5C715B6C5C74
:10ED1C006E5C624E765C795C8C5C915C945C9B590D
:10ED2C00AB5CBB5CB65CBC5CB75CC55CBE5CC75C1E
:10ED3C00D95CE95CFD5CFA5CED5C8C5DEA5C0B5DBE
:10ED4C00155D175D5C5D1F5D1B5D115D145D225DC6
:10ED5C001A5D195D185D4C5D525D4E5D4B5D6C5DD1
:10ED6C00735D765D875D845D825DA25D9D5DAC5D4E
:10ED7C00AE5DBD5D905DB75DBC5DC95DCD5DD35DC8
:10ED8C00D25DD65DDB5DEB5DF25DF55D0B5E1A5E13
:10ED9C00195E115E1B5E365E375E445E435E405EFE
:10EDAC004E5E575E545E5F5E625E645E475E755E8D
:10EDBC00765E7A5EBC9E7F5EA05EC15EC25EC85E01
:10EDCC00D05ECF5ED65EE35EDD5EDA5EDB5EE25E7B
:10EDDC00E15EE85EE95EEC5EF15EF35EF05EF45ED1
:10EDEC00F85EFE5E035F095F5D5F5C5F0B5F115F4A
:10EDFC00165F295F2D5F385F415F485F4C5F4E5F48
:10EE0C002F5F515F565F575F595F615F6D5F735F37
:10EE1C00775F835F825F7F5F8A5F885F915F875FC9
:10EE2C009E5F995F985FA05FA85FAD5FBC5FD65F88
:10EE3C00FB5FE45FF85FF15FDD5FB360FF5F216054
:10EE4C0060601960106029600E6031601B60156095
:10EE5C002B6026600F603A605A6041606A60776090
:10EE6C005F604A6046604D6063604360646042600E
:10EE7C006C606B60596081608D60E76083609A6044
:10EE8C0084609B60966097609260A7608B60E16085
:10EE9C00B860E060D360B460F05FBD60C660B56020
:10EEAC00D8604D6115610661F660F7600061F46031
:10EEBC00FA6003612161FB60F1600D610E614761D5
:10EECC003E61286127614A613F613C612C6134617C
:10EEDC003D614261446173617761586159615A6166
:10EEEC006B6174616F61656171615F615D615361DB
:10EEFC007561996196618761AC6194619A618A616F
:10EF0C009161AB61AE61CC61CA61C961F761C861E5
:10EF1C00C361C661BA61CB61797FCD61E661E361A2
:10EF2C00F661FA61F461FF61FD61FC61FE610062F2
:10EF3C00086209620D620C6214621B621E6221621D
:10EF4C002A622E6230623262336241624E625E62CB
:10EF5C0063625B62606268627C62826289627E620A
:10EF6C00926293629662D46283629462D762D16237
:10EF7C00BB62CF62FF62C662D464C862DC62CC62E0
:10EF8C00CA62C262C7629B62C9620C63EE62F162C2
:10EF9C00276302630863EF62F56250633E634D635F
:10EFAC001C644F6396638E638063AB637663A36369
:10EFBC008F6389639F63B5636B636963BE63E96346
:10EFCC00C063C663E363C963D263F663C463166448
:10EFDC00346406641364266436641D6517642864FF
:10EFEC000F6467646F6476644E642A6595649364F9
:10EFFC00A564A9648864BC64DA64D264C564C7641B
:10F00C00BB64D864C264F164E7640982E064E164BF
:10F01C00AC62E364EF642C65F664F464F264FA6445
:10F02C000065FD6418651C650565246523652B6505
:10F03C00346535653765366538654B754865566595
:10F04C0055654D6558655E655D657265786582656B
:10F05C0083658A8B9B659F65AB65B765C365C66524
:10F06C00C165C465CC65D265DB65D965E065E165D4
:10F07C00F16572670A660366FB657367356636660B
:10F08C0034661C664F664466496641665E665D661C
:10F09C006466676668665F666266706683668866C5
:10F0AC008E668966846698669D66C166B966C96611
:10F0BC00BE66BC66C466B866D666DA66E0663F664F
:10F0CC00E666E966F066F566F7660F6716671E6713
:10F0DC002667276738972E673F673667416738671B
:10F0EC00376746675E6760675967636764678967F8
:10F0FC007067A9677C676A678C678B67A667A1676F
:10F10C008567B767EF67B467EC67B367E967B8679C
:10F11C00E467DE67DD67E267EE67B967CE67C667EF
:10F12C00E7679C6A1E684668296840684D683268C3
:10F13C004E68B3682B685968636877687F689F6806
:10F14C008F68AD6894689D689B688368AE6AB9687F
:10F15C007468B568A068BA680F698D687E680169C3
:10F16C00CA680869D86822692669E1680C69CD68A3
:10F17C00D468E768D568366912690469D768E368AA
:10F18C002569F968E068EF6828692A691A692369B2
:10F19C002169C668796977695C6978696B695469B2
:10F1AC007E696E69396974693D695969306961694B
:10F1BC005E695D6981696A69B269AE69D069BF6966
:10F1CC00C169D369BE69CE69E85BCA69DD69BB698F
:10F1DC00C369A7692E6A9169A0699C699569B4692C
:10F1EC00DE69E869026A1B6AFF690A6BF969F269F0
:10F1FC00E769056AB1691E6AED69146AEB690A6A06
:10F20C00126AC16A236A136A446A0C6A726A366AA1
:10F21C00786A476A626A596A666A486A386A226A10
:10F22C00906A8D6AA06A846AA26AA36A976A178632
:10F23C00BB6AC36AC26AB86AB36AAC6ADE6AD16A6C
:10F24C00DF6AAA6ADA6AEA6AFB6A056B1686FA6AE8
:10F25C00126B166B319B1F6B386B376BDC76396B13
:10F26C00EE98476B436B496B506B596B546B5B6BF4
:10F27C005F6B616B786B796B7F6B806B846B836B73
:10F28C008D6B986B956B9E6BA46BAA6BAB6BAF6B1A
:10F29C00B26BB16BB36BB76BBC6BC66BCB6BD36B1D
:10F2AC00DF6BEC6BEB6BF36BEF6BBE9E086C136C54
:10F2BC00146C1B6C246C236C5E6C556C626C6A6CED
:10F2CC00826C8D6C9A6C816C9B6C7E6C686C736CB4
:10F2DC00926C906CC46CF16CD36CBD6CD76CC56CBF
:10F2EC00DD6CAE6CB16CBE6CBA6CDB6CEF6CD96C5B
:10F2FC00EA6C1F6D4D88366D2B6D3D6D386D196D3B
:10F30C00356D336D126D0C6D636D936D646D5A6D4F
:10F31C00796D596D8E6D956DE46F856DF96D156E0A
:10F32C000A6EB56DC76DE66DB86DC66DEC6DDE6DB4
:10F33C00CC6DE86DD26DC56DFA6DD96DE46DD56D82
:10F34C00EA6DEE6D2D6E6E6E2E6E196E726E5F6EB8
:10F35C003E6E236E6B6E2B6E766E4D6E1F6E436E15
:10F36C003A6E4E6E246EFF6E1D6E386E826EAA6EF5
:10F37C00986EC96EB76ED36EBD6EAF6EC46EB26E44
:10F38C00D46ED56E8F6EA56EC26E9F6E416F116F6F
:10F39C004C70EC6EF86EFE6E3F6FF26E316FEF6E6E
:10F3AC00326FCC6E3E6F136FF76E866F7A6F786F1D
:10F3BC00816F806F6F6F5B6FF36F6D6F826F7C6FA0
:10F3CC00586F8E6F916FC26F666FB36FA36FA16F23
:10F3DC00A46FB96FC66FAA6FDF6FD56FEC6FD46F68
:10F3EC00D86FF16FEE6FDB6F09700B70FA6F1170E5
:10F3FC0001700F70FE6F1B701A70746F1D70187097
:10F40C001F7030703E7032705170637099709270D2
:10F41C00AF70F170AC70B870B370AE70DF70CB7051
:10F42C00DD70D9700971FD701C71197165715571A0
:10F43C008871667162714C7156716C718F71FB7150
:10F44C0084719571A871AC71D771B971BE71D2719B
:10F45C00C971D471CE71E071EC71E771F571FC7109
:10F46C00F971FF710D7210721B7228722D722C7251
:10F47C00307232723B723C723F72407246724B7207
:10F48C00587274727E7282728172877292729672E4
:10F49C00A272A772B972B272C372C672C472CE7201
:10F4AC00D272E272E072E172F972F7720F50177356
:10F4BC000A731C7316731D7334732F73297325739E
:10F4CC003E734E734F73D89E57736A736873707321
:10F4DC00787375737B737A73C873B373CE73BB73A2
:10F4EC00C073E573EE73DE73A27405746F742574C8
:10F4FC00F87332743A7455743F745F745974417470
:10F50C005C746974707463746A7476747E748B74CE
:10F51C009E74A774CA74CF74D474F173E074E374DA
:10F52C00E774E974EE74F274F074F174F874F774AF
:10F53C000475037505750C750E750D7515751375BC
:10F54C001E7526752C753C7544754D754A75497537
:10F55C005B7546755A756975647567756B756D75F0
:10F56C00787576758675877574758A7589758275E3
:10F57C0094759A759D75A575A375C275B375C3758C
:10F58C00B575BD75B875BC75B175CD75CA75D275C7
:10F59C00D975E375DE75FE75FF75FC750176F07532
:10F5AC00FA75F275F3750B760D7609761F7627765C
:10F5BC002076217622762476347630763B76477622
:10F5CC00487646765C7658766176627668766976A9
:10F5DC006A7667766C7670767276767678767C76E6
:10F5EC008076837688768B768E76967693769976F9
:10F5FC009A76B076B476B876B976BA76C276CD7697
:10F60C00D676D276DE76E176E576E776EA762F86E2
:10F61C00FB76087707770477297724771E77257789
:10F62C0026771B773777387747775A7768776B77F2
:10F63C005B7765777F777E7779778E778B77917726
:10F64C00A0779E77B077B677B977BF77BC77BD7761
:10F65C00BB77C777CD77D777DA77DC77E377EE7739
:10F66C00FC770C781278267920782A7945788E7870
:10F67C00747886787C789A788C78A378B578AA7820
:10F68C00AF78D178C678CB78D478BE78BC78C5788A
:10F69C00CA78EC78E778DA78FD78F478077912791B
:10F6AC00117919792C792B794079607957795F79AF
:10F6BC005A79557953797A797F798A799D79A779AD
:10F6CC004B9FAA79AE79B379B979BA79C979D579D9
:10F6DC00E779EC79E179E379087A0D7A187A197A75
:10F6EC00207A1F7A8079317A3B7A3E7A377A437A5C
:10F6FC00577A497A617A627A697A9D9F707A797AB7
:10F70C007D7A887A977A957A987A967AA97AC87A4D
:10F71C00B07AB67AC57AC47ABF7A8390C77ACA7A35
:10F72C00CD7ACF7AD57AD37AD97ADA7ADD7AE17A48
:10F73C00E27AE67AED7AF07A027B0F7B0A7B067B23
:10F74C00337B187B197B1E7B357B287B367B507B70
:10F75C007A7B047B4D7B0B7B4C7B457B757B657B84
:10F76C00747B677B707B717B6C7B6E7B9D7B987BEA
:10F77C009F7B8D7B9C7B9A7B8B7B927B8F7B5D7B3A
:10F78C00997BCB7BC17BCC7BCF7BB47BC67BDD7B7E
:10F79C00E97B117C147CE67BE57B607C007C077C40
:10F7AC00137CF37BF77B177C0D7CF67B237C277C0F
:10F7BC002A7C1F7C377C2B7C3D7C4C7C437C547C92
:10F7CC004F7C407C507C587C5F7C647C567C657C98
:10F7DC006C7C757C837C907CA47CAD7CA27CAB7CAB
:10F7EC00A17CA87CB37CB27CB17CAE7CB97CBD7CAA
:10F7FC00C07CC57CC27CD87CD27CDC7CE27C3B9B14
:10F80C00EF7CF27CF47CF67CFA7C067D027D1C7D20
:10F81C00157D0A7D457D4B7D2E7D327D3F7D357D71
:10F82C00467D737D567D4E7D727D687D6E7D4F7DF0
:10F83C00637D937D897D5B7D8F7D7D7D9B7DBA7D99
:10F84C00AE7DA37DB57DC77DBD7DAB7D3D7EA27DAF
:10F85C00AF7DDC7DB87D9F7DB07DD87DDD7DE47D89
:10F86C00DE7DFB7DF27DE17D057E0A7E237E217EA1
:10F87C00127E317E1F7E097E0B7E227E467E667E48
:10F88C003B7E357E397E437E377E327E3A7E677E86
:10F89C005D7E567E5E7E597E5A7E797E6A7E697E5C
:10F8AC007C7E7B7E837ED57D7D7EAE8F7F7E887ECB
:10F8BC00897E8C7E927E907E937E947E967E8E7ECA
:10F8CC009B7E9C7E387F3A7F457F4C7F4D7F4E7F61
:10F8DC00507F517F557F547F587F5F7F607F687F5B
:10F8EC00697F677F787F827F867F837F887F877F32
:10F8FC008C7F947F9E7F9D7F9A7FA37FAF7FB27F0B
:10F90C00B97FAE7FB67FB87F718BC57FC67FCA7F4C
:10F91C00D57FD47FE17FE67FE97FF37FF97FDC98A9
:10F92C00068004800B801280188019801C80218036
:10F93C0028803F803B804A804680528058805A8085
:10F94C005F8062806880738072807080768079803E
:10F95C007D807F808480868085809B8093809A8048
:10F96C00AD809051AC80DB80E580D980DD80C48097
:10F97C00DA80D6800981EF80F1801B812981238177
:10F98C002F814B818B9646813E8153815181FC8026
:10F99C0071816E81658166817481838188818A81A0
:10F9AC0080818281A0819581A481A3815F819381D3
:10F9BC00A981B081B581BE81B881BD81C081C28170
:10F9CC00BA81C981CD81D181D981D881C881DA81AF
:10F9DC00DF81E081E781FA81FB81FE810182028275
:10F9EC00058207820A820D821082168229822B825E
:10F9FC00388233824082598258825D825A825F8279
:10FA0C006482628268826A826B822E8271827782C1
:10FA1C0078827E828D829282AB829F82BB82AC8204
:10FA2C00E182E382DF82D282F482F382FA829383D0
:10FA3C000383FB82F982DE820683DC820983D9820E
:10FA4C0035833483168332833183408339835083E7
:10FA5C0045832F832B831783188385839A83AA83EB
:10FA6C009F83A283968323838E8387838A837C835D
:10FA7C00B58373837583A0838983A883F4831384EC
:10FA8C00EB83CE83FD830384D8830B84C183F783FC
:10FA9C000784E083F2830D8422842084BD83388420
:10FAAC000685FB836D842A843C845A858484778400
:10FABC006B84AD846E848284698446842C846F84C8
:10FACC0079843584CA846284B984BF849F84D98440
:10FADC00CD84BB84DA84D084C184C684D684A184CA
:10FAEC002185FF84F484178518852C851F85158541
:10FAFC001485FC844085638558854885418502863C
:10FB0C004B8555858085A485888591858A85A885B2
:10FB1C006D8594859B85EA8587859C8577857E8513
:10FB2C009085C985BA85CF85B985D085D585DD8584
:10FB3C00E585DC85F9850A8613860B86FE85FA85B4
:10FB4C00068622861A8630863F864D86554E54860A
:10FB5C005F86678671869386A386A986AA868B861E
:10FB6C008C86B686AF86C486C686B086C986238840
:10FB7C00AB86D486DE86E986EC86DF86DB86EF866E
:10FB8C0012870687088700870387FB8611870987FA
:10FB9C000D87F9860A8734873F8737873B87258708
:10FBAC0029871A8760875F8778874C874E87748789
:10FBBC00578768876E875987538763876A87058855
:10FBCC00A2879F878287AF87CB87BD87C087D08767
:10FBDC00D696AB87C487B387C787C687BB87EF87A3
:10FBEC00F287E0870F880D88FE87F687F7870E88E7
:10FBFC00D287118816881588228821883188368802
:10FC0C00398827883B8844884288528859885E887E
:10FC1C0062886B8881887E889E8875887D88B58887
:10FC2C007288828897889288AE889988A2888D88F5
:10FC3C00A488B088BF88B188C388C488D488D88881
:10FC4C00D988DD88F9880289FC88F488E888F288EC
:10FC5C0004890C890A89138943891E8925892A8973
:10FC6C002B89418944893B89368938894C891D897E
:10FC7C0060895E89668964896D896A896F897489EE
:10FC8C0077897E89838988898A8993899889A189CA
:10FC9C00A989A689AC89AF89B289BA89BD89BF897E
:10FCAC00C089DA89DC89DD89E789F489F889038AD6
:10FCBC00168A108A0C8A1B8A1D8A258A368A418AE2
:10FCCC005B8A528A468A488A7C8A6D8A6C8A628AE6
:10FCDC00858A828A848AA88AA18A918AA58AA68A18
:10FCEC009A8AA38AC48ACD8AC28ADA8AEB8AF38A70
:10FCFC00E78AE48AF18A148BE08AE28AF78ADE8A40
:10FD0C00DB8A0C8B078B1A8BE18A168B108B178B6B
:10FD1C00208B338BAB97268B2B8B3E8B288B418B7D
:10FD2C004C8B4F8B4E8B498B568B5B8B5A8B6B8BC7
:10FD3C005F8B6C8B6F8B748B7D8B808B8C8B8E8B9A
:10FD4C00928B938B968B998B9A8B3A8C418C3F8CA4
:10FD5C00488C4C8C4E8C508C558C628C6C8C788C6A
:10FD6C007A8C828C898C858C8A8C8D8C8E8C948CE4
:10FD7C007C8C988C1D62AD8CAA8CBD8CB28CB38C97
:10FD8C00AE8CB68CC88CC18CE48CE38CDA8CFD8C7C
:10FD9C00FA8CFB8C048D058D0A8D078D0F8D0D8DC6
:10FDAC00108D4E9F138DCD8C148D168D678D6D8D92
:10FDBC00718D738D818D998DC28DBE8DBA8DCF8DC8
:10FDCC00DA8DD68DCC8DDB8DCB8DEA8DEB8DDF8DE9
:10FDDC00E38DFC8D088E098EFF8D1D8E1E8E108E70
:10FDEC001F8E428E358E308E348E4A8E478E498EC3
:10FDFC004C8E508E488E598E648E608E2A8E638EF9
:10FE0C00558E768E728E7C8E818E878E858E848EAC
:10FE1C008B8E8A8E938E918E948E998EAA8EA18EB5
:10FE2C00AC8EB08EC68EB18EBE8EC58EC88ECB8E6D
:10FE3C00DB8EE38EFC8EFB8EEB8EFE8E0A8F058F97
:10FE4C00158F128F198F138F1C8F1F8F1B8F0C8F79
:10FE5C00268F338F3B8F398F458F428F3E8F4C8F40
:10FE6C00498F468F4E8F578F5C8F628F638F648F55
:10FE7C009C8F9F8FA38FAD8FAF8FB78FDA8FE58F4E
:10FE8C00E28FEA8FEF8F8790F48F0590F98FFA8FBE
:10FE9C001190159021900D901E9016900B9027901C
:10FEAC00369035903990F88F4F90509051905290E9
:10FEBC000E9049903E90569058905E9068906F903E
:10FECC007690A896729082907D90819080908A9086
:10FEDC0089908F90A890AF90B190B590E290E490FB
:10FEEC004862DB90029112911991329130914A91B2
:10FEFC0056915891639165916991739172918B911F
:10FF0C0089918291A291AB91AF91AA91B591B49143
:10FF1C00BA91C091C191C991CB91D091D691DF91F9
:10FF2C00E191DB91FC91F591F6911E92FF91149267
:10FF3C002C92159211925E9257924592499264922C
:10FF4C00489295923F924B9250929C929692939299
:10FF5C009B925A92CF92B992B792E9920F93FA92DE
:10FF6C0044932E93199322931A9323933A93359394
:10FF7C003B935C9360937C936E935693B093AC934A
:10FF8C00AD939493B993D693D793E893E593D89381
:10FF9C00C393DD93D093C893E4931A94149413945D
:10FFAC0003940794109436942B94359421943A949A
:10FFBC004194529444945B94609462945E946A94D9
:10FFCC0029927094759477947D945A947C947E9431
:10FFDC0081947F94829587958A959495969598951A
:10FFEC009995A095A895A795AD95BC95BB95B995F8
:04FFFC00BE95CA954F
:02000004600298
:10000000F66FC395CD95CC95D595D495D695DC95C1
:10001000E195E595E295219628962E962F964296A3
:100020004C964F964B9677965C965E965D965F964D
:10003000669672966C968D96989695969796AA96D1
:10004000A796B196B296B096B496B696B896B9966B
:10005000CE96CB96C996CD964D89DC960D97D596C2
:10006000F99604970697089713970E9711970F978D
:100070001697199724972A97309739973D973E9767
:10008000449746974897429749975C97609764973B
:1000900066976897D2526B977197799785977C97F7
:1000A00081977A9786978B978F9790979C97A89729
:1000B000A697A397B397B497C397C697C897CB97BC
:1000C000DC97ED974F9FF297DF7AF697F5970F98A9
:1000D0000C9838982498219837983D9846984F98CE
:1000E0004B986B986F987098719874987398AA98B9
:1000F000AF98B198B698C498C398C698E998EB9809
:100100000399099912991499189921991D991E9981
:10011000249920992C992E993D993E994299499973
:10012000459950994B99519952994C99559997994C
:100130009899A599AD99AE99BC99DF99DB99DD990C
:10014000D899D199ED99EE99F199F299FB99F8998D
:10015000019A0F9A059AE299199A2B9A379A459A19
:10016000429A409A439A3E9A559A4D9A5B9A579A68
:100170005F9A629A659A649A699A6B9A6A9AAD9A3A
:10018000B09ABC9AC09ACF9AD19AD39AD49ADE9A4E
:10019000DF9AE29AE39AE69AEF9AEB9AEE9AF49A49
:1001A000F19AF79AFB9A069B189B1A9B1F9B229B1E
:1001B000239B259B279B289B299B2A9B2E9B2F9B20
:1001C000329B449B439B4F9B4D9B4E9B519B589B0B
:1001D000749B939B839B919B969B979B9F9BA09BC0
:1001E000A89BB49BC09BCA9BB99BC69BCF9BD19B32
:1001F000D29BE39BE29BE49BD49BE19B3A9CF29BCA
:10020000F19BF09B159C149C099C139C0C9C069CD8
:10021000089C129C0A9C049C2E9C1B9C259C249C44
:10022000219C309C479C329C469C3E9C5A9C609CE6
:10023000679C769C789CE79CEC9CF09C099D089DB3
:10024000EB9C039D069D2A9D269DAF9D239D1F9D92
:10025000449D159D129D419D3F9D3E9D469D489DFF
:100260005D9D5E9D649D519D509D599D729D899D92
:10027000879DAB9D6F9D7A9D9A9DA49DA99DB29DE2
:10028000C49DC19DBB9DB89DBA9DC69DCF9DC29D7D
:10029000D99DD39DF89DE69DED9DEF9DFD9D1A9EF8
:1002A0001B9E1E9E759E799E7D9E819E889E8B9E26
:1002B0008C9E929E959E919E9D9EA59EA99EB89E67
:1002C000AA9EAD9E6197CC9ECE9ECF9ED09ED49E80
:1002D000DC9EDE9EDD9EE09EE59EE89EEF9EF49E07
:1002E000F69EF79EF99EFB9EFC9EFD9E079F089F33
:1002F000B776159F219F2C9F3E9F4A9F529F549FE8
:10030000639F5F9F609F619F669F679F6C9F6A9FCF
:10031000779F729F769F959F9C9FA09F2F58C7693C
:1003200059906474DC51997100000042C8801F40EC
:10033000B8821F400800000000000042C4801F4037
:10034000B4821F400400000000C0004224801F400F
:1003500014821F401000000000C0004228801F408F
:1003600018821F402000000000C000422C801F4067
:100370001C821F404000000000C0004234801F402B
:1003800024821F40000100000040004264811F40A1
:1003900054831F40000400000040004280811F4041
:1003A00070831F4000000200004000427C811F401B
:1003B0006C831F40000001000040004268811F4024
:1003C00058831F4000080000004000423C811F404D
:1003D0002C831F40010000000040004244811F4068
:1003E00034831F40040000000040004240811F4051
:1003F00030831F40020000000040004248811F403F
:1004000038831F40080000000000004204811F40A4
:10041000F4821F40000004000000004208811F40D9
:10042000F8821F40000008000000004218811F40B1
:1004300008831F40000080000000004214811F401C
:1004400004831F40000040000000004200811F4064
:10045000F0821F400000020000000042FC801F40AC
:10046000EC821F40000001000000004224811F4078
:1004700014831F40000000040000004228811F4038
:1004800018831F4000000008000000421C811F402C
:100490000C831F40000000010000004220811F402B
:1004A00010831F400000000200000042EC801F404B
:1004B000DC821F400010000000000042F0801F405E
:1004C000E0821F40002000000000004234811F40F5
:1004D00024831F40000000400000004238811F407C
:1004E00028831F40000000800080004294801F404D
:1004F00084821F400000040000C0004290801F4022
:1005000080821F400000008000800042A8801F40C1
:1005100098821F400000800000800042A4801F409D
:1005200094821F4000004000004000426C811F4048
:100530005C831F400010000000C0004230801F405C
:1005400020821F408000000000400042B0811F4018
:10055000A0831F400000002000400042AC811F40EB
:100560009C831F40000000100040004284811F4017
:1005700074831F40000004000040004288811F4037
:1005800078831F4000000800000000422C811F40BB
:100590001C831F40000000100000004230811F40FB
:1005A00020831F4000000020000000420C811F40FB
:1005B000FC821F40000010000000004210811F401C
:1005C00000831F400000200000800042C8811F40BF
:1005D000B8831F400080000000800042C4811F409B
:1005E000B4831F400040000000800042C0811F40D3
:1005F000B0831F400020000000800042BC811F40EB
:10060000AC831F400010000000800042D0811F40DA
:10061000C0831F400000020000800042CC811F40C8
:10062000BC831F400000010000C0004274801F40D6
:1006300064821F400000000100C0004280801F4013
:1006400070821F400000000800C0004284801F40EC
:1006500074821F400000001000C000426C801F40E8
:100660005C821F400000400000C000427C801F40B0
:100670006C821F400000000400C0004278801F40D0
:1006800068821F400000000200C0004288801F40B6
:1006900078821F400000002035000000CEFBFFFFE5
:1006A000CB03000001000000000000003400000047
:1006B000CEFBFFFFCB0300000100000000000000A4
:1006C0005265636569766564205250555F53454EA7
:1006D000445F535441545553000000005265636514
:1006E00069766564205250555F53454E445F5245CC
:1006F000434F524453000000526563656976656458
:10070000205250555F5245534554202D207265624A
:100710006F6F74696E6720766961205744540000DA
:100720005265636569766564205250555F474F5F37
:100730004D45415355524500526563656976656480
:10074000205250555F474F5F5354414E4442590029
:10075000424154545F545F5345543D252E32660A3E
:10076000000000006261745F765F6C6F773D252E3C
:1007700032660A006261745F765F637269743D2558
:100780002E32660A000000005354415455535F5204
:100790004154453D256C750A0000000041434B2F34
:1007A0004E414B20666F72206D73673A2000000047
:1007B00041434B004E414B004552524F523A207537
:1007C0006E6B6E6F776E2052505520737461746536
:1007D00020E2809420656E746572696E67204552D0
:1007E000524F520005000000190000007D0000007B
:1007F00007080C0B06050F000D0E01028384070885
:100800000C0B06050F000D0E01028384FFFFFFFF96
:10081000FFFFFFFFFFFF8182090A000001010004C2
:100820000100000401320101013202010110010145
:100830000111010101120102010302060103010677
:100840000112020202000001020200010201000185
:10085000021000010222000102230001000000003A
:100860000000000002210001022000010000000041
:10087000000000000130010101310101010200040A
:10088000010300040000000000000000012102013B
:100890000121010100000000000000000000000034
:1008A0000110020100000000000000000113010619
:1008B000011302060000000000000000000000001C
:1008C000000000000101020101010101010002011B
:1008D000010001010102020101020101000000000A
:1008E00000000000000000000123020100000000E1
:1008F0000000000001200101524154434875545347
:100900002050726F66696C696E6720556E6974203D
:1009100000000000336336303336382D646972745A
:10092000790000005741524E494E473A2070726597
:1009300076696F75732072756E20776173207265AA
:1009400073657420627920746865207761746368C8
:10095000646F6720E2809420746865206C6F6F700C
:10096000207374616C6C656420666F72203E203168
:1009700030207320776974686F75742063616C6CC4
:10098000696E67207764742E6665656428292E0079
:1009900057445420726573657420636F756E743AA2
:1009A00020256C750A0000004D41433A2025303265
:1009B000583A253032583A253032583A2530325894
:1009C0003A253032583A253032580A004C6F52617D
:1009D0002049443A20253034580A0000537461728B
:1009E00074696E67204C6F5261206661696C656442
:1009F000210000004C6F526120696E697469616C5E
:100A0000697A6174696F6E20636F6D706C6574656F
:100A1000000000005043422054656D702073656EE5
:100A2000736F72204352432062616420E2809420FD
:100A3000636865636B2073656E736F7220636F6E9E
:100A40006E656374696F6E0050756D702054656DCE
:100A5000702073656E736F7220435243206261642D
:100A600020E2809420636865636B2073656E736F0A
:100A70007220636F6E6E656374696F6E00000000B4
:100A8000426174746572792054656D702073656E6F
:100A9000736F72204352432062616420E28094208D
:100AA000636865636B2073656E736F7220636F6E2E
:100AB0006E656374696F6E0052533431206D6574D6
:100AC0006120646174613A20000000004552524F79
:100AD000520000004C435F434F4C4C4154450000D2
:100AE0004C435F4354595045000000004C435F4D58
:100AF0004F4E4554415259004C435F4E554D45525F
:100B0000494300004C435F54494D45004C435F4D01
:100B100045535341474553000001000074920020A3
:100B20001200000000060000941F00600A00000090
:100B300000020000301F006062000000000700009B
:100B4000CC1E006062000000EE030000B0920020A6
:100B500012000000000004EE88920020280000002F
:100B600000030000C81E006000000000010309042B
:100B7000B01E00600000000002030904981E00601F
:100B80000000000003030904C492002000000000DC
:100B90000000000000000000000000003030303095
:100BA0003030303030303030303030303030303045
:100BB00030303030303030303030303000000000F5
:100BC00000000000000000008CE60020F4E6002099
:100BD0005CE70020000000000000000000000000B2
:100BE0000000000000000000000000000000000005
:100BF00000000000000000000000000000000000F5
:100C000000000000000000000000000000000000E4
:100C100000000000000000000000000000000000D4
:100C200000000000000000000000000000000000C4
:100C300000000000000000000000000000000000B4
:100C400000000000000000000000000000000000A4
:100C50000000000000000000000000000100000093
:100C6000000000000E33CDAB34126DE6ECDE050063
:100C70000B00000000000000000000000000000069
:100C80000000000000000000000000000000000064
:100C90000000000000000000000000000000000054
:100CA0000000000000000000000000000000000044
:100CB0000000000000000000000000000000000034
:100CC0000000000000000000000000000000000024
:100CD0000000000000000000000000000000000014
:100CE000000000000029DE07007B9A1700003A4050
:100CF000540B002000000000000000000000000075
:100D000000000000000000000000000000000000E3
:100D100000000000000000000000000000000000D3
:100D200000000000000000000000000000000000C3
:100D3000000000000000000000000000800F002004
:100D400000000000E803000000000000A80F0020E1
:100D500000000000E80300000000000000801940CF
:100D60009409002000000000649A0020E49800200C
:100D700000000000000000004000000040000000F3
:100D800040000000400000000000000000000000E3
:100D90000000000000000000000000000000000053
:100DA000000000000000000000000000A80F00206C
:100DB00000000000E80300000000000000001940EF
:100DC000F88B002000000000A49A00202499002045
:100DD00000000000000000002800000040000000AB
:100DE000280000004000000000000000000000009B
:100DF00000000000000000000000000000000000F3
:100E0000000000000000000000000000A80F00200B
:100E100000000000E803000000000000008018400F
:100E2000388B002000000000CC9A0020649900203C
:100E3000000000000000000028000000400000004A
:100E4000280000004000000000000000000000003A
:100E50000000000000000000000000000000000092
:100E6000000000000000000000000000A80F0020AB
:100E700000000000E80300000000000000C018406F
:100E8000988B002000000000F49A0020A499002014
:100E900000000000000000002800000040000000EA
:100EA00028000000400000000000000000000000DA
:100EB0000000000000000000000000000000000032
:100EC000000000000000000000000000A80F00204B
:100ED00000000000E80300000000000000001A40CD
:100EE000588C0020000000001C9B0020E49900208A
:100EF000000000000000000028000000400000008A
:100F00002800000040000000000000000000000079
:100F100000000000000000000000000000000000D1
:100F2000000000000000000000000000A80F0020EA
:100F300000000000E803000000000000004018402E
:100F4000D88A002000000000449B0020249A002042
:100F50000000000000000000280000004000000029
:100F60002800000040000000000000000000000019
:100F70000000000000000000000000000000000071
:100F80000000000000000000000000000000204100
:100F90000100000005140000B17F00000000000007
:100FA0007CC00F4000000003190000000200000098
:100FB0000000000000000000FF000000FF00000033
:100FC0000000000000000000180000000200000007
:100FD0000000000000000000FF000000FF00000013
:100FE0000000000000000000FF0040002600180084
:100FF00077000000021500008D7F00000000000057
:1010000068C00F40000000300F0000000200000028
:101010002C851F4001000000FF000000FF000000C1
:1010200000000000000000000E00000002000000B0
:1010300030851F4001000000FF000000FF0000009D
:10104000000000000000000013024000260018000D
:101050007800000003160000997F000000000000E7
:1010600068C00F40003000001000000002000000C7
:1010700038851F4000000000FF000000FF00000056
:10108000000000000000000011000000020000004D
:101090003C851F4000000000FF000000FF00000032
:1010A0000000000000000000FF00400026001800C3
:1010B0007900000001170000817F0000000000009F
:1010C0006CC00F4000000003070000000200000099
:1010D00040851F4002000000FF000000FF000000EC
:1010E00000000000000000000800000002000000F6
:1010F00044851F4002000000FF000000FF000000C8
:101100000000000000000000FF0040002600180062
:101110007A000000041B0000A57F00000000000012
:1011200080C00F4000C00000150000000200000059
:1011300060851F40010000002E000000020000003A
:1011400060851F4000000000140000000200000045
:1011500064851F40010000002F0000000200000015
:1011600064851F40000000002B024000260018008C
:101170007E0000000000A041080700000A000000F7
:1011800000000000000010410000F04100000000DD
:1011900000000000000030414CE60020E03D23202C
:1011A00000000000430000000000000000000000FC
:1011B000000000000000000000000000000000002F
:1011C00000000000430000000000000000000000DC
:1011D000000000000000000000000000000000000F
:1011E00000000000430000000000000000000000BC
:1011F00000000000000000000000000000000000EF
:10120000000000004300000000000000000000009B
:1012100000000000000000000000000000000000CE
:10122000000000004300000000000000000000007B
:1012300000000000000000000000000000000000AE
:10124000000000004300000000000000000000005B
:10125000000000000000000000000000000000008E
:10126000000000004300000000000000000000003B
:10127000000000000000000000000000000000006E
:10128000000000009D2E010051ED00000000000054
:101290004C120020D8130020A4820020A482002039
:1012A000A4820020A4820020A4820020A482002026
:1012B000A4820020A4820020A4820020FFFFFFFF60
:1012C000FFFFFFFFFFFFFFFFFFFF00000100415393
:1012D0004349490000000000000000000000000039
:1012E000000000000000000000000000000041536A
:1012F0004349490000000000000000000000000019
:1013000000000000000000000000000000000000DD
:101310000000000000000000548E0020548E0020C9
:101320005C8E00205C8E0020648E0020648E002085
:101330006C8E00206C8E0020748E0020748E002035
:101340007C8E00207C8E0020848E0020848E0020E5
:101350008C8E00208C8E0020948E0020948E002095
:101360009C8E00209C8E0020A48E0020A48E002045
:10137000AC8E0020AC8E0020B48E0020B48E0020F5
:10138000BC8E0020BC8E0020C48E0020C48E0020A5
:10139000CC8E0020CC8E0020D48E0020D48E002055
:1013A000DC8E0020DC8E0020E48E0020E48E002005
:1013B000EC8E0020EC8E0020F48E0020F48E0020B5
:1013C000FC8E0020FC8E0020048F0020048F002063
:1013D0000C8F00200C8F0020148F0020148F002011
:1013E0001C8F00201C8F0020248F0020248F0020C1
:1013F0002C8F00202C8F0020348F0020348F002071
:101400003C8F00203C8F0020448F0020448F002020
:101410004C8F00204C8F0020548F0020548F0020D0
:101420005C8F00205C8F0020648F0020648F002080
:101430006C8F00206C8F0020748F0020748F002030
:101440007C8F00207C8F0020848F0020848F0020E0
:101450008C8F00208C8F0020948F0020948F002090
:101460009C8F00209C8F0020A48F0020A48F002040
:10147000AC8F0020AC8F0020B48F0020B48F0020F0
:10148000BC8F0020BC8F0020C48F0020C48F0020A0
:10149000CC8F0020CC8F0020D48F0020D48F002050
:1014A000DC8F0020DC8F0020E48F0020E48F002000
:1014B000EC8F0020EC8F0020F48F0020F48F0020B0
:1014C000FC8F0020FC8F002004900020049000205E
:1014D0000C9000200C90002014900020149000200C
:1014E0001C9000201C9000202490002024900020BC
:1014F0002C9000202C90002034900020349000206C
:101500003C9000203C90002044900020449000201B
:101510004C9000204C9000205490002054900020CB
:101520005C9000205C90002064900020649000207B
:101530006C9000206C90002074900020749000202B
:101540007C9000207C9000208490002084900020DB
:101550008C9000208C90002094900020949000208B
:101560009C9000209C900020A4900020A49000203B
:10157000AC900020AC900020B4900020B4900020EB
:10158000BC900020BC900020C4900020C49000209B
:10159000CC900020CC900020D4900020D49000204B
:1015A000DC900020DC900020E4900020E4900020FB
:1015B000EC900020EC900020F4900020F4900020AB
:1015C000FC900020FC900020049100200491002059
:1015D0000C9100200C910020149100201491002007
:1015E0001C9100201C9100202491002024910020B7
:1015F0002C9100202C910020349100203491002067
:101600003C9100203C910020449100204491002016
:101610004C9100204C9100205491002054910020C6
:101620005C9100205C910020649100206491002076
:101630006C9100206C910020749100207491002026
:101640007C9100207C9100208491002084910020D6
:101650008C9100208C910020949100209491002086
:101660009C9100209C910020A4910020A491002036
:10167000AC910020AC910020B4910020B4910020E6
:10168000BC910020BC910020C4910020C491002096
:10169000CC910020CC910020D4910020D491002046
:1016A000DC910020DC910020E4910020E4910020F6
:1016B000EC910020EC910020F4910020F4910020A6
:1016C000FC910020FC910020049200200492002054
:1016D0000C9200200C920020149200201492002002
:1016E0001C9200201C9200202492002024920020B2
:1016F0002C9200202C920020349200203492002062
:101700003C9200203C920020449200204492002011
:101710004C9200204C920020FFFFFFFF00000200CF
:1017200000000000030000008CE600200887002075
:1017300012010002EF020140C01683048002010280
:101740000301000028000000000104000100000067
:1017500000000000020157494E55534200000000AE
:1017600000000000000000000000000012034D0017
:10177000530046005400310030003000F8000000F3
:101780000C0300000000000000000000000000004A
:10179000000000000000010108000000000000003F
:1017A0000000000000000000000000000000000039
:1017B0000000000000000000000000000000000029
:1017C0000000000000000000000000000000000019
:1017D0000000000000000000000000000000000009
:1017E00000000000000000000000000000000000F9
:1017F00000000000000000000000000000000000E9
:1018000000000000000000000000000000000000D8
:1018100000000000000000000000000000000000C8
:1018200000000000000000000000000000000000B8
:1018300000000000000000000000000000000000A8
:101840000000000000000000000000000000000098
:101850000000000000000000000000000000000088
:101860000000000000000000000000000000000078
:101870000000000000000000000000000000000068
:101880000000000000000000000000000000000058
:101890000000000000000000000000000000000048
:1018A0000000000000000000000000000000000038
:1018B0000000000000000000000000000000000028
:1018C0000000000000000000000000000000000018
:1018D0000000000000000000000000000000000008
:1018E00000000000000000000000000000000000F8
:1018F00000000000000000000000000000000000E8
:1019000000000000000000000000000000000000D7
:1019100000000000000000000000000000000000C7
:1019200000000000000000000000000000000000B7
:1019300000000000000000000000000000000000A7
:101940000000000000000000000000000000000097
:101950000000000000000000000000000000000087
:101960000000000000000000000000000000000077
:101970000000000000000000000000000000000067
:101980000000000000000000000000000000000057
:101990000000000000000000000000000000000047
:1019A0000000000000000000000000000000000037
:1019B0000000000000000000000000000000000027
:1019C0000000000000000000000000000000000017
:1019D0000000000000000000000000000000000007
:1019E00000000000000000000000000000000000F7
:1019F00000000000000000000000000000000000E7
:101A000000000000000000000000000000000000D6
:101A100000000000000000000000000000000000C6
:101A200000000000000000000000000000000000B6
:101A300000000000000000000000000000000000A6
:101A40000000000000000000000000000000000096
:101A50000000000000000000000000000000000086
:101A60000000000000000000000000000000000076
:101A70000000000000000000000000000000000066
:101A80000000000000000000000000000000000056
:101A90000000000000000000000000000000000046
:101AA0000000000000000000000000000000000036
:101AB0000000000000000000000000000000000026
:101AC0000000000000000000000000000000000016
:101AD0000000000000000000000000000000000006
:101AE00000000000000000000000000000000000F6
:101AF00000000000000000000000000000000000E6
:101B000000000000000000000000000000000000D5
:101B100000000000000000000000000000000000C5
:101B200000000000000000000000000000000000B5
:101B300000000000000000000000000000000000A5
:101B40000000000000000000000000000000000095
:101B50000000000000000000000000000000000085
:101B60000000000000000000000000000000000075
:0C1B700000000000000000000000000069
:101B7C00FFFFFFFFFFFFFFFFFFFFFFFFFFFFFFFF69
:101B8C00FFFFFFFFFFFFFFFFFFFFFFFFFFFFFFFF59
:101B9C00FFFFFFFFFFFFFFFFFFFFFFFFFFFFFFFF49
:101BAC00FFFFFFFFFFFFFFFFFFFFFFFFFFFFFFFF39
:101BBC00FFFFFFFFFFFFFFFFFFFFFFFFFFFFFFFF29
:101BCC00FFFFFFFFFFFFFFFFFFFFFFFFFFFFFFFF19
:101BDC00FFFFFFFFFFFFFFFFFFFFFFFFFFFFFFFF09
:101BEC00FFFFFFFFFFFFFFFFFFFFFFFFFFFFFFFFF9
:101BFC00FFFFFFFF000000000000000000000000DD
:101C0C0000000000000000000000000000000000C8
:101C1C0000000000000000000000000000000000B8
:101C2C0000000000000000000000000000000000A8
:101C3C000000000000000000000000000000000098
:101C4C000000000000000000000000000000000088
:101C5C000000000000000000000000000000000078
:101C6C000000000000000000000000000000000068
:101C7C000000000000000000000000000000000058
:101C8C000000000000000000000000000000000048
:101C9C000000000000000000000000000000000038
:101CAC000000000000000000000000000000000028
:101CBC000000000000000000000000000000000018
:101CCC000000000000000000000000000000000008
:101CDC0000000000000000000000000000000000F8
:101CEC0000000000000000000000000000000000E8
:101CFC0000000000000000000000000000000000D8
:101D0C0000000000000000000000000000000000C7
:101D1C0000000000000000000000000000000000B7
:101D2C0000000000000000000000000000000000A7
:101D3C000000000000000000000000000000000097
:101D4C000000000000000000000000000000000087
:101D5C000000000000000000000000000000000077
:101D6C000000000000000000000000000000000067
:101D7C000000000000000000000000000000000057
:101D8C000000000000000000000000000000000047
:101D9C000000000000000000000000000000000037
:101DAC000000000000000000000000000000000027
:101DBC000000000000000000000000000000000017
:101DCC000000000000000000000000000000000007
:101DDC0000000000000000000000000000000000F7
:101DEC0000000000000000000000000000000000E7
:101DFC0000000000000000000000000000000000D7
:101E0C0000000000000000000000000000000000C6
:101E1C0000000000000000000000000000000000B6
:101E2C0000000000000000000000000000000000A6
:101E3C000000000000000000000000000000000096
:101E4C000000000000000000000000000000000086
:101E5C000000000000000000000000000000000076
:101E6C000000000000000000000000000000000066
:101E7C000000000000000000000000000000000056
:101E8C000000000000000000000000000000000046
:101E9C000000000000000000000000000000000036
:101EAC000000000000000000000000000000000026
:101EBC000000000000000000000000000000000016
:101ECC000000000000000000000000000000000006
:101EDC0000000000000000000000000000000000F6
:101EEC0000000000000000000000000000000000E6
:101EFC0000000000000000000000000000000000D6
:101F0C0000000000000000000000000000000000C5
:101F1C0000000000000000000000000000000000B5
:101F2C0000000000000000000000000000000000A5
:101F3C000000000000000000000000000000000095
:101F4C000000000000000000000000000000000085
:101F5C000000000000000000000000000000000075
:101F6C000000000000000000000000000000000065
:101F7C000000000000000000000000000000000055
:101F8C000000000000000000000000000000000045
:101F9C000000000000000000000000000000000035
:101FAC000000000000000000000000000000000025
:101FBC000000000000000000000000000000000015
:101FCC000000000000000000000000000000000005
:101FDC0000000000000000000000000000000000F5
:101FEC0000000000000000000000000000000000E5
:101FFC0000000000000000000000000000000000D5
:10200C0000000000000000000000000000000000C4
:10201C0000000000000000000000000000000000B4
:10202C0000000000000000000000000000000000A4
:10203C000000000000000000000000000000000094
:10204C000000000000000000000000000000000084
:10205C000000000000000000000000000000000074
:10206C000000000000000000000000000000000064
:10207C000000000000000000000000000000000054
:10208C000000000000000000000000000000000044
:10209C000000000000000000000000000000000034
:1020AC000000000000000000000000000000000024
:1020BC000000000000000000000000000000000014
:1020CC000000000000000000000000000000000004
:1020DC0000000000000000000000000000000000F4
:1020EC0000000000000000000000000000000000E4
:1020FC0000000000000000000000000000000000D4
:10210C0000000000000000000000000000000000C3
:10211C0000000000000000000000000000000000B3
:10212C0000000000000000000000000000000000A3
:10213C000000000000000000000000000000000093
:10214C000000000000000000000000000000000083
:10215C000000000000000000000000000000000073
:10216C000000000000000000000000000000000063
:10217C000000000000000000000000000000000053
:10218C000000000000000000000000000000000043
:10219C000000000000000000000000000000000033
:1021AC000000000000000000000000000000000023
:1021BC000000000000000000000000000000000013
:1021CC000000000000000000000000000000000003
:1021DC0000000000000000000000000000000000F3
:1021EC0000000000000000000000000000000000E3
:1021FC0000000000000000000000000000000000D3
:10220C0000000000000000000000000000000000C2
:10221C0000000000000000000000000000000000B2
:10222C0000000000000000000000000000000000A2
:10223C000000000000000000000000000000000092
:10224C000000000000000000000000000000000082
:10225C000000000000000000000000000000000072
:10226C000000000000000000000000000000000062
:10227C000000000000000000000000000000000052
:10228C000000000000000000000000000000000042
:10229C000000000000000000000000000000000032
:1022AC000000000000000000000000000000000022
:1022BC000000000000000000000000000000000012
:1022CC000000000000000000000000000000000002
:1022DC0000000000000000000000000000000000F2
:1022EC0000000000000000000000000000000000E2
:1022FC0000000000000000000000000000000000D2
:10230C0000000000000000000000000000000000C1
:10231C0000000000000000000000000000000000B1
:10232C0000000000000000000000000000000000A1
:10233C000000000000000000000000000000000091
:10234C000000000000000000000000000000000081
:10235C000000000000000000000000000000000071
:10236C000000000000000000000000000000000061
:10237C000000000000000000000000000000000051
:10238C000000000000000000000000000000000041
:10239C000000000000000000000000000000000031
:1023AC000000000000000000000000000000000021
:1023BC000000000000000000000000000000000011
:1023CC000000000000000000000000000000000001
:1023DC0000000000000000000000000000000000F1
:1023EC0000000000000000000000000000000000E1
:1023FC0000000000000000000000000000000000D1
:10240C0000000000000000000000000000000000C0
:10241C0000000000000000000000000000000000B0
:10242C0000000000000000000000000000000000A0
:10243C000000000000000000000000000000000090
:10244C000000000000000000000000000000000080
:10245C000000000000000000000000000000000070
:10246C000000000000000000000000000000000060
:10247C000000000000000000000000000000000050
:10248C000000000000000000000000000000000040
:10249C000000000000000000000000000000000030
:1024AC000000000000000000000000000000000020
:1024BC000000000000000000000000000000000010
:1024CC000000000000000000000000000000000000
:1024DC0000000000000000000000000000000000F0
:1024EC0000000000000000000000000000000000E0
:1024FC0000000000000000000000000000000000D0
:10250C0000000000000000000000000000000000BF
:10251C0000000000000000000000000000000000AF
:10252C00000000000000000000000000000000009F
:10253C00000000000000000000000000000000008F
:10254C00000000000000000000000000000000007F
:10255C00000000000000000000000000000000006F
:10256C00000000000000000000000000000000005F
:10257C00000000000000000000000000000000004F
:10258C00000000000000000000000000000000003F
:10259C00000000000000000000000000000000002F
:1025AC00000000000000000000000000000000001F
:1025BC00000000000000000000000000000000000F
:1025CC0000000000000000000000000000000000FF
:1025DC0000000000000000000000000000000000EF
:1025EC0000000000000000000000000000000000DF
:1025FC0000000000000000000000000000000000CF
:10260C0000000000000000000000000000000000BE
:10261C0000000000000000000000000000000000AE
:10262C00000000000000000000000000000000009E
:10263C00000000000000000000000000000000008E
:10264C00000000000000000000000000000000007E
:10265C00000000000000000000000000000000006E
:10266C00000000000000000000000000000000005E
:10267C00000000000000000000000000000000004E
:10268C00000000000000000000000000000000003E
:10269C00000000000000000000000000000000002E
:1026AC00000000000000000000000000000000001E
:1026BC00000000000000000000000000000000000E
:1026CC0000000000000000000000000000000000FE
:1026DC0000000000000000000000000000000000EE
:1026EC0000000000000000000000000000000000DE
:1026FC0000000000000000000000000000000000CE
:10270C0000000000000000000000000000000000BD
:10271C0000000000000000000000000000000000AD
:10272C00000000000000000000000000000000009D
:10273C00000000000000000000000000000000008D
:10274C00000000000000000000000000000000007D
:10275C00000000000000000000000000000000006D
:10276C00000000000000000000000000000000005D
:10277C00000000000000000000000000000000004D
:10278C00000000000000000000000000000000003D
:10279C00000000000000000000000000000000002D
:1027AC00000000000000000000000000000000001D
:1027BC00000000000000000000000000000000000D
:1027CC0000000000000000000000000000000000FD
:1027DC0000000000000000000000000000000000ED
:1027EC0000000000000000000000000000000000DD
:0427FC0000000000D9
:040000056000100087
:00000001FF
