:0200000460009A
:100000004643464200000156000000000103030081
:1000100000000000000000000000000000000000E0
:1000200000000000000000000000000000000000D0
:1000300000000000000000000000000000000000C0
:1000400000000000010408000000000000000000A3
:100050000000800000000000000000000000000020
:100060000000000000000000000000000000000090
:100070000000000000000000000000000000000080
:10008000EB04180A063204260000000000000000FD
:10009000050404240000000000000000000000002F
:1000A0000000000000000000000000000000000050
:1000B0000604000000000000000000000000000036
:1000C0000000000000000000000000000000000030
:1000D00020041808000000000000000000000000DC
:1000E0000000000000000000000000000000000010
:1000F0000000000000000000000000000000000000
:10010000D8041808000000000000000000000000F3
:100110000204180804200000000000000000000095
:1001200000000000000000000000000000000000CF
:10013000600400000000000000000000000000005B
:1001400000000000000000000000000000000000AF
:10015000000000000000000000000000000000009F
:10016000000000000000000000000000000000008F
:10017000000000000000000000000000000000007F
:10018000000000000000000000000000000000006F
:10019000000000000000000000000000000000005F
:1001A000000000000000000000000000000000004F
:1001B000000000000000000000000000000000003F
:1001C000000100000010000001000000000000001D
:1001D000000001000000000000000000000000001E
:1001E000000000000000000000000000000000000F
:1001F00000000000000000000000000000000000FF
:10020000FFFFFFFFFFFFFFFFFFFFFFFFFFFFFFFFFE
:10021000FFFFFFFFFFFFFFFFFFFFFFFFFFFFFFFFEE
:10022000FFFFFFFFFFFFFFFFFFFFFFFFFFFFFFFFDE
:10023000FFFFFFFFFFFFFFFFFFFFFFFFFFFFFFFFCE
:10024000FFFFFFFFFFFFFFFFFFFFFFFFFFFFFFFFBE
:10025000FFFFFFFFFFFFFFFFFFFFFFFFFFFFFFFFAE
:10026000FFFFFFFFFFFFFFFFFFFFFFFFFFFFFFFF9E
:10027000FFFFFFFFFFFFFFFFFFFFFFFFFFFFFFFF8E
:10028000FFFFFFFFFFFFFFFFFFFFFFFFFFFFFFFF7E
:10029000FFFFFFFFFFFFFFFFFFFFFFFFFFFFFFFF6E
:1002A000FFFFFFFFFFFFFFFFFFFFFFFFFFFFFFFF5E
:1002B000FFFFFFFFFFFFFFFFFFFFFFFFFFFFFFFF4E
:1002C000FFFFFFFFFFFFFFFFFFFFFFFFFFFFFFFF3E
:1002D000FFFFFFFFFFFFFFFFFFFFFFFFFFFFFFFF2E
:1002E000FFFFFFFFFFFFFFFFFFFFFFFFFFFFFFFF1E
:1002F000FFFFFFFFFFFFFFFFFFFFFFFFFFFFFFFF0E
:10030000FFFFFFFFFFFFFFFFFFFFFFFFFFFFFFFFFD
:10031000FFFFFFFFFFFFFFFFFFFFFFFFFFFFFFFFED
:10032000FFFFFFFFFFFFFFFFFFFFFFFFFFFFFFFFDD
:10033000FFFFFFFFFFFFFFFFFFFFFFFFFFFFFFFFCD
:10034000FFFFFFFFFFFFFFFFFFFFFFFFFFFFFFFFBD
:10035000FFFFFFFFFFFFFFFFFFFFFFFFFFFFFFFFAD
:10036000FFFFFFFFFFFFFFFFFFFFFFFFFFFFFFFF9D
:10037000FFFFFFFFFFFFFFFFFFFFFFFFFFFFFFFF8D
:10038000FFFFFFFFFFFFFFFFFFFFFFFFFFFFFFFF7D
:10039000FFFFFFFFFFFFFFFFFFFFFFFFFFFFFFFF6D
:1003A000FFFFFFFFFFFFFFFFFFFFFFFFFFFFFFFF5D
:1003B000FFFFFFFFFFFFFFFFFFFFFFFFFFFFFFFF4D
:1003C000FFFFFFFFFFFFFFFFFFFFFFFFFFFFFFFF3D
:1003D000FFFFFFFFFFFFFFFFFFFFFFFFFFFFFFFF2D
:1003E000FFFFFFFFFFFFFFFFFFFFFFFFFFFFFFFF1D
:1003F000FFFFFFFFFFFFFFFFFFFFFFFFFFFFFFFF0D
:10040000FFFFFFFFFFFFFFFFFFFFFFFFFFFFFFFFFC
:10041000FFFFFFFFFFFFFFFFFFFFFFFFFFFFFFFFEC
:10042000FFFFFFFFFFFFFFFFFFFFFFFFFFFFFFFFDC
:10043000FFFFFFFFFFFFFFFFFFFFFFFFFFFFFFFFCC
:10044000FFFFFFFFFFFFFFFFFFFFFFFFFFFFFFFFBC
:10045000FFFFFFFFFFFFFFFFFFFFFFFFFFFFFFFFAC
:10046000FFFFFFFFFFFFFFFFFFFFFFFFFFFFFFFF9C
:10047000FFFFFFFFFFFFFFFFFFFFFFFFFFFFFFFF8C
:10048000FFFFFFFFFFFFFFFFFFFFFFFFFFFFFFFF7C
:10049000FFFFFFFFFFFFFFFFFFFFFFFFFFFFFFFF6C
:1004A000FFFFFFFFFFFFFFFFFFFFFFFFFFFFFFFF5C
:1004B000FFFFFFFFFFFFFFFFFFFFFFFFFFFFFFFF4C
:1004C000FFFFFFFFFFFFFFFFFFFFFFFFFFFFFFFF3C
:1004D000FFFFFFFFFFFFFFFFFFFFFFFFFFFFFFFF2C
:1004E000FFFFFFFFFFFFFFFFFFFFFFFFFFFFFFFF1C
:1004F000FFFFFFFFFFFFFFFFFFFFFFFFFFFFFFFF0C
:10050000FFFFFFFFFFFFFFFFFFFFFFFFFFFFFFFFFB
:10051000FFFFFFFFFFFFFFFFFFFFFFFFFFFFFFFFEB
:10052000FFFFFFFFFFFFFFFFFFFFFFFFFFFFFFFFDB
:10053000FFFFFFFFFFFFFFFFFFFFFFFFFFFFFFFFCB
:10054000FFFFFFFFFFFFFFFFFFFFFFFFFFFFFFFFBB
:10055000FFFFFFFFFFFFFFFFFFFFFFFFFFFFFFFFAB
:10056000FFFFFFFFFFFFFFFFFFFFFFFFFFFFFFFF9B
:10057000FFFFFFFFFFFFFFFFFFFFFFFFFFFFFFFF8B
:10058000FFFFFFFFFFFFFFFFFFFFFFFFFFFFFFFF7B
:10059000FFFFFFFFFFFFFFFFFFFFFFFFFFFFFFFF6B
:1005A000FFFFFFFFFFFFFFFFFFFFFFFFFFFFFFFF5B
:1005B000FFFFFFFFFFFFFFFFFFFFFFFFFFFFFFFF4B
:1005C000FFFFFFFFFFFFFFFFFFFFFFFFFFFFFFFF3B
:1005D000FFFFFFFFFFFFFFFFFFFFFFFFFFFFFFFF2B
:1005E000FFFFFFFFFFFFFFFFFFFFFFFFFFFFFFFF1B
:1005F000FFFFFFFFFFFFFFFFFFFFFFFFFFFFFFFF0B
:10060000FFFFFFFFFFFFFFFFFFFFFFFFFFFFFFFFFA
:10061000FFFFFFFFFFFFFFFFFFFFFFFFFFFFFFFFEA
:10062000FFFFFFFFFFFFFFFFFFFFFFFFFFFFFFFFDA
:10063000FFFFFFFFFFFFFFFFFFFFFFFFFFFFFFFFCA
:10064000FFFFFFFFFFFFFFFFFFFFFFFFFFFFFFFFBA
:10065000FFFFFFFFFFFFFFFFFFFFFFFFFFFFFFFFAA
:10066000FFFFFFFFFFFFFFFFFFFFFFFFFFFFFFFF9A
:10067000FFFFFFFFFFFFFFFFFFFFFFFFFFFFFFFF8A
:10068000FFFFFFFFFFFFFFFFFFFFFFFFFFFFFFFF7A
:10069000FFFFFFFFFFFFFFFFFFFFFFFFFFFFFFFF6A
:1006A000FFFFFFFFFFFFFFFFFFFFFFFFFFFFFFFF5A
:1006B000FFFFFFFFFFFFFFFFFFFFFFFFFFFFFFFF4A
:1006C000FFFFFFFFFFFFFFFFFFFFFFFFFFFFFFFF3A
:1006D000FFFFFFFFFFFFFFFFFFFFFFFFFFFFFFFF2A
:1006E000FFFFFFFFFFFFFFFFFFFFFFFFFFFFFFFF1A
:1006F000FFFFFFFFFFFFFFFFFFFFFFFFFFFFFFFF0A
:10070000FFFFFFFFFFFFFFFFFFFFFFFFFFFFFFFFF9
:10071000FFFFFFFFFFFFFFFFFFFFFFFFFFFFFFFFE9
:10072000FFFFFFFFFFFFFFFFFFFFFFFFFFFFFFFFD9
:10073000FFFFFFFFFFFFFFFFFFFFFFFFFFFFFFFFC9
:10074000FFFFFFFFFFFFFFFFFFFFFFFFFFFFFFFFB9
:10075000FFFFFFFFFFFFFFFFFFFFFFFFFFFFFFFFA9
:10076000FFFFFFFFFFFFFFFFFFFFFFFFFFFFFFFF99
:10077000FFFFFFFFFFFFFFFFFFFFFFFFFFFFFFFF89
:10078000FFFFFFFFFFFFFFFFFFFFFFFFFFFFFFFF79
:10079000FFFFFFFFFFFFFFFFFFFFFFFFFFFFFFFF69
:1007A000FFFFFFFFFFFFFFFFFFFFFFFFFFFFFFFF59
:1007B000FFFFFFFFFFFFFFFFFFFFFFFFFFFFFFFF49
:1007C000FFFFFFFFFFFFFFFFFFFFFFFFFFFFFFFF39
:1007D000FFFFFFFFFFFFFFFFFFFFFFFFFFFFFFFF29
:1007E000FFFFFFFFFFFFFFFFFFFFFFFFFFFFFFFF19
:1007F000FFFFFFFFFFFFFFFFFFFFFFFFFFFFFFFF09
:10080000FFFFFFFFFFFFFFFFFFFFFFFFFFFFFFFFF8
:10081000FFFFFFFFFFFFFFFFFFFFFFFFFFFFFFFFE8
:10082000FFFFFFFFFFFFFFFFFFFFFFFFFFFFFFFFD8
:10083000FFFFFFFFFFFFFFFFFFFFFFFFFFFFFFFFC8
:10084000FFFFFFFFFFFFFFFFFFFFFFFFFFFFFFFFB8
:10085000FFFFFFFFFFFFFFFFFFFFFFFFFFFFFFFFA8
:10086000FFFFFFFFFFFFFFFFFFFFFFFFFFFFFFFF98
:10087000FFFFFFFFFFFFFFFFFFFFFFFFFFFFFFFF88
:10088000FFFFFFFFFFFFFFFFFFFFFFFFFFFFFFFF78
:10089000FFFFFFFFFFFFFFFFFFFFFFFFFFFFFFFF68
:1008A000FFFFFFFFFFFFFFFFFFFFFFFFFFFFFFFF58
:1008B000FFFFFFFFFFFFFFFFFFFFFFFFFFFFFFFF48
:1008C000FFFFFFFFFFFFFFFFFFFFFFFFFFFFFFFF38
:1008D000FFFFFFFFFFFFFFFFFFFFFFFFFFFFFFFF28
:1008E000FFFFFFFFFFFFFFFFFFFFFFFFFFFFFFFF18
:1008F000FFFFFFFFFFFFFFFFFFFFFFFFFFFFFFFF08
:10090000FFFFFFFFFFFFFFFFFFFFFFFFFFFFFFFFF7
:10091000FFFFFFFFFFFFFFFFFFFFFFFFFFFFFFFFE7
:10092000FFFFFFFFFFFFFFFFFFFFFFFFFFFFFFFFD7
:10093000FFFFFFFFFFFFFFFFFFFFFFFFFFFFFFFFC7
:10094000FFFFFFFFFFFFFFFFFFFFFFFFFFFFFFFFB7
:10095000FFFFFFFFFFFFFFFFFFFFFFFFFFFFFFFFA7
:10096000FFFFFFFFFFFFFFFFFFFFFFFFFFFFFFFF97
:10097000FFFFFFFFFFFFFFFFFFFFFFFFFFFFFFFF87
:10098000FFFFFFFFFFFFFFFFFFFFFFFFFFFFFFFF77
:10099000FFFFFFFFFFFFFFFFFFFFFFFFFFFFFFFF67
:1009A000FFFFFFFFFFFFFFFFFFFFFFFFFFFFFFFF57
:1009B000FFFFFFFFFFFFFFFFFFFFFFFFFFFFFFFF47
:1009C000FFFFFFFFFFFFFFFFFFFFFFFFFFFFFFFF37
:1009D000FFFFFFFFFFFFFFFFFFFFFFFFFFFFFFFF27
:1009E000FFFFFFFFFFFFFFFFFFFFFFFFFFFFFFFF17
:1009F000FFFFFFFFFFFFFFFFFFFFFFFFFFFFFFFF07
:100A0000FFFFFFFFFFFFFFFFFFFFFFFFFFFFFFFFF6
:100A1000FFFFFFFFFFFFFFFFFFFFFFFFFFFFFFFFE6
:100A2000FFFFFFFFFFFFFFFFFFFFFFFFFFFFFFFFD6
:100A3000FFFFFFFFFFFFFFFFFFFFFFFFFFFFFFFFC6
:100A4000FFFFFFFFFFFFFFFFFFFFFFFFFFFFFFFFB6
:100A5000FFFFFFFFFFFFFFFFFFFFFFFFFFFFFFFFA6
:100A6000FFFFFFFFFFFFFFFFFFFFFFFFFFFFFFFF96
:100A7000FFFFFFFFFFFFFFFFFFFFFFFFFFFFFFFF86
:100A8000FFFFFFFFFFFFFFFFFFFFFFFFFFFFFFFF76
:100A9000FFFFFFFFFFFFFFFFFFFFFFFFFFFFFFFF66
:100AA000FFFFFFFFFFFFFFFFFFFFFFFFFFFFFFFF56
:100AB000FFFFFFFFFFFFFFFFFFFFFFFFFFFFFFFF46
:100AC000FFFFFFFFFFFFFFFFFFFFFFFFFFFFFFFF36
:100AD000FFFFFFFFFFFFFFFFFFFFFFFFFFFFFFFF26
:100AE000FFFFFFFFFFFFFFFFFFFFFFFFFFFFFFFF16
:100AF000FFFFFFFFFFFFFFFFFFFFFFFFFFFFFFFF06
:100B0000FFFFFFFFFFFFFFFFFFFFFFFFFFFFFFFFF5
:100B1000FFFFFFFFFFFFFFFFFFFFFFFFFFFFFFFFE5
:100B2000FFFFFFFFFFFFFFFFFFFFFFFFFFFFFFFFD5
:100B3000FFFFFFFFFFFFFFFFFFFFFFFFFFFFFFFFC5
:100B4000FFFFFFFFFFFFFFFFFFFFFFFFFFFFFFFFB5
:100B5000FFFFFFFFFFFFFFFFFFFFFFFFFFFFFFFFA5
:100B6000FFFFFFFFFFFFFFFFFFFFFFFFFFFFFFFF95
:100B7000FFFFFFFFFFFFFFFFFFFFFFFFFFFFFFFF85
:100B8000FFFFFFFFFFFFFFFFFFFFFFFFFFFFFFFF75
:100B9000FFFFFFFFFFFFFFFFFFFFFFFFFFFFFFFF65
:100BA000FFFFFFFFFFFFFFFFFFFFFFFFFFFFFFFF55
:100BB000FFFFFFFFFFFFFFFFFFFFFFFFFFFFFFFF45
:100BC000FFFFFFFFFFFFFFFFFFFFFFFFFFFFFFFF35
:100BD000FFFFFFFFFFFFFFFFFFFFFFFFFFFFFFFF25
:100BE000FFFFFFFFFFFFFFFFFFFFFFFFFFFFFFFF15
:100BF000FFFFFFFFFFFFFFFFFFFFFFFFFFFFFFFF05
:100C0000FFFFFFFFFFFFFFFFFFFFFFFFFFFFFFFFF4
:100C1000FFFFFFFFFFFFFFFFFFFFFFFFFFFFFFFFE4
:100C2000FFFFFFFFFFFFFFFFFFFFFFFFFFFFFFFFD4
:100C3000FFFFFFFFFFFFFFFFFFFFFFFFFFFFFFFFC4
:100C4000FFFFFFFFFFFFFFFFFFFFFFFFFFFFFFFFB4
:100C5000FFFFFFFFFFFFFFFFFFFFFFFFFFFFFFFFA4
:100C6000FFFFFFFFFFFFFFFFFFFFFFFFFFFFFFFF94
:100C7000FFFFFFFFFFFFFFFFFFFFFFFFFFFFFFFF84
:100C8000FFFFFFFFFFFFFFFFFFFFFFFFFFFFFFFF74
:100C9000FFFFFFFFFFFFFFFFFFFFFFFFFFFFFFFF64
:100CA000FFFFFFFFFFFFFFFFFFFFFFFFFFFFFFFF54
:100CB000FFFFFFFFFFFFFFFFFFFFFFFFFFFFFFFF44
:100CC000FFFFFFFFFFFFFFFFFFFFFFFFFFFFFFFF34
:100CD000FFFFFFFFFFFFFFFFFFFFFFFFFFFFFFFF24
:100CE000FFFFFFFFFFFFFFFFFFFFFFFFFFFFFFFF14
:100CF000FFFFFFFFFFFFFFFFFFFFFFFFFFFFFFFF04
:100D0000FFFFFFFFFFFFFFFFFFFFFFFFFFFFFFFFF3
:100D1000FFFFFFFFFFFFFFFFFFFFFFFFFFFFFFFFE3
:100D2000FFFFFFFFFFFFFFFFFFFFFFFFFFFFFFFFD3
:100D3000FFFFFFFFFFFFFFFFFFFFFFFFFFFFFFFFC3
:100D4000FFFFFFFFFFFFFFFFFFFFFFFFFFFFFFFFB3
:100D5000FFFFFFFFFFFFFFFFFFFFFFFFFFFFFFFFA3
:100D6000FFFFFFFFFFFFFFFFFFFFFFFFFFFFFFFF93
:100D7000FFFFFFFFFFFFFFFFFFFFFFFFFFFFFFFF83
:100D8000FFFFFFFFFFFFFFFFFFFFFFFFFFFFFFFF73
:100D9000FFFFFFFFFFFFFFFFFFFFFFFFFFFFFFFF63
:100DA000FFFFFFFFFFFFFFFFFFFFFFFFFFFFFFFF53
:100DB000FFFFFFFFFFFFFFFFFFFFFFFFFFFFFFFF43
:100DC000FFFFFFFFFFFFFFFFFFFFFFFFFFFFFFFF33
:100DD000FFFFFFFFFFFFFFFFFFFFFFFFFFFFFFFF23
:100DE000FFFFFFFFFFFFFFFFFFFFFFFFFFFFFFFF13
:100DF000FFFFFFFFFFFFFFFFFFFFFFFFFFFFFFFF03
:100E0000FFFFFFFFFFFFFFFFFFFFFFFFFFFFFFFFF2
:100E1000FFFFFFFFFFFFFFFFFFFFFFFFFFFFFFFFE2
:100E2000FFFFFFFFFFFFFFFFFFFFFFFFFFFFFFFFD2
:100E3000FFFFFFFFFFFFFFFFFFFFFFFFFFFFFFFFC2
:100E4000FFFFFFFFFFFFFFFFFFFFFFFFFFFFFFFFB2
:100E5000FFFFFFFFFFFFFFFFFFFFFFFFFFFFFFFFA2
:100E6000FFFFFFFFFFFFFFFFFFFFFFFFFFFFFFFF92
:100E7000FFFFFFFFFFFFFFFFFFFFFFFFFFFFFFFF82
:100E8000FFFFFFFFFFFFFFFFFFFFFFFFFFFFFFFF72
:100E9000FFFFFFFFFFFFFFFFFFFFFFFFFFFFFFFF62
:100EA000FFFFFFFFFFFFFFFFFFFFFFFFFFFFFFFF52
:100EB000FFFFFFFFFFFFFFFFFFFFFFFFFFFFFFFF42
:100EC000FFFFFFFFFFFFFFFFFFFFFFFFFFFFFFFF32
:100ED000FFFFFFFFFFFFFFFFFFFFFFFFFFFFFFFF22
:100EE000FFFFFFFFFFFFFFFFFFFFFFFFFFFFFFFF12
:100EF000FFFFFFFFFFFFFFFFFFFFFFFFFFFFFFFF02
:100F0000FFFFFFFFFFFFFFFFFFFFFFFFFFFFFFFFF1
:100F1000FFFFFFFFFFFFFFFFFFFFFFFFFFFFFFFFE1
:100F2000FFFFFFFFFFFFFFFFFFFFFFFFFFFFFFFFD1
:100F3000FFFFFFFFFFFFFFFFFFFFFFFFFFFFFFFFC1
:100F4000FFFFFFFFFFFFFFFFFFFFFFFFFFFFFFFFB1
:100F5000FFFFFFFFFFFFFFFFFFFFFFFFFFFFFFFFA1
:100F6000FFFFFFFFFFFFFFFFFFFFFFFFFFFFFFFF91
:100F7000FFFFFFFFFFFFFFFFFFFFFFFFFFFFFFFF81
:100F8000FFFFFFFFFFFFFFFFFFFFFFFFFFFFFFFF71
:100F9000FFFFFFFFFFFFFFFFFFFFFFFFFFFFFFFF61
:100FA000FFFFFFFFFFFFFFFFFFFFFFFFFFFFFFFF51
:100FB000FFFFFFFFFFFFFFFFFFFFFFFFFFFFFFFF41
:100FC000FFFFFFFFFFFFFFFFFFFFFFFFFFFFFFFF31
:100FD000FFFFFFFFFFFFFFFFFFFFFFFFFFFFFFFF21
:100FE000FFFFFFFFFFFFFFFFFFFFFFFFFFFFFFFF11
:100FF000FFFFFFFFFFFFFFFFFFFFFFFFFFFFFFFF01
:10100000D10020434D1600600000000000000000E9
:101010002010006000100060001C02600000000052
:10102000000000600028020000000000FFFFFFFF3A
:10103000FFFFFFFFFFFFFFFFFFFFFFFFFFFFFFFFC0
:10104000FFFFFFFFFFFFFFFFFFFFFFFFFFFFFFFFB0
:10105000FFFFFFFFFFFFFFFFFFFFFFFFFFFFFFFFA0
:10106000FFFFFFFFFFFFFFFFFFFFFFFFFFFFFFFF90
:10107000FFFFFFFFFFFFFFFFFFFFFFFFFFFFFFFF80
:10108000FFFFFFFFFFFFFFFFFFFFFFFFFFFFFFFF70
:10109000FFFFFFFFFFFFFFFFFFFFFFFFFFFFFFFF60
:1010A000FFFFFFFFFFFFFFFFFFFFFFFFFFFFFFFF50
:1010B000FFFFFFFFFFFFFFFFFFFFFFFFFFFFFFFF40
:1010C000FFFFFFFFFFFFFFFFFFFFFFFFFFFFFFFF30
:1010D000FFFFFFFFFFFFFFFFFFFFFFFFFFFFFFFF20
:1010E000FFFFFFFFFFFFFFFFFFFFFFFFFFFFFFFF10
:1010F000FFFFFFFFFFFFFFFFFFFFFFFFFFFFFFFF00
:10110000FFFFFFFFFFFFFFFFFFFFFFFFFFFFFFFFEF
:10111000FFFFFFFFFFFFFFFFFFFFFFFFFFFFFFFFDF
:10112000FFFFFFFFFFFFFFFFFFFFFFFFFFFFFFFFCF
:10113000FFFFFFFFFFFFFFFFFFFFFFFFFFFFFFFFBF
:10114000FFFFFFFFFFFFFFFFFFFFFFFFFFFFFFFFAF
:10115000FFFFFFFFFFFFFFFFFFFFFFFFFFFFFFFF9F
:10116000FFFFFFFFFFFFFFFFFFFFFFFFFFFFFFFF8F
:10117000FFFFFFFFFFFFFFFFFFFFFFFFFFFFFFFF7F
:10118000FFFFFFFFFFFFFFFFFFFFFFFFFFFFFFFF6F
:10119000FFFFFFFFFFFFFFFFFFFFFFFFFFFFFFFF5F
:1011A000FFFFFFFFFFFFFFFFFFFFFFFFFFFFFFFF4F
:1011B000FFFFFFFFFFFFFFFFFFFFFFFFFFFFFFFF3F
:1011C000FFFFFFFFFFFFFFFFFFFFFFFFFFFFFFFF2F
:1011D000FFFFFFFFFFFFFFFFFFFFFFFFFFFFFFFF1F
:1011E000FFFFFFFFFFFFFFFFFFFFFFFFFFFFFFFF0F
:1011F000FFFFFFFFFFFFFFFFFFFFFFFFFFFFFFFFFF
:10120000FFFFFFFFFFFFFFFFFFFFFFFFFFFFFFFFEE
:10121000FFFFFFFFFFFFFFFFFFFFFFFFFFFFFFFFDE
:10122000FFFFFFFFFFFFFFFFFFFFFFFFFFFFFFFFCE
:10123000FFFFFFFFFFFFFFFFFFFFFFFFFFFFFFFFBE
:10124000FFFFFFFFFFFFFFFFFFFFFFFFFFFFFFFFAE
:10125000FFFFFFFFFFFFFFFFFFFFFFFFFFFFFFFF9E
:10126000FFFFFFFFFFFFFFFFFFFFFFFFFFFFFFFF8E
:10127000FFFFFFFFFFFFFFFFFFFFFFFFFFFFFFFF7E
:10128000FFFFFFFFFFFFFFFFFFFFFFFFFFFFFFFF6E
:10129000FFFFFFFFFFFFFFFFFFFFFFFFFFFFFFFF5E
:1012A000FFFFFFFFFFFFFFFFFFFFFFFFFFFFFFFF4E
:1012B000FFFFFFFFFFFFFFFFFFFFFFFFFFFFFFFF3E
:1012C000FFFFFFFFFFFFFFFFFFFFFFFFFFFFFFFF2E
:1012D000FFFFFFFFFFFFFFFFFFFFFFFFFFFFFFFF1E
:1012E000FFFFFFFFFFFFFFFFFFFFFFFFFFFFFFFF0E
:1012F000FFFFFFFFFFFFFFFFFFFFFFFFFFFFFFFFFE
:10130000FFFFFFFFFFFFFFFFFFFFFFFFFFFFFFFFED
:10131000FFFFFFFFFFFFFFFFFFFFFFFFFFFFFFFFDD
:10132000FFFFFFFFFFFFFFFFFFFFFFFFFFFFFFFFCD
:10133000FFFFFFFFFFFFFFFFFFFFFFFFFFFFFFFFBD
:10134000FFFFFFFFFFFFFFFFFFFFFFFFFFFFFFFFAD
:10135000FFFFFFFFFFFFFFFFFFFFFFFFFFFFFFFF9D
:10136000FFFFFFFFFFFFFFFFFFFFFFFFFFFFFFFF8D
:10137000FFFFFFFFFFFFFFFFFFFFFFFFFFFFFFFF7D
:10138000FFFFFFFFFFFFFFFFFFFFFFFFFFFFFFFF6D
:10139000FFFFFFFFFFFFFFFFFFFFFFFFFFFFFFFF5D
:1013A000FFFFFFFFFFFFFFFFFFFFFFFFFFFFFFFF4D
:1013B000FFFFFFFFFFFFFFFFFFFFFFFFFFFFFFFF3D
:1013C000FFFFFFFFFFFFFFFFFFFFFFFFFFFFFFFF2D
:1013D000FFFFFFFFFFFFFFFFFFFFFFFFFFFFFFFF1D
:1013E000FFFFFFFFFFFFFFFFFFFFFFFFFFFFFFFF0D
:1013F000FFFFFFFFFFFFFFFFFFFFFFFFFFFFFFFFFD
:10140000814205D051F8043B40F8043B8242F9D8B0
:10141000704700BF044A05494FF0000342F8043BFF
:101420009142FBD8704700BFC096002060ED0020BD
:101430002DE98848BFF34F8F00BF00BF00BF00BF3A
:1014400000F042F9684B0822C3F8542100BF00BFE6
:1014500000BF00BF00BF00BF00BF00BF00BF00BF94
:1014600000BF00BF00BF00BF00BF00BF5F4A6049B0
:101470006048FFF7C5FF604A60496148FFF7C0FF59
:10148000604CFFF7C7FF4FF470004FF0E0210023DE
:101490005D4AC1F8880D44F823200133B02BFAD1FE
:1014A0005A4B80215A4A03F8011B9342FBD14FF05B
:1014B000E0254D4E4FF08039DFF884B1DFF884A18C
:1014C0004FF0FF31C5F8084D0027C6F80491C6F863
:1014D00000B1C6F8F490C6F8F0A0D5F8243DDFF8C6
:1014E000688143F4E0234B4AC5F8243DD8F81C300A
:1014F00023F07F0343F04003C8F81C30D8F82430B1
:1015000023F07F0343F04003C8F824309166D1668E
:101510001167516700F0E0F83F4B4049A363404B2F
:10152000E36363236B610323AF612B613D4BC5F81C
:10153000203DD5F8FC3D43F08073C5F8FC3D3A4BA7
:101540001A6842F001021A605B680B6000F00EFB43
:10155000C6F804913548C6F800B1C6F8F490C6F84C
:10156000F0A000F085FCD8F86C10314B314A41F402
:101570004051C8F86C101F60C3F80871C3F81871A7
:10158000C3F82871C3F83871936BDB0708D442F6AF
:101590001563294951651365936B43F00103936308
:1015A000244A264C936843F00113936000F01CF921
:1015B00000F060F800F050FC00F006FB00F086F848
:1015C0002368132BFCD900F097FB2368B3F5967FB3
:1015D000FBD300F07FF800F07BF800F041FC00F056
:1015E00037FC30BFFDE700BF00800D40B86201004E
:1015F000C01F006000000000C09600207C820160D7
:1016000000000020009400209991000000E400E018
:10161000A0E400E000C00A4051A60000E4EC002075
:1016200055A6000000002020001000E080D1F00846
:101630000040084000400D400000C056E8EC00208B
:101640001B1018200C0D111300C00F40054B4FF458
:101650002A01054A05485A641864054A9963954663
:10166000FFF7E6FE00C00A40BFAAAAAA07002000B2
:1016700000800620104BA020104AD96E41F4403162
:1016800010B4D96640F23764D96E41F44071D9661E
:1016900054649064936C1B06FCD4094A40F2376191
:1016A000A02351649364936C13F08003FBD1054A2B
:1016B00013705DF8044B704700C00F4000400C40B1
:1016C00000800C401EED0020704700BF704700BF37
:1016D000704700BF00BF704710B44FF0E0230021F7
:1016E00010243148C3F8941DC3F89C4D1124C3F84D
:1016F000A00D2E48C3F89C4D1224C3F8A00D2C4811
:10170000C3F89C4D2B4AC3F8A00D2B4C42F0150298
:101710002A48C3F89C4DC3F8A00D294C2948C3F8AA
:101720009C4DC3F8A00D284CC3F89C2D2748284A8F
:10173000C3F8A04DC3F89C0DC3F8A02D02F5A0225C
:10174000244C0C322448C3F89C4DC3F8A02D234AE6
:10175000C3F89C0D224CC3F8A02D02F14062C3F8DF
:101760009C4D2048C3F8A02D0C32C3F89C0DC3F843
:10177000A02D00BF00BF00BF00BF00BF0122C3F803
:10178000942DBFF34F8FBFF36F8FC3F8501FBFF37C
:101790004F8FBFF36F8FD3F8142D5DF8044B42F4D5
:1017A0004032C3F8142D70473F0000102500080791
:1017B0000900100060ED0020130020002100020746
:1017C0001400002025000813090000101600202036
:1017D00027000B1317000040180000602F000B07B4
:1017E000190000701A000080F0B5B84B1822B84EEE
:1017F0000120B84F83B0C3F85C62B749C3F8607288
:10180000B64DC3F86462A6F53046B54CC3F86862BD
:10181000C3F86C52C3F87052C3F87452C3F87852CC
:1018200048F20C75DA661A675A679A67DA67C3F87E
:101830008020C3F88420C3F88820C1F82C03A94A6B
:10184000C1F83003C1F83403C1F83803C1F83C03D0
:10185000C1F85003A169A44B0A40A448A44913430A
:10186000A44AA361D4F8843043F00C03C4F8843054
:101870004FF0FF34036843F00203036003682B401A
:101880004FF400551A439C4B026044608A689B4C9D
:1018900013409B4A43F000538360C36823F07803EE
:1018A000C360036A134023430362036A1340954AEB
:1018B0002343954C43628262C2620022D1F8B83061
:1018C00023F03F0343F00103C0F8B830D1F8BC3037
:1018D0008E4923F03F0343F00103C0F8BC3040F2CF
:1018E0000563026105660467C0F880304566446799
:1018F0000224C0F88430036823F00203036081618E
:10190000834B8449C46143F8042B8B42FBD1774A53
:10191000136843F001031360136813F00103FBD154
:101920007A48022140F2F564906140F29940D16119
:1019300040F26641C2F8004242F20144C2F810127D
:101940007549C2F82002C2F8301240F2354173489E
:10195000C2F83442C2F84012714CC2F8500242F24E
:1019600001207049C2F854120121C2F86042C2F845
:1019700064025E48C2F8A030C2F8A430C2F8B010C9
:101980004369DA07FCD5012300244FF4803257491C
:101990004361C0F8A040C0F8A420C0F8B0304B6943
:1019A000DB07FCD5012300244FF400304F4A4B6184
:1019B000C1F8A040C1F8A400C1F8B0305369DF07F6
:1019C000FCD501230024584848495361C2F8A0407F
:1019D000C2F8A400C2F8B0304B69DE07FCD5D1F8DC
:1019E000003145F60D5221209BB24861934265D1EA
:1019F00000244FF4802201233C48C1F8A040C1F8E4
:101A0000A420C1F8B0304369DD07FCD501234FF4B1
:101A100000040021354A4361C0F8A040C0F8A4107A
:101A2000C0F8B0305369DC07FCD501234FF4000443
:101A30004FF480302D495361C2F8A040C2F8A40091
:101A4000C2F8B0304B69D807FCD501234FF400042D
:101A50004FF40030254A4B61C1F8A040C1F8A40002
:101A6000C1F8B0305369D907FCD501234FF4000405
:101A70002D481E495361C2F8A040C2F8A400C2F824
:101A8000B0304B69DA07FCD5D1F8003145F60D527C
:101A900021209BB24861934250D008254FF40004A6
:101AA00022490020224B234A009015705A1A012324
:101AB0002148224400F0E0F903B0F0BD1E4B0022A3
:101AC000C3E90022C3E9022203B0F0BD00801F4039
:101AD000F9B00100F910010000841F40F970010005
:101AE00000C00F40FFFCFF1F000300A000402A4081
:101AF00000802A401200FFFFFF37F70040000080FF
:101B000000FFF07CFF000F8363000200F05AF05AE0
:101B100000422A4000432A409F041830EB06180A6E
:101B20003806180A0632012604000300000000707F
:101B3000000000701FED0020A4EB00204FF4000413
:101B40004FF4802201230848C1F8A040C1F8A42026
:101B5000C1F8B0304369DB07FCD5012310254FF0F5
:101B6000807443619CE700BF00402A40F0B4154AEE
:101B700040274FF480314FF480564FF400554FF416
:101B8000404443F24200136913F0020F0ED113F4E4
:101B9000005F0FD013F4805F0ED0002BF3DA13F444
:101BA000803F0BD15B060BD5F0BC7047946151614F
:101BB0009061E8E75561E6E75661E4E79161E2E7A5
:101BC0005761E0E700800D403F4A03203F49F3EEB4
:101BD000095AD2F880304FF0000C9FED3D6A23F097
:101BE00001039FED3C5A30B4C2F88030C2F8900037
:101BF000D1F8E010384DCBB2384C39482B6007EEA5
:101C0000903A0B0DC1F30B21F8EEE77A06EE903A0D
:101C100007EE101A334BB8EEC77A2160F8EEE66A89
:101C2000314937EEC66A37EEC55A76EEC76A77EEA7
:101C3000E57A26EE266AC3ED006A25EE265AD2F82A
:101C4000803067EEA64AC0ED007AC6EE275A2748D4
:101C500085EE276AC4EEA76A75EE875AFCEEE55A50
:101C600036EE076A15EE904ABCEEC66A43EA0453A4
:101C700076EE877AC2F8803016EE103AD2F89041AC
:101C8000FCEEE77A01EA0341214317EE903AC2F8ED
:101C90009011C3F30B03D2F890110B431449C2F80F
:101CA0009031D2F8803043F00203C2F88030114BFB
:101CB00080F840C0C1F840314FF0E023012230BC31
:101CC000C3F80821704700BF00810D4000441F4049
:101CD0000000AA420000B44254EC002050EC002066
:101CE00058EC00205CEC00200000FF0F00E400E056
:101CF0000094002081930000314B40F6617210B5D2
:101D0000C3F8202140F2044400F0AEF82D4A2E49D9
:101D1000D2F880302D4843F00303C2F880302C4BBA
:101D2000C1F8604102681A4203D1D1F8A8319A077C
:101D30001BD0254A4FF00041244B5963D2F8403163
:101D400043F00203C2F84031D2F840319B07FBD484
:101D50004FF400304FF0E0211C4B4FF00042C1F82F
:101D60008C0219209A6300F06BF8184A4FF08040FB
:101D7000154C002190630A20164B11604FF420721D
:101D8000C4F8A801184600F05FF84FF4800203463B
:101D90004FF4810040F243111860C4F858311A64BE
:101DA0000D4B0E4AC4F84811C3F804224FF0E0224C
:101DB0004FF400310123C2F80C11C4F8403110BDBA
:101DC00000800D4000C00F4000002E4000900D40EC
:101DD000001C1E00000000200094002069950000F7
:101DE00008B50E4B1B6E9B0700D4FBBE72B60C4BA6
:101DF00000200C4AC3F8400103F160430A49A3F5EF
:101E00005F2311649D46BFF34F8F4FF400130748C3
:101E1000074ADB6902609B68984700BF00441F4087
:101E200000002E4000C00A40030020000080202057
:101E3000000012EBF8B500BFF8BC08BC9E46704726
:101E40005FF800F0598700005FF800F051D2000001
:101E50005FF800F0018D00005FF800F0A590000031
:101E60005FF800F039DE00005FF800F0D99C000058
:101E70005FF800F0698400005FF800F0E5A600005C
:101E800045000000D1010000751F0000B5220000D0
:081E9000652500005D750000EE
:101E980016035500530042002000530065007200ED
:101EA800690061006C0000001803540065006500BB
:101EB8006E00730079006400750069006E006F00A1
:101EC8000403090409026200030100C032080B0080
:101ED80002020201000904000001020201000524B7
:101EE800001001052401010104240206052406004E
:101EF800010705820310001009040100020A00000E
:101F0800000705030240000007058402400000099D
:101F180004020002FF6AFF00070581024000010772
:101F2800050102400001000009026200030100C02F
:101F380032080B000202020100090400000102023B
:101F480001000524001001052401010104240206F2
:101F58000524060001070582031000050904010095
:101F6800020A0000000705030200020007058402B8
:101F78000002000904020002FF6AC7000705810287
:101F88000002010705010200020100000A06000222
:101F9800EF02014001000000005EBCE2613FDD830A
:101FA800C29C7E20A3FD1F41009D23BE46DB65F831
:081FB8008C11AF32CA57E97425
:101FC0000000000000000000000000000000000011
:101FD0000000000000000000000000000000000001
:101FE0000548064B1B1AD90F01EBA301491002D07B
:101FF000034B03B118477047C0960020C0960020DD
:102000000000000008B5054B1BB105490548AFF3BA
:102010000080BDE80840FFF7E3BF00BF00000000FC
:10202000B4EB002000280260704700BF08B5836849
:1020300003B19847044AD3889BB243F48043D380CA
:10204000BFF34F8F08BD00BF00800B4008B5836809
:1020500003B19847034A137803F0F7031370BFF3F3
:102060004F8F08BD00400B400B4B186888B10368C8
:102070000A4A1B6893420DD1836810B503B1984793
:10208000074AD3889BB243F48043D380BFF34F8F7A
:1020900010BD7047184700BFA8D200206D00000097
:1020A00000800B4038B5094A0025094B04461560ED
:1020B0001D7001F0E7FA2560102106480AF04EF97C
:1020C0000548BDE8384007F0CFBE00BF7C9C00202B
:1020D000708D00200C0700203089002038B5224C7C
:1020E000054623781BBB6378002B2AD1A378002BED
:1020F0002ED1E378002B32D11C4B00241C4A1968E6
:102100001C48116004701C4918681A681B4B086051
:102110001B481A6004F092FA0123102119482B6021
:102120000AF01CF91848BDE8384007F09DBE0121AF
:10213000022008F045FB154B01221A706378002B32
:10214000D4D00121042008F03BFBA378002BD0D091
:102150000121032008F034FBE378002BCCD00121CF
:10216000292008F02DFBC7E77C9C0020E8EC00202C
:1021700088AC002018ED0020789C0020609A002098
:10218000D4EB0020F806002030890020708D00205C
:1021900070B508F0B7FB1F4806F026FB20211E484B
:1021A00005F084FF1D4E21211D4805F07FFF1D4CC9
:1021B00027211D4805F07AFF1C4D29221C49304675
:1021C00006F054F822461B4930460AF0ADFA1A4987
:1021D000284603F053FC2246184928460AF0A4FA80
:1021E000174D184B0021184A2846C3E9002107F073
:1021F000B5FE2246154928460AF096FA144804F01E
:10220000EFF9144B14491868144A1B6808601360EE
:1022100070BD00BF9C9B00206C9B002078C20020FA
:1022200028E70020908D002098E40020E0E40020C2
:10223000208B0020DD620000408900206900000042
:1022400060E7002004ED0020900F0020398000009E
:10225000D4EB0020E8EC0020789C0020609A00205D
:102260002DE9F04301218BB02320C64D08F0E4FA9C
:1022700000212220C44C08F0DFFA01210220C34FC4
:1022800008F0DAFA01210420DFF88C9308F0D4FA80
:102290000121032040F2EE2808F0CEFA01210520AA
:1022A00008F0CAFA0021162008F0C6FA01211E2003
:1022B00008F0C2FA01211D2008F0BEFA01212420F5
:1022C00008F0BAFA0121252008F0B6FA00212620EC
:1022D00008F0B2FA0121092008F0AEFA012102202B
:1022E00008F06EFA0121042008F06AFA00210520A6
:1022F00008F066FA0121032008F062FA01211E208D
:1023000008F05EFA01211D2008F05AFA0121202070
:1023100008F056FA0021092008F052FA2E680AF057
:102320009BF82378002B00F098813B78DA0740F186
:1023300094812B68D9F800209B1A0E2B40F28D81D6
:1023400093490024934805F049FF9349934805F0C9
:1023500045FF9349934805F041FF07A89249054678
:1023600007F0FCFD914904A807F016F904A92846D6
:1023700007F0FEFE01468E4807F050FD8C4807F03E
:1023800073FD04A807F038FE284607F035FE894B98
:102390009E88079406F002062046013408F0D6FA1B
:1023A00005F8010B042CF7D10798431C00F06B8152
:1023B000002E40F06E8102F02BF8079A7E4900242F
:1023C0007B4807F06DFD7D4A7D49136C7D4843F4E1
:1023D00000138C607C4D1364426F764B42F44032A4
:1023E00042672960794A7A497A48C2F8B01146F2C0
:1023F000A0124FF416511A8041F210321A8044F2A2
:102400000A02DA801A8892B242F06C021A804FF007
:10241000E0221C814FF08053C2F80831224607F0B9
:10242000C5F94FF480526C496A4807F02DFB4FF410
:1024300016516A48302207F0B9F922464FF4165176
:10244000674807F0B3F922464FF4E131654807F0D9
:10245000ADF96549634840F2044207F015FB224696
:102460004FF4E131614807F0A1F941F2D01260491F
:102470005E4807F023FB0C2007F062FF202007F0E6
:102480008FFF07A807F06EF89DF820309DF8211007
:102490000293BDF82030574C5BBA9DF81F20039182
:1024A00023809DF81E3054494148CDE900329DF803
:1024B0001D309DF81C2007F0F3FC504922883C4851
:1024C00007F0EEFC4E4806F0D5F84E494E4806F0AF
:1024D00069FF002840F0CF8015214C4809F03EFFED
:1024E000334807F0C1FC0921474806F0D3FE4849AC
:1024F000454806F007FF4FF47A7008F00DF92548BB
:1025000005F0F0FD234805F00DFE002800F0E18005
:10251000224805F0E7FD214805F004FE002800F000
:10252000D080204805F0DEFD1E4805F0FBFD0028A8
:1025300000F0BF8007A8324905F0C4FE07A91C4877
:10254000002407F06BFC1A4807F08EFC07A807F080
:1025500053FD304907A807F001FD04A8284905F0FC
:10256000BBFE04A907A807F003FE0146104807F0C8
:1025700055FC0F4807F078FC04A807F03DFD07A8BC
:102580004CE000BFE8EC002028ED002027ED002003
:10259000B8D2002098E40020C0D2002028E7002014
:1025A000ACD200206C9B0020F48400201085002019
:1025B0003089002000800B408485002000C00A4044
:1025C00004ED002000C00F40A8D20020009400209D
:1025D000A9000000008A0020889C0020A08900201B
:1025E000C08A0020608A002098AC0020408900202A
:1025F000A0B0002010ED00209C850020C0850020A8
:1026000078C2002000A1BC3398980020D08500201B
:1026100090D00300AC860020F8EC002007F0ECFC22
:102620003049314807F0FAFB2F4807F01DFC2146DE
:10263000092008F073FC2D4A2D4B14601C7001F02A
:1026400021F82C4B10212C481C6009F087FE2648ED
:102650000BB0BDE8F04307F007BC2B6822789B1B4A
:1026600032B1B3F5FA6F3FF66BAE09F0F5FE56E600
:102670004345FAD964E61C21204809F06FFE1A4848
:1026800007F0F2FB2FE7002318460793002E3FF4D4
:1026900092AE013004220021079007A808F000FB49
:1026A0006B21174809F05AFE0F4807F0DDFB079829
:1026B00081E63721134809F051FE0B4807F0D4FB9F
:1026C00038E73421104809F049FE074807F0CCFBF1
:1026D00027E733210D4809F041FE034807F0C4FB0A
:1026E00016E700BF78C20020308900207C9C0020C3
:1026F000708D00206CE700200C070020E88500208A
:1027000018850020748600203C8600200886002062
:10271000984B45F255514AF6AA222DE9F04F964CB6
:10272000964E974FDFF8E0B2DFF8E092954DDFF874
:102730008C822DED028B5980CDB05A8000F014FEB2
:1027400084ED000A00F0EAFD86ED000A00F032FE9A
:1027500087ED000A00F048FE8BED000A00F060FEF5
:10276000894B8A4A8A498B4889ED000A00F078FE35
:1027700006E006F08FFF01464046C9B206F008FBAE
:10278000284606F035FF03462846002BF1DC824D33
:10279000284602F0D5FF012800F0B480022823D19A
:1027A00011217E4809F0DAFD002395F82C120A2247
:1027B0007B4807F083FB7A4807F056FB95F82D32EB
:1027C0000321002B40F0CE80764809F0C7FD744805
:1027D00007F04AFB95F82C320A2B05D195F82D32DB
:1027E00013B1714B00221A60684BDFF89C8108938B
:1027F000674B6E4D0993674B0A936D4B04936D4B7A
:1028000005936D4B0C936D4B07936D4B0B936D4B79
:102810000693DFF8FCA105202B68D4ED000A96EDA5
:10282000001A9AED008A0F93CDED0E0A8DED0D1A68
:1028300007F0F0FFB8EE488A011E0F9B9FED620A79
:1028400018BF012118469DED0D1A88EE000ADDED36
:102850000E0A01F015FE0B9B97ED002A98ED005A29
:102860000093089B94ED001AD3ED004A099B96ED66
:10287000000A93ED004A0A9B99ED003AD3ED003A25
:10288000049BDBED000AD3ED002A059B4F49D3EDF5
:10289000001A0C9B1888079B01934D4B2A6801F086
:1028A0004FFE069B4B4A00934B494C4B3F4800F070
:1028B0009FFF2F68012F17D0022F1ED097B32B2117
:1028C000474809F04BFD364807F0CEFA02231B219A
:1028D00044482B6009F042FD31484DB0BDEC028BFD
:1028E000BDE8F04F07F0C0BA3F49DAF800300A6897
:1028F0009B1AB3F57A7F80F08D804DB0BDEC028BD2
:10290000BDE8F08F29784B1E082B00F2F984DFE830
:1029100013F0B002F4003001410149028602B9010E
:1029200037029802049B314A00930192214B3049AF
:102930003048314A00F0D4FE304BD4ED001A93ED0C
:10294000002A2F4B96ED001AD3ED000A059B1C4977
:102950001F4893ED000A4DB0BDEC028BBDE8F04F6F
:1029600000F0D0BE274809F0F9FC0D4807F07CFACA
:1029700030E700BF00800B40B0D2002074C20020BE
:1029800058E70020008A00205CE7002018E70020BC
:1029900094E40020B4D20020E0E400200C83002066
:1029A000308900202483002090AC00206CE70020B8
:1029B000B8D20020ACD2002010ED00209C9B00205B
:1029C0008CAC0020848B002000007A44108500200D
:1029D000809C0020708D00207C9C002094AC002006
:1029E00078830020CC030020789C0020C0D20020F7
:1029F00098E400206C9B002028E70020808B0020BA
:102A0000688D002020830020A4D20020BCD20020AA
:102A1000E8EC0020069B1868049B01280093DAF874
:102A20000030B8BF01209B1AAB4AA2FB03624FF4EF
:102A30007A76920906FB00F8A84806FB1233DAF80A
:102A40000020A74ED31AA74A0B60A74BA7490193B2
:102A5000A74B00F045FE0022A64932A805F080FCF5
:102A60009DF8C830A448069301F0C2FAA349A448CF
:102A700001F004FFA34801F0D5FD337823B9079B8B
:102A80001B78002B40F03E8294ED000A9E4801F036
:102A900053FA059B93ED000A9C4BD3ED000A00F01E
:102AA0000DFE9B4ADAF8003011680B905B1A9845CE
:102AB00040F26C82974B1B68002B3FF41EAF964987
:102AC0004FF47A70DAF80020096800FB03F3521A19
:102AD0009A42FFF412AF1821904809F03FFC904849
:102AE00007F0C2F900248F4A874B14601C7000F075
:102AF000C9FD10218C482C60ECE619218B48DFF8C9
:102B000078A209F02BFC864807F0AEF9DAF800202D
:102B1000AAB94FF02608864D114605E0511C7729C9
:102B2000CAF8001000F2E883824B2622284608FBF0
:102B3000013101F06BFBDAF800200028EED17E496C
:102B4000774807F0ADF9DAF80030002B00F0738316
:102B500003EBC3027749794803EB420341F2D012F9
:102B60005B009BB201F046FF0A21744802F002FAB2
:102B70003AE601220321714801F0F0FF2621704856
:102B800009F0ECFB664807F06FF942F6E06007F0E9
:102B9000C3FD29E612AB5D4DDFF878811FA90393D1
:102BA0000DF14703674A02930DF146030692019324
:102BB0000DF145036148009300238DF845308DF8F1
:102BC00046308DF847308DF848302B681593D8F88B
:102BD00000301F93136832AA329315AB02F054FFF2
:102BE000002800F022831F9A002A40F077830122F8
:102BF0000421524801F0B2FF1721534809F0AEFBFF
:102C0000474807F031F9329B06991F9A0B604448F8
:102C10004E49C8F8002007F043F99DF945C09DF9D9
:102C20004600BCF1000C9DF947109DF9482018BFE3
:102C30004FF0010C00383B4B18BF0120003983F8DE
:102C400000C018BF0121003A587018BF01229970C6
:102C50003F48DA70159B2B60FFF740FA3D4BDFF8D9
:102C60001C8108933C4B3A4D09933C4B0A933C4BD7
:102C700004931F4B05933B4B0C933B4B07933B4BF0
:102C80000B93C6E53A4D334B29462C48089302F086
:102C9000B7FE07210246294801F060FFDFF8DC801B
:102CA000D5ED007A33492C4BB7EEE77A1C480993EF
:102CB0002A4B274D0A932A4B04930D4B0593294B1E
:102CC0000C93294B0793294B0B931E4B069353EC04
:102CD000172B07F0E5F89CE5D34D62106C9B0020A4
:102CE00018ED002028E70020C0D2002098E4002042
:102CF000ACD2002078C20020C8E400201CE70020ED
:102D000060E7002070E70020708D0020688D0020B3
:102D1000609A002094AC002088AC00205C830020E6
:102D2000308900207C9C00200C070020D8810020E6
:102D300000002020C4D20020F4810020E0E4002024
:102D40001C820020848B0020A4830020BC830020F0
:102D50006CE7002018E7002094E40020B4D20020A3
:102D6000B8D2002010ED00209C9B00208CAC0020ED
:102D7000848D0020D482002090AC00205CE70020ED
:102D8000674D684B29466848089302F039FE0821D0
:102D90000246654801F0E2FEDFF8EC81D5ED007AED
:102DA000624980E7DFF8B08132A95F48D8F8003087
:102DB000329302F0B5FE054605215B482A4601F034
:102DC000CDFE002D3FF410AD1721594809F0C6FA89
:102DD000584807F049F8329B4FF0000A564DC8F8A2
:102DE0000030564BDFF8A081C3F800A0544B83F8A5
:102DF00000A000F047FC10215248C5F800A009F0DF
:102E0000ADFA4C4807F030F8464B08934E4B099307
:102E10004E4B0A934E4B04934E4B0593F1E44E4DAB
:102E2000404B29464048089302F0EAFD062102463D
:102E30003D4801F093FEDFF85081D5ED007A474917
:102E400031E701F0F1FA32A93290374802F0FAFC8A
:102E50000546002840F03E822A460921324801F00A
:102E60007DFE01F0E1FA3E490246324807F018F8CB
:102E7000BAE418213B4809F071FA2E4806F0F4FF35
:102E8000394B3A4A32A81B6897ED002A94ED001A94
:102E900096ED000A0093136835490193214BDFF842
:102EA000E880D3ED004A0893274B234D93ED004A69
:102EB0000993264B98ED005AD3ED003A0A93244B20
:102EC0000B92D3ED002A0493224B0C91D3ED001A00
:102ED0000593284B99ED003A029307930988DBED9F
:102EE000000A2B68244A01F0B1FA3299002900F057
:102EF00005820D4802F020FE32A807F07DF81F4B36
:102F0000069386E41B4805F0ABFF1D4B194883ED83
:102F1000000B05F0C1FF1B4B377083ED000BB3E5D1
:102F2000808B002018E70020E0E40020E4820020ED
:102F3000A8820020308900206CE700207C9C0020C3
:102F4000708D00200C07002094E40020B4D20020F3
:102F5000B8D20020ACD20020688D0020C0820020B2
:102F6000F8820020BC810020809C00208CAC0020D6
:102F700010ED00209C9B002010850020848B0020F9
:102F800080980020889800205CE70020DAF8003064
:102F90005B1ABF490868B3FBF8F108FB1133DAF894
:102FA0000010CB1ADAF800101360091AB94BBA48AE
:102FB000A3FB0131890903F04DFB079AB648D2F80B
:102FC000843007EE903A0C930023B8EEE77B82F84A
:102FD0007D309FEDAB6B87EE060BB7EEC00B03F0B9
:102FE0003DFB3378002B40F037819FEDA70BAA48BB
:102FF00003F03EFB3378002B40F025819FEDA20BC0
:10300000A54803F045FB079E0023A34896F89410BB
:1030100086F88D3003F04CFB3378002B00F01181E3
:10302000B36BDAF80010C91A9A4BA3FB0131890976
:103030009A4F994803F042FB994EB988964803F09D
:1030400041FBB989944803F03FFB3188924803F073
:103050003DFBB168904803F041FB71688E4803F076
:1030600043FB069B002B00F0CC808B489DED340B7E
:10307000B7EEC00B03F03EFB87489DED3A0BB7EE71
:10308000C00B03F047FB84489DED360BB7EEC00B39
:1030900003F04CFB9DED380BB7EEC00B814E7E4824
:1030A00003F052FB96ED000A7B4803F05DFB96EDC2
:1030B000010A794803F064FB96ED020A764803F0B2
:1030C0006DFB96ED030A744803F076FBF9887248AD
:1030D00003F080FB3989704803F07EFB79896E48E4
:1030E00003F07CFB398A6C4803F07AFB798A6A48E2
:1030F00003F078FBF989684803F076FB069B002B08
:1031000000F091804599644803F070FB664B62487B
:1031100093ED040A03F07AFB96ED080A5E4803F08B
:1031200083FB96ED090A5C4803F086FB96ED0A0ADC
:10313000594803F089FB96ED0B0A574803F08CFBC6
:10314000099B554893ED000A03F08EFB0A9B5248F9
:1031500093ED000A03F096FB99ED000A4E4803F048
:103160009FFB089B4C4893ED000A03F0A7FB9BEDE7
:10317000000A494803F0B0FB059B474893ED000A5D
:1031800003F0BAFB494B444893ED000A03F0C4FB3B
:10319000049B414893ED000A03F0CEFB94ED000A36
:1031A0003D4803F0D9FB0B993B4803F0E5FB3A4956
:1031B0003F4800F0EFFF002857D0374803F042FAAD
:1031C00000F0EEFA00283FF475AC15A9262232482B
:1031D00004F03AFC1FA803F003FA262215A91FA841
:1031E00003F0D0FB12A81FA904F0C6F912A93148B8
:1031F00006F014FE2F4806F037FE12A806F0FCFE7B
:1032000058E49FED2D0A244803F074FA9FED2A0A32
:10321000214803F07FFA9FED280A1F4803F086FA41
:103220009FED250A3AE706996DE7024604212348F7
:1032300001F094FC12E50B21204801F03FFDFFF75F
:10324000D3BA1F49F4E61F4805F026FE1E4B93ED46
:10325000007B30EE470BD3E61A4805F001FE1B4B0E
:1032600093ED007B30EE470BC1E63321184809F09F
:1032700075F8104806F0F8FD9FE700BFAFF3008037
:1032800000000000000059400000000000000000A5
:1032900088AC0020D34D6210D4EB0020C8E400209D
:1032A0001CE7002070E70020708D0020C0D20020B5
:1032B000000020203089002000000000E0E4002011
:1032C000378941009C9B002088980020809800202E
:1032D00028830020329801F0A1F8BDE5329B9A4284
:1032E0003FF785AC591C09480091094906F0D8FD03
:1032F000329B01331F937AE40A4620E40549F8E53E
:103300000022054801F02AFCFFF76EBA3089002040
:1033100044820020B0870020E0E4002038B5642417
:103320000025172006F0B4FF013C0544F9D107EE53
:10333000905ADFED095A9FED096AF8EEE77ADFED62
:10334000086A9FED080A87EEA57A67EE067A67EEAF
:10335000A67A87EE800A38BD80F3C74833335340DE
:1033600033333B41295CAF3F38B56424002513203B
:1033700006F08EFF013C0544F9D107EE905ADFEDCF
:10338000095A9FED096AF8EEE77ADFED086A9FEDCA
:10339000080A87EEA57A67EE067A67EEA67A87EEC8
:1033A000800A38BD80F3C748333353400AD74741BA
:1033B000295C1F4038B564240025162006F068FFFC
:1033C000013C0544F9D107EE905ADFED056A9FED07
:1033D000057AF8EEE77A87EEA60A20EE070A38BDEE
:1033E00080F3C7483333534038B5642400251B208D
:1033F00006F04EFF013C0544F9D107EE905ADFED8F
:10340000066A9FED067AF8EEE77A87EEA60A20EEC6
:10341000070A30EE000A38BD80F3C7483333534003
:1034200038B564240025122006F032FF013C054423
:10343000F9D107EE905A9FED076ADFED076AF8EEC3
:10344000E77A9FED060A87EE867A27EE267A27EE40
:10345000000A38BD80F3C7483333534000007A4434
:103460002DE9F047824C8946824F01218246062091
:1034700090461E4607F0A4F97F4B61683A68A3FBAB
:1034800002326423920C03FB02F263685B1A9A42D5
:10349000FBD80021242007F093F90021252007F014
:1034A0008FF9754B60683A687149A3FB02324FF49B
:1034B0007A73920C03FB02F24B681B1A9A42FBD8F8
:1034C00064240025262006F0E3FE013C0544F9D1E2
:1034D00007EE905A9FED694ADFED694A2420F8EE25
:1034E000E77A01219FED5E6B87EE847A9FED5E5B4C
:1034F00027EE247AB7EEC77A27EE067B87EE056BB8
:10350000B7EEC66B8AED006A07F05AF9214625200E
:103510004FF47A7407F054F95549574B48683A68A4
:10352000A3FB0232920C04FB02F24B681B1A9A4274
:10353000FBD864240025262006F0AAFE013C0544A1
:10354000F9D107EE905A9FED4D4ADFED4D4A2146E5
:10355000F8EEE77A24209FED426B87EE847A9FEDA8
:10356000425B27EE247AB7EEC77A27EE067B87EE1A
:10357000056BB7EEC66B89ED006A07F021F90121F2
:10358000252007F01DF93A493B4B48683A68A3FBF0
:1035900002324FF47A73920C03FB02F24B681B1A4F
:1035A0009A42FBD864240025262006F071FE013CD7
:1035B0000544F9D107EE905A9FED304ADFED304ACD
:1035C0000121F8EEE77A24204FF47A7487EE847AAA
:1035D0009FED236B9FED245B27EE247AB7EEC77A2D
:1035E00027EE067B87EE056BB7EEC66B88ED006AAB
:1035F00007F0E6F80121252007F0E2F81C491E4BF0
:1036000048683A68A3FB0232920C04FB02F24B6852
:103610001B1A9A42FBD864240025262006F038FEA7
:10362000013C0544F9D107EE905A9FED144ADFEDB5
:10363000144AF8EEE77A9FED0A6B87EE847A9FEDE5
:103640000A5B27EE247AB7EEC77A27EE067B87EE71
:10365000056BB7EEC66B86ED006ABDE8F08700BF6C
:103660000000000000F084400000000000C0924014
:10367000001000E0DC88002083DE1B4380F3C74895
:1036800000404E4508B50021022007F099F80021BE
:10369000032007F095F80021042007F091F800219D
:1036A000292007F08DF80021052007F089F8002176
:1036B0000920BDE8084007F031BC00BFF6EE007AF3
:1036C000052010B570EEE70AF4EEC00AF1EE10FA2C
:1036D000CCBF01240024214607F072F8204610BD1B
:1036E000F8B5069F0D4614461946079E04F076FD70
:1036F0003946284604F072FD31462046BDE8F840C0
:1037000004F06CBDF2EE0A7A0B680133B4EEE71AEE
:103710000B60F1EE10FA23DDF4EEC21AF1EE10FAAE
:103720001EDBF6EE007A10B52DED028B30EEE78A47
:103730000446F0EE408A0520B4EEC80AF1EE10FA15
:103740004CBF0121002107F03BF8F4EEC88AF1EEEE
:1037500010FA02D5236801332360BDEC028B10BD43
:10376000704700BF037A9A0700D470470021C368EE
:1037700001601970037A23F001029B070272F4D5ED
:10378000C26830B4046845681319A54206D002EB3C
:10379000050C1A46013363451170FAD130BC7047ED
:1037A000014B1878704700BF19ED002010B40B468C
:1037B000046829B113F8012B002AFBD15B1A013BE5
:1037C0009C4203D000205DF8044B7047C26802EBB6
:1037D000040C944508D04B1E12F8011B13F8010F7E
:1037E0008842EFD19445F7D101205DF8044B704732
:1037F0002DE9F04FC04CADF5017DCDE902232368E2
:1038000013F00103CDE9040100F07682DFF808A38C
:1038100008F03AFDF8B108F07BFDDAF80030C0B2EC
:103820000A281CD0A0F10D02B2FA82F25209B2B9F4
:10383000DAF804108B42EBD0DAF80C105C1CCAF8F2
:103840000040C854DAF80C10DAF80030CA5408F016
:103850001BFD0028DFD10DF5017DBDE8F08F002BA9
:10386000F9D0DAF80C4018AA08210DF1200B2344F6
:1038700000264FF0200817929C42CBF800608BF88E
:103880000860CBF804808BF81060CDE915120CAA03
:10389000CBF80C2000F08780013C03F1FF3935465E
:1038A00015E0DBF80430B3420ED009F093FCDBF8EE
:1038B0000C30721CCBF800209855DBF80C20DBF89C
:1038C0000030D754DBF800604C4500F0DA8014F883
:1038D000010F202806D0A0F12C07B7FA87F77F093F
:1038E000002FDED0002EEFD0179E33465E4543F802
:1038F000105BC6F804803572F36021D09BF8082075
:10390000DBF80070019202F002021F2FDBF80C10AE
:103910003574009240F21381184620220BF0FCFB14
:10392000202FC6F8008086F8305000F00E81012369
:10393000009A002A40F0F28033729B0700F1F18078
:10394000179BCBF8005034331793DBF80C301D7005
:103950009BF8083023F001029E078BF80820B1D5B0
:10396000DBF80C10DBE90062B24201EB0603ABD0DE
:1039700011441D7001338B42FBD1A3E743F00203D6
:103980002372E168D4E90020904201EB020305D0E4
:1039900001440020187001338B42FBD1179B343354
:1039A0001793DAF80C300021CAF8001019709AF851
:1039B000083023F0010298078AF808200DD5DAF8BC
:1039C0000C00DAE90024944200EB020305D0204405
:1039D0001A46013383421170FAD1DDE91645AC4233
:1039E00000F0DC8145492046FFF7E0FE002840F06A
:1039F0000C8143492046FFF7D9FE002800F0AF8034
:103A0000029A40491378404883F0010313703F4AFB
:103A1000002B18BF0A463E4906F042FA9BF80830D0
:103A20009D0700F1D380DDE91616B1423FF4F0AEF8
:103A3000343100240A4605E08E4202F134023FF49C
:103A4000E7AE343112F82C3C9807F5D552F8283CF3
:103A500042F8344C1C7012F82C3C23F001009B07F8
:103A600002F82C0CE8D552F8285C52E90D07874281
:103A700005EB0003E0D03D441C700133AB42FBD1A9
:103A8000DAE7002E8DD0234ADDE91634E31A9B10C5
:103A900002FB03F3159A9A4283D023460025202285
:103AA0005C4543F8105B2572E36062603FF476AFDB
:103AB0009BF80820DBF80C1012F00108DBF800700E
:103AC00002F00206257400F0F980202F184628BF66
:103AD00020273A460BF020FB2760C555237A43F098
:103AE0000103002E7FF44AAF9D0723723FF549AFD3
:103AF000179B3433179354E7D4980020F003002029
:103B000010040020E803002030890020EC0300208E
:103B10008C050020C54EECC4D4E7002043F002031E
:103B20003372F168D6E90020904201EB02033FF4C2
:103B300007AF01441D7001338B42FBD100E73A46C9
:103B400018460BF0E9FA3760C555019B13F0010FD9
:103B5000337A14BF43F0010303F0FE03E8E6BB49E8
:103B60002046FFF723FE0646002840F0B980B849FA
:103B70002046FFF71BFE002840F0CE80B5492046C6
:103B8000FFF714FE002840F08780B3492046FFF776
:103B90000DFE002840F04581B0492046FFF706FEA3
:103BA000002840F0D880AE492046FFF7FFFD0028EE
:103BB00000F03B812D1B342D00F2968100F040FC7B
:103BC000A8490246A84806F06BF927E70021DBF870
:103BD0000C30CBF8001019709BF8083023F001026C
:103BE0009C078BF808207FF51EAFDBF80C00DBE9A3
:103BF0000024944200EB02033FF415AF20441A4620
:103C0000013398421170FAD10DE70921974808F065
:103C1000A5FB954806F028F91121954808F09EFB70
:103C2000914806F021F91321924808F097FB8E483D
:103C300006F01AF91F21904808F090FB8A4806F018
:103C400013F94B218D4808F089FB874806F00CF9E1
:103C500020218B4808F082FB834806F005F93921C2
:103C6000884808F07BFB804806F0FEF83321864840
:103C700008F074FB7C4806F0F7F83221834808F01E
:103C80006DFB794806F0F0F82F21814808F066FBBB
:103C9000754806F0E9F8C1E6039B2D1B1E68342D1C
:103CA0008A9B1F6849D8002E64D0B74262DB3B462E
:103CB000324678496C4806F0F3F8AFE6202F3D46CF
:103CC000184628BF20252A460BF026FA202F25600B
:103CD00000F805803FF602AF237A03F0FE0300E709
:103CE00011216D4808F03AFB5F4806F0BDF842F636
:103CF000E06006F011FD91E66848694A03600372CE
:103D0000037480236749436000F11003C3600123FB
:103D1000236008F009FD79E50422314607A80796DB
:103D200006F0BEFF304600F073FB14215E4808F039
:103D300015FB4D4806F098F870E6206C09F046FA3D
:103D40000646DDE916239B1A682BACD9506F09F0A3
:103D50003DFA0746A7E75548554C0378554A83F086
:103D6000010355490370002B18BF22463E4806F058
:103D700097F853E6039A8A9B166050491F603B46AA
:103D80001268394806F08CF80123059A0498D3701C
:103D9000937053701370FEF7A1F93FE69BF808305B
:103DA00099077FF558AD0020DBF80C30CBF8000008
:103DB00018709BF8083023F001028BF808209A074E
:103DC00000F18280DDE91616B1423FF444AD343192
:103DD00000240A4605E0B14202F134023FF43BAD53
:103DE000343112F82C3C9B07F5D552F8283C42F8A8
:103DF000344C1C7012F82C3C23F001009F0702F891
:103E00002C0CE8D552F8285C52E90D07874205EBE7
:103E10000003E0D03D4418460133AB420470FAD1B0
:103E2000D9E70498FEF73EF9F8E525492046FFF763
:103E3000BDFC002864D02D1B342D67D800F0F4FAA7
:103E400020490246084806F02BF8E7E598050020CF
:103E5000B0050020CC05002010060020140600202C
:103E6000F81100203406002030890020F4030020DF
:103E7000000400201404002028040020480400202E
:103E800094040020B8040020F40400202805002039
:103E90005C050020D00500209C050020D4E7002010
:103EA000908D0020A5170000B405002019ED00201A
:103EB000E8030020EC03002018060020BC8300204B
:103EC0007C06002080060020DBE90041DBF80C20A6
:103ED000A14202EB04033FF475AF0A4419460133D3
:103EE00093420870FAD16DE7206C09F06FF90090E9
:103EF00000F0A0FA009A0B490B4805F0D1FF8DE5C0
:103F0000E2680A49084805F0CBFF87E5206C09F014
:103F10005DF9009000F082FA009A0549024805F028
:103F2000BFFF7BE55406002030890020CC0600202E
:103F3000A406002006F0E6BC017800294DD000213F
:103F400070B5064609202DED028BB0EE408A06F0D2
:103F5000E5FF2349234A244B48681268A3FB023239
:103F60006423920C03FB02F24B681B1A9A42FBD8A3
:103F700064240025282006F08BF9013C0544F9D182
:103F800007EE905A9FED195AB3EE026A96ED017A48
:103F9000F8EEE77AD6ED026AB0EE480A0920C7EEDD
:103FA000855AD6ED037AF8EEE77AA5EEC60A30EE2A
:103FB000477A86ED040AE6EEC77AFDEEE77A17EE59
:103FC000901A81F30801F16006F0A8FF0A20BDEC09
:103FD000028BBDE8704006F09FBB092006F09EBF33
:103FE000001000E0DC88002083DE1B4380F3C7481C
:103FF0002DE9F0415B4CA2B007462368DB0740F196
:104000008680594D594E09E005F044FB0446304680
:10401000E4B2214606F09CF80A2C06D0284605F0AA
:10402000E7FA03462846002BEED14F4805F07CFB0B
:104030004E49886810B922B0BDE8F08108460023D7
:10404000402212A906F0AAF8494912A808AD0BF0BF
:1040500041FA0124464E8046314600200BF03AFAE0
:10406000002860D0013445F8040F0A2CF4D14049EF
:1040700000200BF02FFA70B120213E4808F06EF9B5
:104080003D4805F0F1FE3D49384806F00FF80020A4
:1040900022B0BDE8F081404609F098F8034609983F
:1040A0003B6009F08FF803460A98BB8009F08AF854
:1040B00003460B98FB8009F085F803460C983B817A
:1040C00009F080F803460D987B8109F07BF80346E0
:1040D0000E98BB8109F076F803460F98FB8109F032
:1040E00071F8034610983B8209F06CF8034611986A
:1040F0007B8209F067F83875FFF752FBD0B91F498A
:104100001A4805F0D3FF012022B0BDE8F0811B4919
:10411000164805F023FF0123194A1A491348236062
:1041200008F002FB6DE723460A221749124805F002
:10413000B7FEA8E73A7D7B8A388AF989CDE906324D
:10414000BA897B89CDE904103889F988CDE9023232
:10415000BB883A68CDE900100C49074805F0A0FE7D
:10416000CDE700BFD8980020A089002068E8002093
:104170006C070020A007002030890020D08200209A
:10418000908D00203980000070070020C4070020B7
:10419000704700BFD0E90232F0B59A428BB00446B6
:1041A00006D008462622694603F04EFC064618B99A
:1041B000002630460BB0F0BD2268262123696D46EB
:1041C00008AF01FB023EAC460EF1100E1035BCE804
:1041D0000F00BC454EF8100C4EF80C1C4EF8082C85
:1041E0004EF8043CEFD12868CEF800003046AB888A
:1041F000AEF804302368D4E90221013301328B4246
:1042000008BF0023A26023600BB0F0BD83680BB130
:10421000252A01D800207047844642682620DCF811
:10422000103000FB023330B503F120051C68103359
:1042300053F80CEC103153F8080C53F8042CAB4233
:1042400041F8104C41F80CEC41F8080C41F8042CF2
:10425000ECD11A6801200A609B888B80DCF80C1076
:10426000DCE901320344013A8B4208BF0023CCE968
:10427000013230BD08480023084A094930B441F2F0
:10428000883500F114048360C0E90354C0E90033A9
:1042900030BC08F049BA00BF00002020908D0020FB
:1042A000D1210000000000002DE9F04304468846BB
:1042B0001746002138221E462DED0A8B83B0B0EE42
:1042C00041CAB0EE61BAF0EE42BA159DF0EE62AAB4
:1042D0008DED010AB0EE43AA9DF85090F0EE639A7E
:1042E000B0EE449AF0EE648AB0EE458AF0EE60CA11
:1042F0000AF08EFF4146204601F032FC3946204646
:1043000001F00AFD2046F1B2002601F02BFC3E4BE5
:104310002046197801F028FC3C4B2046198901F011
:1043200025FC9DED010A204601F022FCB0EE6C0A4E
:10433000204601F029FCB0EE4C0A204601F030FC8A
:104340004946204601F038FCB0EE6B0A204601F0E9
:1043500039FCB0EE4B0A204601F040FCB0EE6A0A90
:10436000204601F04BFCB0EE4A0A204601F056FC14
:10437000B0EE690A204601F059FCB0EE490A204629
:1043800001F05CFCB0EE680A204601F05FFCB0EE84
:10439000480A204601F062FC284604F061FD2046F0
:1043A00001F066FC284604F077FD204601F080FC11
:1043B000D5ED217A204685F87D60B8EEE77B9FED4C
:1043C000106B87EE060BB7EEC00B01F08FFC95F873
:1043D0009410204685F88D6001F090FC296C2046F1
:1043E00085F83D6001F090FC2046296D85F84D6010
:1043F00001F08EFC204603B0BDEC0A8BBDE8F083D3
:104400000000000000005940A0E70020000020202C
:10441000014B1860704700BFA0E70020014B1860F7
:10442000704700BF6C8D0020014B1868704700BFBB
:104430006C8D0020014B1860704700BF70C20020D7
:10444000014B1868704700BF70C2002030B591B0B2
:104450000446159838B14FF0640C149D0CFB05FC14
:10446000BCFBF0F0C0B2169DCDE9000502A8FFF735
:104470001BFF204602A901F0DFFF204611B030BD2E
:104480001D4B1B68002B36D0B0EE607AF0B51B4C8C
:1044900089B01B4E22781B4D4AB92F683268DFF86D
:1044A00080C0D21BACFB0272B3EB921F1FD83368E3
:1044B00002282B604FF0000323701AD8124B53F8D8
:1044C00020201248B7EEC00A114BB7EEC77AB7EEFC
:1044D000C11A002908BF03460E490F4806938DED07
:1044E000041B8DED027B8DED000B05F0D9FC09B0AE
:1044F000F0BD0A4AE5E7704770C2002087930020AC
:10450000E8EC00209CB0002098030020EC03002081
:10451000E803002028070020308900202007002021
:10452000D34D6210034B04491868044A1B680860A5
:1045300013607047E8EC0020849C00209CB00020B1
:104540002DE9F043304CADB09C46304F2378DDF878
:10455000D0902F4E63B92F4B3568D3F800803B685D
:10456000DFF8BCE05B1BAEFB03E3B8EB931F3FD867
:104570003B68336000232370D9F80040002C3AD107
:10458000134600940A46002401463598019010A86D
:10459000CCF80040C9F80040FFF786FE2A2205A9A2
:1045A00010A803F0CFFC21461B4804F07FFF2A220D
:1045B00005A9194804F0BEFD2146174804F076FD10
:1045C000382221461EA80AF023FE2A2205A91EA889
:1045D00001F0AEFB02A81EA901F02EFF02A90F48B0
:1045E00005F01CFC0D4805F03FFC02A805F004FD99
:1045F0002DB0BDE8F083DCF80030642606FB03F341
:10460000B3FBF4F3DCB2BBE786930020E8EC0020B8
:10461000849C00206C8D0020989800203089002018
:10462000D34D62102DE9F041894C05462368DB0724
:104630002DED048BC2B040F1AD80864C864E08E073
:1046400005F028F801463046C9B20A2908D005F01D
:104650007FFD204604F0CCFF03462046002BEFDC14
:104660007D49886820B942B0BDEC048BBDE8F0817B
:1046700008460023802222A905F090FD774922A850
:1046800016AE0AF027FF0124744F804639460020F9
:104690000AF020FF002800F08980013446F8040F5A
:1046A0000C2CF3D16D4900200AF014FF80B12221B7
:1046B0006B4807F053FE6B4805F0D6FB6A49664825
:1046C00005F0F4FC002042B0BDEC048BBDE8F081A5
:1046D000404608F073FDB7EEC00B179885ED000A51
:1046E00008F06CFDB7EEC00B189885ED010A08F0D4
:1046F00065FDB7EEC00B199885ED020A08F05EFD66
:10470000B7EEC00B1A9885ED030A08F057FDB7EE17
:10471000C00B1B9885ED040A08F050FDB7EEC00BE6
:104720001C9885ED050A08F049FDB7EEC00B1D98F1
:1047300085ED060A08F042FDFDEEC07B1E9817EEDF
:10474000903A2B7708F03AFDB7EEC00B1F9885ED35
:10475000080A08F033FDB7EEC00B209885ED090A72
:1047600008F02CFDB7EEC00B219885ED0A0A08F081
:1047700025FDB7EEC00B85ED0B0AFFF711F8E0B988
:104780003949354805F092FC012042B0BDEC048B5C
:10479000BDE8F0813449304805F0E0FB0123334A9D
:1047A00033492D48236007F0BFFF46E723460C221C
:1047B00030492C4805F074FB80E795ED099A95ED9A
:1047C0000B8A95ED0A1AB7EEC99AB7EEC88A95ED2D
:1047D000080AB7EEC11A95ED062A95ED053AB7EE2F
:1047E000C00A95ED044AB7EEC22A95ED035AB7EE1A
:1047F000C33A95ED026AB7EEC44A95ED017AB7EE79
:10480000C55AB7EEC66A1C49B7EEC77A15488DED92
:10481000109B8DED148B95ED008A8DED121BB7EE7C
:10482000C81A8DED0E0B95F91C4053EC112B0C940E
:104830008DED0A2B8DED083B8DED064B8DED045B68
:104840008DED026B8DED007B05F02AFB98E700BF34
:10485000DC980020608A002074E800206C070020AB
:104860008C08002030890020D0820020908D00200C
:10487000398000005C080020B008002070B50546B3
:1048800086B00A200E4605F047FF3B4928463B4CC0
:1048900005F00CFC06E004F0FDFE01462846C9B216
:1048A00005F056FC204604F0A3FE03462046002BEC
:1048B000F1DCAB681BB90024204606B070BD0622AF
:1048C0002F492E4805F082FA2C4804F02DFFAB68E2
:1048D000132BF0D10021284605F052FC0378232B3E
:1048E000E9D103A804230122294605F097FC039887
:1048F00000283ED0102200210AF074FA034603A8D3
:10490000338005F079FB03A80B230522294605F027
:1049100085FC039858B3102200210AF063FA03467D
:1049200003A8736005F068FB0C22122329460DEBE7
:10493000020005F073FC0398B8B1102200210AF0C0
:1049400051FA034603A8B36005F056FBFEF728FFB3
:10495000044608B90124AFE7D6E901313288094895
:104960000091094905F09CFAA6E70848E5E70748E1
:10497000D1E70648BEE700BFD0820020C08A0020F1
:1049800024080020308900202C080020B087002057
:1049900007F07ABC07F0BCBC07F054BC084607F02F
:1049A000C7BC00BF70B584220E46002104460AF041
:1049B0002FFC842200250021A0180AF029FC29469A
:1049C000862204F59070C4E94255C4E94455C4E90F
:1049D00046550AF01DFC8622294604F5D3700AF0DC
:1049E00017FC2046C4F82C5284F83052C4F83462C4
:1049F00070BD00BFC0F81C11A0F81821A0F8163136
:104A0000704700BF2DE9F0411C4E04460D4690460C
:104A10001B4F33689D4209D9D4F8340203681B69DF
:104A2000BB4221D107F030FC0028F2D0D4F8340288
:104A3000144A03685B6993421DD107F069FC431C6B
:104A400016D094F82F32C0B294F830220344A8EB69
:104A50000000DBB2B0FA80F01A44400984F82F322B
:104A600084F83022BDE8F08198470028D1D0DDE7F6
:104A70000020BDE8F0819847E1E700BFE8EC0020A6
:104A8000D1290000D52900002DE9F04182B00B4664
:104A90000421002401AE144A05460DEB01000194E7
:104AA00009F066F8DFF844803718D5F8342216F894
:104AB000014B136820461B68434511D107F038FCB1
:104AC00095F82F22B74295F830321444E4B22344CB
:104AD00085F82F4285F83032E7D102B0BDE8F08189
:104AE000104621469847EBE7A0090020DD29000089
:104AF0002DE9F04182B000240B46164A6E46054669
:104B0000062168460094ADF8044009F031F8DFF85A
:104B100048803718D5F8342216F8014B1368204620
:104B20001B68434511D107F003FC95F82F22B742CB
:104B300095F830321444E4B2234485F82F4285F8C6
:104B40003032E7D102B0BDE8F081104621469847E7
:104B5000EBE700BFA0090020DD2900002DE9F041AE
:104B600000230446D0F834020F4684F82F3216464C
:104B700084F830320368504D1B68AB4240F08580AA
:104B80003F2007F0D5FB94F82F32204694F83022CE
:104B900039463F33DBB284F82F32134484F8303285
:104BA000FFF772FFD4F8340203681B68AB426FD181
:104BB0002C2007F0BDFB94F82F3294F830222C33D0
:104BC000D4F83402DBB21A4484F82F3284F830224D
:104BD00003681B687EB1AB4267D1312007F0A8FBA8
:104BE00094F82F2294F830323132D2B2134484F840
:104BF0002F22DBB20EE0AB425AD1302007F098FBF7
:104C000094F82F2294F830323032D2B2134484F820
:104C10002F22DBB2D4F8340284F8303203681B68E8
:104C2000AB423FD13B2007F083FB94F82F12204684
:104C300094F830323B31C9B20B4484F82F12DBB206
:104C400043EA012184F83032FFF752FFD4F83402EE
:104C500003681B68AB4222D13B2007F069FB94F844
:104C60002F3294F830223B33D4F83402DBB21A44AA
:104C700084F82F3284F8302203681B68AB420AD1D3
:104C80000A20BDE8F04107F053BB3F2198477AE77F
:104C90002C2198478FE70A21BDE8F04118473B21B6
:104CA0009847DCE73B219847BFE73121984797E7D2
:104CB00030219847A4E700BFDD2900002DE9F0412D
:104CC00000230446D0F834020D4684F82F3284F8CD
:104CD00030320368444F1B68BB4278D1232007F071
:104CE00027FB94F82F32294694F8302220462333AC
:104CF000DBB21A4484F82F3284F83022FFF7C4FE66
:104D000094F886301BB304F1870812E007F010FB1B
:104D100094F82F12863E94F830320D4494F8862091
:104D2000361BEDB2B2422B4484F82F5284F8303255
:104D30000DDDD4F83422464618F8015F1368284682
:104D40001B68BB42E2D0294610469847E0E7D4F8FA
:104D5000340203681B68BB4242D13B2007F0E8FAEB
:104D600094F82F12204694F830323B31C9B20B44EC
:104D700084F82F12DBB243EA012184F83032FFF7C6
:104D8000B7FED4F8340203681B68BB4225D13B2030
:104D900007F0CEFA94F82F3294F830223B33D4F84F
:104DA0003402DBB21A4484F82F3284F830220368CC
:104DB0001B68BB420ED10A2007F0BAFA0023A4F800
:104DC000843084F8863084F88830BDE8F08123216F
:104DD000984786E70A219847F0E73B219847D9E7AB
:104DE0003B219847BCE700BFDD290000F8B5002350
:104DF0000446D0F834020D4684F82F3284F830325D
:104E000003685B4F1B68BB4240F09E80212007F087
:104E10008FFA94F82F32204694F830222946213315
:104E2000DBB21A4484F82F3284F83022FFF72CFECC
:104E3000D4F8340203681B68BB4240F095802C20F4
:104E400007F076FA94F82F32204694F830222C336B
:104E5000B4F81611DBB21A4484F82F3284F83022E9
:104E6000FFF746FED4F8340203681B68BB4278D1D2
:104E70003B2007F05DFA94F82F3294F830223B3350
:104E8000B4F81611DBB21A4484F82F3284F83022B9
:104E900009B3002611E007F04BFA94F82F120136FF
:104EA00094F830320D44B4F81621EDB296422B44FA
:104EB00084F82F5284F830320DDAD4F83422D4F842
:104EC0001C1113688D5D1B682846BB42E3D0294640
:104ED00010469847E1E7D4F8340203681B68BB42E8
:104EE0003CD13B2007F024FA94F82F12204694F886
:104EF00030323B31C9B20B4484F82F12DBB243EAA3
:104F0000012184F83032FFF7F3FDD4F8340203684E
:104F10001B68BB421FD13B2007F00AFA94F82F32DE
:104F200094F830223B33D4F83402DBB21A4484F8CC
:104F30002F3284F8302203681B68BB4207D10A2055
:104F400007F0F6F90120F8BD2121984761E70A2111
:104F500098470120F8BD3B219847DFE73B21984760
:104F6000C2E73B21984786E72C2198476AE700BFB4
:104F7000DD290000D0F81C310BB1FFF737BF184610
:104F8000704700BF2DE9F041002384B0DFF8BC80FA
:104F900004462B4E0D462B4FADF80C30CDE90133B6
:104FA00033689D4221D9019B042B1ED8D4F83402CA
:104FB00003689B69BB4226D107F044F9431CEFD03C
:104FC000C3B23B2B11D0D4F8340203685B6943456C
:104FD0001BD107F09DF9019B5A1C10336B440192C1
:104FE00003F8080C33689D42DDD8D4F83402036816
:104FF0005B69434521D107F08BF93B2807D000209E
:1050000004B0BDE8F0819847D8E79847E3E701AAE4
:105010000D4902A809F0F4FE0128F0D1019BB3F577
:10502000803FECD2B4F82F0240BA80B2C01AB0FA76
:1050300080F0400904B0BDE8F0819847DDE700BF8B
:10504000E8EC0020D9290000A0090020D5290000A3
:105050002DE9F041002382B0524D8046524E0C465D
:10506000524FCDE900332B689C4233D9019B022B70
:1050700030D8D8F8340203689B69B3423BD107F0BB
:10508000E1F8431CEFD0C3B22C2B23D03B2B21D013
:10509000D8F8340203685B69BB422ED107F038F9B7
:1050A000421CE0D0019AC0B298F82F3202F1010CF4
:1050B0000832034498F830126A44CDF804C0DBB2D9
:1050C00002F8080C88F82F325A182B6888F830221A
:1050D0009C42CBD8D8F8340203689B69B3424FD1C5
:1050E00007F0B0F8C0B22C2809D03B2807D0002028
:1050F00002B0BDE8F0819847C3E79847D0E701AA1E
:105100002B49684609F07CFE0128F0D1019BFF2B5A
:10511000EDD8264E88F800302B689C42E7D9D8F8A5
:10512000340203685B69B34228D107F0F1F8C2B2D8
:105130000130F1D098F82F323B2A98F830121344FE
:10514000DBB2194488F82F3288F830121AD02C2A92
:1051500004D198F80130013388F8013098F8023012
:10516000591C434488F802101A712B689C42BED91E
:10517000D8F8340203685B69B342D6D09847D6E7C3
:105180009847AFE798F80230002221464046434452
:105190001A7188F80220FFF7F5FE0346012088F80F
:1051A0000330A5E7E8EC0020D9290000D52900004C
:1051B000A009002000232DE9F043474F83B00446A7
:1051C0001D460E46DFF81881DFF81891CDE900334F
:1051D0003B689E422FD9019B022B2CD8D4F8340275
:1051E00003689B69434532D107F02CF8421CEFD08D
:1051F000C5B22C2D1FD0D4F8340203685B694B452F
:1052000027D107F085F8411CE2D0C5B2019A94F885
:105210002F32501C08322B4494F830126A4401900B
:10522000DBB202F8085C84F82F325A183B6884F825
:1052300030229E42CFD82C2231462046FFF7E2FB97
:10524000804640B90025284603B0BDE8F083984762
:10525000CCE79847D7E701AA2049684609F0D0FD76
:105260000128EFD1019BFF2BECD8DFF8789084F870
:105270002C323B689E4215D9D4F8340203685B692E
:105280004B4524D107F044F8431CF2D094F82F3258
:10529000C5B294F830222B44DBB21A4484F82F3282
:1052A00084F83022302D14D0312DCBD13B22314621
:1052B000204684F82D82FFF7A5FB05460028C1D0C3
:1052C00031462046FFF75EFE84F82E02BBE7984782
:1052D000DAE74FF00008E9E7E8EC0020A009002039
:1052E000D9290000D52900002DE9F041002384B020
:1052F000D0F8102100930293ADF80C300193A0F880
:105300000A3180F80831002A50D080460C467D4D85
:105310007D4E7E4F2B689C4231D9019B022B2ED8AB
:10532000D8F8340203689B69B34235D106F08AFF8E
:10533000411CEFD0C3B22C2B21D0D8F83402036823
:105340005B69BB422AD106F0E3FF431CE2D0019A1D
:10535000C0B298F82F3202F1010C1032034498F8D1
:1053600030126A44CDF804C0DBB202F8100C88F8A1
:105370002F325A182B6888F830229C42CDD82B68DF
:105380009C420DD8D8F8340200250368DB689847A2
:10539000284604B0BDE8F0819847C9E79847D4E7AC
:1053A0002C2221464046FFF72DFB20B90025284638
:1053B00004B0BDE8F08101AA5549684609F020FD16
:1053C0000128F3D1019BFF2BF0D888F80831002386
:1053D0004D4E4E4F01932B689C4232D9019B042BBA
:1053E0002FD8D8F8340203689B69B34240F0838019
:1053F00006F028FF431CEED0C0B23B2821D0D8F8DD
:10540000340203685B69BB4277D106F081FF421C1E
:10541000E1D0C0B298F82F3298F830120344019AC4
:10542000DBB288F82F320B4488F83032531C0193DA
:1054300002F110030DEB03022B689C4202F8080CEA
:10544000CCD82B689C429DD93B2221464046FFF791
:10545000D9FA0028AAD001AA2D4902A809F0D0FC47
:105460000128A3D1019BB3F5803F9FD29BB2B8F82E
:105470000C219A42A8F80A3184D30023234E0193C9
:105480002B689C4223D9B8F80A21019B9A421ED965
:10549000D8F8340203685B69B34230D106F038FFB4
:1054A000C2B20130ECD098F82F3298F83012134481
:1054B000DBB288F82F320B44D8F8101188F830325C
:1054C000019B581C0190CA542B689C42DBD82B6866
:1054D0009C427FF657AF3B2221464046FFF792FAA7
:1054E000054600283FF462AF21464046FFF74AFDDB
:1054F00088F80E015BE798477CE7984787E798476D
:10550000CEE700BFE8EC0020D9290000D529000033
:10551000A00900202DE9F041002384B0844D80468D
:10552000844E0C46844F00930293ADF80C300193E7
:10553000A0F8223180F820312B689C4231D9019BA0
:10554000022B2ED8D8F8340203689B69B34235D1B8
:1055500006F078FE411CEFD0C3B22C2B21D0D8F836
:10556000340203685B69BB422AD106F0D1FE431CBA
:10557000E2D0019AC0B298F82F3202F1010C103239
:10558000034498F830126A44CDF804C0DBB202F844
:10559000100C88F82F325A182B6888F830229C4259
:1055A000CDD82B689C420DD8D8F83402002503686A
:1055B000DB689847284604B0BDE8F0819847C9E702
:1055C0009847D4E72C2221464046FFF71BFA0028D3
:1055D00000F0A38001AA5949684609F011FC01288E
:1055E00040F09B80019BFF2B00F2978088F82031D0
:1055F0000023504E504F01932B689C4232D9019B9F
:10560000042B2FD8D8F8340203689B69B34240F0CA
:10561000898006F017FE431CEED0C0B23B2821D093
:10562000D8F8340203685B69BB427DD106F070FE96
:10563000421CE1D0C0B298F82F3298F830120344DF
:10564000019ADBB288F82F320B4488F83032531CB1
:10565000019302F110030DEB03022B689C4202F848
:10566000080CCCD82B689C429ED93B222146404650
:10567000FFF7C8F9002850D001AA304902A809F064
:10568000BFFB012849D1019B4FF6FE72934244D8DB
:105690000022294EA8F8223101922B689C4225D97C
:1056A000019BB8F822219A4220D97E2B1ED8D8F827
:1056B000340203685B69B34238D106F029FEC2B2F6
:1056C0000130EAD098F82F3298F830121344DBB248
:1056D00088F82F320B4488F83032019B591C434420
:1056E00083F825212B6801919C42D9D82B689C42D4
:1056F0007FF65AAF019B00213B224046434483F88A
:1057000025112146FFF77EF9054630B12146404676
:10571000FFF738FC88F824014CE70025284604B040
:10572000BDE8F081984776E7984781E79847C6E754
:10573000E8EC0020D9290000D5290000A0090020AC
:105740002DE9F84300230446D0F834022380A370E7
:1057500023710368384A1B69934249D106F094FDCE
:10576000002842D0DFF8D8800027D8F80050D8F8B9
:10577000003005F1640984F82F7284F8307299457D
:1057800033D92E4ED4F8340203685B69B34250D14A
:1057900006F0BEFDC2B2013027D094F82F3294F843
:1057A00030121344213ADBB284F82F320B4484F8D0
:1057B00030321E2A11D8DFE802F01D262E101010FC
:1057C00010101010101010101010101010101010D9
:1057D00010101010101010103400D8F8003084F899
:1057E0002F72994584F83072CCD80020BDE8F88338
:1057F0009847B5E705F57A712046FFF775FD002853
:10580000F3D00320F2E749462046FFF783FE8000ED
:10581000C0B2BDE8F88349462046BDE8F843FFF72B
:1058200017BC49462046FFF7C5FC4000C0B2BDE8A2
:10583000F8839847AEE700BFD1290000D5290000C2
:10584000E8EC002030B590F802C00C4685B000228C
:105850000CF1010300EB0C010092DBB283700979BB
:105860002C29CDE90122CDF80B201FD10CF10A0C17
:105870005FFA8CFC63452BD811460DF1040E1546DA
:10588000C21801331279DBB22C2A1DD0E2B1634574
:1058900005F101054FF0010183700EF8012BEFD9DE
:1058A0001844009502792C2A03D012B1002005B0CB
:1058B00030BD6A46084901A809F0A2FA0128F5D1CD
:1058C000009B236005B030BD0029ECD00095EAE7CD
:1058D00018440279E7E700BFA009002070B582787C
:1058E0000D4684B00024531C81180294DBB28DF85D
:1058F0000C400194837009792C291CD1111DC9B267
:105900008B422DD80DF1080C2646C21801331279AE
:10591000DBB22C2A20D0FAB18B4206F101064FF0FF
:10592000010483700CF8012BEFD918440196027919
:105930002C2A03D012B1002004B070BD01AA0A497C
:1059400002A809F05DFA0128F5D1019B03F180025C
:10595000FF2AF0D82B70EFE7002CE9D00196E7E79B
:1059600018440279E4E700BFA409002030B590F89C
:1059700002C00C4685B000220CF1010300EB0C01C3
:105980000092DBB20392837009792C29CDE90122C0
:105990001FD10CF10B0C5FFA8CFC63452BD8114620
:1059A0000DF1040E1546C21801331279DBB22C2A10
:1059B0001DD0E2B1634505F101054FF0010183708F
:1059C0000EF8012BEFD91844009502792C2A03D048
:1059D00012B1002005B030BD6A46084901A809F09F
:1059E0000FFA0128F5D1009B236005B030BD0029D6
:1059F000ECD00095EAE718440279E7E7A409002013
:105A000010B5002386B090F802C0002204930593DD
:105A1000019200EB0C02CDE902330CF10103DBB281
:105A2000837012792C2A18D10CF10F0C0C465FFAF6
:105A30008CFC63450CD802A9C21801331279DBB281
:105A40002C2A0DD032B16345837001F8012BF3D9B4
:105A5000184402792C2A03D012B1002006B010BDE0
:105A600001AA054902A809F0CBF90128F5D1019B4B
:105A7000236006B010BD00BFA809002010B5044681
:105A8000FEF790FF204610BDF0B585B00E460746E4
:105A9000154601A91C46FFF769FF10B9002005B0A3
:105AA000F0BD02A93846FFF761FF0028F6D003A930
:105AB0003846FFF7A5FF0028F0D069463846FFF7C3
:105AC0000DFF0028EAD00DF101013846FFF706FF6F
:105AD0000028E3D00DF102013846FFF7FFFE002851
:105AE000DCD00DF103013846FFF7F8FE0028D5D0D1
:105AF000019B039A3360029B9DF801102B6022608A
:105B00009DF800300A9A0B9C137021709DF80220BA
:105B10000C999DF803300A700D9A1370BFE700BF0F
:105B200010B582B00C4601A9FFF76AFF08B1019BCE
:105B3000236002B010BD00BF10B582B00446084615
:105B400001910AF09DF983B2019920461A46FEF7A9
:105B500051FF0C21204602B0BDE81040FFF70ABA01
:105B60000180704781707047C170704781807047B5
:105B7000F2EE047A20EE270AFDEEC07A17EE903A94
:105B800083F3080383717047F2EE047A20EE270A4C
:105B9000FDEEC07A17EE903A83F30803C3717047A5
:105BA000F2EE047A20EE270AFDEEC07A17EE903A64
:105BB00083F30803037270476429A8BF642141720C
:105BC000704700BFF3EE047A20EE270AFDEEC07A9C
:105BD00017EE903A83F3070383727047DFED067A7E
:105BE00030EE270A30EE000AFDEEC07A17EE903A4A
:105BF00083F30903838170470000C842DFED067A12
:105C000030EE270A30EE000AFDEEC07A17EE903A29
:105C100083F30903C38170470000C842FDEEC07AD8
:105C200017EE903A83F30C0303827047FDEEC07ABF
:105C300017EE903A83F30C0343827047FDEEC07A6F
:105C400017EE903A83F30C0383827047FDEEC07A1F
:105C500017EE903A83F30C03C3827047FDEEC07ACF
:105C600017EE903A83F30C030383704700000000A3
:105C70009FED096B9FED0A7B0B4A30EE060B20EE81
:105C8000070BFDEEC07B17EE903A9342A8BF134678
:105C900023EAE373C36170470000000000805640B0
:105CA000000000000088C34040771B000000000097
:105CB0009FED096B9FED0A7B0B4A30EE060B20EE41
:105CC000070BFDEEC07B17EE903A9342A8BF134638
:105CD00023EAE3730362704700000000008066401F
:105CE000000000000088C34080EE3600FDEEC07A60
:105CF00017EE903A83F31003838470471F29A8BFDF
:105D00001F2180F82610704781F3130181627047CC
:105D100081F31901C1627047002300F1300C036365
:105D2000436319B10722604609F070BB704700BF9A
:105D3000292A01D8002070474FF0000C04232DE9D8
:105D4000F0430646E646102001279842054611F822
:105D50000C2028BF1D465B1B07FA05F4082DA0EB9D
:105D6000050042FA03F204F1FF34C0B204EA02046F
:105D700018BFE2B213F0FF0302FA00F202D10CF1F5
:105D8000010C08234EEA02021FFA82FE0028DCD131
:105D900004240127A6F800E09C42A64611F80C2036
:105DA00028BF9E46A3EB0E0307FA0EF5BEF1080FBF
:105DB000A4EB0E0442FA03F205F1FF35E4B205EA62
:105DC000020518BFEAB213F0FF0302FA04F202D18F
:105DD0000CF1010C08230243D0B2002CDCD1B070CE
:105DE000012708209842864611F80C2028BF9E46BD
:105DF000A3EB0E0307FA0EF5BEF1080FA0EB0E00A1
:105E000042FA03F205F1FF35C0B205EA020518BFF8
:105E1000EAB213F0FF0302FA00F202D10CF1010C16
:105E200008232243D4B20028DCD1F4704FF0010ED5
:105E300010249C42274611F80C2028BF1F46DB1B6C
:105E40000EFA07F5082FA4EB070442FA03F205F156
:105E5000FF35E4B205EA020518BFEAB213F0FF030A
:105E600002FA04F202D10CF1010C0823024390B2B1
:105E7000002CDED1B080012708209842864611F818
:105E80000C2028BF9E46A3EB0E0307FA0EF5BEF1C9
:105E9000080FA0EB0E0042FA03F205F1FF35C0B285
:105EA00005EA020518BFEAB213F0FF0302FA00F296
:105EB00002D10CF1010C08232243D4B20028DCD11A
:105EC000B471012708249C42A64611F80C2028BF73
:105ED0009E46A3EB0E0307FA0EF5BEF1080FA4EBE6
:105EE0000E0442FA03F205F1FF35E4B205EA0205B9
:105EF00018BFEAB213F0FF0302FA04F202D10CF168
:105F0000010C08230243D0B2002CDCD1F071012730
:105F100008209842864611F80C2028BF9E46A3EB25
:105F20000E0307FA0EF5BEF1080FA0EB0E0042FAC1
:105F300003F205F1FF35C0B205EA020518BFEAB267
:105F400013F0FF0302FA00F202D10CF1010C082356
:105F50002243D4B20028DCD13472012707249C42AA
:105F6000A64611F80C2028BF9E46A3EB0E0307FAA5
:105F70000EF5BEF1080FA4EB0E0442FA03F205F190
:105F8000FF35E4B205EA020518BFEAB213F0FF03D9
:105F900002FA04F202D10CF1010C08230243D0B240
:105FA000002CDCD17072012707209842864611F838
:105FB0000C2028BF9E46A3EB0E0307FA0EF5BEF198
:105FC000080FA0EB0E0042FA03F205F1FF35C0B254
:105FD00005EA020518BFEAB213F0FF0302FA00F265
:105FE00002D10CF1010C08232243D4B20028DCD1E9
:105FF000864601270920B4729842054611F80C2004
:1060000028BF1D465B1B07FA05F4082DA0EB050011
:1060100042FA03F204F1FF34C0B204EA020418BFEA
:10602000E2B213F0FF0302FA00F202D10CF1010C0C
:1060300008234EEA02021FFA82FE0028DCD109245E
:106040000127A6F80CE09C42A64611F80C2028BFB8
:106050009E46A3EB0E0307FA0EF5BEF1080FA4EB64
:106060000E0442FA03F205F1FF35E4B205EA020537
:1060700018BFEAB213F0FF0302FA04F202D10CF1E6
:10608000010C0823024390B2002CDCD1F0814FF0C8
:10609000010E0C209842074611F80C2028BF1F461D
:1060A000DB1B0EFA07F5082FA0EB070042FA03F2FC
:1060B00005F1FF35C0B205EA020518BFEAB213F0D8
:1060C000FF0302FA00F202D10CF1010C0823224373
:1060D00094B20028DED1348201270C249C42A646CB
:1060E00011F80C2028BF9E46A3EB0E0307FA0EF50D
:1060F000BEF1080FA4EB0E0442FA03F205F1FF35DE
:10610000E4B205EA020518BFEAB213F0FF0302FA8F
:1061100004F202D10CF1010C0823024390B2002CCE
:10612000DCD170824FF0010E0C209842074611F826
:106130000C2028BF1F46DB1B0EFA07F5082FA0EB2B
:10614000070042FA03F205F1FF35C0B205EA020585
:1061500018BFEAB213F0FF0302FA00F202D10CF109
:10616000010C0823224394B20028DED1B482012717
:1061700004460C209842864611F80C2028BF9E4603
:10618000A3EB0E0307FA0EF5BEF1080FA0EB0E000D
:1061900042FA03F205F1FF35C0B205EA020518BF65
:1061A000EAB213F0FF0302FA00F202D10CF1010C83
:1061B0000823224394B20028DCD1864601270C2014
:1061C000F4829842054611F80C2028BF1D465B1B3F
:1061D00007FA05F4082DA0EB050042FA03F204F1DA
:1061E000FF34C0B204EA020418BFE2B213F0FF03A6
:1061F00002FA00F202D10CF1010C08234EEA02026D
:106200001FFA82FE0028DCD10746A6F818E0152008
:106210004FF0010E9842044611F80C2028BF1C468E
:106220001B1B0EFA04F5082CA0EB040042FA03F243
:1062300005F1FF35C0B2D2B218BF2A4013F0FF03F8
:1062400002FA00F202D10CF1010C082317430028D6
:10625000E0D104464FF0010E1620F7619842054642
:1062600011F80C2028BF1D465B1B0EFA05F7082D00
:10627000A0EB050042FA03F207F1FF37C0B2D2B239
:1062800018BF3A4013F0FF0302FA00F202D10CF1FA
:10629000010C082314430028E0D1346201271024A4
:1062A0009C42A64611F80C2028BF9E46A3EB0E0385
:1062B00007FA0EF5BEF1080FA4EB0E0442FA03F242
:1062C00005F1FF35E4B205EA020518BFEAB213F0A2
:1062D000FF0302FA04F202D10CF1010C082302437D
:1062E00090B2002CDCD1B08401270520984286466C
:1062F00011F80C2028BF9E46A3EB0E0307FA0EF5FB
:10630000BEF1080FA0EB0E0042FA03F205F1FF35D3
:10631000C0B205EA020518BFEAB213F0FF0302FAA1
:1063200000F202D10CF1010C08232243D4B2002860
:10633000DCD107464FF0010E132086F82640984224
:10634000044611F80C2028BF1C461B1B0EFA04F54E
:10635000082CA0EB040042FA03F205F1FF35C0B2AD
:10636000D2B218BF2A4013F0FF0302FA00F202D1A2
:106370000CF1010C082317430028E0D119244FF039
:10638000010EB7629C42254611F80C2028BF1D461D
:106390005B1B0EFA05F7082DA4EB050442FA03F285
:1063A00007F1FF37E4B2D2B218BF3A4013F0FF034F
:1063B00002FA04F202D10CF1010C08231043002C64
:1063C000E0D1F06206F1370706F12F0001254FF00A
:1063D000000808249C42A14611F80C2028BF9946C9
:1063E000A3EB090305FA09FEB9F1080FA4EB0904B0
:1063F00042FA03F20EF1FF3EE4B20EEA020E18BFBB
:106400005FFA8EF213F0FF0302FA04F202D10CF1EC
:10641000010C082348EA02025FFA82F8002CD9D165
:1064200000F8018F8742D2D1012086F83740BDE8BD
:10643000F08300BF0000000010B52DED068B8B78B7
:10644000FEB00446022B00F2B480614A52F82330B9
:1064500091ED077AF2EE046A8A7AB3EE046AB8EE36
:10646000474B07EE902A0A7AF6EE000A07EE102A4A
:10647000F8EEE77A8A89B8EEC77A87EE862A02EEC6
:10648000902ACA8907EE902A0A8B87EE266A09EEBF
:10649000102A9FED507ACA8A08EE102A8A8AF8EEEE
:1064A000E77AB8EE499B0AEE102AF8EEE22AB0EE3F
:1064B000470AA7EEA07AB8EE488BA2EEA00AB8EE83
:1064C0004AABB7EEC22A9FED3C3B8DED1A9B4A8A40
:1064D000B7EEC77A84EE035B09EE102AB8EE499B4B
:1064E000B7EEC00A8DED188B0A8A9FED351B08EEBA
:1064F000102A8DED16AB8DED149BB8EE488B4A7AC1
:106500008DED107BB7EEC67A0A9201F130028DED67
:106510000E0B8DED0C2B8DED087B8DED128B9FED11
:106520002A4B35EE415B8DED1C5BD1ED087A888CF2
:10653000B8EE675B85EE037B05EE100AB8EE455BAF
:106540008DED205BC86A2490886A239091F826001C
:10655000229037EE447B8DED1E7BC87901938B79B9
:1065600007EE100A009226A807EE903AB8EEC77A16
:106570000B88F8EEE77A8A8887EE266AC978039254
:1065800002914FF4AF71144A87EEA67AB7EEC66A4D
:106590008DED066BB7EEC77A8DED047B07F0E8FA58
:1065A00026A9204603F0DAFC20467EB0BDEC068B1F
:1065B00010BD0A4B4CE700BF000000000088C3403C
:1065C000000000000080564000000000008066408F
:1065D000CC0F00200000C8C2700B00202007002054
:1065E0000022028042808280C280028142818281B8
:1065F000C281028242828282C28202834283828379
:10660000C28380F82020428480F82420C28402853E
:1066100042858285C285028642868286C28602873C
:1066200042878287C287A0F84020A0F84220A0F8C5
:106630004420A0F8462080F848207047002380F8C6
:106640002430704790F82430013303F0070380F8BA
:106650002430704781F3100101807047FDEEC07A4D
:1066600017EE903A83F31003438070470000000058
:106670009FED057B20EE070BFDEEC07B17EE903AF9
:1066800003F30F038380704700000000006AE840B6
:106690009FED057B20EE070BFDEEC07B17EE903AD9
:1066A00003F30F03C380704700000000006AE84056
:1066B0000F29A8BF0F210172704700BF81F30401A9
:1066C00041727047418170478181704740F6FF7386
:1066D0009942A8BF1946C181704700BF81F31801D4
:1066E00009120182704700BF81F31801091241822B
:1066F000704700BFDFED067A30EE270A20EE270A4A
:10670000FDEEC07A17EE903A83F310038382704750
:106710000000C842F2EE047A20EE270AFDEEC07AAD
:1067200017EE903A83F31003C3827047DFED057ACA
:1067300020EE270AFDEEC07A17EE903A83F310039D
:10674000038370470000C842DFED067A30EE270A67
:1067500020EE270AFDEEC07A17EE903A83F310037D
:10676000438370470000C842F2EE047A20EE270A05
:10677000FDEEC07A17EE903A83F30A0383837047E5
:10678000DFED057A20EE270AFDEEC07A17EE903A8B
:1067900083F30C03C38370470000C842F2EE047A0F
:1067A00020EE270AFDEEC07A17EE903A83F3080335
:1067B00080F82030704700BFDFED057A20EE270A11
:1067C000FDEEC07A17EE903A83F30A0343847047D4
:1067D00000007A44C1847047018570474185704745
:1067E00081857047C185704701867047B1F57A7F12
:1067F000054BA8BF4FF47A719942B8BF194601F50D
:106800007A714186704700BF18FCFFFFDFED057A03
:1068100020EE270AFDEEC07A17EE903A83F31003BC
:106820008386704700007A44FDEEC07A17EE903AF6
:1068300083F31003C3867047FDEEC07A17EE903ADB
:1068400083F3100303877047FDEEC07A17EE903A8A
:1068500083F3100343877047FDEEC07A17EE903A3A
:1068600083F3100383877047F5EE007A20EE270A42
:10687000FDEEC07A17EE903A83F3080380F83E30BD
:10688000704700BFF5EE007A20EE270AFDEEC07AD1
:1068900017EE903A83F3080380F83F30704700BF4B
:1068A000F5EE007A20EE270AFDEEC07A17EE903A58
:1068B00083F3080380F84030704700BFF5EE007A9C
:1068C00020EE270AFDEEC07A17EE903A83F3080314
:1068D00080F84130704700BFDFED067A20EE270ACE
:1068E000FDEEC07A17EE903A83F3080380F8423049
:1068F000704700BF00004842DFED067A30EE270AFD
:10690000FDEEC07A17EE903A83F3080380F8433027
:10691000704700BF0000C842DFED067A30EE270A5C
:10692000FDEEC07A17EE903A83F3080380F8443006
:10693000704700BF0000C842DFED067A30EE270A3C
:10694000FDEEC07A17EE903A83F3080380F84530E5
:10695000704700BF0000C842DFED067A20EE270A2C
:10696000FDEEC07A17EE903A83F30C03A0F84630A0
:10697000704700BF0000C8420F29A8BF0F2180F850
:1069800048107047252A01D8002070472DE9F041B2
:1069900001228646087808230027102400F00F0003
:1069A00016468EF824009C42A04611F802C028BF6B
:1069B0009846A3EB080306FA08F5B8F1080FA4EB14
:1069C00008044CFA03FC05F1FF35E4B205EA0C05B6
:1069D00018BF5FFA85FC13F0FF030CFA04FC01D129
:1069E0000132082347EA0C0C1FFA8CF7002CDAD18D
:1069F000AEF80070102501279D42A84611F802C08C
:106A000028BF9846A3EB080307FA08F6B8F1080F69
:106A1000A5EB08054CFA03FC06F1FF36EDB206EAD9
:106A20000C0618BF5FFA86FC13F0FF030CFA05FC96
:106A300001D10132082344EA0C0C1FFA8CF4002D1A
:106A4000DAD1AEF80240012710249C42A04611F88A
:106A500002C028BF9846A3EB080307FA08F6B8F16E
:106A6000080FA4EB08044CFA03FC06F1FF36E4B26D
:106A700006EA0C0618BF5FFA86FC13F0FF030CFA57
:106A800004FC01D10132082345EA0C0C1FFA8CF5F5
:106A9000002CDAD1AEF80450012710259D42A846FB
:106AA00011F802C028BF9846A3EB080307FA08F6BE
:106AB000B8F1080FA5EB08054CFA03FC06F1FF3608
:106AC000EDB206EA0C0618BF5FFA86FC13F0FF036E
:106AD0000CFA05FC01D10132082344EA0C0C1FFA20
:106AE0008CF4002DDAD1AEF80640012704249C4234
:106AF000A04611F802C028BF9846A3EB080307FA86
:106B000008F6B8F1080FA4EB08044CFA03FC06F1F0
:106B1000FF36E4B206EA0C0618BF5FFA86FC13F0F3
:106B2000FF030CFA04FC01D10132082345EA0C0CE6
:106B30005FFA8CF5002CDAD18EF808500127042575
:106B40009D42A84611F802C028BF9846A3EB08034F
:106B500007FA08F6B8F1080FA5EB08054CFA03FC94
:106B600006F1FF36EDB206EA0C0618BF5FFA86FCA6
:106B700013F0FF030CFA05FC01D10132082344EAAB
:106B80000C0C5FFA8CF4002DDAD18EF80940012745
:106B900010249C42A04611F802C028BF9846A3EBDF
:106BA000080307FA08F6B8F1080FA4EB08044CFA3A
:106BB00003FC06F1FF36E4B206EA0C0618BF5FFAE2
:106BC00086FC13F0FF030CFA04FC01D10132082308
:106BD00045EA0C0C1FFA8CF5002CDAD1AEF80A50FD
:106BE000012710259D42A84611F802C028BF9846EB
:106BF000A3EB080307FA08F6B8F1080FA5EB0805A0
:106C00004CFA03FC06F1FF36EDB206EA0C0618BF9B
:106C10005FFA86FC13F0FF030CFA05FC01D1013288
:106C2000082344EA0C0C1FFA8CF4002DDAD1AEF8DC
:106C30000C40012710249C42A04611F802C028BF36
:106C40009846A3EB080307FA08F6B8F1080FA4EB7F
:106C500008044CFA03FC06F1FF36E4B206EA0C061F
:106C600018BF5FFA86FC13F0FF030CFA04FC01D195
:106C70000132082345EA0C0C1FFA8CF5002CDAD1FE
:106C8000AEF80E50012710259D42A84611F802C00B
:106C900028BF9846A3EB080307FA08F6B8F1080FD7
:106CA000A5EB08054CFA03FC06F1FF36EDB206EA47
:106CB0000C0618BF5FFA86FC13F0FF030CFA05FC04
:106CC00001D10132082344EA0C0C1FFA8CF4002D88
:106CD000DAD1AEF81040012710249C42A04611F8EA
:106CE00002C028BF9846A3EB080307FA08F6B8F1DC
:106CF000080FA4EB08044CFA03FC06F1FF36E4B2DB
:106D000006EA0C0618BF5FFA86FC13F0FF030CFAC4
:106D100004FC01D10132082345EA0C0C1FFA8CF562
:106D2000002CDAD1AEF81250012710259D42A8465A
:106D300011F802C028BF9846A3EB080307FA08F62B
:106D4000B8F1080FA5EB08054CFA03FC06F1FF3675
:106D5000EDB206EA0C0618BF5FFA86FC13F0FF03DB
:106D60000CFA05FC01D10132082344EA0C0C1FFA8D
:106D70008CF4002DDAD1AEF81440012710249C4287
:106D8000A04611F802C028BF9846A3EB080307FAF3
:106D900008F6B8F1080FA4EB08044CFA03FC06F15E
:106DA000FF36E4B206EA0C0618BF5FFA86FC13F061
:106DB000FF030CFA04FC01D10132082345EA0C0C54
:106DC0001FFA8CF5002CDAD1AEF8165001271025E9
:106DD0009D42A84611F802C028BF9846A3EB0803BD
:106DE00007FA08F6B8F1080FA5EB08054CFA03FC02
:106DF00006F1FF36EDB206EA0C0618BF5FFA86FC14
:106E000013F0FF030CFA05FC01D10132082344EA18
:106E10000C0C1FFA8CF4002DDAD1AEF818400127C3
:106E200010249C42A04611F802C028BF9846A3EB4C
:106E3000080307FA08F6B8F1080FA4EB08044CFAA7
:106E400003FC06F1FF36E4B206EA0C0618BF5FFA4F
:106E500086FC13F0FF030CFA04FC01D10132082375
:106E600045EA0C0C1FFA8CF5002CDAD1AEF81A505A
:106E7000012725460A249C42A04611F802C028BFDB
:106E80009846A3EB080307FA08F6B8F1080FA4EB3D
:106E900008044CFA03FC06F1FF36E4B206EA0C06DD
:106EA00018BF5FFA86FC13F0FF030CFA04FC01D153
:106EB0000132082345EA0C0C1FFA8CF5002CDAD1BC
:106EC000AEF81C5001270C259D42A84611F802C0BF
:106ED00028BF9846A3EB080307FA08F6B8F1080F95
:106EE000A5EB08054CFA03FC06F1FF36EDB206EA05
:106EF0000C0618BF5FFA86FC13F0FF030CFA05FCC2
:106F000001D10132082344EA0C0C1FFA8CF4002D45
:106F1000DAD1AEF81E40012708249C42A04611F8A1
:106F200002C028BF9846A3EB080307FA08F6B8F199
:106F3000080FA4EB08044CFA03FC06F1FF36E4B298
:106F400006EA0C0618BF5FFA86FC13F0FF030CFA82
:106F500004FC01D10132082345EA0C0C5FFA8CF5E0
:106F6000002CDAD18EF8205001270A259D42A84630
:106F700011F802C028BF9846A3EB080307FA08F6E9
:106F8000B8F1080FA5EB08054CFA03FC06F1FF3633
:106F9000EDB206EA0C0618BF5FFA86FC13F0FF0399
:106FA0000CFA05FC01D10132082344EA0C0C1FFA4B
:106FB0008CF4002DDAD1AEF8224007284AD8DFE859
:106FC00010F00800560298021402D2019001EE005F
:106FD0004C000027102501269D422C46885C28BFC6
:106FE0001C462D1B1B1B082CEDB240FA03F004D0ED
:106FF00006FA04F4013C2040C0B2A84013F0FF039D
:1070000040EA070001D10132082387B2002DE3D105
:10701000AEF82670102601279E423446885C28BFB1
:107020001C46361B1B1B082CF6B240FA03F004D09A
:1070300007FA04F4013C2040C0B2B04013F0FF0353
:1070400040EA050001D10132082385B2002EE3D1C8
:10705000AEF828500120BDE8F081082601279E42A5
:107060003446885C28BF1C46361B1B1B082CF6B216
:1070700040FA03F004D007FA04F4013C2040C0B207
:10708000B04013F0FF0340EA050001D101320823AC
:10709000C5B2002EE3D1082401278EF843509C424C
:1070A0002546885C28BF1D46641B5B1B082DE4B287
:1070B00040FA03F004D007FA05F5013D2840C0B2BC
:1070C000A04013F0FF0340EA060001D1013208237B
:1070D000C6B2002CE3D1082501278EF844609D42FA
:1070E0002E46885C28BF1E46AD1B9B1B082EEDB2AA
:1070F00040FA03F004D007FA06F6013E3040C0B271
:10710000A84013F0FF0340EA040001D10132082334
:10711000C4B2002DE3D18EF8454001270C249C42D7
:107120002646885C28BF1E46A41B9B1B082EE4B283
:1071300040FA03F004D007FA06F6013E3040C0B230
:10714000A04013F0FF0340EA050001D101320823FB
:1071500085B2002CE3D104260127AEF846509E42AA
:107160003546885C28BF1D46761B5B1B082DF6B292
:1071700040FA03F004D007FA05F5013D2840C0B2FB
:10718000B04013F0FF0340EA040001D101320823AC
:10719000C4B2002EE3D101208EF848405BE70826F8
:1071A00001279E423446885C28BF1C46361B1B1BA9
:1071B000082CF6B240FA03F004D007FA04F4013CBC
:1071C0002040C0B2B04013F0FF0340EA050001D1F7
:1071D00001320823C5B2002EE3D1082401278EF81E
:1071E0003E509C422546885C28BF1D46641B5B1BA5
:1071F000082DE4B240FA03F004D007FA05F5013D8A
:107200002840C0B2A04013F0FF0340EA060001D1BD
:1072100001320823C6B2002CE3D1082501278EF8DD
:107220003F609D422E46885C28BF1E46AD1B9B1BBF
:10723000082EEDB240FA03F004D007FA06F6013E3C
:107240003040C0B2A84013F0FF0340EA040001D16F
:1072500001320823C4B2002DE3D18EF8404001274B
:1072600008249C422646885C28BF1E46A41B9B1B04
:10727000082EE4B240FA03F004D007FA06F6013E05
:107280003040C0B2A04013F0FF0340EA050001D136
:1072900001320823C5B2002CE3D1082601278EF85D
:1072A00041509E423546885C28BF1D46761B5B1BBD
:1072B000082DF6B240FA03F004D007FA05F5013DB7
:1072C0002840C0B2B04013F0FF0340EA040001D1EF
:1072D00001320823C4B2002EE3D101208EF84240CF
:1072E000B9E60027102501269D422C46885C28BF60
:1072F0001C462D1B1B1B082CEDB240FA03F004D0DA
:1073000006FA04F4013C2040C0B2A84013F0FF0389
:1073100040EA070001D10132082387B2002DE3D1F2
:10732000AEF83A70102601279E423446885C28BF8A
:107330001C46361B1B1B082CF6B240FA03F004D087
:1073400007FA04F4013C2040C0B2B04013F0FF0340
:1073500040EA050001D10132082385B2002EE3D1B5
:10736000AEF83C5076E60027102501269D422C46BB
:10737000885C28BF1C462D1B1B1B082CEDB240FA55
:1073800003F004D006FA04F4013C2040C0B2A84047
:1073900013F0FF0340EA070001D10132082387B24E
:1073A000002DE3D1AEF83670102601279E423446F8
:1073B000885C28BF1C46361B1B1B082CF6B240FA03
:1073C00003F004D007FA04F4013C2040C0B2B040FE
:1073D00013F0FF0340EA050001D10132082385B212
:1073E000002EE3D1AEF8385034E6002710250126F0
:1073F0009D422C46885C28BF1C462D1B1B1B082C5D
:10740000EDB240FA03F004D006FA04F4013C204047
:10741000C0B2A84013F0FF0340EA070001D10132D7
:10742000082387B2002DE3D1AEF832701026012771
:107430009E423446885C28BF1C46361B1B1B082C0A
:10744000F6B240FA03F004D007FA04F4013C2040FD
:10745000C0B2B04013F0FF0340EA050001D1013291
:10746000082385B2002EE3D1AEF83450F2E50027B0
:10747000102501269D422C46885C28BF1C462D1BEA
:107480001B1B082CEDB240FA03F004D006FA04F4FA
:10749000013C2040C0B2A84013F0FF0340EA0700BF
:1074A00001D10132082387B2002DE3D1AEF82A7052
:1074B000102601279E423446885C28BF1C46361B96
:1074C0001B1B082CF6B240FA03F004D007FA04F4B0
:1074D000013C2040C0B2B04013F0FF0340EA050079
:1074E00001D10132082385B2002EE3D1AEF830502D
:1074F000B0E50027102501269D422C46885C28BF58
:107500001C462D1B1B1B082CEDB240FA03F004D0C7
:1075100006FA04F4013C2040C0B2A84013F0FF0377
:1075200040EA070001D10132082387B2002DE3D1E0
:10753000AEF82C70102601279E423446885C28BF86
:107540001C46361B1B1B082CF6B240FA03F004D075
:1075500007FA04F4013C2040C0B2B04013F0FF032E
:1075600040EA050001D10132082385B2002EE3D1A3
:10757000AEF82E506EE500BFB1F84620F1EE005A8D
:107580009FEDA95A0B4607EE102A9FEDA81ADFEDD2
:10759000A87AF2EE041AB8EEC77A10B52DED068B74
:1075A00091F8422087EE270AADF5A26D044606EE5B
:1075B000102A8A8E06EE902A91F84520B8EEC66A07
:1075C00002EE102A91F84420F8EEE66AC6EE059A1B
:1075D00004EE102A91F8432005EE102A91F841207C
:1075E00086EE818A06EE902A91F8402007EE102A56
:1075F00091F83F20B8EE422A06EE102AB8EE444A2F
:1076000091F83E20B8EE455A32EE672A00EE902AF5
:1076100034EE674A8A8FF8EEE66A35EE675A0AEE6C
:10762000102AB7EEC22A4A8F66EEA56AB7EEC44AA0
:1076300009EE102AB8EEC77A0A8FB8EEC66A91F83A
:107640004810F8EEE00A27EE257A429126EE256AE8
:1076500060EEA50AB8EE4AABB7EEC55AB7EEC88AD7
:107660008DED3E2B8DED3C4BB7EEE92AB7EEE64AA9
:10767000B7EEC66AB8EE499B8DED3A5B8DED382BBF
:107680008DED364B8DED2EABB7EEC75AD98E07EE8A
:10769000102A5A8EB7EEE04AB8EE472B07EE101AC2
:1076A000B7EEC00AA2F57A724FF480618DED326BAD
:1076B000B8EE476B8DED2A2B8DED286B8DED304BA1
:1076C0008DED345B8DED2C9B8DED268B2592594AEB
:1076D0008DED400B188E2490588B07EE100AB8EEF3
:1076E000C77A9FED4F3B87EE276A36EE676AB7EEA3
:1076F000C66A8DED146B988A07EE100AB8EEC77A49
:1077000087EE276A36EE676AB7EEC66A8DED0E6BB6
:10771000588C07EE100AB8EEC77A87EE016AB7EE0A
:10772000C66A8DED1C6B93F8200007EE100AB8EEC8
:10773000C77A87EE216AB7EEC66A8DED1A6BD88BD1
:1077400007EE100AB8EEC77A87EE276AB7EEC66A68
:107750008DED186B988B07EE100AB8EEC77A87EE9E
:10776000216AB7EEC66A8DED166B188B06EE900A8D
:10777000F8EEE66A86EEA77AB7EEC77A8DED127B51
:10778000D88A07EE900AF8EEE77A87EEA17AB7EE8C
:10779000C77A8DED107BD88D2390988D2290588DCF
:1077A0002190188D2090D88C1F9093F824001E9063
:1077B000588A0C90188A0B90B3F9060007EE100A4D
:1077C000B3F90400B8EEC77B87EE035B07EE100A3F
:1077D0005888B8EEC77B87EE036B07EE100AB8EE49
:1077E000477B8DED007BD8890A908DED045B8DED94
:1077F000026B9889099058890890587A0790187AEE
:10780000069044A81B8806F0B3F944A9204602F06C
:10781000A5FB20460DF5A26DBDEC068B10BD00BF8B
:1078200000000000006AE8400000484200007A447E
:107830000000C842900C00202DE9F041082A05897B
:1078400040F2D2430446104628BF08209D4282B031
:1078500057D0002A36D04FF0010C00254FF0080E0B
:10786000A67A8642324628BF0246082EA0EB0200C6
:107870000CFA02F3A6EB0207C0B203F1FF3303FADE
:1078800000F303EA010343FA00F303FA07F3DBB260
:1078900002D12668E768F555E668276817F806807C
:1078A00043EA0803BB55A37A9B1ADBB2A37223B940
:1078B000E36884F80AE00133E36023699B1A2361DB
:1078C0000028CDD1A369CBB1E268BAB1204650F807
:1078D000141B0A4400916946019298476368A27A92
:1078E000DB00236142B12368E2689A5C1A70236965
:1078F000A27A083B134423610023E36002B0BDE891
:10790000F0814B004D0803F0AA0305F055010B432D
:1079100099089B0001F0330103F0CC030B431909D4
:1079200041EA0311C0F10803C9B21941C9B290E795
:107930002DE9F041102A058940F2D2430446104651
:1079400028BF10209D4282B057D0002A36D04FF079
:10795000010C00254FF0080EA67A8642324628BF59
:107960000246082EA0EB02000CFA02F3A6EB020777
:10797000C0B203F1FF3303FA00F303EA010343FA51
:1079800000F303FA07F3DBB202D12668E768F55586
:10799000E668276817F8068043EA0803BB55A37A10
:1079A0009B1ADBB2A37223B9E36884F80AE00133BF
:1079B000E36023699B1A23610028CDD1A369CBB171
:1079C000E268BAB1204650F8141B0A440091694697
:1079D000019298476368A27ADB00236142B1236871
:1079E000E2689A5C1A702369A27A083B1344236107
:1079F0000023E36002B0BDE8F081114D45F255531C
:107A000003EA510305EA41014CF6CC450B4343F22E
:107A1000333101EA93019B001D4041EA050340F622
:107A20000F71084D01EA131105EA03139BB21943C4
:107A3000C0F1100349BA89B2194189B285E700BF84
:107A4000AAAAFFFFF0F0FFFF252A01D80020704707
:107A5000F0B50B4626278BB00446002118463A465F
:107A6000102507F0D5FB0426002141F2E1024FF476
:107A700096730570ADF814203246069107938DF881
:107A80001660CDE90307CDE9081103A894F8241086
:107A9000FFF7D2FE2A46218803A8FFF749FF2A46AE
:107AA000618803A8FFF744FF2A46A18803A8FFF7CF
:107AB0003FFF2A46E18803A8FFF73AFF3246217AC2
:107AC00003A8FFF7B9FE3246617A03A8FFF7B4FEB8
:107AD0002A46618903A8FFF72BFF2A46A18903A83C
:107AE000FFF726FF2A46E18903A8FFF721FF2A4670
:107AF000218A03A8FFF71CFF2A46618A03A8FFF723
:107B000017FF2A46A18A03A8FFF712FF2A46E18A37
:107B100003A8FFF70DFF2A46218B03A8FFF708FFF4
:107B20002A46618B03A8FFF703FF0A22A18B03A853
:107B3000FFF7FEFE0C22E18B0DEB0200FFF7F8FED3
:107B4000082294F8201003A8FFF776FE0A22618C21
:107B500003A8FFF7EDFE94F82430072B48D8DFE8A0
:107B600013F008003F011201E500B8008B006B0024
:107B70004A00E18C102203A80025FFF7D9FE10224D
:107B8000218D03A8FFF7D4FE082214469DF8163075
:107B90009342194628BF1146082BA2EB0102D2B22C
:107BA00004D1069B0398C5549DF816305B1A0698BD
:107BB000DBB201308DF8163013B906908DF81640FF
:107BC000079B5B1A0793002AE0D1099B83B1069AB1
:107BD00072B1039C01A908A82244CDE9014298474B
:107BE000049B9DF81620DB000793002A40F02581B6
:107BF00001200BB0F0BD082294F8431003A8FFF752
:107C00001BFE082294F8441003A8FFF715FE082273
:107C100094F8451003A8FFF70FFE0C22B4F84610A5
:107C20000DEB0200FFF784FE03A8042294F848102D
:107C3000FFF702FE0120DCE7082294F83E1003A8BB
:107C4000FFF7FAFD082294F83F1003A8FFF7F4FDB0
:107C5000082294F8401003A8FFF7EEFD082294F8DC
:107C6000411003A8FFF7E8FD03A8082294F842108A
:107C7000FFF7E2FD0120BCE7618F102203A8002579
:107C8000FFF756FE1022A18F03A8FFF751FE08222E
:107C900014469DF816309342194628BF1146082B0A
:107CA000A2EB0102D2B204D1069B0398C5549DF801
:107CB00016305B1A0698DBB201308DF8163013B916
:107CC00006908DF81640079B5B1A0793002AE0D1B7
:107CD0007BE7E18E102203A80025FFF729FE102282
:107CE000218F03A8FFF724FE082214469DF81630C2
:107CF0009342194628BF1146082BA2EB0102D2B2CB
:107D000004D1069B0398C5549DF816305B1A06985B
:107D1000DBB201308DF8163013B906908DF816409D
:107D2000079B5B1A0793002AE0D14EE7618E102271
:107D300003A80025FFF7FCFD1022A18E03A8FFF782
:107D4000F7FD082214469DF8163011469A4228BFC6
:107D50001946082BA2EB0102D2B204D1069B03986C
:107D6000C5549DF816305B1A0698DBB201308DF8C9
:107D7000163013B906908DF81640079B5B1A0793CF
:107D8000002AE0D121E7A18D102203A80025FFF7EA
:107D9000CFFD1022E18D03A8FFF7CAFD082214468B
:107DA0009DF8163011469A4228BF1946082BA2EBBF
:107DB0000102D2B204D1069B0398C5549DF8163037
:107DC0005B1A0698DBB201308DF8163013B90690B5
:107DD0008DF81640079B5B1A0793002AE0D1F4E662
:107DE000618D102203A80025FFF7A2FD1022218E2D
:107DF00003A8FFF79DFD082214469DF81630114692
:107E00009A4228BF1946082BA2EB0102D2B204D134
:107E1000069B0398C5549DF816305B1A0698DBB292
:107E200001308DF8163013B906908DF81640079B77
:107E30005B1A0793002AE0D1C7E6039B069A9A5C77
:107E40001A70D5E62DE9F041202A058940F2D24387
:107E50000446104628BF20209D4282B057D0002AF9
:107E600036D04FF0010C00254FF0080EA67A86425E
:107E7000324628BF0246082EA0EB02000CFA02F39D
:107E8000A6EB0207C0B203F1FF3303FA00F303EAE3
:107E9000010323FA00F303FA07F3DBB202D12668E9
:107EA000E768F555E668276817F8068043EA08038F
:107EB000BB55A37A9B1ADBB2A37223B9E36884F89B
:107EC0000AE00133E36023699B1A23610028CDD1C6
:107ED000A369CBB1E268BAB1204650F8141B0A443A
:107EE00000916946019298476368A27ADB0023619A
:107EF00042B12368E2689A5C1A702369A27A083B4F
:107F0000134423610023E36002B0BDE8F0814B0815
:107F1000490003F0553301F0AA3119438B08890059
:107F200003F0333301F0CC310B4319091B0101F08D
:107F30000F3103F0F0331943C0F1200309BAD940DF
:107F40008DE700BF292A01D800207047F0B50B4605
:107F50002A2789B00446002118463A46042607F02D
:107F600057F91025002141F2E1024FF4A673057084
:107F7000ADF80C202A4601900DEB06000491059304
:107F800002978DF80E60CDE906112188FFF7D0FC2D
:107F9000A17832460DEB0600FFF74EFCE1780DEBC1
:107FA00006000822FFF748FC2A46A1880DEB0600D0
:107FB000FFF7BEFCA17908220DEB0600FFF73CFCA1
:107FC000E17908220DEB0600FFF736FC217A082242
:107FD0000DEB0600FFF730FC617A07220DEB06007F
:107FE000FFF72AFCA17A07220DEB0600FFF724FC1D
:107FF000A18909220DEB0600FFF79AFCE18909220D
:108000000DEB0600FFF794FC218A0C220DEB060015
:10801000FFF78EFC618A0C220DEB0600FFF788FC4F
:10802000A18A0C220DEB0600FFF782FCE18A0C22EC
:108030000DEB0600FFF77CFC218B0C220DEB0600FC
:10804000FFF776FCE16915220DEB0600FFF7FAFE5B
:10805000216A0DEB06001622FFF7F4FE2A46A18CDA
:108060000DEB0600FFF764FC94F8261005220DEBDB
:108070000600FFF7E1FBA16A13220DEB0600FFF7F4
:10808000E1FE04F12F05E16A373419220DEB0600F9
:10809000FFF7D8FE15F8011F082201A8FFF7CCFB57
:1080A000A542F7D1012009B0F0BD00BF002340F286
:1080B000EE22C9B210B50446037580F82730C0E936
:1080C0000A3204F037FB012204F11F01204604F0BC
:1080D000B5FC204604F0AAFCFA2002F01DFB204665
:1080E00010BD00BF70B505460C4E10210C4805F1BF
:1080F0001E04263504F032F9202004F019F914F892
:10810000011F00231022304601F0D8FEA542F3D112
:108110000248BDE8704001F0A7BE00BF30890020D2
:10812000C009002010B5044607211F3004F02AFDC5
:1081300094F82630834201D1012010BD112104485A
:1081400004F00CF9034801F08FFE002010BD00BFC1
:10815000AC0900203089002010B5044608211630F3
:1081600004F010FDA37F834201D1012010BD1C212A
:10817000034804F0F3F8034801F076FE002010BD38
:10818000D40900203089002070B5054604F0ECFACF
:10819000284605F1150404F02BFC0022BE212846D8
:1081A00005F11E0604F0F0FB284604F011FC04F86B
:1081B000010FB442F8D12846FFF7CEFF48B195F938
:1081C0001720AB7D43EA022300EE103ABAEECE0A46
:1081D00070BD9FED010A70BD00C079C470B590F804
:1081E00027300446012B06D0022B25D073B1002383
:1081F00080F8273070BD1C4BD0E90A121B685B1A4F
:108200009342F7D3022380F8273070BD012580F810
:10821000275004F0A9FA204604F0EAFB20462A463B
:10822000442104F0B1FB104B40F2EE201B68A36226
:10823000BDE8704002F070BA0D460126FFF7A4FFBA
:10824000204685ED000A84F8276004F08DFA204668
:1082500004F0CEFB32464421204604F095FB024B4D
:108260001B68A36270BD00BFE8EC002070B50E462D
:1082700009490446154601F071FE41F2140000213F
:108280002044C4E9036501F069FE002104F5815032
:1082900001F064FE204670BD180A002010B50446A7
:1082A0000021007C02F08CFA04F5815001F0A4FE5C
:1082B00041F21400204401F09FFE204601F09CFE94
:1082C000204610BD0B4641F2140110B50446194476
:1082D00001F062FE204610BD10B5044601F5815143
:1082E00001F05AFE204610BD30B5054685B00C465B
:1082F000FAB9E16801A800230D2201F0F3FDE0685E
:108300000322154903685B689847E0680122134916
:1083100003685B68984701A9284601F059FE01A847
:1083200001F06AFE284605B030BDE06803685B696D
:108330009847E06803681B6998470028F5D1E06812
:108340000322054903685B689847E06801220349F6
:1083500003685B689847CCE7080A00200C0A0020F5
:108360002DE9F04F1546BBB00C46682200210646A9
:1083700006F04EFF2A46214601A8FFF7B5FF039BF2
:10838000002B00F03F8107AD0DF1E8092C46204697
:108390000C34002101F0E2FD4C45F8D12C2101A85C
:1083A00001F0D6FE00222C2101A801F013FF421C8F
:1083B000034600F0838004AC002200F1010801A90B
:1083C00020460DF1280B01F029FF214628460DF12A
:1083D000C40A01F055FE204601F00EFE42462C2153
:1083E00001A801F0F7FE5F460346B3F1FF3F4246A6
:1083F00001A9204603F1010860D001F00FFF2146DA
:1084000038460C3701F03CFE204601F0F5FD4246AF
:108410002C2101A801F0DEFE57450346E5D10123DA
:108420002846337001F024FF7060584601F026FFA3
:10843000B7EEC00A0DA886ED020B01F01FFFB7EEE4
:10844000C00A10A886ED040B01F018FFB7EEC00AB1
:1084500013A886ED060B01F011FFB7EEC00A16A8AF
:1084600086ED080B01F00AFFB7EEC00A19A886EDE9
:108470000A0B01F0FDFE30631CA801F0F9FE7063E9
:108480001FA801F0FBFEB7EEC00A22A886ED0E0B76
:1084900001F0F4FEB7EEC00A25A886ED100B01F03E
:1084A000E7FEB06428A801F0E3FEF0642BA801F019
:1084B000DFFE30652EA801F0DBFE706500222C2166
:1084C00001A801F087FE421C034600F0A28004AC24
:1084D000002200F1010801A920460DF1280B01F04E
:1084E0009DFE214628465F4601F0CAFD204601F068
:1084F00083FD42462C2101A801F06CFE0346B3F136
:10850000FF3F424601A9204603F1010800F08180A7
:1085100001F084FE214638460C3701F0B1FD2046BB
:1085200001F06AFD42462C2101A801F053FE4F459F
:108530000346E4D10123284637AC337001F098FE9E
:1085400003465846736001F099FEB7EEC00A0DA8C5
:1085500086ED020B01F092FEB7EEC00A10A886ED80
:10856000040B01F08BFEB7EEC00A13A886ED060BD4
:1085700001F084FEB7EEC00A16A886ED080B01F0E4
:108580007DFEB7EEC00A19A886ED0A0B01F070FE59
:1085900003461CA8336301F06BFE70631FA801F053
:1085A0006DFEB7EEC00A22A886ED0E0B01F066FE46
:1085B000B7EEC00A25A886ED100B01F059FE034660
:1085C00028A8B36401F054FEF0642BA801F050FE1B
:1085D00003462EA8336501F04BFE706531A801F00B
:1085E00047FE034634A8B36501F042FEF06520461D
:1085F00001F03EFE3066204601F0FEFCAC42A4F1E4
:108600000C0407D101A801F0F7FC30463BB0BDE8EF
:10861000F08F37AC204601F0EFFCAC42A4F10C0423
:10862000F8D1EFE7F8B516680C460546CF68D6B125
:10863000304607F025FC3B680246314638465B6809
:108640009847E0680122094903685B689847E06839
:108650000368DB689847284600230D22E16801F093
:1086600041FC2846F8BD024EE2E700BF0C0A00209C
:10867000B08700202DE9F0430446C06887B000228F
:1086800003684DF67C510226524FDB6998474FF440
:108690009673E0684FF4006204F11401836001F006
:1086A000F3F94FF4006204F61401E06801F006FAF1
:1086B0000121207C02F0C0F80021207C02F080F82B
:1086C000642002F029F80121207C02F079F84FF4AF
:1086D0007A7002F021F800230D22E168684601F06B
:1086E00001FC394603A801F039FC03A9684601F0F2
:1086F00083FD054603A801F07FFC013568465ED185
:1087000001F07AFC012E04D055E0E06803685B6953
:108710009847E06803681B6998470028F5D104F57D
:1087200081560227DFF8B8904FF47A70DFF8B480F2
:1087300001F0F2FF494603A801F010FC03AA21460C
:108740006846FFF76FFF03A801F056FC6946304604
:1087500001F096FC684601F04FFC414603A801F089
:10876000FDFB03A9304601F047FD054603A801F0D3
:1087700043FC013506D1012F04D01EE0E0680368F8
:108780005B699847E06803681B6998470028F5D142
:10879000E0680322104903685B689847E06801229B
:1087A0000E4903685B689847E0680368DB6807B0B8
:1087B000BDE8F043184701268DE70127BAE741F2EB
:1087C00014006946204401F053FC684601F014FC93
:1087D0009FE700BF100A0020080A00200C0A0020B2
:1087E000040A00206C0700204E2100224FF0300CBC
:1087F00080F8361002210280828082600273028239
:10880000426102768283026280F824200285C2627D
:1088100080F8302080F834C082870264A0F84C20B1
:108820000265A0F85C204266A0F86C204267A0F8C0
:108830007C20C0F88420A0F88C20C0F89420A0F8F8
:108840009C20C0F8A42080F8BD10A0F8BE2080F8BD
:10885000C020C0E93122C0E93322C0E93522A0F8A6
:10886000AC2080F8AE20704738B5057804462D2D31
:1088700008BF0134204604F0A9FC6422237802FBDF
:1088800000F0A3F13002092A05D814F8013FA3F142
:108890003002092AF9D92E2B03D02D2D08BF4042D2
:1088A00038BD6378303B092BF7D8A27803EB8303FC
:1088B000303A00EB4300092A98BF80182D2D08BFDD
:1088C000404238BD70B50D46044604F07FFC1B4B9A
:1088D0006422A3FB00135B0902FB13002B802278A8
:1088E000174BA2F1300100FB03F3092905D814F856
:1088F000012FA2F130010929F9D92E2A0AD003EB60
:108900008303104A002101332972A2FB03235B0871
:108910006B6070BD60780134A0F130010929EED898
:10892000074A094EA6FB020214F8010FD20802FB07
:108930000133A0F130010929F4D9E0E71F85EB519B
:1089400080969800ABAAAAAACDCCCCCC2DE9F04158
:1089500090F8AD60044656B390F8AE30A3F14102F2
:10896000052A6FD9A3F16102052A94BF573B303B1A
:1089700094F8AF201B01A2F14101DBB2052940F2BE
:10898000F980A2F16101052994BF573A303A1344A6
:1089900094F8AC20DBB29A4200F0B680D4F8D43020
:1089A00000260133C4F8D4303046BDE8F08190F899
:1089B000BE3033B390F8BD20022A03D090F8AE1039
:1089C000002941D1D4F8C850002DEDD02B4604F138
:1089D000AE0704E02D6B002DE6D0D4F8C830996ABC
:1089E000A86A07F041F80028DED1EA6A94F8BE30A0
:1089F0009A42D9DCEED10F223946284606F006FD10
:108A0000E8E790F8AE30472B00F0CB800223D4F893
:108A1000C45084F8BD30C4F8C850002DC4D004F14F
:108A2000AE0704E02D6BC4F8C850002DBCD0A86A76
:108A3000394607F019F80028F4DBB5D00023C4F854
:108A4000C830B1E7373B93E743EA4213013B2B2B96
:108A5000B8D801A252F823F0E16C0000D56C0000F8
:108A6000C56C0000B96C0000A96C0000F76C000038
:108A7000EB6C0000496D00003D6D0000056A0000D0
:108A8000056A0000056A0000056A0000056A00002A
:108A9000056A0000056A0000056A0000056A00001A
:108AA000056A0000056A0000056A0000056A00000A
:108AB000056A0000056A0000056A0000056A0000FA
:108AC000056A0000056A0000056A0000056A0000EA
:108AD000056A0000056A0000E16C00002D6D0000D1
:108AE000D56C0000C56C0000B96C0000A96C0000DA
:108AF000236D0000196D00000F6D0000056A000075
:108B0000056A0000096D0000D4F8D83094F8C02040
:108B10000133C4F8D8307AB3D4F8D03094F8BD20FB
:108B20000133C4F8D030002A00F0FD80012A4BD078
:108B3000D4F8C850002D3FF437AF2B46DFF8408201
:108B400040F201170BE007F0F9F8D8F80030AF84D5
:108B50002B622D6B002D3FF427AFD4F8C830996AF3
:108B6000A86A06F081FF0346294605F11000002B94
:108B7000E9D019E7373A0AE794F8BD30002B57D00F
:108B8000012BD5D140F201127D4B616CA287A4F874
:108B90004C202164626D19681B68A1642265A3657D
:108BA000C6E790F8AF10774806F084FB00283FF442
:108BB0002DAF04F1B0057449284606F055FF002892
:108BC00040F0A880012322E76D4A40F20113616C56
:108BD000206A21641168A060A164616DE06A21656A
:108BE0001168A387A165E169A4F84C30616094F82D
:108BF000241060612173A16A216194F830102176FC
:108C000094F8351084F8341094F8371084F836103E
:108C100011682380A163A16E616611682166A16F4E
:108C20001268A4F85C30A4F86C30C4E91C217FE71A
:108C3000534B40F20110626D1968A4F84C00A16515
:108C40002265186840F201121B68D4F89810C4F825
:108C5000A030D4F8A830A4F88C20A4F89C20C4F844
:108C6000A430C4E9240163E7A1F15701B1FA81F10D
:108C7000490980F83010A5E600F12801AE30FFF771
:108C800021FE9FE6A1F15301B1FA81F1490980F873
:108C9000241097E600F11C01AE30FFF713FE91E6B9
:108CA000AE30FFF7E1FD60658CE6AE3004F08EFA81
:108CB000C4F8980086E6302980F8351094BF002368
:108CC000012380F8C0307DE680F837107AE6AE30B8
:108CD00004F07CFA606475E6AE30FFF7C5FDA0676E
:108CE00070E6AE30FFF7C0FDA0666BE6A1F1410172
:108CF000B1FA81F1490980F8C01063E6AE30FFF7A0
:108D0000B3FDC4F888005DE6AE30FFF7ADFDC4F8F2
:108D1000A80057E61D49284606F0A6FE003818BFF1
:108D20000120430073E6164B40F20112616DA4F876
:108D30004C2021651968A4F87C20A165E169616077
:108D400094F824102173A16A216194F830102176DF
:108D500094F8351084F8341094F8371084F83610ED
:108D600019682280D4F88820A163C4F884201A6886
:108D7000C4F88020226AA260E26A626161E700BFF3
:108D8000E8EC0020F4090020FC090020000A002083
:108D900038B5D0F8CC30A1F10A0204460D460133B3
:108DA000C0F8CC30222A2ED8DFE802F0182D2D187A
:108DB0002D2D2D2D2D2D2D2D2D2D2D2D2D2D2D2DE3
:108DC0002D2D2D2D2D2D412D2D2D2D2D182D12001C
:108DD00090F8AC3083F02C0380F8AC3094F8BF30BE
:108DE0000E2B30D90020A5F12A0194F8BE300022C4
:108DF000B1FA81F1013384F8BF20490984F8BE300B
:108E000084F8AD1038BD90F8BF300D2B05D85A1C32
:108E1000034480F8BF2083F8AE1094F8AD00D0B9B9
:108E200094F8AC3085EA030184F8AC1038BD002317
:108E300002221846A4F8AC3084F8BD20A4F8BE3055
:108E400084F8C03038BD23440022204683F8AE2089
:108E5000FFF77CFDC7E7002038BD00BF0000000021
:108E600090ED026A00228388B8EE466B427007EEEE
:108E7000103A037B9FED065BB8EEC77B86EE050BD1
:108E800030EE070B0BB1B1EE400B7047AFF3008033
:108E90000000000065CDCD4190ED056A0022038AF7
:108EA000B8EE466B427007EE103A037E9FED065B0C
:108EB000B8EEC77B86EE050B30EE070B0BB1B1EEBB
:108EC000400B7047AFF300800000000065CDCD413E
:108ED0000020704700B5036883B08C4601220DF175
:108EE00007015B688DF807C0984703B05DF804FB85
:108EF000704700BF30B482B00C4602AB03E90600F5
:108F0000C37C002B30D072B6C37CDA0708D54FF093
:108F1000E0214569D1F880212A408262C1F8802190
:108F20009D0708D54FF0E0218569D1F884212A40BA
:108F3000C262C1F88421590708D54FF0E021C56904
:108F4000D1F888212A400263C1F888211A0708D580
:108F50004FF0E021056AD1F88C212A404263C1F824
:108F60008C21DB062FD462B683689C4235D0224B1D
:108F700084609B69214AC3F30111C3F3826352F8F1
:108F800021100133B1FBF3F2CCB1944227D8B2FBEC
:108F9000F4F3B2FBF3F294422CD3B3F5817F20D3E8
:108FA000174CC460036803220020019918615A62BB
:108FB00001221C6419661A6102B030BC70479942E4
:108FC000EFD3531CE9E74FF0E022416AD2F8903129
:108FD0000B408363C2F89031C5E7C468E2E7002420
:108FE000DFE7022BFBD9023B5A08140244EA024491
:108FF0001C43D6E71A46E4E700C00F40BC0F002030
:10900000FF7F7F00F8B504460F46007F002116461B
:1090100001F0D6FB04F11003A06993E80600FFF706
:1090200069FFA5692B685F66D96D11F4F81FFBD045
:109030005A6F5E66DA6D12F4F81FFBD05E6FEB7C40
:10904000F6B213B3DF0704D5A96A4FF0E022C2F8E5
:109050000011980704D5E96A4FF0E022C2F8041124
:10906000590704D5296B4FF0E022C2F808111A07FE
:1090700004D5696B4FF0E022C2F80C11DB0604D571
:10908000AA6B4FF0E023C3F81021207F012101F0EB
:1090900097FB3046F8BD00BF10B5044600221321EF
:1090A000FFF7B0FFE36AC01A10BD00BF10B5044659
:1090B00061B1836B1BB14022C021FFF7A3FF832264
:1090C00081212046FFF79EFF012010BD83228121D0
:1090D000FFF798FF01E003F0BFF9002212212046BC
:1090E000FFF790FF0307F6D5082292212046FFF7ED
:1090F00089FF012010BD00BF10B5002201210446E8
:10910000FFF780FF00F00303032B10D00022122191
:109110002046FFF777FF10F0080301D1184610BD75
:10912000082292212046FFF76DFF002010BD01208C
:1091300010BD00BF2DE9F04117460C460022222148
:109140000546FFF75FFF00EB0708B8F1FF0F03D9F3
:10915000C0F1FF074FF0FF084FB1013CE61914F8CA
:10916000012F80212846FFF74DFFB442F7D15FFA67
:1091700088F2A2212846FFF745FF3846BDE8F08176
:1091800003680D4A1B69934210B504460FD10022B3
:109190001321FFF737FFE36AC01A50B1E36A0022D8
:1091A000204601331146E362FFF72CFF10BD9847BC
:1091B000F3E74FF0FF3010BDD970000038B50368F9
:1091C0000446114A1B69934219D100221321FFF76B
:1091D00019FFE36AC01AA0B100220D212046FFF753
:1091E00011FF0022054620461146FFF70BFF2A46D5
:1091F00005468D212046FFF705FF284638BD9847D4
:10920000E9E74FF0FF3038BDD970000070B500229B
:109210001D210446FFF7F6FEC0F30710092823D8E6
:109220001B4B00221E2153F820602046FFF7EAFE68
:109230000546002226212046C5F30715FFF7E2FE6A
:1092400001230246AB4096FBF3F64FF47A7393FB8F
:10925000F6F3102B13DD40F00800A621C2B2204621
:10926000BDE87040FFF7CEBE00221E212046FFF76A
:10927000C9FE002226212046FFF7C4FE02462046F2
:1092800002F0F702A621BDE87040FFF7BBBE00BFA9
:10929000A4030020052938B5054626DD0C2921DC6C
:1092A000062922D009014CB2C322B1212846FFF77A
:1092B000A9FE0A22B7212846FFF7A4FE00221E219C
:1092C0002846FFF79FFE03469E21284603F00F0322
:1092D00044EA0302D2B2FFF795FE2846BDE83840C3
:1092E000FFF794BF6FF03F04DEE7C522B1212846A7
:1092F0006024FFF787FE0C22B7212846FFF782FE85
:10930000DCE700BF38B541F678630446994205DDD5
:1093100042F6A003994216DC102500E00025002249
:109320001D212046FFF76EFE03469D21204603F0D7
:109330000F0345EA0302D2B2FFF764FE2046BDE800
:109340003840FFF763BF43F6F04399421ADD45F218
:109350004013994218DD47F61223994216DD4AF26E
:10936000E423994214DD4FF22443994212DD0B4B62
:10937000994211DD0A4B9942D4BF6FF07F056FF01F
:109380006F05CCE72025CAE73025C8E74025C6E7AA
:109390005025C4E76025C2E77025C0E748E8010012
:1093A00090D0030038B504460D46007F012101F03E
:1093B00043FA207F012101F003FA206A431C13D0F5
:1093C0000121C0B201F038FA002194F8200001F028
:1093D000F7F90A2001F0A0F994F82000012101F02A
:1093E000EFF90A2001F098F9A06903F04FFC002280
:1093F00042212046FFF706FE122801D0002038BD8A
:10940000802281212046FFF7FDFD0023E917A56298
:10941000254AE804C90441EA553103F051FD0546E7
:1094200086212046C5F30742FFF7ECFDC5F307226E
:1094300087212046FFF7E6FD8821EAB22046FFF7A4
:10944000E1FD00228E212046FFF7DCFD00228F2166
:109450002046FFF7D7FD00220C212046FFF7D2FD62
:1094600002468C21204642F00302D2B2FFF7CAFD29
:109470000422A6212046FFF7C5FD8422CD212046E7
:10948000FFF7C0FD2B228B212046FFF7BBFD8F226B
:1094900089212046FFF7B6FD812220461146FFF7BD
:1094A000B1FD012038BD00BF0048E80170B5044699
:1094B0000E46FFF721FE08B1002070BD812205464F
:1094C00020461146FFF79EFDD6B101232A461D21F5
:1094D00020462363FFF796FD02469D21204642F079
:1094E0000102D2B2FFF78EFD00228D212046FFF748
:1094F00089FD0022A2212046FFF784FD012070BDD6
:1095000032461D2120462663FFF77CFD02469D2141
:10951000204602F0FE02FFF775FDE5E70D4B072040
:109520000D49002210B40D4C19610D491C600A242C
:109530001A735A609A60C3E9050109200221C3E940
:109540000740C3E909125DF8044BC3E90B22C3E9E4
:109550000D2270479898002000127A00A00F00207A
:10956000E08800200B4BD3F83022120A0270D3F8A7
:1095700030224270D3F82022120E8270D3F82022BB
:10958000120CC270D3F82022120A0271D3F82032D2
:109590004371704700441F4010B590B0044602A8C4
:1095A000FFF7E0FFBDF80C30074A04A85BBA009152
:1095B00030219BB204F0DCFA04A9204600F0CEFC76
:1095C000204610B010BD00BF640700200120704786
:1095D000B0F84630B0F848209BB292B2934202D223
:1095E000013AD01A7047416B01390A44D01A7047CA
:1095F000016972B6B0F84A20B0F84C3092B29BB212
:109600009A423CBF806B1218C86AD31A62B6C0F384
:1096100002601844704700BFB0F84A100246B0F824
:109620004C3089B29BB2994210B4046914D0013312
:10963000906B116B984298BF0023994206D85B1A31
:10964000526AD05CC0B25DF8044B7047126A5DF894
:10965000044BD05CC0B2704772B6B0F84A0080B21A
:10966000814201D062B6E2E7E36A13F0E06F03D112
:109670004FF0FF3062B6E6E7E36901200024116A8B
:10968000A2F84A00C3F30900DBB2A2F84C404B70C9
:10969000F0E700BFB0F84A100246B0F84C3089B28B
:1096A0009BB2994230B4046925D00133946B9C423B
:1096B00016D9106B1FFA83FC984217D9106AC05C48
:1096C000C0B2956DA2F84CC045B199421CD3CB1ADB
:1096D000D16B994202D3D36DC5F8883030BC704746
:1096E0004FF0000C106B63469842E7D8181A556A81
:1096F000285CC0B2E5E7084672B6B2F84A1089B2F3
:10970000884204D062B6D0E70C44E31AE0E7E36A8B
:1097100013F0E06F03D14FF0FF3062B6DEE7E0698F
:10972000C0F30900F9E700BF90F8443043B110B529
:10973000044602F091FE94F84430002BF9D110BD9C
:10974000704700BF38B5D0E90453D3E90312096864
:10975000114228D090F84420044632B102F07CFE39
:1097600094F84430002BF9D1636900210E4AA961B5
:10977000207E03EB0010007D02EB00104568052001
:109780002860657E03EB051393F8343002EB031277
:10979000A36D52681060A4F84A10A4F84C1013B1DD
:1097A000E26DC3F8842038BD247E002007EE901AB5
:1097B0009FED9A7A0421B6EE005AF8EE677A9FED93
:1097C000986A41F6FF7CC7EE275A2DE9F0478E468E
:1097D0000569012407EE901AF8EEE77A85EEA77A7C
:1097E00077EE057AFDEEE77A17EE903A6345A8BF6B
:1097F0006346012BB8BF012307EE903AF8EEE76A03
:1098000076EEC76AC6EE877AF5EEC07AF1EE10FA08
:1098100048BFF1EE677AF4EEC67AF1EE10FA03D89B
:10982000B0EE676A8E461C4601312129D2D1002153
:10983000436902F40076A0F84A10B3F85AC08E4289
:10984000A0F84C10B3F85860A0F84610A0F84810E3
:1098500080F84410816BDF68A1EB0606A1EB0C01D8
:10986000C0E90F6139681E6941EA0601396014BF19
:1098700001210021817640F0AC80017E694E03EB2E
:109880000118DFF8C09198F81470D8F81CA006EB06
:109890000717B968C1F800907968D8F818700F6098
:1098A000BAF1000F03D0D8F82010CAF80010477E94
:1098B000D92103EB071898F834C006EB0C1CDCF830
:1098C00008703960DCF80410D8F838700F60417EF9
:1098D00003EB0111CF6B0FB1096C39600EF1FF3151
:1098E000BEF1080F4FEA0161CCBF4FF0000E4FF000
:1098F000010E01F0F85144EA4E4421435C682961AD
:10990000597801F110030021E960474941F82340EB
:1099100041694FF0010E454C02F0030C4F7891F86D
:109920005610434B39554FF002174469617803EBE9
:10993000511301F01F019B000EFA01F11960EF6253
:10994000AB6A43F08803AB6253073ED44CF4701308
:1099500002F00F01042908BF43F0804397062ED57B
:10996000817E43F0805300293AD11607AB6103D5BD
:109970002B6943F000532B616B69D10623F08053B0
:1099800048BF43F080536B61D30503D52B6943F483
:1099900000532B61A36883B1264E3478002C3AD053
:1099A000611E254DC9B22B1F05EB810101E09942D3
:1099B00025D053F8042F9042F9D1BDE8F087817E7D
:1099C0000029D2D043F0A003CFE71C4B4CEA03039D
:1099D000BEE7477E4FF2D901124E03EB07186AE744
:1099E000417E43F0A00304EB011191F8341006EB23
:1099F0000116B668316821F440413160B5E7631C57
:109A0000DBB20F4A3370137845F8240043F00203A9
:109A10001370BDE8F0870123074DF2E7001BB74B39
:109A2000EC78AD60247E00200094002000E400E08B
:109A3000403800381BED0020B4E7002010003C0047
:109A40002BED002038F00100EFF31380B8B9EFF3ED
:109A500010834BB9EFF305823AB94FF48073EFF3FB
:109A6000118050B1984208D270470F2AF7D9054BA0
:109A70009B5CEFF311800028F4D1184670474FF03B
:109A8000FF30F1E7F0E300E010B4416299B1036BFD
:109A90001A44446900218263B4F85830B4F85A403B
:109AA000D31AA0F84A10121BA0F84C105DF8044B12
:109AB000C0E90F327047026BEBE700BF816241B132
:109AC000C36A1A4400234263A0F84630A0F8483025
:109AD0007047C26AF6E700BF036D2DE9F041044606
:109AE0000F46066913B1426DC3F88420A37E2BB1E3
:109AF00072B6B36943F00053B36162B6B4F846502E
:109B0000636BADB20135AB424CD84FF0000845460F
:109B1000B4F848309BB29D4219D028E073691B020B
:109B200010D5B4F84830626B9BB201339A4236D9F3
:109B30009AB2E16A99422DD9E169CB5CDBB2F3615B
:109B4000A4F84820B4F848309BB2AB420FD1FFF7DD
:109B50007BFF6369B3F856308342DFDAFF28F1DD1B
:109B600002F07AFCB4F848309BB2AB42EFD0E36A23
:109B7000AB421AD9FFB2E3695F5572B6012084F88F
:109B80004400A4F84680B36943F40003B36162B6AD
:109B9000BDE8F0815B1AA16ACB5CDBB2CFE70022A3
:109BA0001346C6E71FFA85F8B2E7ED1AFFB2A36ABB
:109BB0005F55E2E7FFF790BF0269536913F4401F56
:109BC00070B543D0D36A13F0E06FC3F3026E3AD09E
:109BD000B0F84A50B0F84C60ADB2B6B207E0016AD6
:109BE00001F803C00EF1FF3313F0FF0E1DD0D16951
:109BF0006B1C846BB0F84CC0C1F309019C4298BF48
:109C000000231FFA8CFC9C45ECD0046B5FFA81FCAE
:109C10001D469C42A3EB0404E1D8436A03F804C048
:109C20000EF1FF3313F0FF0EE1D1ABB2A0F84A30D2
:109C3000836D43B1B54254D3AD1B016CA94202D828
:109C4000C16DC3F884105369D90245D496693302B3
:109C500028D553691D0225D5B0F84650B0F84830D4
:109C6000ADB29BB206E0C169C95CC9B2D161D16A2B
:109C70004C0512D4AB4238D0446B0133C16A9C42CC
:109C800098BF00239942A3EB0104ECD8816A095DD7
:109C9000C9B2D161D16A4C05ECD599B2AB42A0F8FA
:109CA000481025D0710216D553695B0213D50021E7
:109CB000036D80F8441013B1416DC3F88810837EA2
:109CC0002BB172B6936923F00053936162B6936926
:109CD00023F48003936170BD536943F4801353618F
:109CE000B4E7816B891B0D44A7E79BB2A0F848300D
:109CF000936923F400039361936943F480039361B0
:109D0000D0E700BF0148FFF757BF00BF40890020E0
:109D10000148FFF751BF00BFA08900200148FFF7AD
:109D20004BBF00BF008A00200148FFF745BF00BFBE
:109D3000608A00200148FFF73FBF00BFC08A0020B3
:109D40000148FFF739BF00BF208B0020012A70B502
:109D500008BF0A228AB091B34FF0210E01E05FFAEA
:109D600086FE0EF1FF36B1FBF2F502FB15145FFA29
:109D700084FC092C0CF137040CF1300C98BF5FFA0D
:109D80008CF40EF1280C88BFE4B29142EC442946D1
:109D90000CF8244CE3D24BB10EF1FF3E2D225FFABA
:109DA0008EFE0EF128036B4403F8242C036801A9EE
:109DB000CEF122025B68714498470AB070BD302230
:109DC0004FF0210E8DF82520E5E700BF2DE9F04189
:109DD0000C46D1B1EAB180468E1800250E4F04E042
:109DE00002F0A6FAB44205440CD0D8F8003014F8BA
:109DF000010B1B68BB42F3D0014640469847B44272
:109E00000544F2D12846BDE8F0810D462846BDE85C
:109E1000F0811546F6E700BFDD2900002DE9F0418D
:109E20008C688AB0DCB10025884606462F462B4652
:109E3000212201A9404600F0B1F9202C22463368C6
:109E400028BF202201A930465B68A41A1544984710
:109E50000744002CEBD138460AB0BDE8F081274614
:109E600038460AB0BDE8F08100B5036883B040F61B
:109E70000D2C022201A95B68ADF804C0984703B01D
:109E80005DF804FB054B022888BF034610B41C682C
:109E9000184663685DF8044B184700BF30890020FE
:109EA0000EB400B582B003AA52F8041B019205F06B
:109EB00001F902B05DF804EB03B070475AB90368CA
:109EC000C9B2074A1B68934200B506D108465DF83F
:109ED00004EB02F02DBAFFF739BF5DF804EB184729
:109EE000DD2900002DE9F84F00278B468146924678
:109EF000394603F1FF38174C174E00F02FF825684C
:109F00000BE002F005FA002810DA02F0A5FA236847
:109F1000DBF808205B1B934215D2DBF800305B694D
:109F2000B342EED0584698470028EEDB08D0824571
:109F300006D00137C1B2484600F00AF94745DED9DC
:109F40004846BDE8F88F012348468BF80C30BDE841
:109F5000F88F00BFE8EC0020D5290000F8B50026F6
:109F60000446C0E90066866029B108460D4605F042
:109F700087FF074608B92046F8BD013003F034F9E1
:109F80000028F8D0294606702060C4E9017705F062
:109F9000D5FE2046F8BD00BFF8B588424FF0000559
:109FA00004468560C0E9005502D08E680F680EB97E
:109FB0002046F8BD701C03F017F90028F8D0394688
:109FC00005702060C4E9016605F0B8FE2046F8BDC2
:109FD00000238842C0E9003383600CD010B4D1E97B
:109FE0000042C1E90033C0E900428A685DF8044BD1
:109FF0008B6082607047704710B50446006803F0BC
:10A00000FBF8204610BD00BFF8B50446154632B92E
:10A01000036803B11A7000232046A360F8BD4368AB
:10A020000E469A421CD9511C006803F0A9FB074652
:10A0300060B1A368C4E900050BB903702768314615
:10A040003846A56005F07AFE2046F8BD206810B1BC
:10A0500003F0D2F8276000232046C4E90133F8BD9D
:10A0600007683146A560384605F068FEECE700BF9A
:10A07000814203D08A680968FFF7C6BF704700BFF6
:10A08000884238B505460ED000680C4608B103F08A
:10A09000B3F8A0680023D4E90012A860C5E9001253
:10A0A000C4E90033A360284638BD00BF38B5054673
:10A0B0000C4649B1084605F0E3FE21460246284613
:10A0C000FFF7A2FF284638BD2846A96038BD00BF6B
:10A0D0002DE9F843044600680D4616468842A368F9
:10A0E00009D8C218914206D20F1A4FF0010936B9A9
:10A0F0002046BDE8F8834FF00009002EF8D003EBAE
:10A100000608626890450CD908F1010103F038FB9C
:10A110000028EDD0A368C4E9000813B903702068D3
:10A12000A368B9F1000F08D12946184405F006FECE
:10A130002046C4F80880BDE8F8833246C1191844A7
:10A1400000F0C6FD2368002203F80820F0E700BFF6
:10A1500010B582B00023044601228DF8041001A935
:10A160008DF80530FFF7B4FF204602B010BD00BFE8
:10A1700010B504468A680968FFF7AAFF204610BD9B
:10A1800083688B4203D9006808B108447047024BCA
:10A19000002218461A7070471DED0020C2B170B53C
:10A1A000B1FA81F60C46760919B185689D4201D84D
:10A1B0000E7070BDED1A02F1FF3C01682046654546
:10A1C000194428BF65462A4605F020F9665570BD3A
:10A1D000704700BF8368934207D910B50468A01880
:10A1E00005F068F820B1001B10BD4FF0FF3070473C
:10A1F0004FF0FF3010BD00BF836843B1096810B550
:10A200000468204605F000FB20B1001B10BD4FF094
:10A21000FF3070474FF0FF3010BD00BF9A422DE96C
:10A22000F04105460E4602D911461A460B4600215A
:10A23000A960B7689742C5E9001114D39F4228BFAF
:10A240001F46336813F80780D95533689C180DD022
:10A25000204605F015FE214602462846FFF7D4FEAB
:10A26000336803F807802846BDE8F081AC60F8E762
:10A27000006808B102F0AABF704700BF006810B1C3
:10A28000002104F009BC9FED010A704700000000A6
:10A290002A2849D8F8B5254F04463B78E3B9244B22
:10A2A0001B5DFF2B29D0234A02EB041291680A6838
:10A2B00002F44050B0F5805F30D01C061FD41E4C15
:10A2C0002360236AD80704D402F0C6F8236AD907AA
:10A2D000FAD5194B586AF8BD174D184E01E002F037
:10A2E000BBF8AB6C1B06FAD4B36C13F08003F6D149
:10A2F0003B700F4B1B5DFF2BD5D10020F8BD0F4CE1
:10A3000003F07F032360236ADA0704D402F0A4F881
:10A31000236ADB07FAD5094B586AF8BD22F480524C
:10A320001C060A60EBD4CAE7002070471EED00202F
:10A33000EC830020247E002000400C4000800C4074
:10A34000082830B422D00A280CBF4FF405714FF40E
:10A350004671104C104D636C626C2B400F4802F03C
:10A3600003021A43636C03F0E00313430B4363647B
:10A37000436C426C2B4002F003021A43436C03F01F
:10A38000E0031343194330BC416470474FF44071FC
:10A39000DFE700BF00400C4000FCFFFF00800C40E6
:10A3A00010B41F4C1F281F49A36C23F02003A36483
:10A3B000626C8B6C22F4404223F020038B644B6C64
:10A3C00023F4404312D942F4404243F440436264D0
:10A3D0004B641349134A8B6C5DF8044B43F0200324
:10A3E0008B64936C43F02003936470470F2808D963
:10A3F00042F4004243F4004309480A4942644B6472
:10A40000E7E7072804D942F4804243F48043F3E7A6
:10A41000032862644B64DCD85DF8044B704700BFCE
:10A4200000400C4000800C40A249A34B88422DE91B
:10A43000F047A24C5E699A69D4F80C801BD9A04BF6
:10A44000984240F20281C31A9E491B0AA1FB0313E2
:10A4500040F22761DB0903EB830303EB830303F281
:10A46000E2438B4228BF0B46A3F54877964BA3FBEC
:10A470000737FF0804E0954FB8428CBF0E27062728
:10A480008D4908F01F09D1F88030B94543F0C00369
:10A49000C1F880300CD228F01F08A1F5F82148EA55
:10A4A0000708C1F80C800B68002BFCDA08F01F09C4
:10A4B00016F0007324D186490C698649A14300F047
:10A4C000EA8082F4805134464FF4805514F0605F86
:10A4D00004D026F060561E43774B5E6111F4405F56
:10A4E00007D022F4405274492A438A618B6C1A07C0
:10A4F000FCD446F00076704A5661936C9B06FCD4FF
:10A50000754CA04200F2CE804FF0010C014663462C
:10A5100003FB011203F1010E0CF10105A24218D850
:10A52000BEF1080F4FF0010340F08D80BCF1040F25
:10A5300000F291800A18A24200F2A48005FB00F10B
:10A54000AC4603F1010E03FB01120CF10105A2421E
:10A55000E6D90CF1FF318C0286EA81215F48104474
:10A560005F4A90427FD9DFF8A4A16C225D48584D24
:10A57000B0FBFEF0D5F800E0B0FBFCF0DFF890C1D6
:10A580000EEA0C0CD44509D042F400524FF4805C22
:10A59000C5F800C02A602A68002AFCDA464A156914
:10A5A00005F007059D4203D01361936CDD03FCD4D5
:10A5B00011F4E05F09D026F4E05604F4E0543E4A7A
:10A5C00026435661936C9907FCD44749474A014496
:10A5D00091423CD8464BC909A3FB0131090B4B1EE4
:10A5E0001B0286EA030212F4407F06D026F440766E
:10A5F00003F44073304A334353612F4A536923F0C5
:10A6000000735361936C9B06FCD43A4B4F45A3FBFC
:10A6100000234FF0FF324FEA9343B0FBF1F1B2FB5E
:10A62000F3F3354A1060354A1160354A136008D299
:10A6300028F01F08214A48EA0707D7601368002B53
:10A64000FCDABDE8F087734662E7122718E74FF49B
:10A6500040730421C5E70CF1FF31204807238C0229
:10A66000104486EA8121274ADFF8A8A0A2FB002037
:10A67000020D2548362A38BF362202FB00F042EA96
:10A680000A0A74E74FEA8C24002386EA8C214FF0F3
:10A69000010EAC4662E71D4686F0C05411464FF0ED
:10A6A000C05313E700244FF0010C02463146234605
:10A6B000E64653E700A4781F00C00F4000000840A2
:10A6C0000046C32323B24C001F85EB5100366E01B8
:10A6D00000800D4040300080FFB19F26808D5B00E0
:10A6E000FF7EF64D00643F4D7FD1F0087F17B42CFC
:10A6F0009F10E50083DE1B43DC880020D888002003
:10A7000060EC0020819F5E16001BB7006C2000806B
:10A710007F3001800020008000B970472DE9F84F9C
:10A7200001218146214C224D224E54E8003F2A68E7
:10A73000306844E80013002BF7D11F494B684FF4F1
:10A740007A7BDFF878A01B1A01270BFB02F8DAF8F6
:10A750000020A3FB02325A4594BF9044D84454E8E9
:10A76000003F2A68306844E80073002BF7D14B683B
:10A77000DAF800C01B1A0BFB02F2A3FB0C3CBCF581
:10A780007A7F94BF624402F57A72A2EB0802B2F5B6
:10A790007A7F06D3B9F1010908F57A78DFD1BDE8EF
:10A7A000F88F01F059FE0449D9E700BFECEC002016
:10A7B000E8EC0020E4EC0020001000E060EC002059
:10A7C000362816D80201104B03EB00109B5810B42A
:10A7D000C2685C68144205D061B95DF8044BC3F8E7
:10A7E00088207047836851B1084A5DF8044B1A60AD
:10A7F000704770475DF8044BC3F884207047044AE3
:10A800005DF8044B1A607047247E002038F0010088
:10A810003830010036280BD8064B020103EB00103C
:10A820009A58C36892681A4214BF012000207047EA
:10A8300000207047247E0020362829D8164B0201BC
:10A84000012903EB00109A5810B45368C4680ED065
:10A8500004290CD023EA040353608368A9B10229B8
:10A8600017D003290CBF0D4A0D4A1A6007E0234395
:10A8700001295360836808D040F638021A604368A3
:10A8800015225DF8044B1A60704738221A60F6E70B
:10A890007047044A1A60F2E7247E00203830010035
:10A8A0003800010038F0010030B4124A0020124B89
:10A8B0000121124D124CC2F8F032C2F8F402C2F873
:10A8C000B810C2F8A000C2F8A450C2F8B010536982
:10A8D000DB07FCD551612378DB07F0D41368054909
:10A8E00043F0010313600B68DB07FCD462B630BC95
:10A8F000704700BF00802A400504012401000F00BA
:10A9000000812A4070B50E4C4FF6FF7E0D4E04F1CB
:10A910007E05A6F58053002102E0B34281B204D245
:10A920001A88481C02337245F7D124F8021FAC4242
:10A9300006F58056EDD1044B01221A7070BD00BFA0
:10A9400062EC002000107C6020ED002041F2BB038F
:10A9500098422FD8184B10B51B7804463BB3A0087B
:10A96000164B04F00301164CA3FB0023C21A03EBA1
:10A970005203144A5B09C3EB831E9C46A0EB0E03F3
:10A9800041EA8C01FF2034F813C01A444FEA4C0C02
:10A9900013030CEB023CBCEB023F07D91A880233CD
:10A9A000D4B28C4208BF100A9C45F7D810BDFFF7FF
:10A9B000A9FFD4E7FF20704720ED002005411004D7
:10A9C00064EC0020C0070600F8B50F46164672B6C4
:10A9D000344B40F20641344A9A610222DA61002285
:10A9E000C3F8A020C3F8F012C3F8F422C3F8F82289
:10A9F000C3F8FC224FF47022C3F8A4200122C3F84C
:10AA0000B02020F01F038219BFF34F8F4FF0E024D6
:10AA1000C4F85C3F20339A42FAD8BFF34F8FBFF39C
:10AA20006F8F204D6B69DA07FCD501231F49B2B245
:10AA300020F07F406B6142F47022C5F8F01242F2C0
:10AA40000121184CC5F8F412C5F8BC30C5F8A000B7
:10AA5000C5F8A420C5F8B030154D01E05B0609D457
:10AA6000636913F00100F9D041236361BDE8F84048
:10AA7000FFF71ABF082E0AD836B132463946374496
:10AA80000646284600F024F940236361E8E7A6F172
:10AA9000080008263946324637440646284600F064
:10AAA00017F9F1E700802A40F05AF05A32041808EA
:10AAB00080812A4010B472B6284B0221284C002213
:10AAC0009C614FF47024D96140F20641C3F8F01242
:10AAD0000121C3F8F422C3F8F822C3F8FC22C3F81A
:10AAE000A020A2F58052C3F8A4400240C3F8B010E1
:10AAF000BFF34F8F02F5805102F120034FF0E02C9D
:10AB0000994234BF0121802102EB41118B42CCF8E4
:10AB10005C2F1A4603F12003F8D1BFF34F8FBFF328
:10AB20006F8F0E4A5369D907FCD501240D490E4B8E
:10AB300054610340C2F8F0124FF470200749C2F884
:10AB4000A030C2F8A400C2F8B0404B69DB07FCD5C6
:10AB500001235DF8044B4B61FFF7A6BE00802A403D
:10AB6000F05AF05A2004180800F0FF0041F2BB032D
:10AB7000984200F28980464B2DE9F0471B78C2B01D
:10AB800005468946002B7CD0AB08424E05F00305F4
:10AB9000414FA6FB03269A1B06EB5206760945EAAF
:10ABA0008605C6EB86169E1B3C4B37F81640334491
:10ABB00060004FEA033800EB0330B0EB033F64D989
:10ABC00043464FF0FF0C1A880233D1B2A94208BFA6
:10ABD0004FEA122C9842F6D8E14541D0B4F5006F07
:10ABE00041D302AC4FF48072FF21204604F010FBE9
:10ABF00008F5805008F102034246984234BF012014
:10AC00004FF4006008EB4000134602321B8882427A
:10AC1000D9B24FEA13236354F6D104F805900DF12D
:10AC200007090DF2071A00254C464046FFF742FF80
:10AC300014F801CF08EB450002220DF10601631E56
:10AC4000BCF1FF0FA3EB090306D043EA0C23013547
:10AC5000ADF80630FFF7B8FEA245E9D127F8165047
:10AC600042B0BDE8F08745EA092502A90222013475
:10AC7000ADF80850FFF7A8FE27F8164042B0BDE82F
:10AC8000F087FFF73FFE7FE770474FF0FF0CA3E729
:10AC900020ED00200541100464EC0020C0070600F0
:10ACA00062B170B505460C468E182046013415F881
:10ACB000011BFFF75BFFB442F7D170BD704700BFC7
:10ACC00008B5F7F7CDFAF7F723FD01F0C5FBFAE772
:10ACD000844641EA000313F003036DD1403A41D3A7
:10ACE00051F8043B40F8043B51F8043B40F8043B66
:10ACF00051F8043B40F8043B51F8043B40F8043B56
:10AD000051F8043B40F8043B51F8043B40F8043B45
:10AD100051F8043B40F8043B51F8043B40F8043B35
:10AD200051F8043B40F8043B51F8043B40F8043B25
:10AD300051F8043B40F8043B51F8043B40F8043B15
:10AD400051F8043B40F8043B51F8043B40F8043B05
:10AD500051F8043B40F8043B51F8043B40F8043BF5
:10AD6000403ABDD2303211D351F8043B40F8043B95
:10AD700051F8043B40F8043B51F8043B40F8043BD5
:10AD800051F8043B40F8043B103AEDD20C3205D3A5
:10AD900051F8043B40F8043B043AF9D2043208D09D
:10ADA000D2071CBF11F8013B00F8013B01D30B880F
:10ADB00003806046704700BF082A13D38B078DD0ED
:10ADC00010F003038AD0C3F10403D21ADB071CBFBF
:10ADD00011F8013B00F8013B80D331F8023B20F829
:10ADE000023B7BE7043AD9D3013A11F8013B00F862
:10ADF000013BF9D20B7803704B7843708B788370EA
:10AE00006046704701F1FF3C70B56646002400E0E3
:10AE10000134B0FBF2F502FB1503092B03F1370EE9
:10AE200003F130035FFA8EFE98BF5FFA83FE904213
:10AE3000284606F801EFEBD2631C0022C818CA545A
:10AE40007CB162461CF8015F10F8016DA1EB0C03A8
:10AE500002328CF80060013B521A057023449A427A
:10AE6000EFDB084670BD00BF4FF0010C0CFA01FC8F
:10AE700001EB410100EB411170B5B1F80EE01FFA92
:10AE80008CF5254C1FFA8EFE24782E010EFB033321
:10AE900006F0F006E340B0F888417345A4B228BF3D
:10AEA00073463443012AA0F888410DD0022A28D0E5
:10AEB000C2B10CF00F02B0F888C11FFA8CFC4CEA4A
:10AEC000020CA0F888C170BD9BB20CF00F022D02DD
:10AED000CB82B0F8803105F470659BB22B43A0F8AB
:10AEE0008031E8E7AEEB030E0CF00F021FFA8EFE86
:10AEF000A1F80AE0B0F880319BB21343A0F880318A
:10AF0000D9E79BB20CF00F02CB83B0F880319BB233
:10AF10001E43A0F88061CEE78893002036284BD8E6
:10AF2000F8B52A4D044615F8202005EB8005012AC6
:10AF30002DD0022A3FD16B78C3F3011003283ED0F5
:10AF4000234A02EB803203F0030C224889B26346A5
:10AF500002EB4C1C0678BCF806E05801BCF8103037
:10AF60001FFA8EFECEF1011E1EFA83F303F1FF3E9F
:10AF70000EFB01F1F1408E4523D95B1AC3F10103A9
:10AF80009BB289B20244ACF8063011820DE06A78B7
:10AF9000C2F30113032B10D00F4800EB83308BB2A8
:10AFA00002F00301AA78FFF75FFF0C4BEA7803EB8E
:10AFB00004135B681A60F8BD70470948EFE7094A57
:10AFC000C1E7991E4FF6FF73DBE700BF188400202E
:10AFD00000C01D408893002000C03D40247E00201A
:10AFE00000803E4000801E4000230F2248F2B82C13
:10AFF000194610B54FF470444FF4806EA0F88C41A0
:10B000004FF46044A0F88E210A46A0F89031B0F8C1
:10B0100088319BB243F0F003A0F8883101EB410383
:10B02000013100EB431304299C80A3F806E05A8405
:10B030001A865A805A81A3F80EC05A82DA825A833D
:10B04000DA83EBD1B0F888319BB243F00F03A0F85C
:10B050008831B0F888319BB243F47063A0F888312E
:10B0600010BD00BF374B384A996F384841F47F0113
:10B0700070B5996741F20106D3F8801045F6C055C6
:10B0800043F226040A43C3F88020FFF7ADFF00F522
:10B090008040FFF7A9FF00F58040FFF7A5FF00F50E
:10B0A0008040FFF7A1FF0022A0F503104FF00F0E24
:10B0B000114600EB42134FEA421C01329981042AE7
:10B0C0005981A3F80EE09E82DD8020F80C101982D1
:10B0D0009C81EED100221E484FF00F0E41F2010676
:10B0E000114645F6C05543F2260400EB42134FEAE1
:10B0F000421C01329981042A5981A3F80EE09E82F4
:10B10000DD8020F80C1019829C81EED100221148BC
:10B110000F2641F20105114645F6C05443F2260EB2
:10B1200000EB42134FEA421C01329981042A5981F3
:10B13000DE819D82DC8020F80C101982A3F80CE0DF
:10B14000EED170BD00C00F40000003FC00C03D40C8
:10B1500000001E4000401E4072B6EFF30583524CC3
:10B16000C4F884301EF0040F0CBFEFF30882EFF335
:10B1700009824FF0E0234D4E4D4DD3F8280DD3F802
:10B180002C1DC4E92201D3F8341DD3F8383DC4E99D
:10B1900024139369C4F89830D369C4F89C3000F044
:10B1A000D1F884ED280A01F045FA0B214FF0FF3267
:10B1B000C4F8A4000B46C4F880103E49301D5A4024
:10B1C000202402F00103013C01FB03F383EA520255
:10B1D000F7D1A84202D073680646EFE7324BC3F8B6
:10B1E000A820BFF34F8F4FF0E0233049324AC3F815
:10B1F000701FC3F8702FBFF34F8FBFF36F8F2F4AAD
:10B2000002252F48D36E2F4943F44053D36605607F
:10B21000D3692D4823F07F0343F04003D3610B68CB
:10B2200083423DD8264D00214FF0E0234FF0FF32FE
:10B2300029600126C5F808112449C5F80011C5F890
:10B240000861C3F88021C3F88421C3F88821C3F8BA
:10B250008C21C3F8902101E000F066F9D5F80C319B
:10B26000002BF9D00134C5F80C614F2CF4D9184BE0
:10B27000022018494FF00042C1F840015A63D5F846
:10B280000C313BB9144815490D4A0163D2F80C3111
:10B29000002BFAD04FF0E023114AC3F80C2DFEE743
:10B2A000FFF7C2F8BEE700BF00FF272080FF27207E
:10B2B000A8FF27202083B8EDA0FF272000C00F4063
:10B2C00000400840DC880020803DCD0B009F24001A
:10B2D00000900D4000002E4000800F40F100AD0BAB
:10B2E0000400FA050A490A6838B108B51318094874
:10B2F000834204D810460B6008BD1046704704F026
:10B30000A9FB0C234FF0FF320360104608BD00BFBD
:10B310008C8D002000002820002070474FF0FF3067
:10B32000704700BF4FF4005300204B60704700BFD0
:10B33000012070474FF0FF30704700BF30BFFDE77E
:10B34000FFF70ABF124AD2F880305B07FBD5D2F86C
:10B3500080301048C3F30B230F4990ED007A07EEBD
:10B36000903A91ED006AB8EE477A0C4AF8EEE77A27
:10B370000B4BD2ED006A77EEC77A93ED007AB8EE08
:10B38000477A67EE867A87EEA60A37EE400A70475C
:10B3900000810D4050EC002058EC00205CEC0020B7
:10B3A00054EC0020836BF0B41BB1536843F40043AA
:10B3B000536072B6446B3CB31A4B2260D3F8B04171
:10B3C0000C421DD1184E776804E07468E41BB4F594
:10B3D000166F0BD2D3F8404144F48044C3F8404187
:10B3E000D3F8B851D3F840416404EED50D4007D1ED
:10B3F0000C4CC0E90225D4F8B0310B43C4F8B0318D
:10B40000426362B6F0BC7047064DC0E90224D5F82D
:10B41000B0310B43C5F8B0310263426362B6F0BC91
:10B42000704700BF00002E40001000E070B5056BB3
:10B430009DB106462A46002403E012680134012A21
:10B440000CD0536813F08003F7D032632CB1284638
:10B45000B36B2D689847013CF9D170BDC6E90C3338
:10B46000F4E700BF30B4D9B91F4C204B0021204A6B
:10B4700001254FF0011099601D60C4E9023180245C
:10B480005C60C2F8BC01D2F8B0311A482B43C2F854
:10B49000B0310160D2F8B031002BFBD130BC704725
:10B4A0000904154B104C012541F080019860104AA9
:10B4B000596000F580511D60D96000F50051A3640A
:10B4C000196100F5405100F58040596100219861F3
:10B4D000E164D2F8B03143F48033C2F8B031D2F82D
:10B4E000B031002BFBD1C0E700000020C096002047
:10B4F00000002E4098EB0020E09600200849012231
:10B500000B7802FA00F023EA0000087030B9054A0F
:10B51000D2F8483123F08003C2F84831704700BFA9
:10B5200023ED002000002E402DE9F04F974C83B012
:10B53000D4F84471FB07C4F8447153D5D4F8AC2156
:10B54000002A4AD0924EDFF860A2DFF87492DFF84A
:10B5500074B2DFF87482C4F8AC21D6E90A20D4F8BA
:10B56000403143F40053C4F84031D4F840319D04D5
:10B57000F5D5D4F8403123F40053C4F840314FF0EE
:10B580000113C4F8B431D4F8B45115F00115FAD14F
:10B5900093B28446CAF80050B3F5086F00F0CF812B
:10B5A00000F2DB8040F202318B4200F0E78100F2D2
:10B5B0009A80822B00F0CB81B3F5817F40F08A80A6
:10B5C00010F0780F83B200F003824FF00113C4F83B
:10B5D000C031D4F8AC21002ABDD16C4AD2F8BC31BC
:10B5E000002B42D17E0616D5684BD3F8AC21C3F8A8
:10B5F000AC21D3F8BC21C3F8BC21D3F8B041002C56
:10B60000FBD14FF0FF32C3F8B421D3F8843100F0FE
:10B6100027FD604B1C60FC0103D55F4B1B6803B129
:10B620009847B80103D55D4B1B6803B1984779076C
:10B6300008D5564BD3F8843113F4007347D0584BD8
:10B6400001221A70514BD3F848311A060AD53B062D
:10B6500008D5544A13782BB1013BDBB21370002B91
:10B6600000F0728203B0BDE8F08F4F49C2F8BC31E0
:10B670000868034240F0D181464A14681C40B1D0AA
:10B680005FEA144810D0424E4FF0010998FAA8F52D
:10B69000B5FA85F506EBC51009FA05F54030FFF758
:10B6A000C5FE38EA0508F1D1A4B2002C9AD0384E74
:10B6B0004FF0010894FAA4F5B5FA85F506EBC5102C
:10B6C00008FA05F5FFF7B2FEAC43F3D18AE7344A36
:10B6D0001370B7E7802B7FF478AF344802210580E0
:10B6E000FFF7C0FE75E7B3F5A06F00F00B81A3F57F
:10B6F000D063012B3FF669AF2D4B5D68002D3FF401
:10B7000064AF1FFA8CFC4FEA124E04E01D690C3343
:10B71000002D3FF45AAF1A887245F7D15A88624516
:10B72000F4D14FEA1E22032A00F0A5811A89000CE9
:10B73000824228BF0246BEF5007F40F0A181184B2F
:10B740001C4918781C4B0192002818BF19461B4849
:10B75000FFF7BEFA194D019AE1E142F221218B4235
:10B760007CD033D942F221318B4200F081804FF6F8
:10B77000C0018B427FF429AF10F47F4F83B27FF476
:10B7800024AF43F46E4363F30F0CB5E700002E4083
:10B79000000000209CEB0020FCEC002000ED0020CD
:10B7A00029ED00202AED002098EB0020CCEB0020B2
:10B7B0000C870020CC1E0060301F006060E6222055
:10B7C00090EB00205DCFC6B8C0012E40B3F5106FDE
:10B7D00066D042F221018B427FF4F7AE030C072BB7
:10B7E0007FF4F3AEB24BB349F560D960B249B360B0
:10B7F000C3F80890C1E9002001221A60AF4A5A60DC
:10B80000AF4A1A61D4F8B01141F00101C4F8B01187
:10B8100002F5805102F5005259619A61D4F8B031B5
:10B82000002BFBD1A74AF36493600123B264136039
:10B8300048F2800353604FF00113C4F8BC31D4F8D0
:10B84000B03143F48033C4F8B0314FF48033CAF8D8
:10B850000030D4F8B031002BFBD1BAE680B238B951
:10B86000994BC2F307421968984B1960984B1A70AC
:10B87000944B00229A60F2640122B3641A60802221
:10B880005A604FF00113C4F8BC31D4F8B03143F41E
:10B890008033C4F8B031D4F8B031002BFBD198E636
:10B8A000C2F307428B4B1A708B4BC4F8C8318B4BD9
:10B8B000C4F8CC318A4BC4F8D03100F0D3FB8022DD
:10B8C0002946884803F0A4FC874B8022C6F8A0B024
:10B8D000C6F8E0307B4BF5645A600122B3649D608A
:10B8E0001A604FF00113C4F8BC31D4F8B03143F4FE
:10B8F0008033C4F8B031CAF80050D4F8B031002B0E
:10B90000FBD166E66F4B0121F564196080219D60D3
:10B91000B36459604FF00113C4F8BC31D4F8B031AE
:10B9200043F48033C4F8B031D4F8B031002BFBD1EC
:10B93000130C5B0643F08073C4F8543149E6654B41
:10B9400001216A481B780370FFF78CFD41E683B242
:10B9500010F078007FF439AE03F07F0258F822101F
:10B96000624A1080180600F19E80CB0701D50123A2
:10B97000137002215D48FFF775FD2AE610F0780F7D
:10B9800083B27FF422AE03F07F0213F0800F58F8E9
:10B99000223014BF43F4803343F0010348F82230CF
:10B9A0000022484BF2649A600122B3641A6080223C
:10B9B0005A604FF00113C4F8BC31D4F8B03143F4ED
:10B9C0008033C4F8B031D4F8B031002BFBD100E69D
:10B9D00003F07F0213F0800F58F8223014BF23F4D5
:10B9E000803323F0010348F822300022354BF26403
:10B9F0009A600122B3641A6080225A604FF00113EA
:10BA0000C4F8BC31D4F8B03143F48033C4F8B03159
:10BA1000D4F8B031002BFBD1DBE5002008602649CB
:10BA20000C88486842F221018C427FF425AE80B236
:10BA300000287FF421AE2E492E4C03C9A180862810
:10BA40004FEA11412060A1717FF416AE72B62A4808
:10BA5000017841F008010170D2F848110D0605D4B3
:10BA600080200143C2F84401C2F8481162B6234A5B
:10BA70005021117000E6000C2A78824228BF02464D
:10BA8000BEF5E06F44D11E4B1E4D18781E491F4B6A
:10BA90000192002818BF19462846FFF719F9072315
:10BAA0006B70019A3BE0C9033FF561AF61E700BFEE
:10BAB000E096002090FB0020909800208000070076
:10BAC000900B0120C0960020E8EC0020F8EC00204C
:10BAD00027ED002028ED00200200CC00C800020065
:10BAE0000200C800800000201993D574CCEB002020
:10BAF00090EB0020F0EC002023ED00202AED002048
:10BB000029ED002060E62220301F0060CC1E00607E
:10BB10002946104D01922846FFF7DAF8019A25F0E0
:10BB20001F031544BFF34F8F4FF0E021C1F8703F62
:10BB300020339D42FAD8BFF34F8FBFF36F8F054874
:10BB40001146FFF78FFC44E50320FFF7D7FC0CF00C
:10BB500087FB00BF60E622202DE9F0471F46831EC9
:10BB6000022B01D9BDE8F087DFF84C9015460C4652
:10BB70003C2209EBC01806464FEAC01A002108F122
:10BB80000400240403F044FBB5FA85F201235209B2
:10BB900044EA427449F80A40C8F83870C8F80830D6
:10BBA000002FDFD0034AB34011680B431360BDE898
:10BBB000F08700BF9CEB0020000000202DE9F0473B
:10BBC0000D46811E022901D9BDE8F087C701DFF8C3
:10BBD0004C909246044640373C2200211E4609EB19
:10BBE00007082D0408F1040003F012FBBAFA8AF2E8
:10BBF000520945EA427249F807200122C8F8386024
:10BC0000C8F80820002EDFD0034B10341968A2407A
:10BC10000A431A60BDE8F0879CEB0020000000207A
:10BC200012048160C36101F5405342F0800210B4F8
:10BC30000124426001F50052046001F5805401F5D1
:10BC40008041C46081615DF8044BC0E90423704702
:10BC5000831E0A46022B00D97047064B00F11001E3
:10BC60004FF0010C03EBC0100CFA01F14030FFF76C
:10BC700099BB00BF00000020831E0A46022B00D99A
:10BC800070470121024B814003EBC010FFF78ABBD4
:10BC90000000002040687047124A134BD2F820027F
:10BCA00020F07F40984210B584B002D200EB8000B3
:10BCB00040000E4C01A90A22FFF7A4F801A90023B5
:10BCC000204611F8012B01333AB10A2B20F8022F3C
:10BCD000F7D11623237004B010BD5B00DBB22370D4
:10BCE00004B010BD00441F4080969800709300205F
:10BCF00000F0D6BA00F066BB00F03CBB0846114627
:10BD000000F02CBBF8B5144C4FF0E025134E4FF467
:10BD1000003204EB4024124F06EB40160346C5F8F0
:10BD20008C2121463A883046FFF77AFF3B8823442E
:10BD3000BFF34F8FC5F85C4F2034A342FAD8BFF34E
:10BD40004F8FBFF36F8F03203146FFF795FF4FF4FE
:10BD50000033C5F80C31F8BDE0E622200097002042
:10BD600012ED0020244B2DE9F0411C884368C56981
:10BD7000C3F30E43E41A002C24DD204920480A783E
:10BD80000078D3B21F4E82421F4807D010F80380BC
:10BD900036F81870C7F50072944218D901330022A2
:10BDA00026F81540082B194E88BF134626F8152093
:10BDB00098BFDAB2C554164B0A701A6814441C6056
:10BDC000BDE8F0812846BDE8F041FFF79BBF07EBD7
:10BDD0004820104922462744084401EB4521FEF73C
:10BDE00077FF0B4A284626F8187013682344BDE8ED
:10BDF000F0411360FFF786BF12ED002021ED002017
:10BE000022ED002024EC002044EC002034EC002043
:10BE100020EC0020E0E622201D4B1A78002A36D1C3
:10BE200002F0FF031B4A12788AB32DE9F0411A4D44
:10BE30002A8852B3194EC2F50068194F3278194C4E
:10BE400007EB421704EBC224424638462146FFF76F
:10BE5000E7FE04EB0802BFF34F8F4FF0E023C3F877
:10BE6000704F2034A242FAD8BFF34F8FBFF36F8FC9
:10BE700004203946FFF7ECFE33780133DBB2032BA5
:10BE800088BF0023337000232B80BDE8F08170470A
:10BE900026ED002028ED002014ED002025ED0020E7
:10BEA00000980020E0F622202DE9F04F85B0CDE982
:10BEB0000110002900F0BF800023604CDFF898815A
:10BEC000DFF898A15E4F009301235E4A23705E4B1A
:10BED0001978B8F8003002EB4119002B40F0A78028
:10BEE0001E461D469B464846FFF7D4FE10F08000D4
:10BEF00000F08C80BFF34F8F9AF8003084F800B0C8
:10BF000005B93E68002B7DD13B689B1B782B00F266
:10BF100087804E4B1B78002B74D000F09DFA0122D5
:10BF2000B8F8003015462270002BDCD0464AC3F525
:10BF3000006011781A4600EBC120454DC902284423
:10BF4000019D954217D20393DDE901512A46FEF780
:10BF5000BFFE039B4FF040425B1BA8F800303D4BF7
:10BF6000C3F88420BFF34F8F009800232844237028
:10BF700005B0BDE8F08F364BCD180299FEF7A8FE4C
:10BF800000234FF4006229464846FFF749FEBFF3FD
:10BF90004F8F05F1200205F50063934234BF012362
:10BFA00040234FF0E02205EB4313C2F8705F2035C9
:10BFB000AB42FAD1BFF34F8FBFF36F8F04204946D6
:10BFC000FFF746FE204A13780133DBB2032B84BF10
:10BFD00000231D4A1370B8F80030019AD11A009A54
:10BFE0001A4401910092029A1A4400230292194ABB
:10BFF000A8F80030C2F88430BFF34F8F23700029B7
:10C000007FF462AF009805B0BDE8F08F4FF4006296
:10C010000D4B8AF8000019781346A8F800208AE72B
:10C02000012300988AF8003005B0BDE8F08F1A4669
:10C03000C3F500607FE70198E5E700BF26ED00202B
:10C04000E8EC00200098002025ED002028ED0020DD
:10C05000E0F6222000002E4014ED002024ED002008
:10C06000704700BF2D4B002180222D4870B51B78F2
:10C0700000242C4D8B422C4E0CBF40234FF40073F8
:10C080002B80338003F0C4F8284A2146284B1470D3
:10C090004FF4807227481C8003F0BAF8264A10211A
:10C0A000264B0220C2E90044C2E90244244AC3E903
:10C0B00000441470234AC3E90244234B1C702346F6
:10C0C00014602246FFF77AFD2246318803201F4B79
:10C0D000FFF742FD2346012229880420FFF76EFD69
:10C0E00020460134FFF70EFE082CF9D1184B002131
:10C0F0004A221848184C0460C3F88410C3F8802002
:10C10000D3F84821154942F08072C3F8482121B183
:10C11000134A137843F00103137070BD29ED00201A
:10C120000098002016ED002012ED002025ED0020E3
:10C1300014ED00200097002024EC002034EC0020B7
:10C1400021ED002020EC002022ED0020A59D000024
:10C1500000002E40FCEC0020599E00000000000072
:10C160002BED00202DE9F04F4FF0E0234FF400328B
:10C17000DFF8C8A083B0C3F88C218B469AF8004042
:10C1800000294FD08046E4B20027DFF8B490264B58
:10C19000ABEB070225491B78A34204F101043FD011
:10C1A000092C234B404628BF00241E5D39F816C0D9
:10C1B0000CEB462319441F4B33F81650A5EB0C0526
:10C1C000AA421CD20CEB462C18491B4C614401922C
:10C1D000FEF77EFD216839F816505846019AA1EB0A
:10C1E0000B012A44394429F8162021604FF0E0233E
:10C1F0004FF40032C3F80C2103B0BDE8F08F2A469B
:10C200002F44FEF765FD0C49E3B230460A68A844A6
:10C21000521B0A608AF80030FFF774FDBB45B6D8A0
:10C220003846E3E70846E1E721ED0020E0E622207A
:10C2300044EC002024EC002020EC002022ED002023
:10C2400034EC00200B4B0C4A12781978D3B28A4296
:10C250000DD0013309480A4A092B0A4928BF002397
:10C26000C35C31F8131002EB4323585C70474FF066
:10C27000FF30704721ED002022ED002044EC00202B
:10C28000E0E6222034EC0020044B10B51C680CB111
:10C29000204610BD00F0E0F8204610BD20EC002044
:10C2A0002DE9F84F144E154D33782A78934221D05A
:10C2B000DCB2DFF85090DFF850B0DFF85080104F5C
:10C2C0000134082C5FFA84FA01D90024A24619F837
:10C2D0000400DBF8003038F8102037F81010521A3C
:10C2E0009B1ACBF80030FFF70DFD86F800A02B78E5
:10C2F000A342E5D1BDE8F88F22ED002021ED00201A
:10C3000034EC002044EC002020EC002024EC002041
:10C3100000B583B001210DF10700FFF723FF20B125
:10C320009DF8070003B05DF804FB4FF0FF30F9E71C
:10C33000094B00B583B01B788DF807003BB1012194
:10C340000DF10700FFF7B0FD03B05DF804FB03F04B
:10C35000FF0003B05DF804FB28ED0020044B1B78C0
:10C3600003F0FF020BB1FFF79FBD1046704700BFFF
:10C3700028ED00202DE9F0410024DFF8448001235E
:10C380000D4D27460D4E88F800303378284620356D
:10C39000A34204F1010405D0FFF77CFC030658BF5B
:10C3A00007F50067042CF0D1BFF34F8F0023384608
:10C3B00088F80030BDE8F0810098002025ED0020CD
:10C3C00026ED00202DE9F8431D4B1B7813B11D4DC0
:10C3D0002A880AB9BDE8F8831B4EC2F500691B49DB
:10C3E00033784A461A4C01EB43181A4F04EBC32426
:10C3F000012340463B7021460023FFF711FC04EB6C
:10C400000902BFF34F8F4FF0E023C3F8704F203481
:10C41000A242FAD8BFF34F8FBFF36F8F042041467B
:10C42000FFF716FC33780133DBB2032B88BF002300
:10C43000337000232B80BFF34F8F3B70BDE8F88330
:10C4400028ED002014ED002025ED002000980020AC
:10C45000E0F6222026ED00202DE9F8432D4B1E7832
:10C4600066B12D4F3B784BB90123F1073B7043D4A4
:10C47000B20726D400233B70730701D4BDE8F883CC
:10C48000264B1A68002AF9D0EFF30582002AF5D16D
:10C49000EFF3108572B61868002834D0204C21784C
:10C4A000002930D10122227042691A60002A2ED060
:10C4B000916105B962B60025836845779847257074
:10C4C000DCE7DFF8648098F80030002BD2D000253C
:10C4D000DFF858902B4659F8234001352368204651
:10C4E0001B69984710B163699B68984798F80020CA
:10C4F000EBB29A42EFD8BDE7FFF7C6FE0028B7D0EF
:10C50000AFF30080B4E7002DB8D162B6B6E7054BB3
:10C510001A60CEE72BED00201CED0020A4E70020E0
:10C520001AED0020B0E700201BED0020B4E700204A
:10C53000EFF3108272B6437F5BB9017F012930B4FB
:10C540000BD0032913D00123437702B962B630BC64
:10C5500070470AB962B670477047124C2168B1B192
:10C56000114943610B68086083615861EBE70F4D27
:10C570000F492C688CB143610B68836158614FF09F
:10C58000E0234FF080540860C3F8044DDBE7064B0E
:10C5900020601860C0E90511D5E7C0E905442860AE
:10C5A000EDE700BFA4E70020B0E70020ACE70020E3
:10C5B000A8E7002090F81CC04160BCF1020FC260E7
:10C5C00001D183681847FFF7B3BF00BF70B5EFF321
:10C5D000108272B60C4C206880B10C4E0025436965
:10C5E000236073B19D6102B962B68368457798474D
:10C5F000EFF3108272B620680028F0D102B962B65B
:10C6000070BD3360EFE700BFACE70020A8E7002073
:10C61000FFF7DCBF0449054A4968054B19601368F8
:10C6200001331360704700BF001000E0E8EC002009
:10C63000E4EC0020074A506A936A19468446506A1F
:10C64000936A9942F9D18445F7D1DB0B43EA404024
:10C65000704700BF00400D4008B5D0E900325BB123
:10C66000BAB10F4BA3FB0213DB0803EB4303B2EB9E
:10C6700083030AD1012008BD094BA3FB0213DB0889
:10C6800003EB4303B2EB830301D0D21A4260F02ADA
:10C69000F0D803F0DFF91C22034600201A6008BD21
:10C6A000ABAAAAAA70B5044638B319B1B2FA82F699
:10C6B0007609A2B9206800B36268F2B1184B194933
:10C6C00002FB03F3B1EBB30F17D3A368E3B9002266
:10C6D000012322606260A260E260184670BD1D46C0
:10C6E000049BC0E90012C360FFF7B6FF03460028B1
:10C6F000F3D06DB90123184670BD03F0ABF91622D3
:10C7000000230260184670BD002102F081FDDEE7C3
:10C71000626831462068A56002F07AFD0123DCE7FB
:10C72000ABAAAAAA5555551503460846194603F063
:10C730004DB900BF38B50D46044600212846FEF726
:10C740007BF8084B2A0103EB051599580023EA688A
:10C75000A360E3732382A374C4F80B30C4E90021FF
:10C7600038BD00BF247E0020F0B5D0E9005C72B671
:10C77000DCF80430EF4323EA0503CCF8043062B65A
:10C780007C20DFF8C0E02D492D4E4C68DEF80020FB
:10C79000A6FB0232920C52004B681B1B9A42FBD83C
:10C7A000DCF808302B4204D1431E13F0FF00ECD11B
:10C7B000F0BD72B6CCF88850DCF804302B43CCF8CE
:10C7C000043062B61E4B4868DEF800201B49A3FB0C
:10C7D0000232920CC2EB021252014B681B1A9A42AF
:10C7E000FBD872B6DCF804301F40154BCCF804704F
:10C7F0004868DEF800201149A3FB02324623920C60
:10C8000003FB02F24B681B1A9A42FBD8DCF8083093
:10C810002B420CBF0120002062B6094B4C684FF43C
:10C82000CD71DEF80020A3FB0232920C01FB02F274
:10C8300002494B681B1B9A42FBD8F0BD001000E078
:10C8400083DE1B43DC880020CB0770B4D0E90040B6
:10C8500028D572B6C0F888404368254D2343254942
:10C860004360254B6E680A68A3FB0232920C02EB10
:10C87000820252006B689B1B9A42FBD8C0F884402E
:10C8800062B61D4B68680A681949A3FB0232920C14
:10C89000C2EBC203C2EBC3024B681B1A9A42FBD81D
:10C8A00070BC704772B6C0F888404368104D23438F
:10C8B00010494360104B6E680A68A3FB0232920C69
:10C8C00002EB82126B689B1B9A42FBD8C0F8844033
:10C8D00062B6094B68680A680549A3FB0232920CEC
:10C8E00002EB82024B681B1A9A42FBD870BC70475D
:10C8F000001000E0DC88002083DE1B4370B4D0E928
:10C90000004172B64B681D4823431D4D4B60C1F872
:10C9100088401C4B46682A68A3FB0232920C02EB4B
:10C92000420243689B1B9A42FBD84B68134E23EA92
:10C9300004034B60134B40682A68A3FB0232920C3D
:10C9400002EB8202520073681B1A9A42FBD88B6872
:10C95000234214BF0120002062B60A4B35217468BF
:10C960002A68A3FB0232920C01FB02F203494B68D6
:10C970001B1B9A42FBD870BC704700BF001000E040
:10C98000DC88002083DE1B432DE9F04108250646A4
:10C990000F4690460124274230464FEA440414BF14
:10C9A00001210021FFF750FF013DE4B2F3D1B8F1BE
:10C9B000000F0AD172B6D6E900135A6822EA0102C2
:10C9C0005A603268C3F8882062B6BDE8F08100BFC3
:10C9D000F8B508240027012506463046FFF78EFFEC
:10C9E0006B0000B12F43013CDDB2F6D13846F8BDF3
:10C9F00070B508250124064614F0CC0F30464FEAE6
:10CA0000440414BF01210021FFF71EFF013DE4B2E1
:10CA1000F2D172B6D6E900135A6822EA01025A60CE
:10CA20003268C3F8882062B670BD00BF00238360FF
:10CA3000C37303828374C0F80B307047837C2DE985
:10CA4000F04704462BB1002318462382A374BDE8A7
:10CA5000F08789461546FFF787FE0028F3D00826A1
:10CA6000002D45D0012515F0F00F20464FEA450571
:10CA700014BF01210021FFF7E7FE013EEDB2F2D124
:10CA800072B6D4E900135A6822EA01025A60226899
:10CA9000C3F8882062B601264FF000083746C24628
:10CAA0002046FFF72BFF05462046FFF727FF012D05
:10CAB00001D1012847D085422ED0012D04EB080377
:10CAC00025D01A7A22EA06021A72760029462046F2
:10CAD0000137FFF7B9FE16F0FF06FFB2E0D108F10B
:10CAE00001085FFA88F8B8F1080F2CD00126D7E7C3
:10CAF000012515F0EC0F20464FEA450514BF012132
:10CB00000021FFF7A1FE013EEDB2F2D1B8E71A7A9B
:10CB1000012532431A72D8E7237CBB420DD904EBBE
:10CB200008031A7A164214BF01250025002DEED104
:10CB3000082F24D8BA466774C3E70CBF0125002527
:10CB400004EB0803F2E7402F7FF67DAF84F810A0D6
:10CB5000BAF1000F01D10123A374227A002A3FF415
:10CB600072AF09F1FF33083409F1070901E014F845
:10CB7000012F03F8012F4B45F9D1012067E7BA4691
:10CB80009FE700BF81B100EB010C084B002110F8BA
:10CB9000012B5140604501F00F0203EB11119A5C2B
:10CBA000097C81EA0201F2D108467047A01F0060AB
:10CBB000324B334930B5D3E911542079C8771A6C18
:10CBC00095F804C081F81CC0087752B1B2F5004F47
:10CBD00023D32C4911442A4A1964D07682F81BC009
:10CBE00030BD19680F24D86C8C6540F20134CA61DD
:10CBF0000C614FF47C544C6103210468246883F871
:10CC00003D10214B9C4226D1037F4260022BC26023
:10CC100026D18368BDE8304018472D68E98B0904A8
:10CC200022D492B2EA832168EC8BA4B2EC82CC8B42
:10CC3000240405D5CC8BC2F3080204F47E442243BD
:10CC4000CA83CA8B92B2CA8200210D4A1964D07677
:10CC500082F81BC030BD23461146BDE8304018475E
:10CC6000BDE83040FFF764BCE98BC2F3080E92B216
:10CC700001F47E4141EA0E01E983D4E7E088002017
:10CC800000800E400180FFFFF5A5000043682DE9FC
:10CC9000F04FD3E90041814D4FF0B80A22684FF0C0
:10CCA000020822EA01027E492260AA6911407D4AF7
:10CCB0000A43AA6190F810E07B4A03EB0E0603EBEF
:10CCC0008E0E317C02EB01118968C1F800A090F84A
:10CCD00011C003EB0C050CF10A0C95F8241002EBC3
:10CCE00001118968C1F800A0817C03EB010903EB05
:10CCF000810199F838B002EB0B1BDBF808B0CBF8D8
:10CD000000A0D4F800A05F684AEA070AC4F800A0AF
:10CD1000347CDEF814E002EB04146468C4F800E02C
:10CD200095F8244053F82CC002EB04146468C4F84E
:10CD300000C0C96B99F8384002EB041252681160C8
:10CD40009A6C99F8441011601A6A317F5B6B11601C
:10CD500095F830201A600F220368C3F810809A6596
:10CD6000C27C002A31D072B6C37CDC0708D54FF0F4
:10CD7000E0214469D1F8802122408262C1F88021FB
:10CD8000990708D54FF0E0218469D1F88421224029
:10CD9000C262C1F884215A0708D54FF0E021C46966
:10CDA000D1F8882122400263C1F888211F0708D5E5
:10CDB0004FF0E021046AD1F88C2122404263C1F88F
:10CDC0008C21DE0655D462B60368384C8268A242D4
:10CDD00059D0324A846092693549C2F30116C2F3D0
:10CDE0008262344D51F826100132B1FBF2F2AA42B0
:10CDF00031D80022C260002403211C61072459623B
:10CE000001211A641C661961C37C13B3DD0704D5C4
:10CE1000816A4FF0E022C2F800119C0704D5C16A74
:10CE20004FF0E022C2F80411590704D5016B4FF00E
:10CE3000E022C2F808111A0704D5416B4FF0E02236
:10CE4000C2F80C11DB0604D5826B4FF0E023C3F867
:10CE50001021BDE8F08F1849A1FB0251090DB2FB6A
:10CE6000F1F2A24288BF0131B1F5817F0DD3134A9F
:10CE7000C0E74FF0E022416AD2F890310B40836363
:10CE8000C2F890319FE7C268B5E70229B1D90239EB
:10CE90004C08220242EA04420A43ABE700C00F40BA
:10CEA000CFFFFFE310000008247E002000093D00B2
:10CEB000BC0F0020FF083D0083DE1B43FF7F7F0087
:10CEC00053B94AB9002908BF00281CBF4FF0FF31F1
:10CED0004FF0FF3000F070B9ADF1080C6DE904CEF1
:10CEE00000F006F8DDF804E0DDE9022304B0704745
:10CEF0002DE9F047089E0D4604460F46002B4AD107
:10CF00008A42944665D9B2FA82F343B102FA03FC2D
:10CF1000C3F120029F4020FA02F217439C404FEADF
:10CF20001C4E1FFA8CF5B7FBFEF1220C0EFB11779D
:10CF300042EA074201FB05F090420AD91CEB0202CB
:10CF400001F1FF3780F01C81904240F219810239D3
:10CF50006244121AA4B2B2FBFEF00EFB102244EAA5
:10CF6000024400FB05F5A5420AD91CEB040400F1BC
:10CF7000FF3280F00781A54240F204816444023808
:10CF800040EA0140641B00211EB1DC400023C6E9D9
:10CF90000043BDE8F0878B4208D9002E00F0ED80F9
:10CFA0000021C6E900050846BDE8F087B3FA83F121
:10CFB000002949D1AB4202D3824200F2F880841AA0
:10CFC00065EB030201201746002EE2D0C6E90047B8
:10CFD000DFE702B9FFDEB2FA82F3002B40F0908067
:10CFE0008A1A4FEA1C471FFA8CFE0121B2FBF7F5A3
:10CFF00007FB1520220C42EA00420EFB05F090428E
:10D0000008D91CEB020205F1FF3802D2904200F26F
:10D01000CB804546121AA4B2B2FBF7F007FB1022F0
:10D0200044EA02440EFB00FEA64508D91CEB0404AA
:10D0300000F1FF3202D2A64500F2BB801046A4EBFD
:10D040000E0440EA05409FE7C1F120078B4022FA19
:10D0500007FC4CEA030C05FA01F420FA07F3FD4043
:10D060004FEA1C492343B5FBF9F81FFA8CFE09FB74
:10D0700018551C0C44EA054408FB0EF5A54202FABB
:10D0800001F200FA01F00BD91CEB040408F1FF3A9D
:10D0900080F08880A54240F28580A8F102086444AF
:10D0A000641B9DB2B4FBF9F309FB134445EA044445
:10D0B00003FB0EFEA64508D91CEB040403F1FF3563
:10D0C0006CD2A6456AD9023B644443EA0843A3FBF9
:10D0D0000295A4EB0E04AC42C846AE4656D353D0DC
:10D0E00056B1B0EB080264EB0E0404FA07F7CA402D
:10D0F000CC401743C6E9007418460021BDE8F0870C
:10D10000C3F1200102FA03FC20FA01F225FA01F131
:10D110009D402A434FEA1C471FFA8CFEB1FBF7F0F3
:10D1200007FB1015110C41EA054100FB0EF58D427D
:10D1300004FA03F408D91CEB010100F1FF382FD2E7
:10D140008D422DD902386144491B92B2B1FBF7F5EB
:10D1500007FB151142EA014205FB0EF1914208D985
:10D160001CEB020205F1FF3816D2914214D9023DA0
:10D170006244521A45EA004138E73146304608E732
:10D180003946E6E61046FBE64845A9D2B9EB020867
:10D1900065EB0C0E013BA3E74546EAE72B4694E717
:10D1A0004046D1E7D0467BE7023D624432E708467D
:10D1B0000AE76444023842E7704700BF002101F0EB
:10D1C00059BC00BF0A22002101F05CBD0A220021E7
:10D1D00001F058BD034B1B5C03F00303012B08BF98
:10D1E0002030704705120020024B0146186800F0FD
:10D1F0000BB800BF1C930020024B0146186802F0D8
:10D2000051BF00BF1C9300202DE9F04F01F10B0628
:10D21000162E83B0044624D8102900F2BA8000F0FC
:10D22000A3FA102618220220B54F3A44A2F10801B1
:10D2300053688B4200F0BA805A68D96822F0030222
:10D240001A449D68E9608D60516841F001012046F3
:10D25000516003F1080500F08DFA284603B0BDE8DF
:10D26000F08F36F0070600F19480B14200F2918011
:10D2700000F07AFAB6F5FC7FC0F09A81730A00F0EC
:10D280008F80042B00F26F81B30903F1390003F1A1
:10D29000380CC3009A4F3B44A3F108055B689D42DC
:10D2A00006D10CE0002980F22781DB689D4206D080
:10D2B0005A6822F00302911B0F29F3DD60463D6995
:10D2C000DFF850C265457CD06A6822F00302931BE8
:10D2D0000F2B00F37B81002BC7E904CC80F26C811B
:10D2E000B2F5007F80F01A81D308796801334FEAE4
:10D2F000521E012202FA0EF20A4357F833E0C5F833
:10D3000008E007EBC3010839E9607A6047F8335059
:10D31000CEF80C50831001219940914257D8114208
:10D3200006D120F003004900114200F10400FAD0B8
:10D3300007EBC0094D468646D5F80C80454508D117
:10D340001DE1002B80F22481D8F80C80454500F0C7
:10D350001681D8F8042022F00302931B0F2BF0DD76
:10D360002046D8E9025408EB060146F00106C8F849
:10D370000460EC60A56043F00104C7E90411C1E951
:10D3800002CC4C6048F8023000F0F4F908F10805CE
:10D3900002E00C2323600025284603B0BDE8F08F8F
:10D3A0004FF4007340204FF03F0C73E7D3689A426C
:10D3B00008BF02307FF440AF3D69DFF858C16545D2
:10D3C00082D17A688310012199409142A7D9BD6822
:10D3D0006B6823F003094E4503D8A9EB06030F2B16
:10D3E0007ADCDFF834B1474BDBF800201B680132F0
:10D3F000334405EB090A00F0338103F580530F3302
:10D4000023F47F6828F00F084146204602F0FAFA1C
:10D41000411C024600F0F380824500F2EE803A4B58
:10D42000196841441960084600F04E81DBF800108D
:10D43000019301311BBFA2EB0A010918CBF80020B0
:10D44000196012F0070B00F01781CBF108010A44B4
:10D45000CBF5805190440831A1EB0801C1F30B0AD0
:10D4600051462046009202F0CDFA421CDDE900232D
:10D4700000F04F81801A00EB0A081968BA6048F082
:10D4800001005144BD425060196000F02981B9F19A
:10D490000F0F40F227816868A9F10C0C2CF0070CE3
:10D4A00000F0010040EA0C0068604FF0050E05EB4B
:10D4B0000C00BCF10F0FC0E901EE00F232815068A0
:10D4C0001546124B1A688A4238BF1960104B1A6809
:10D4D0008A4238BF196094E0AA1943F0010346F06C
:10D4E00001066E602046BA60536000F043F90835CB
:10D4F000284603B0BDE8F08FD9681A44A1E600BF02
:10D50000008F002050EA002020EA002048EA002096
:10D510004CEA0020088F002008930020B2F5206F0D
:10D520004FEA522363D3142B00F2B78003F15C015E
:10D53000C9005B3307EB010E7958AEF1080E8E453A
:10D5400000F091804B6823F00303934202D989686D
:10D550008E45F7D1D1F80CE07A68C5E9021ECEF805
:10D560000850CD60D6E6142B59D9542B00F29D807B
:10D57000330B03F16F0003F16E0CC3008AE60EF16A
:10D58000010E1EF0030F05F108057FF4D5AE51E042
:10D59000424445465368D8F80C1043F001035360E9
:10D5A00055F8083F2046D9608B6000F0E3F8F3E6B9
:10D5B000F00806F1080237E62A442046536843F093
:10D5C00001035360083500F0D5F8E5E6A9192046B7
:10D5D00046F0010643F001046E60C7E90411C1E999
:10D5E00002CC4C60AB5000F0C5F80835D4E6930986
:10D5F00003F13901C90038339CE7BD425FD0BD68F3
:10D60000686820F003084645A8EB060302D80F2BF4
:10D610003FF762AF204600F0ADF80025BCE603F10D
:10D620005C0003F15B0CC30034E659F808394B4544
:10D6300040F0968010F0030F00F1FF30F5D17B68C9
:10D6400023EA01037B60490099423FF6C0AE19B955
:10D65000BDE649000EF1040E1942FAD0704667E6A5
:10D6600003F11008D0E69A104FF001087B6808FA21
:10D6700002F21A437A6070E702EB08014942C1F3F3
:10D680000B0A51462046009202F0BCF9431CDDE92A
:10D6900000237FF4EFAEDA46EFE6542B25D8130BC8
:10D6A00003F16F01C9006E3344E7B3F5AA7F25D8B3
:10D6B000F30B03F1780003F1770CC300EAE5294B83
:10D6C000186840441860B1E6CAF30B0CBCF1000FB7
:10D6D0007FF4ACAEBD68C84448F001006860F0E675
:10D6E0001546EEE60123536094E7B3F5AA7F23D8ED
:10D6F000D30B03F17801C90077331BE740F2545292
:10D70000934223D8B30C03F17D0003F17C0CC300DA
:10D71000C0E5ABF1080BD844A8EB02084FF0000AB3
:10D72000ABE605F108012046009302F0BBFCBD68A2
:10D73000009B68681968C4E640F254518B420BD8CC
:10D74000930C03F17D01C9007C33F3E64FF47E7343
:10D750007F204FF07E0C9DE54FF47E717E23E9E63D
:10D760007B6870E720EA0020014802F06DBB00BF33
:10D7700018EA0020014802F069BB00BF18EA002047
:10D7800010B4044C03460A4620685DF8044B194661
:10D7900000F002B81C9300202DE9F84F174600292D
:10D7A00000F098800C4607F10B058046FFF7DCFF80
:10D7B000162D54F8041C5BD810252A46AF425CD8BD
:10D7C00021F003069642A4F1080962DABC4BD3F8B3
:10D7D00008C009EB0600844500F09780D0F804C02B
:10D7E0002CF0010303445B68DB0768D42CF0030CC6
:10D7F00006EB0C03934247DACB0710D454F8083CED
:10D80000A9EB030ADAF8043023F003018C44B44492
:10D81000944580F211817318934280F2E880394672
:10D820004046FFF7F1FC0746E0B154F8043C23F012
:10D8300001034B44A0F10802934200F0D280321F52
:10D84000242A00F2F580132A00F2AC800346224617
:10D85000116819605168596092689A602146404683
:10D8600002F020FC4046FFF785FF3846BDE8F88F00
:10D8700025F00705002D2A46A0DA0C23C8F8003051
:10D8800000273846BDE8F88F1E46D0E90223D36052
:10D890009A60731B0F2B22D8D9F8043003F00103D0
:10D8A00033434E44C9F80430736843F00103736096
:10D8B00040462746FFF75EFF3846BDE8F88FC907A8
:10D8C000ADD454F8083CA9EB030ADAF8041021F0AF
:10D8D0000301A0E7BDE8F84F1146FFF795BCD9F862
:10D8E000042009EB050102F001024E4443F001035C
:10D8F0002A43C9F804204B60736843F001030831E0
:10D900007360404602F0CEFBD2E7DCF8040020F062
:10D91000030B06EB0B0C05F1100084454DDAC9072B
:10D920003FF57DAF54F8081CA9EB010ADAF80410A2
:10D9300021F003018B44B34458453FF76CAF574681
:10D94000DAF80C1057F8080F321F242AC1608860DB
:10D9500000F2DB80132A40F2D6802168CAF8081052
:10D960006168CAF80C101B2A00F2DF8008340AF143
:10D9700010022168116061685160A16891600AEB32
:10D980000501ABEB050242F0010299604A60DAF84A
:10D99000043003F001032B434046CAF80430FFF77C
:10D9A000E9FE6EE723680360636843601B2A68D85A
:10D9B00004F1080200F108034AE709EB05029A6046
:10D9C000ACEB050343F00103536054F8043C03F04F
:10D9D00001032B43404644F8043CFFF7CBFE2746A7
:10D9E0004FE750F8043C23F003031E4451E7574629
:10D9F000DAF80C1057F8080F321F242AC16088602B
:10DA00004CD8132A48D92168CAF808106168CAF8A6
:10DA10000C101B2A56D808340AF110021E4623683F
:10DA2000136063685360A3689360D1463C4630E757
:10DA3000214601F071FB11E7D0E902135746CB6094
:10DA4000996057F8081FDAF80C30CB60321F242A8F
:10DA500099602DD8132A29D92368CAF80830636839
:10DA6000CAF80C301B2A42D808340AF11003226885
:10DA70001A6062685A60A2689A606646D1463C465F
:10DA800007E7A3688360E368C360242A26D004F113
:10DA9000100200F11003DBE63A46BFE721463846A4
:10DAA0001E46D14601F038FB3C46F2E63B46DEE737
:10DAB000214638466646D14601F02EFB3C46E8E654
:10DAC000008F0020A168CAF81010E168CAF814108D
:10DAD000242A20D010340AF118029FE72369036139
:10DAE0006169416104F1180200F11803B0E6A3680E
:10DAF000CAF81030E368CAF81430242A21D0103450
:10DB00000AF11803B3E73A4633E72146384601F0F5
:10DB100003FB164B33E72269CAF818206269CAF87A
:10DB20001C2018340AF1200278E7A168CAF8101006
:10DB3000E168CAF81410242A0DD010340AF1180232
:10DB400017E72369CAF818306369CAF81C3018341B
:10DB50000AF120038BE72269CAF818206269CAF823
:10DB60001C2018340AF1200203E700BF008F0020B8
:10DB70000CB410B51F4B00291C689CB035DB4FF46A
:10DB80000273ADF81430029006901FAB18D0013923
:10DB90004FF6FF7204910791ADF8162002A91E9A64
:10DBA0000193204602F0ACFF421C01DA8B23236074
:10DBB000029B00221A701CB0BDE8104002B07047F2
:10DBC0004FF6FF7204910791ADF8162002A91E9A34
:10DBD0000193204602F094FF431C01DA8B2323605B
:10DBE0001CB0BDE8104002B070478B2323604FF09B
:10DBF000FF30F5E71C9300202DE9F04F2DED108B41
:10DC000097B08A4600210792129100220021CDE9A7
:10DC100004128046514611910F4611F8012B2D2A0E
:10DC20005ED801A050F822F009BE000021BD00001E
:10DC300021BD000021BD000021BD000021BD00006C
:10DC400021BD000021BD000021BD000057BC000027
:10DC500057BC000057BC000057BC000057BC000078
:10DC600021BD000021BD000021BD000021BD00003C
:10DC700021BD000021BD000021BD000021BD00002C
:10DC800021BD000021BD000021BD000021BD00001C
:10DC900021BD000021BD000021BD000021BD00000C
:10DCA00021BD000021BD000057BC000021BD0000C7
:10DCB00021BD000021BD000021BD000021BD0000EC
:10DCC00021BD000021BD000021BD000021BD0000DC
:10DCD00021BD000043C4000021BD00002FC400008E
:10DCE00000210991302A7DD0002308932F2A144661
:10DCF00040F2CD844FF0000938464E464D4612E0C2
:10DD00000130082D1190C8BF09EB89090478C6BFFE
:10DD100002EB4902A2F13009A3F130062F2C05F1E4
:10DD2000010522466FDD06EB8603392C02EB430327
:10DD3000E6DD9F49012201F023FB002837D1119B2A
:10DD40001A46013311935478002D40F04385302C4E
:10DD500040F02485C3F101029818013311931C7817
:10DD6000302CF9D0A4F13103082B00F20183119F6C
:10DD7000431CA4F1300B0B930125BC464FF0000E61
:10DD800006EB86060BEB460600200CF1010311930F
:10DD90009CF80140A4F13001092900F2BB82013056
:10DDA0008B46002940F04F84DDF844C0EDE70020A9
:10DDB000652CAE460B90844601D0452C30D1002D09
:10DDC0006BD1089B034367D1079B9FED778B13B102
:10DDD000079BC3F800A0B0EE480B17B0BDEC108B4A
:10DDE000BDE8F08F7A7802F0DF02582A00F00C8448
:10DDF000013711973A78302AFAD0002A00F0B7801C
:10DE00000123089372E76A49012201F0B9FA002858
:10DE100000F0C080AE464FF0000CCDF82CC060463C
:10DE20004FF0000B002D7ED007EE906A0B9BB8EEF2
:10DE3000677BABEB0303BEF1000F08BFAE46102DAE
:10DE40000A932B46A8BF1023092D8DED047B0CDD12
:10DE5000584A02EBC30212ED125B06EE909AB8EE3E
:10DE6000666BA7EE056B8DED046B0F2D00F3A8809C
:10DE70000A9A002A00F0E4830A9A40F33C83162AA7
:10DE800040F398840A99C5F125028A4280F2A6845B
:10DE90000A9AEB1A134499E00025DDF844A00AF130
:10DEA000010311939AF801402B2C00F05E822D2C77
:10DEB00000F0F78100230A93A4F13003092B00F24C
:10DEC000EB81302C05D1119B013311931C78302C40
:10DED000FAD0A4F13103082BA2D8119A0C92531C4A
:10DEE0001193A4F1300B54782F2C07DCDEE30133BF
:10DEF00011934C782F2CA2F1300B06DD0BEB8B022B
:10DF0000392C194604EB4202F1DD0C9A9B1A082BBE
:10DF100040F3CC8344F61F6B0A9B002B82D0CBF1DD
:10DF2000000B002D80D1089B034320D1BCF1000FD2
:10DF30007FF44AAF692C00F0CF8300F3F382492CC1
:10DF400000F0CA834E2C7FF43FAF1B4911A802F0AA
:10DF5000CBFC00283FF438AF119B1B78282B00F036
:10DF6000F284164802F040F8B0EE408B01E09FEDDD
:10DF70000E8B079A0AB1119B1360099B002B3FF48B
:10DF80002AAFB1EE488BB0EE480B17B0BDEC108B4A
:10DF9000BDE8F08F119B0B905A1C11925C78AE4635
:10DFA000F8E600BFAFF300800000000000000000B2
:10DFB00090130020A8020020A0130020D08200208F
:10DFC0000A9AEB1A1344002B40F3B08213F00F01AE
:10DFD0000AD0C34A02EBC1029DED046B92ED007BB7
:10DFE00027EE067B8DED047B33F00F0240F0388284
:10DFF0000023089300962B4672463946404605F0AA
:10E00000CBFF8146002800F0E1820B9BA3EB0B0BBA
:10E010000A9B9FEDA9EB002B9FEDA9CB9FEDAADBFF
:10E020009FEDABBBB4BF5A4600224FF0000A23EA73
:10E03000E3730B920C935446D9F80410404605F054
:10E0400029FF0646002800F00E81D9F810209DED2A
:10E05000048B0232920009F10C010C30FCF738FEFF
:10E06000B0EE480B14AA13A9404606F051FB1290DB
:10E07000002800F0E4800121404606F035F804460F
:10E08000002800F0F080139A002AC0F2DE800B9B7B
:10E090000C9F02EB030B089B149DD21A2A44914B50
:10E0A000013A9A42C5F1360580F29880991A1F29E3
:10E0B000A5EB010500F3E380012202FA01F30D93C1
:10E0C00000230E932F44089B5D44AB455A461F44E2
:10E0D000A8BF2A46BA42A8BF3A46002A03DDAD1AB5
:10E0E000BF1AABEB020B0B9B002B00F38880002DBB
:10E0F00000F39C800A9B002B00F3B780002F00F3F5
:10E10000A980BBF1000F08DD21465A46404606F0C3
:10E1100027F90446002800F0A680129932464046AE
:10E1200006F0B8F98246002800F09D800023C568FB
:10E13000C360214606F08CF90028C0F2C78300F0C6
:10E1400061832146504606F04DFBB0EE007BB4EEF5
:10E15000C70BF1EE10FA46D8002D00F0CB80B7EED9
:10E16000009B0598604B00226049DFF884C100EAFB
:10E170000107674500F0D480089959B1B7F1D46F11
:10E1800008D8B4EECB9BF1EE10FA40F2568103F1C1
:10E19000D661CB1BB0EE480B43EC1A2B06F024FAE9
:10E1A000AAEE008B8DED048B18EE903A089A22B9F6
:10E1B0004E4A1A40974200F0E4801299404605F01A
:10E1C0008FFE3146404605F08BFE2146404605F065
:10E1D00087FE5146404605F083FE2DE701230021CE
:10E1E000CDE90D316EE7B6EE009B20EE099B002DC8
:10E1F0005FD1B1EE497B059853EC172BB4E721466C
:10E200001A46404606F04CF8044660B30146129A9E
:10E21000404605F097FF30B30F901299404605F045
:10E220005FFE0F9A1292002D7FF764AF12992A4673
:10E23000404606F095F8129000287FF45BAF222349
:10E240009FED258BC8F80030BCE00C9BDDF82CB0AE
:10E250009F1A20E731463A46404606F081F80646C6
:10E2600000287FF44EAF1298E9E731460C9A4046F9
:10E2700006F016F8064600287FF440AFF3E7C2F137
:10E280007F4202F57F0202F57B420121E23201FA70
:10E2900002F3CDE90D1315E7CDF844A04FF0000BC4
:10E2A000C0E501230A930AF1020311939AF8024090
:10E2B00002E6B0EE497B9EE79535A094FFFFCF3F85
:10E2C0009535A094FFFFDF3F35E5AF350000E03F17
:10E2D0000000C0FFFFFFDF41000000000000F07FF2
:10E2E000A802002002FCFFFF0000F03F0000F07FCA
:10E2F0000000E07FDDE90412002900F08580DDE9FF
:10E300000412012900F0D8811046B74BB7EE009BEC
:10E31000002229E7652C4FF0010C3FF4BEAD4CE51F
:10E3200043EC1A2BA0F1547305939DED04FBB0EE62
:10E330004F0B06F059F9AD49AAEE00FB1FEE903ADB
:10E34000AB4A194091428DED04FB72D9A94B18EEEE
:10E35000902A9A4203D118EE103A013383D0A54A8D
:10E360004FF0FF33CDE9043227E700230A939AE701
:10E37000652C00F0D080452C00F0CD804FF0010CD2
:10E38000D1E551EC190B0D9309F02EFF09F0FEFEBB
:10E39000049B1D430D9B41EC170BC3F313031D435B
:10E3A00039EE479B00F0A080B4EECC9BF1EE10FA62
:10E3B00005D4B4EECD9BF1EE10FA7FF7FEAE9DEDE5
:10E3C000048B12980146404605F08AFD31464046CE
:10E3D00005F086FD2146404605F082FD494640464F
:10E3E00005F07EFD5146404605F07AFDC1E501226B
:10E3F0000992791C11917A78002A3FF4E5AC0F4616
:10E4000070E400220992F4E7C2F313031046002BD4
:10E410007FF47BAFB7EE007BB4EEC70BF1EE10FAE2
:10E4200000F1D381B6EE009B20EE099BB1EE497B53
:10E43000E2E603F154730593B8E6BCEEC99B19EE0E
:10E44000103A012B38BF012309EE103AB8EE499B70
:10E45000002D40F03E81B1EE497B53EC172B96E640
:10E46000B2F59A7F00F3B280102A4FEA221340F3EC
:10E470008682614C9DED047B00202246014613F00C
:10E48000010F01F101014FEA630304D092ED006B2B
:10E49000012027EE067B012B02F10802EFD108B123
:10E4A0008DED047B059BA3F15473059304EBC1042C
:10E4B0009DED046B94ED007B4C4B27EE067B17EE35
:10E4C000902A4E4913408B428DED047B7ED8A1F5F6
:10E4D00080118B4240F2D681464C4FF0FF33CDE99C
:10E4E00004340023089385E5B4EECE9BF1EE10FAD8
:10E4F0007FF563AE63E71632FFF662AD0B9BA3EBCD
:10E500000B0B3F4B03EBCB0393ED007B9DED046BBB
:10E5100086EE078B2DE54FF0000ECDF82CE04FF086
:10E52000010C4EE46E2C3FF410AD4DE43FF460ADB1
:10E530005B4213F00F010AD0314A02EBC1029DED9C
:10E54000046B92ED007B86EE077B8DED047B1B1147
:10E550003FF44EAD1F2B33DC13F0100218BF6A22BC
:10E560009DED047B0892274A0021D80704D592ED3F
:10E57000006B012127EE067B5B1002F10802F4D14B
:10E5800009B18DED047B089B93B1DDE90401C1F372
:10E590000A52C2F16B03002B0ADD1F2B40F32F82BE
:10E5A0000020342B049040F340824FF05C730593BD
:10E5B0009DED047BB5EE407BF1EE10FA7FF41AADD1
:10E5C00022239FED058BC8F80030D2E422239FED73
:10E5D000048BC8F80030CCE400000000000000000C
:10E5E000000000000000F07F0000F0BF0000F07F9E
:10E5F000FFFF9F7CFFFFEF7F800200200000A07CD8
:10E60000A8020020700300200293099B019312AB23
:10E610000093A74A13AB11A9404601F09BFE10F0EE
:10E620000F0504463FF4A3AC062D74D1079B9FED64
:10E630009A8B0137002B3FF4CEAB1F60FFF7CBBBAB
:10E640009DED048B95E40B9BDDF844C003440B93D4
:10E65000012805F101031A4614D02844441E03E0A2
:10E6600046009C420DD001332A46082A1D4606EB7F
:10E670008600F5D9102BDCBF09EB89094FEA49095F
:10E68000EFE70232082D3CDC1546FFF779BB8949DC
:10E690000122384600F074FE002800F082804FF01E
:10E6A000000EF14676467546FFF7B5BB44F61F638C
:10E6B0009B45A8BF9B462FE4DDE904231846002BA9
:10E6C0007FF423AE22239FED748B1298C8F800309C
:10E6D00078E6B0EE497BC0E6774911A802F004F96C
:10E6E00000283FF471AB119B7449013B11A81193B1
:10E6F00002F0FAF810B9119B013311939FED688B6A
:10E7000037E4102ADCBF09EB890901EB49091546FA
:10E710000020FFF73ABB129A3AB1352114A806F04F
:10E7200093F81299404605F0DBFB013D139B042D45
:10E7300000F28F81DFE805F0032D2A1F0300149AF1
:10E74000049203F23342159B23F4801343EA0253ED
:10E750000593E50502D543F000430593584A1A4056
:10E760009DED048B002A7FF404AC01F073F92223A1
:10E770000360FFF7FEBB4FF0FF336FF00046CDE9BB
:10E780000436E3057FF55CAF059BE4E74C4B05934E
:10E79000F7E7149B0493159B0593DAE70020FFF736
:10E7A000E1BA119B1A46013311935478064681460B
:10E7B000FFF7CDBA434B03EBC20393ED008B9DED06
:10E7C000047B28EE078BFFF7D4BBBEEE007BB6EED2
:10E7D000009B11E5AE460B90FFF7DCBA394BC5F153
:10E7E0000F054A1B03EBC50503EBC20395ED008B38
:10E7F00093ED007B9DED046B28EE068B28EE078BD6
:10E80000FFF7B7BB002D00F09580DDE904BC2E4B6F
:10E81000CCF313019942624600F0D2800E9B002B8C
:10E8200000F0A580DDE90412134217461AD0B0EEBD
:10E83000480B002D00F0A68005F0D6FE089B7BB1AA
:10E84000C7F30A53C3F16B03002B09DD1B0503F16A
:10E850007F51002001F5401141EC170B20EE070B12
:10E8600038EE008B089B5BB19FED0F7B144B28EEBD
:10E87000078B18EE902A134013B92223C8F80030F2
:10E8800012989FE502F15473059300230893FFF754
:10E89000B1BB00BFAFF3008000000000000000002B
:10E8A000000000000000F07F000000000000503970
:10E8B00094810020901300209413002098130020CE
:10E8C0000000F07FA8020020FFFF0F00DDE9041226
:10E8D0000D43C7D1C2F313031746002BC2D122F058
:10E8E00000431B0D1B05B3F1D66FBBD9DAF814300A
:10E8F0001BB9DAF81030012BB4DD51460122404635
:10E9000005F02EFD2146824605F0A2FD0028A9DD76
:10E91000089B002B7ED1504B3B40A3F580136FEA40
:10E9200013536FEA035305934FF0FF3304939DEDA8
:10E93000048B97E7DDE90412C2F313030B43174678
:10E940007FF46CAFE4E7454911A814AA01F0E8FF91
:10E9500005287FF406AB159B43F0FF4343F4E00327
:10E960000593149B04939DED048BFFF702BBDDE937
:10E9700004010D9B03423FF475AF0F4657E7384C37
:10E9800000218FE505F030FE089B002B55D0C7F322
:10E990000A53C3F16B03002B09DD1B0503F17F5103
:10E9A00001F54011284641EC170B20EE070B38EE1D
:10E9B000408BB5EE408BF1EE10FA7FF455AF81E657
:10E9C000089B04991BB3244B1340B3F1D46F1ED89A
:10E9D0001B0DC3F16B034FF0FF3000FA03F39942B4
:10E9E0007FF41CAF1F4B9A4230D01B4B134003F5F2
:10E9F00080130593002304939DED048B32E74FF0C1
:10EA0000FF3202FA03F3049A1A400492D0E54FF061
:10EA1000FF33E4E7104B3B40B3F1D66F3FF77DAFD8
:10EA2000B3F15C7F3FF720AF4CE6C2F14B024FF0F1
:10EA3000FF3393400B400593BAE538EE408BB5EEBB
:10EA4000408BF1EE10FA7FF41BAF3BE60131CCD1E5
:10EA500009E400237DE600BF0000F07FA8810020CC
:10EA600080020020FFFFEF7F014BFFF7C5B800BF1A
:10EA7000948D002010B4054C054B84460A4620684E
:10EA80005DF8044B6146FFF7B7B800BF1C93002048
:10EA9000948D00200000000010B5234C234B8446C9
:10EAA0000A4620686146FFF7A7F8B4EE400BF1EE86
:10EAB00010FA27D6F7EEC07B9FED1D7AF0EEE76ADD
:10EAC000F4EE476AF1EE10FA0EDDB0EEC05B9FED9A
:10EAD000146BB4EE465BF1EE10FA05DC23682222DB
:10EAE0001A60B0EE670A10BD17EE903A13F0FF4FB0
:10EAF000F7D1104B10EE902A1340002BEED1B0EE60
:10EB0000670A10BD10EE903A002B0B4804DA01F0B2
:10EB100073FAF1EE407AE4E7BDE8104001F06CBA18
:10EB2000FFFFFFFFFFFFEF7F1C930020948D00206D
:10EB3000FFFF7F7F0000F07FD0820020012B2DE9B6
:10EB4000F84F40D0242B98463DD84C4D8E46764603
:10EB50001EF801BB15F80B4014F00804F7D1BBF107
:10EB60002D0F72D0BBF12B0F08BF9EF800B06FF0D5
:10EB7000004908BF06F1020E002B42D0102B57D0DF
:10EB8000B9FBF8F700252E4608FB179A05E033D0AD
:10EB900008FB06C601251EF801BBABF1300CBCF129
:10EBA000090F06D9ABF1410CBCF1190F12D8ABF12A
:10EBB000370C634517DDB5F1FF3FECD0B742E6D225
:10EBC0004FF0FF35E7E700F045FF16230360002014
:10EBD000BDE8F88FABF1610CBCF1190F03D8ABF1B4
:10EBE000570C6345E7DC6B1C27D08CB90AB1A5BB79
:10EBF00011603046BDE8F88FE245C9DA4FF0FF35C5
:10EC0000C9E7BBF1300F05D04FF00A084346B7E71C
:10EC10007642EBE79EF8003003F0DF03582B21D15A
:10EC20004FF010089EF801B043460EF1020EA7E720
:10EC3000BBF1300F1AD09846A2E72223036072B1CD
:10EC40000EF1FF314E461160D3E79EF800B04FF051
:10EC5000004906F1020E01248EE7B146F0E74E4668
:10EC60003046C7E74FF00808434689E79EF8005052
:10EC700005F0DF05582DD3D0984681E70512002016
:10EC8000FFF75CBF10B4054C8446134620685DF85E
:10EC9000044B0A466146FFF751BF00BF1C9300209A
:10ECA0002DE9F04707464C480E46354616F801EB6D
:10ECB00010F80EC01CF0080CF7D1BEF12D0F5AD081
:10ECC000BEF12B0F03BF96F800E06446AE1C64460D
:10ECD0005BB1102B54D04FF0FF38B8FBF3F803FBB7
:10ECE00008FA6FEA0A0A994608E0BEF1300F5AD0D6
:10ECF0000A23DFF8E8804FF0050A994600252846E8
:10ED000005E02CD009FB00C0012516F801EBAEF19F
:10ED1000300CBCF1090F06D9AEF1410CBCF1190F52
:10ED20000BD8AEF1370C634510DDB5F1FF3FECD0E9
:10ED30004045E6D94FF0FF35E7E7AEF1610CBCF195
:10ED4000190F03D8AEF1570C6345EEDC6B1C0BD0EA
:10ED500004B140420AB165B91160BDE8F087D445FD
:10ED6000D0DD4FF0FF35D0E722233B602846002A54
:10ED7000F3D0711EF0E796F800E00124AE1CA7E77F
:10ED8000BEF1300F21D1307800F0DF00582816D1C5
:10ED90004FF0100996F801E04FF00F0A02366FF0BD
:10EDA00070484B46AAE7337803F0DF03582BEFD0C7
:10EDB00008234FF0070A6FF0604899469EE799468E
:10EDC0006FF070484FF00F0A98E74FF00F0A6FF09E
:10EDD0007048994692E700BF051200209999991949
:10EDE000FFF75EBF10B4054C8446134620685DF8FB
:10EDF000044B0A466146FFF753BF00BF1C93002037
:10EE00000EB410B59FB021AC4FF4017154F8042B2F
:10EE10000192ADF81C100490089001F031F80590B3
:10EE200009900B480B490C9100234FF6FF7C10937F
:10EE30001593019A0068ADF81EC0234604A90394F7
:10EE400003F000FC1FB0BDE8104003B0704700BFE6
:10EE50001C930020BDCE000010B50C46B1F90E1079
:10EE600000F0BAFD002803DB236D0344236510BDC9
:10EE7000A38923F48053A38110BD00BF00207047F5
:10EE80002DE9F0410C46B1F90C101F46CB050546A3
:10EE900016460BD421F48051A1813B46B4F90E10E3
:10EEA00032462846BDE8F04100F0BEBDB4F90E1070
:10EEB0000223002200F074FDB4F90C10EAE700BF51
:10EEC00010B50C46B1F90E1000F06AFDA389421C82
:10EED0000EBF23F4805343F480532065A38110BDFB
:10EEE000B1F90E1000F04ABD024A0349034800F090
:10EEF000EFB800BF1093002049290100B887002017
:10EF00000C4B4168994210B5044601D005F0FCFC59
:10EF1000A168094B994202D0204605F0F5FCE16852
:10EF2000064B994204D02046BDE8104005F0ECBCE9
:10EF300010BD00BF54EA0020BCEA002024EB0020F2
:10EF40002DE9F8432A4C2B4B2B48DFF8C090DFF813
:10EF5000C0802A4F1860002504230822294604F1A6
:10EF60005C00274E6566C4E90253C4E90055C4E954
:10EF70000455A56100F04CF9224B6367082229462D
:10EF800004F1C400C4E90749C4E90987C4E91A5572
:10EF9000C4E91E55C4F8CC502567C4F88050E66219
:10EFA00000F036F9184BC4F8DC30294604F1680348
:10EFB000082204F59670C4F88430C4E92298C4E9A4
:10EFC0002476C4E93455C4E93855C4F83451C4F83A
:10EFD000D850C4F8E85000F01BF904F1D003C4E99C
:10EFE0003C98C4E93E76C4F8EC30BDE8F88300BF35
:10EFF00054EA00208CEB002029CF000001CF000054
:10F0000021CF0000090001001200020099CE00008B
:10F01000C1CE000010B504460A4800F015FF636B2E
:10F0200023B9094B094A1B68626323B1BDE810404C
:10F03000044800F00BBFFFF783FFBDE81040014814
:10F0400000F004BF1CEA00208CEB002041CF000040
:10F05000014800F0F9BE00BF1CEA0020014800F0A2
:10F06000F5BE00BF1CEA0020F0B5ADF5057D04AF8C
:10F07000009313464FF400720E460392394603AADA
:10F08000054600F0F5F988B104460246039B314677
:10F09000284600F0C9FCBC42039004D02846214613
:10F0A00001F000F803980DF5057DF0BD4FF0FF303D
:10F0B000F9E700BF10B4054C8446134620685DF89C
:10F0C000044B0A466146FFF7CFBF00BF1C930020E8
:10F0D0002DE9F84380460F4616464FF00009D6E961
:10F0E0000154013D11D4A389012B05F1FF3508D945
:10F0F000B4F90E300133214603D04046B84749EAFF
:10F1000000096B1C04F16804EDD13668002EE6D1CD
:10F110004846BDE8F88300BF88420DD98B1883426A
:10F120000AD900EB020CBAB1624613F801CD02F81D
:10F1300001CD9942F9D170470F2A0ED8034602F14A
:10F14000FF3C4AB10CF1010C013B8C4411F8012B3E
:10F1500003F8012F6145F9D1704740EA01039B078D
:10F1600050D1A2F1100370B501F1200C23F00F056E
:10F1700001F1100E00F11004AC441B095EF8105CA4
:10F1800044F8105C5EF80C5C44F80C5C5EF8085CBB
:10F1900044F8085C5EF8045C44F8045C0EF1100E60
:10F1A000E64504F11004E9D1013312F00C0F01EB34
:10F1B000031102F00F0400EB031327D0043C24F0EA
:10F1C00003064FEA940C1E441C1F8E465EF8045B37
:10F1D00044F8045FB442F9D10CF1010402F00302D7
:10F1E00003EB840301EB840102F1FF3C4AB10CF113
:10F1F000010C013B8C4411F8012B03F8012F6145F0
:10F20000F9D170BD02F1FF3C03469BE72246EBE7D4
:10F21000830730B548D0541E002A3FD0CAB20346F7
:10F2200001E0013C3AD303F8012B9D07F9D1032CEF
:10F230002DD9CDB245EA05250F2C45EA054536D92D
:10F24000A4F1100222F00F0C03F1200EE6444FEA65
:10F25000121C03F1100242E9045542E90255103232
:10F260007245F8D10CF1010214F00C0F03EB0212FD
:10F2700004F00F0C13D0ACF1040323F003030433A8
:10F28000134442F8045B9342FBD10CF003042CB10D
:10F29000C9B21C4403F8011B9C42FBD130BD64463B
:10F2A0001346002CF4D1F9E703461446BFE71A468B
:10F2B000A446E0E711F0FF01034644D0820732D1B3
:10F2C00010B5046841EA012E4EEA0E4E8EEA0402A1
:10F2D000A2F1013323EA0203A4F1013222EA04027B
:10F2E000134313F0803F0FD150F8044F84EA0E0C03
:10F2F000A4F10133ACF1013223EA040322EA0C0247
:10F30000134313F0803FEFD0037823B936E010F8B1
:10F31000013F002B32D09942F9D110BD8A4211D061
:10F320009A071846CCD0184613F8012B002AF5D1BD
:10F33000104670479907184607D0184601330278DF
:10F34000002AF7D170478207F7D10268A2F1013392
:10F3500023EA020313F0803F08D150F8042FA2F1F2
:10F36000013323EA020313F0803FF6D00378002B29
:10F37000E8D010F8013F002BFBD17047184610BDB4
:10F38000002A3ED040EA01039B0730B584462FD1C6
:10F39000032A2DD90B4608E0043A8446194625D0A5
:10F3A0001EF0803F22D1032A22D90468194653F85F
:10F3B000045BA4F1013EAC4284462EEA040E00F147
:10F3C0000400E9D09CF800000C78A0421BD1E6466E
:10F3D00068B11EF8010F11F8014FA2EB0E03A04215
:10F3E00003F1FF330FD11CEB0303F1D1002030BD3B
:10F3F0009CF800000C78844205D1012AF6D0E6463C
:10F40000E6E710467047001B30BD00BF40EA01032D
:10F410009B0730B501D1032A0FD8844601F1FF3E86
:10F4200007E01EF8011F03F8011B541EC1B19C46E2
:10F4300022466346002AF4D130BD0B468446194665
:10F4400053F8045BA5F1013424EA050414F0803F6D
:10F45000E4D1043A032A4CF8045B1946EFD8DDE7FF
:10F460009444002CE8D003F8011B6345FBD130BD68
:10F4700030B5146815469BB01A4609B1002C19D155
:10F4800000214FF42273ADF80C30009104914FF637
:10F49000FF7302910591ADF80E3069461E9B01F095
:10F4A0002FFB002813DB009B286000221A700498B1
:10F4B0001BB030BD4FF4C16300910491ADF80C3026
:10F4C0002146E4DA8B23036000201BB030BD00200E
:10F4D000EEE700BF024A12680123503200F002B882
:10F4E0001C930020F0B4074610B33E468C4616F835
:10F4F000010B01E0A04216D01CF8014B002CF9D101
:10F50000D8B116F8015B0C4601E0002BF9D014F8D5
:10F51000013B9D42F9D14DB1002306F8013C166034
:10F520003846F0BC70475BB13746DEE72E46F6E75B
:10F530001768002FD9D13846F3E7F0BC1060704748
:10F54000166038463B70ECE701292DE9F0415BD9A4
:10F550004FF00108C64600244FF0FF35434608E04F
:10F56000A3EB05081C464FF0010E04EB0E038B4283
:10F5700010D200EB0E0CC75C1CF80560B742EFD34D
:10F5800032D04FF001082546C646444404EB0E0332
:10F590008B42EED30127C2F80080BE4600244FF014
:10F5A000FF363B4607E09F1B1C464FF0010E04EB65
:10F5B0000E038B4210D200EB060C10F803801CF8EF
:10F5C0000EC0E045EFD817D001272646BE463C4482
:10F5D00004EB0E038B42EED30136681C864201D346
:10F5E00017603046BDE8F081C6450ABF74440EF18D
:10F5F000010E4FF0010EB8E7BE450ABF74440EF18C
:10F60000010E4FF0010ED2E701270026E8E700BF08
:10F610002DE9F04F9246ADF21C4D05AA81460F46EA
:10F62000504619461D46FFF78FFF134683460DF2DD
:10F63000144243F8045F9342FBD1002D00F0DF80B9
:10F640006C1E06AE0AF1FF320AEB0400009612F8B7
:10F65000011FAB1A013B5344824246F82130F6D1D8
:10F6600005995A465144504605F0E6FA00286FD1F4
:10F670000BF1FF330393CBF1010380460646019360
:10F6800009EB060E009A1EF8043052F82330DBB165
:10F69000B8F1000F03D0059A9A4200D9AB1A1E4464
:10F6A0004FF000087B1B9E42EAD909EB070045F4A6
:10F6B000006105F0F1FA07447B1B9E42E0D900206F
:10F6C0000DF21C4DBDE8F08FC3455B4638BF434685
:10F6D000A34210D2591EF21851444A4402E00133A9
:10F6E000A34208D212F8010B11F801CF8445F6D0DD
:10F6F000019A1644D3E7C345039B7ED906EB0B0260
:10F700004A440AEB0B01029602E0434515D003463A
:10F7100012F8010D11F8016D864203F1010C03F19D
:10F72000FF30F2D0029E634608F1010898450AD8DE
:10F73000059B1E44A5EB0308B4E7434608F1010806
:10F740009845029EF4D970460DF21C4DBDE8F08F2D
:10F75000A5EB0B035B4538BF5B46013305930BF10B
:10F76000FF330193CBF101030026029345F40068B7
:10F7700009EB0601009A0B5D52F823306BB11E4471
:10F780007B1BB342F4D209EB0700414605F084FA33
:10F7900007447B1BB342EBD291E7A34514D2019BF4
:10F7A0000BEB06020AEB030C4A445B4602E0013312
:10F7B000A34209D212F8010B1CF801EF8645F6D0DE
:10F7C000029A16441E44DBE7BBF1000F10D00BEB8E
:10F7D000060048440AEB0B0201E0534508D012F83A
:10F7E00001ED10F801CDE6451346F6D0059BC6E7BE
:10F7F00008460DF21C4DBDE8F08F5B4694E706AB62
:10F800004FF0FF3400932BE72DE9F0410D460978C6
:10F8100090B00446002954D06A78002A00F0838012
:10F82000AB78002B51D0E8782E68002800F0828059
:10F830002B79002B57D0284600F022FB064640F4D7
:10F840000071204605F028FA86425BD8FE2E00F2B1
:10F850008680801B27184022711C6846FFF7D8FC61
:10F860007EB16A1E5FFA86FC901912F8013F03F020
:10F870003F0340336B44A91A6144824203F8401CA1
:10F88000F3D1013CA35D03F03F0340336B4413F815
:10F89000403C1C44A74203D239E04444A74236D33B
:10F8A00014F806C00CF03F0C0CF140030DEB030CF8
:10F8B0002046324629461CF8408C05F0BDF9002848
:10F8C000EBD1204610B0BDE8F081007842EA014259
:10F8D00000E00C4640EA0343611C98B19A4260780C
:10F8E000F7D1013CEDE7227862B131BA01E09942EB
:10F8F0001ED042EA0323204614F8012F002AF6D135
:10F90000994215D00024204610B0BDE8F081BB5DBF
:10F91000B819002BF6D04FF4006105F0BDF907448B
:10F92000BC42AED9EEE710B0BDE8F041FFF7C2BC73
:10F93000C41EC6E7120442EA016242EA03232178A8
:10F94000024600E02C4641EA0200651C0202002942
:10F95000D8D0B3EB002F6178F4D1023CB1E7014677
:10F9600033462A46204610B0BDE8F041FFF750BEAE
:10F97000014B93F828017047948D002038B5074D4E
:10F980000022044608462A60FBF7C8FC431C00D04E
:10F9900038BD2B68002BFBD0236038BDA0EB0020C6
:10F9A00038B50C46084D8446114620461A460023B9
:10F9B0002B606446FBF7BEFC431C00D038BD2B68AF
:10F9C000002BFBD0236038BDA0EB002013460A4675
:10F9D0000146022000F0C2BA38B50C46084D8446F4
:10F9E000114620461A4600232B606446FBF794FC20
:10F9F000431C00D038BD2B68002BFBD0236038BDE2
:10FA0000A0EB002038B5074D0022044608462A60C6
:10FA1000FBF768FC431C00D038BD2B68002BFBD0E3
:10FA2000236038BDA0EB002038B50C46084D844655
:10FA3000114620461A4600232B606446FAF722FA44
:10FA4000431C00D038BD2B68002BFBD0236038BD91
:10FA5000A0EB0020014B1868704700BF1C930020EA
:10FA6000A2EB0300704700BF02780B78012A28BF81
:10FA70009A42F5D16DE9044540EA0104CDE90267F7
:10FA80006FF0000C4FEA447212B380EA010414F0E4
:10FA9000070F6AD100F0070420F0070004F0030507
:10FAA00021F007014FEAC505F0E8042314F0040F24
:10FAB000F1E804670CFA05F462EA040266EA040657
:10FAC0000AD063EA0403624667EA0407664603E075
:10FAD000F0E80423F1E8046782FA4CF582EA0604B0
:10FAE000A4FA8CF46CBB83FA4CF583EA0705A5FAFB
:10FAF0008CF595B950E9022351E9026782FA4CF579
:10FB000082EA0604A4FA8CF483FA4CF583EA07052A
:10FB1000A5FA8CF52543DBD09CB92DBAB5FA85F44E
:10FB200024F0070427FA04F1DDE9026723FA04F35D
:10FB300003F0FF0001F0FF01FDE80445A0EB010028
:10FB4000704724BAB4FA84F424F0070426FA04F1C6
:10FB5000DDE9026722FA04F202F0FF0001F0FF0182
:10FB6000FDE80445A0EB0100704714F0030F3CD101
:10FB700010F0030428D150F8082B51F8083B82FA02
:10FB80004CF582EA0305A5FA8CF55DB950F8042C12
:10FB900051F8043C82FA4CF582EA0305A5FA8CF58B
:10FBA000002DE8D02DBAB5FA85F424F0070423FA25
:10FBB00004F122FA04F202F0FF0001F0FF01FDE877
:10FBC0000445A0EB010070474FEAC40420F0030095
:10FBD00050F8082B21F0030151F8083B0CFA04F40B
:10FBE00062EA040263EA0403C9E710F003041AD0CE
:10FBF000A1EB040120F00300E40750F8042B06D029
:10FC00000FD28B785FFAA2F4E41A06D12BB1CB782D
:10FC10005FFAB2F4E41A00D11BB920465DF8104B2C
:10FC2000704701F1040150F8042BCC0721F00301C7
:10FC300051F8043B48D824D222F07F4482FA4CF594
:10FC400094EA1325A5FA8CF50AD165B951F8043B5D
:10FC500084EA0204B4EB036F0ED150F8042BEBE7F7
:10FC60004FEA132355E035F07F454DD10878FDE884
:10FC70000445C0F1000070474FEA126203F0FF0331
:10FC800047E002EA1C4482FA4CF594EA1345A5FACF
:10FC90008CF50AD165B951F8043B84EA0204B4EB4F
:10FCA000034F0CD150F8042BEBE74FEA134330E03D
:10FCB00015EA1C4528D10B884FEA124229E04FEA89
:10FCC000124203EA1C4324E002F0FF0482FA4CF5DE
:10FCD00094EA1365A5FA8CF50AD165B951F8043B8D
:10FCE00084EA0204B4EB032F09D150F8042BEBE7AC
:10FCF0004FEA13630DE015F0FF0F05D10B684FEAD3
:10FD0000122223F07F4304E04FF00000FDE8044599
:10FD1000704712BA1BBA82FA4CF482EA0304A4FABE
:10FD20008CF5B5FA85F402FA04F203FA04F34FEA0B
:10FD30001260FDE80445A0EB1360704780EA010201
:10FD4000844612F0030F4FD111F0030F32D14DF85A
:10FD5000044D11F0040F51F8043B0BD0A3F1013214
:10FD60009A4312F0803F04BF4CF8043B51F8043B27
:10FD700016D100BF51F8044BA3F101329A4312F09F
:10FD8000803FA4F101320BD14CF8043BA24312F0A6
:10FD9000803F04BF51F8043B4CF8044BEAD02346A3
:10FDA0000CF8013B13F0FF0F4FEA3323F8D15DF855
:10FDB000044B704711F0010F06D011F8012B0CF81D
:10FDC000012B002A08BF704711F0020FBFD031F895
:10FDD000022B12F0FF0F16BF2CF8022B8CF800201C
:10FDE00012F47F4FB3D1704711F8012B0CF8012B9F
:10FDF000002AF9D1704700BF70B50D4E0D4D761B2E
:10FE0000B61006D0002455F8043B01349847A642AA
:10FE1000F9D1094E094D761B08F01EFAB61006D02E
:10FE2000002455F8043B01349847A642F9D170BD2F
:10FE3000801E0060801E0060981E0060801E0060B2
:10FE4000704700BF704700BF704700BF704700BFDA
:10FE500000000000000000000000000000000000A2
:10FE60000000000000000000000000000000000092
:10FE70000000000000000000000000000000000082
:10FE800090F800F06DE9024520F007016FF0000CDA
:10FE900010F0070491F820F040F049804FF0000482
:10FEA0006FF00700D1E9002391F840F000F108005D
:10FEB00082FA4CF2A4FA8CF283FA4CF3A2FA8CF395
:10FEC0004BBBD1E9022382FA4CF200F10800A4FAFC
:10FED0008CF283FA4CF3A2FA8CF3E3B9D1E9042350
:10FEE00082FA4CF200F10800A4FA8CF283FA4CF387
:10FEF000A2FA8CF37BB9D1E9062301F1200182FA41
:10FF00004CF200F10800A4FA8CF283FA4CF3A2FA46
:10FF10008CF3002BC6D0002A04BF04301A4612BA54
:10FF2000B2FA82F2FDE8024500EBD2007047D1E957
:10FF3000002304F00305C4F100004FEAC50514F0E6
:10FF4000040F91F840F00CFA05F562EA05021CBFB7
:10FF500063EA050362464FF00004A9E72DE9F04784
:10FF6000DFF87CA00646DAF8000098460F46914676
:10FF7000FFF76AFF184B1C6824B365681F2D24DC4B
:10FF80005EB96B1C0235DAF80000636044F8257036
:10FF9000FFF75CFF0020BDE8F08704EB850101233B
:10FFA000C1F88890D4F88821AB401A43022EC4F8D7
:10FFB0008821C1F80881E4D1D4F88C211A43C4F80F
:10FFC0008C21DEE7054C1C60D7E7DAF80000FFF76C
:10FFD0003DFF4FF0FF30DEE780E8002084E800209E
:10FFE000888D0020000000009FED010B704700BFCE
:10FFF000000000000000F87F9FED010A704700BF7D
:02000004600199
:100000000000C07FF8B5244F0C460646FDF7ACFB58
:10001000BB685D68C4F57E610F3125F003054B199F
:1000200023F47F6323F00F03A3F58054B4F5805FBE
:1000300007DB00213046FFF7E5FCBB682B44984204
:1000400004D03046FDF796FB0020F8BD61423046F3
:10005000FFF7D8FC01300DD0104ABB682D1B45F0CE
:1000600001055D60136830461B1B1360FDF782FBC2
:100070000120F8BD00213046FFF7C4FCBA68831A9E
:100080000F2BDEDD43F001035360054B03491B6872
:10009000C01A0860D5E700BF008F002020EA0020CA
:1000A00008930020002961D0F8B50C460646FDF7FC
:1000B0005BFB54F8042C7B4FA4F1080522F00101EE
:1000C00005EB010CB868DCF80430604523F003034D
:1000D00000F08B80D207CCF8043032D454F8082CCE
:1000E000AD1A1144AA6807F1080082426AD00CEBED
:1000F0000304D4F804E0EC68D4601EF0010FA260A1
:1001000000F0978041F001036B60CCF80010B1F56E
:10011000007F35D27868CB080122490901338A4033
:10012000024357F833107A6007EBC302083AC5E977
:10013000021247F83350CD603046BDE8F840FDF775
:1001400019BB0CEB03025268D00710D4194407F115
:100150000800DCF80830834273D0DCF80C20DA6049
:10016000936041F001036B606950D0E7704741F044
:100170000103B1F5007F44F8043CCCF80010C9D36A
:10018000B1F5206F4FEA512348D28B0903F13900B2
:1001900003F13802C300F818FB580838984259D0C8
:1001A0005A6822F003028A4202D99B689842F7D12A
:1001B000D868C5E902308560DD603046BDE8F840AA
:1001C000FDF7D8BA0CEB03025268D20763D40B4494
:1001D000DCE90212CA60916043F001026A603046B5
:1001E000EB50BDE8F840FDF7C5BA0B44D10707D482
:1001F00054F8082CAD1A1344D5E90212CA60916074
:1002000043F001026A60284ABD6012689A4293D89E
:10021000264B30461968FFF7F5FE8DE7142B0AD9F7
:10022000542B1FD80B0B03F16F0003F16E02C300B8
:10023000B1E719448DE703F15C0003F15B02C300F1
:10024000A9E741F00103C7E90455C5E902006B6065
:10025000695071E779689210012404FA02F20A43A6
:100260007A60A6E7B3F5AA7F06D8CB0B03F1780036
:1002700003F17702C3008EE740F25452934206D84E
:100280008B0C03F17D0003F17C02C30083E74FF484
:100290007E737E227FE741F001036B60CCF8001093
:1002A0004AE700BF008F00200C93002050EA002096
:1002B0002DE9F0410469B4EB611F2FDD00F1140E4C
:1002C0004E1111F01F0C0EEB84050EEB86032BD0A4
:1002D0005EF8261004339D4221FA0CF1CCF120087F
:1002E00018D977461A6802FA08F20A4347F8042B2D
:1002F00053F8041B9D4221FA0CF1F3D8A31B9B0079
:10030000053B9B0801330EEB83044EF82310C9B163
:10031000043417E0416174460029F9D100230361D8
:1003200000234361BDE8F0819D4288BF00F11002C7
:10033000F4D953F8041B42F8041F9D42F9D8A41BBA
:100340000EEB8404A4EB0E039B1074450361E7D00D
:10035000BDE8F0812DE9F04F2DED028B0C688B4646
:10036000A17885B0302908EE100A9246029340F039
:10037000CE816FF00100001BE21C8318144612F8B6
:10038000011B3029F9D0DFF8008318F80120002A7A
:1003900000F0E5802278002718F802203D46264626
:1003A0002AB116F8012F18F80220002AF9D1B54910
:1003B000019301223046FEF7E3FF019B81460028AE
:1003C0004DD0002D4ED13278A94602F0DF02502ADE
:1003D000354650D0CBF80060002F69D12B1B013B74
:1003E000072B394604DD5B10072B01F10101FADC14
:1003F00018EE100A03F04EFD8346002800F06682D6
:1004000000F11406AC42019680F0D2810027CDF8AD
:100410000C909C49A1463C460CE0202F19D0384650
:1004200004372A7818F8022002F00F0282401443A1
:100430004D4547D015F8012D2E2AEED14D45ECD370
:1004400001222846FEF79CFF8E490028F0D0202F7D
:10045000E5D1002046F8044B04270446E1E7002DCF
:1004600000F04281327802F0DF02AD1B502A4FEAE1
:1004700085093546AED16A782B2A00F025812D2AD0
:1004800000F0A5806E1C002018F802104A1E182AE1
:1004900000F29B80727818F8022010390136002A89
:1004A0005AD100B149428944CBF80060002F95D061
:1004B000002B14BF00250625284605B0BDEC028B95
:1004C000BDE8F08FDDF80C90234646F8043B184653
:1004D000019BF61AB610CBF8106003F0B5FD76015B
:1004E000DAF80040301AA04275DCC0F2EF80002735
:1004F000DAF808304B45C0F25181DAF804304B4548
:100500004ADDA3EB09094C4500F38280DAF80C20A0
:10051000022A00F06581032A00F08181012A00F09F
:100520006F8118EE100A594603F0DAFC5025109A34
:1005300000232846136005B0BDEC028BBDE8F08FA8
:1005400001EB810102EB4102A2F1100116F8012F2B
:1005500018F80220002AA4D0192AF1DDA1E74949A0
:10056000019301222046FEF70BFF019B00286DD16D
:10057000617818F80120651C002A69D030292C46C2
:1005800005D114F8013F302BFBD018F80320B2FA44
:1005900082F77F09012302E7012557B1DAF80C3011
:1005A000022B5DD0032B5FD0012B00F0848045F03F
:1005B0001005109BC3F800B0029B2846C3F80090BA
:1005C00005B0BDEC028BBDE8F08F2E4602E701209E
:1005D000AA78AE1C58E7061B3146584604F062F96B
:1005E000074678B1721E53110199012751F8231063
:1005F00002F01F0307FA03F30B4203D0BA4200F3E1
:10060000E280022731465846B144FFF751FE6FE7BA
:1006100009F1FF35002F40F0CE80002D40F0CD8055
:100620006B11019A05F01F0552F823200123AB40FE
:1006300013424946584618BF47F00207A4EB090485
:10064000FFF736FE0225DAF80490A6E72178254662
:1006500001F0DF01502900F0BF80CBF8005027E700
:10066000119BC3F101031193119B002B9FD0DBF869
:100670001070DDF80480BA004346019208EB870051
:10068000002107E09013002098100020984243F8C2
:10069000041C3FD91E4653F8042BB2F1FF3FF5D09E
:1006A0000132022D326000F0BF8014F01F0440F0D0
:1006B000E78021257DE7BA077FF579AF019B1B68AD
:1006C0001F43FB07D3D472E7002081E7221A594663
:1006D00018EE100AA9EB020903F042FE00F1140320
:1006E00083460193002703E7727818F80200711C13
:1006F000002800F0A0800D4611F8012F18F8020024
:100700000028F8D1751B4FEA85090E465DE60234D4
:10071000002338E6DBF808309F4280F28E803B46AB
:100720000BEB830201210133022DCBF81030516114
:100730007AD09F42B9DA002B40F39B80DBF814207B
:1007400008EB83030BF1180083424FEA520240F298
:10075000B1804446016842EAC17244F8042B50F863
:10076000042B83424FEA5202F4D8A3EB0B03193B4C
:100770009B08013348F8232008EB8303002A40F04C
:100780009D80A3EB080292104345CBF8102073D054
:10079000DAF8083009F101094B458ADA18EE100A37
:1007A000594603F09DFB109A00231360A32583E6AE
:1007B000019E002389E6012732E72946584604F0C6
:1007C00071F807462CE7B11E584604F06BF8002874
:1007D0003FF417AF032715E74FF0000901274AE65A
:1007E000119A002A7FF49DAE02990B60019B0122B1
:1007F000CBF810201A60109B6225C3F800B05BE6AE
:100800004C457FF48EAE012CEED0611E584604F0AC
:1008100049F800283FF485AEDAF80430E4E7119A8D
:10082000002A3FF47EAEDFE7DAF80030013BA34256
:1008300034D02225BDE60E46C7E5DBF8041018EEDD
:10084000100A013103F026FB0646C8B3DBF810306E
:1008500002339A000BF10C010C30FAF739FA5946C1
:1008600018EE100A03F03CFB06F114083369B34696
:1008700056E70023CBF810300023CBF8143087E77D
:10088000019B4344C4F1200453F8040C03F0DCFB47
:10089000A042BFF60EAFDBF810304CE7631104F056
:1008A0001F0458F823200123A34013420CBF222524
:1008B00021257EE6C8F8002043466AB1043360E78C
:1008C000074B08483246842104F0BAFC044B054823
:1008D0005A46E42104F0B4FCCBF81020CCE700BF6A
:1008E000181000202C10002010B4046809E014F83F
:1008F000013FA3F1410CBCF1190F98BF2033934283
:1009000009D111F8012B002AF1D101340460012032
:100910005DF8044B704700205DF8044B704700BF42
:100920002DE9F04F096885B04B1111F01F010290BD
:1009300002EB8303039140F08F801D1F0193029B04
:1009400001991C68002341F8043C617801340029B6
:1009500000F09880DFF87491A846AC469A461E468F
:100960000EE0202900F28C80564506DDC44501D2F8
:10097000072B5BDD624551D3082314F8011FA1B199
:1009800019F801000028ECD00133082B06F101060C
:100990003ADCDCF80010090100F00F000843CCF845
:1009A000000014F8011F0029EAD1002E6AD0C445C6
:1009B00001D2072B74DD624552D2111F634653F8F2
:1009C000040B41F8040FAB42F9D9A5EB0C0323F05B
:1009D0000303691C04330CF1010C614538BF042387
:1009E0001344002143F8041BAB42FBD9019B53F88D
:1009F000043C2BB9AA4249D055F8043D002BF9D04C
:100A0000052005B0BDE8F08F6245B6D200234CF852
:100A1000043C1946ACF1040C0123BDE70023ACF102
:100A200004084CF8043CB246C446A6E7C3F10801EA
:100A3000DCF800308900C1F1200E60469B46476813
:100A400007FA0EF343EA0B0327FA01FB036040F8B1
:100A500004BF4045F3D38DE7191D01911D466EE794
:100A6000039B002BC2D0039B0198C3F120014FF0E0
:100A7000FF33CB4050F8041C0B4040F8043CB8E76F
:100A8000292909D0042005B0BDE8F08F01230520F5
:100A90002B6005B0BDE8F08F029901340C6084E74B
:100AA000DCF80010C3F108039B00C3F12007644683
:100AB0000846666806FA07F1014326FA03F021604A
:100AC00044F8040F4445F4D375E700BF98100020A4
:100AD00082B049B15AB16BB113780B601278101E15
:100AE00018BF012002B0704701A9002AF3D11046B7
:100AF00002B070476FF00100F4E700BF0000000093
:100B00002DE9F04F2DED088BD1B00C460BEE101AED
:100B100090460893834604F003F90368129318463D
:100B2000FFF7AEF920AF1090082200213846FEF7FB
:100B30006FFBA3891B0603D52369002B00F05587A3
:100B400000239FED838B9FED849BCDE92533CDE979
:100B50001333CDE9153327AA0E93249292461193AD
:100B600004934446A1467E4BD3F8E450FEF700FFC1
:100B70004A4603461CA900975846A847002800F09B
:100B8000B080C0F2A6801C9A252A034601D0994461
:100B9000E9E7B9EB0405064640F0A78000234FF0D3
:100BA000FF328DF867309846069309F1010999F8EC
:100BB000003003922B25202609F10109A3F1200220
:100BC0005A2A00F2CF80DFE812F0E802CD00CD0013
:100BD000E302CD00CD00CD006A00CD00CD000502BE
:100BE0008402CD001002C902CD00BD025B005B0093
:100BF0005B005B005B005B005B005B005B00CD00AB
:100C0000CD00CD00CD00CD00CD00CD005301CD00F5
:100C100083011A02530153015301CD00CD00CD00D1
:100C2000CD001502CD00CD009602CD00CD00CD0047
:100C3000AB01CD00AA02CD00CD00E306CD00CD0072
:100C4000CD00CD00CD00CD00CD00CD005301CD00B5
:100C50008301DE015301530153017702DE017F005E
:100C6000CD008902CD005F02E0062F027F00CD009B
:100C7000AB017C00B806CD00CD00BD06CD007C00E8
:100C8000A3F13002002119F8013B01EB810102EBD5
:100C90004101A3F13002092AF5D906918EE75846A1
:100CA00004F03EF8436815931846FFF7E9F81690EC
:100CB000584604F035F883681393169B002B40F0D8
:100CC0002D8699F8003077E799F8003048F0200831
:100CD00072E7082200213846FEF79AFA0123994468
:100CE00041E7B9EB0405064611D0269B2B44269319
:100CF000259B0133072BCAE9004525931CDC0AF12B
:100D0000080A049B2B440493002E7FF447AF269BD4
:100D1000002B41F00B821BEE103AB3F90C3013F0AC
:100D2000400F049B18BF4FF0FF330493049851B059
:100D3000BDEC088BBDE8F08F1BEE101A24AA5846B4
:100D400005F0F4FA0028E6D10DF19C0AD9E700BFBE
:100D50000000000000000000FFFFFFFFFFFFEF7F2B
:100D6000948D00200B93002BD1D00021CDE90C11E4
:100D70008DF8DC3001238DF86710029307910593FD
:100D800003910F9137AC18F00203099302D0029B34
:100D90000233029318F084030A9305D1069B029A4A
:100DA0009D1A002D00F36983269A89B125990DF1CA
:100DB000670001310132CAF8000007294FF0010035
:100DC00026922591CAF8040000F3A2830AF1080ACA
:100DD000099B83B1259B1AA901330232CAF800107E
:100DE000072B4FF0020126922593CAF8041000F356
:100DF000A3830AF1080A0A9B802B00F06C82039BF4
:100E000005995D1A002D00F3A58218F4807F40F04B
:100E10000D82059BCAF804301A44259BCAF800408D
:100E20000133072B2692259300F31B830AF1080A4E
:100E300018F0040F05D0069B02995C1A002C00F3F1
:100E40008883049B069902988142ACBF5B181B18EB
:100E50000493002A40F0B08200232593079B1BB126
:100E600007995846FFF71EF90DF19C0A4C4679E6A2
:100E70000B93089B073323F00703B3EC028BB0EE10
:100E8000C87BB4EE497BF1EE10FA089340F3E98495
:100E9000B5EEC08BF1EE10FA01F159809DF86710A4
:100EA000AB4CAC4B28F080080B9A472AC8BF1C46B5
:100EB0000023CDE90C33032207930292059203939A
:100EC0000F9300293FF45FAF029B013302935AE76F
:100ED000432B0B9303D018F0100F00F05D85089D95
:100EE0000822002122A837ACFEF792F922AB55F870
:100EF000042B2146584604F01DF9034601330590A2
:100F000001F0EE82059B089523EAE373029300212A
:100F1000CDE90C118DF86710079103910F9132E71D
:100F20000B93089B1A4600238DF86730134653F83D
:100F3000044B0893002C00F048850B9B532B00F0CA
:100F4000EC8618F010030C9340F0E786039B5D1CC1
:100F500001F0E5800C991A46204604F071F80790DC
:100F6000002801F02883079B1A1B05920C9B039312
:100F700022EAE2720F930D93079373239DF8671093
:100F800002920B939DE718F0200F0B93089B3DD026
:100F9000073323F007031A4611465B6851F8082B04
:100FA00008911946002BC0F20C84039B013300F01A
:100FB0009E8228F0800052EA0103029040F099825C
:100FC000039B002B40F09A828046002303930593F5
:100FD00050AC06E1089B53F8042B0692002A80F2DD
:100FE0001984069A08935242069299F8003048F004
:100FF0000408E1E599F8003048F00808DCE548F01D
:10100000100818F0200F0B93089BC1D118F0100F97
:1010100040F00B8418F0400F00F0038433F9042BE8
:101020000893D1170B46BDE7089B48F002020292D5
:1010300053F8042B089347F63003ADF86830782056
:10104000454B1193002102230B900020039C8DF847
:101050006700601C00F0AD80029820F0800852EA22
:10106000010040F0A480002C40F0AE86002BACD1F3
:10107000029B13F00103059300F0D18330238DF818
:101080003F310DF23F14ACE018F0200F40F0D48354
:1010900018F0100F40F09F8618F0400F40F097872F
:1010A00018F4007F00F09786089B049953F8042BEE
:1010B000089311704C4655E599F80030682B03BF32
:1010C00099F8013048F4007809F1010948F0400826
:1010D00072E599F800308DF867506DE599F80030A9
:1010E0006C2B03BF99F8013048F0200809F1010981
:1010F00048F0100860E50B9348F0100818F0200144
:1011000000F05183089B073323F00703596853F815
:10111000082B089328F480630293002395E70B9330
:1011200048F010030293029B13F0200100F0298382
:10113000089B073323F00703596853F8082B0893DB
:10114000012382E799F8003048F0800834E500BFB9
:10115000A4130020A8130020B4130020494611F85E
:10116000013B2A2B01F04982A3F13002092A89466A
:1011700098BF002101F2448119F8013B01EB810184
:1011800002EB4101A3F13002092AF5D9039115E5DB
:1011900099F8003048F001080EE59DF86730002B03
:1011A0007FF48FAD99F800308DF8676004E5CDF8D5
:1011B0000880012B00F09D81022B50AC20D11198AA
:1011C00002F00F031209C35C04F8013D42EA017208
:1011D000090952EA0103F3D150AB1B1BDDF808806B
:1011E0000593059A03989DF8671082424FF000031B
:1011F000B8BF0246CDE90C33079302920F9360E625
:1012000002F00703D20842EA4172C908303352EAB9
:101210000105204604F8013DF2D1029AD10700F100
:101220004D8250AB1B1B90460593DAE70B9B652B59
:1012300040F3D480B5EE408BF1EE10FA40F0C1815E
:10124000259BBA49CAF80010013301320121072B4E
:1012500026922593CAF8041000F351850AF1080A72
:101260001B9B0E998B4280F2D082109B12991A44DC
:10127000CAE90013259B26920133072B259300F31F
:1012800097830AF1080A0E9B5C1E002C7FF7D0ADF5
:10129000102C259B40F36E851BEE106A102505E08F
:1012A0000AF1080A103C102C40F364850133A04970
:1012B0001032072BCAE90015CDE92532F0DD24AA4A
:1012C0003146584605F032F800287ED1DDE9253256
:1012D0000DF19C0AE6E7069B02995D1A002D7FF747
:1012E0008EAD102D259B21DD099410261BEE104A92
:1012F00004E0103D102D0AF1080A16DD01338C4977
:101300001032072BCAE90016CDE92532F1DD24AAF7
:10131000214658460DF19C0A05F008F8002854D1E2
:10132000103D102DDDE92532E8DC099C8049CAF822
:10133000045001332A44072BCDE92532CAF80010A6
:1013400000F32685039B05995D1A002D0AF1080A12
:101350007FF75BAD102D259B1FDD514610261BEE40
:1013600010AA04E0103D102D01F1080114DD013335
:101370006F481032072BC1E90006CDE92532F1DDB7
:1013800024AA5146584604F0D1FFF0B9103D102D63
:10139000DDE9253227A9EADC8A4601336449CAF827
:1013A00004502A44072BCDE92532CAF8001000F377
:1013B000DA810AF1080A28E51BEE101A24AA584619
:1013C00004F0B4FF00283FF447AD079B002B3FF427
:1013D000A2AC07995846FEF765FE9CE40E9B012BD4
:1013E00040F37A81259BCAF8004001330132012184
:1013F000072B26922593CAF8041000F3F8810AF10E
:10140000080A1099129801330A44072BCAE900010F
:10141000CDE9253200F3DD810AF1080AB5EE408BF3
:10142000F1EE10FA00F077810E99013301390134A1
:101430000A44072BCAF800402593CAF804102692E4
:1014400000F35B810AF1080A1499CAF80410013309
:101450000A44072B1EA9CDE92532CAF800107FF7F0
:10146000E5AC1BEE101A24AA584604F05FFF0028D2
:10147000ABD1269A0DF19C0ADAE4102DDDE9251294
:101480002C4E24DD179410231BEE104A084604E06E
:10149000103D102D0AF1080A17DD0130103207281F
:1014A000CAE90063CDE92502F2DD24AA21465846A7
:1014B0000DF19C0A04F03AFF002886D1103D102D52
:1014C000DDE925024FF01003E7DC179C01460131EE
:1014D0002A440729CDE92512CAF80060CAF8045049
:1014E00000F3BD839DF867100AF1080A5DE4CDF8AA
:1014F00008800A2A71F1000380F04583303201230D
:10150000DDF808808DF83F2105930DF23F1468E661
:101510001BEE101A24AA584604F008FF00287FF496
:1015200054AF269A0DF19C0A52E400BFE413002048
:1015300090870020602E00201BEE101A24AA584627
:1015400004F0F4FE00287FF440AF269A0DF19C0AC7
:1015500051E4102C259BBE4E1FDD1BEE108A10257A
:1015600004E0103C102C0AF1080A16DD0133103299
:10157000072BCAE90065CDE92532F2DD24AA4146F0
:1015800058460DF19C0A04F0D1FE00287FF41DAFEF
:10159000103C102CDDE92532E8DC01332244072B16
:1015A000CAE90064CDE925327FF74BAC1BEE101A77
:1015B00024AA584604F0BAFE00287FF406AF269A03
:1015C0003FE41B99002940F35A830C9E0E9B9E42D8
:1015D000A8BF1E46002E0BDD259B01333244072B8E
:1015E000CAE900462692259300F389860AF1080A83
:1015F0000C9D002EA8BFAD1B002D00F303820C9B99
:1016000018F4806F2344059340F01F821B9B0E99B2
:101610008B4203DB18F0010F00F0CF841099129871
:101620000A44CAE90001259926920131072925912A
:1016300000F3A5860AF1080A0E996518CC1A059BD5
:10164000ED1AA542A8BF2546002D0DDDCAF80030D1
:10165000259BCAF8045001332A44072B2692259370
:1016600000F3BB860AF1080A002DA8BF641B002CFA
:101670007FF7DEAB102C259B40F37C831BEE106ABA
:10168000102505E00AF1080A103C102C40F3728383
:10169000013370491032072BCAE90015CDE9253214
:1016A000F0DD24AA3146584604F040FE00287FF4BD
:1016B0008CAEDDE925320DF19C0AE5E7302B3FF4D5
:1016C0008BAD3023023804F8013C50AB1B1ADDF817
:1016D00008800593044684E518F0010F7FF482AE7C
:1016E000259BCAF80040013301320121072B2692C5
:1016F0002593CAF804107FF7A5AE1BEE101A24AA92
:10170000584604F013FE00287FF45FAEDDE9253271
:101710000DF19C0A98E60E994C1E002C7FF794AEB2
:10172000102C40F361831BEE106A102505E00AF1CE
:10173000080A103C102C40F35783013345491032FE
:10174000072BCAE90015CDE92532F0DD24AA314680
:10175000584604F0EBFD00287FF437AEDDE9253272
:101760000DF19C0AE5E71BEE101A24AA584604F076
:10177000DDFD00287FF429AE269A0DF19C0AFFF7C3
:1017800044BB029B13F0100340F0C180029A12F098
:10179000400200F07A83089850F8042B089019460C
:1017A00092B2012351E418F0100355D118F0400211
:1017B00000F05D83089850F8042B0890194692B207
:1017C000A8E4524261EB4101CDF808802D200123AD
:1017D0003CE41BEE101A24AA584604F0A7FD00288A
:1017E0007FF4F3ADDDE925320DF19C0A16E61BEE20
:1017F000101A24AA584604F099FD00287FF4E5AD9C
:10180000DDE925320DF19C0AFBE518F0010F3FF4EC
:101810000FAB2AE5089399F80030FFF7CDB950AC2B
:10182000DFE418F4007F40F0DB8353F8042B0893C7
:10183000D1170B46FFF7B6BB089B049853F8041B5F
:101840000893C217C1E900024C46FFF78BB900BFED
:10185000602E002090870020089B53F8042B0893EB
:1018600058E4B4EE488BF1EE10FA80F194860B9BAD
:10187000612B00F05285412B00F0C085039B0133A2
:101880000B9B23F0200500F08084472D04D1039B9F
:10189000002B08BF0123039318EE903A002B48F465
:1018A00080724646C0F21886B0EE48AB00239046E0
:1018B000099307930B9B413B252B00F29883DFE8AC
:1018C00013F06F0496039603960368046C04960362
:1018D0009603960396039603960396039603960340
:1018E0009603960396039603960396039603960330
:1018F0009603960396039603960396039603960320
:101900009603960396039603960368046C04089B5B
:1019100053F8042B08930123FFF797BB139B002B6D
:101920003FF4CFA9139B1B78002B3FF4CAA999F869
:10193000003048F48068FFF73FB90B93CDF808807A
:10194000FFF7F1BB0B939A4B119318F0200100F0B5
:101950000581089B073323F00703596853F8082BC8
:10196000089318F0010F0AD052EA010307D00B9B2D
:101970008DF86930302348F002088DF8683028F47B
:10198000806302930223FFF760BB0B93FFF7B6BBA4
:101990000B93884B1193D8E7089B012153F8042B34
:1019A00002918DF8DC200893059137ACFFF7AFBAB0
:1019B0001BEE101A24AA584604F0B8FC00287FF445
:1019C00004AD269A0DF19C0A5DE4039B0794062B57
:1019D000224628BF062303942146CDE90C22764CEB
:1019E000029305930F92FFF76CBA40215846FBF71C
:1019F0000BFC20602061002800F00F86402363610B
:101A0000FFF79EB8102D259B40F35D8251461026AE
:101A10001BEE10AA04E00831103D102D40F3528255
:101A2000013366481032072BC1E90006CDE92532A3
:101A3000F1DD24AA5146584604F078FC00287FF4D2
:101A4000C4ACDDE9253227A9E6E70E9BCDF824904A
:101A5000E31803930D9BCDF82880139E059DDDF8B8
:101A60005890DDF83C800B941BEE101A5046002B6A
:101A700034D0B8F1000F35D10D9B013B013E0D93E1
:101A8000159BC0E90039259B01334A44072B269258
:101A900025936CDC0830039B96F800C05B1B634504
:101AA000A8BF6346002B9A460CDD259C01341A44DE
:101AB000072CC0E900532692259400F3778196F80D
:101AC00000C00830BAF1000FACBFACEB0A046446AA
:101AD000002C0ADC65440D9B002BCAD1B8F1000F25
:101AE00000F0AC8308F1FF38CAE7102CDDF894C091
:101AF00024DD05954FF0100A63460D4604E0103CC6
:101B0000102C00F1080016DD01332C491032072B90
:101B1000C0E9001ACDE92532F1DD24AA294658464C
:101B200004F004FC00287FF450AC103C102CDDE9DC
:101B3000253227A8E8DC2946059D9C460CF10103C7
:101B400022444460072B1D4C0460CDE9253200F38C
:101B5000C68396F800C008306544BCE718F010034F
:101B600000F0C280089B53F8042B0893F9E624AADE
:101B70005846059104F0DAFB00287FF426AC269A3B
:101B8000059927A887E70298CDF81CA050AC00F46F
:101B9000806000250AEE10BA094BDDF84CA0CDF8A4
:101BA0001490A3464FF00508AC46044610E000BF71
:101BB000B4130020C8130020DC13002090870020FD
:101BC000CDCCCCCC0A2A71F1000136D34A4631463D
:101BD000501840F10000A3FB005626F0030505EB6A
:101BE0009605401B151A4FF0CC3661F1000E06FB2E
:101BF00005F6A5FB039503FB0E6609F0010E2E44C6
:101C0000AEFB085E2D184FEA590930350BF8015C20
:101C100049EAC6790CF1010C0BF1FF3B7608002C68
:101C2000D0D09AF800008445CCD1BCF1FF0FC9D0C8
:101C30000A2A71F1000180F08F815C4650AB1B1BBA
:101C4000DDF81490CDF84CA01AEE10BADDF81CA007
:101C5000DDF80880CDF838C00593FFF7C2BA1BEE57
:101C6000101A24AA584604F061FB00287FF4ADAB9B
:101C70009DF86710269A0DF19C0AFFF796B8259BF0
:101C8000BE48CAF80000013301320120072B26921A
:101C90002593CAF8040000F377810AF1080A0029A5
:101CA00040F0AF800E9908F001030B433FF4C0A849
:101CB000109B12991A44CAE90013259B26920133FE
:101CC000072B259300F352820AF1080A0E99CAF8ED
:101CD000004001330A44072BCDE92532CAF804102D
:101CE0007FF7A4A8FFF7BDBB18F0400200F0DD802D
:101CF000089850F8042B0890194692B231E61BEE72
:101D0000101A24AA584604F011FB00287FF45DAB9A
:101D1000269A0DF19C0AFFF7A3BA22AE08220021F1
:101D200030461D94FDF774FA039B5A1C00F0DB80CB
:101D30000025CDF80890CDF81C809946A8460CE007
:101D400037A9584603F0F6F9431C404400F0C88315
:101D5000484508DC00F0188480461D9A52593346E5
:101D60000435002AECD1CDF81480DDF80890DDF8B8
:101D70001C80C5E001338249CAF804402244072B85
:101D8000CAF80010CDE925327FF750A8FFF769BBEC
:101D90001BEE101A24AA584604F0C8FA00287FF453
:101DA00014AB269A0DF19C0AFFF729B824AA5846CD
:101DB000059104F0BBFA00287FF407AB96F800C049
:101DC000269A059927A87DE6012BCDF808807FF497
:101DD000F3A9FFF793BB089B049953F8042B4C46D7
:101DE00011600893FEF7BEBE01336549CAF804408E
:101DF0002244072BCDE92532CAF800107FF722AB29
:101E00007BE4109B12981A44CAE90003259B269292
:101E10000133072B259300F3A9810AF1080A002951
:101E2000BFF654AF4D42103180F20F831BEE101AF3
:101E3000102605E00AF1080A103D102D40F3058335
:101E400001334F481032072BCAE90006CDE925328D
:101E5000F0DD24AA5846039104F068FA00287FF4C4
:101E6000B4AADDE9253203990DF19C0AE4E7089B49
:101E700018F400711ABF114653F8042B53F8042BC1
:101E8000089318BFD2B2FFF745B9029B13F4007153
:101E9000089B1ABF114653F8042B53F8042B0893E0
:101EA00018BFD2B20123FFF7D0B8089B18F4007115
:101EB0001ABF114653F8042B53F8042B089318BF8C
:101EC000D2B24EE58A4601332D49CAF804502A445D
:101ED000072BCDE92532CAF8001000F339810AF149
:101EE000080AFFF78CBB0023194600961DAA584626
:101EF00003F046F903460133059000F0F1821D948A
:101F0000059B002B4ED0632B00F318810023079311
:101F100037AC082200213046FDF77AF9059D00967E
:101F20002B461DAA2146584603F02AF9854240F067
:101F30007C83059A0023A35422EAE272CDE90C3394
:101F40009DF86710039302920F93FEF7BABF2D21FD
:101F50008DF86710FEF7A4BF169B1599ABEB030B2A
:101F60001A465846FDF752FA9AF80120054B0AB175
:101F70000AF1010A4FF0000C28E600BFE41300202C
:101F800090870020CDCCCCCC1BEE101A24AA58464A
:101F900004F0CCF900287FF418AA1B99269A0DF1B9
:101FA0009C0A7CE6059B9DF867100F93CDE90233F0
:101FB000CDE90C330793FEF784BF0E990598651899
:101FC0002D1ACC1AA542A8BF2546FFF74DBB089B8A
:101FD000049953F8042B089311804C46FEF7C2BDB8
:101FE00013F9042B0893D1170B46FEF7DBBF039AB6
:101FF000022122AB01931DAB009358461BABB0EE00
:102000004A0B029203F0D8FA472D029A044600F0D8
:102010006181462D104405D12378302B00F06F826A
:102020001B9A1044B5EE40ABF1EE10FA40F0468139
:1020300003461B1B0E93472D00F01081462D00F028
:10204000B5811B9B0C930C9B412D03F1FF331B931C
:1020500000F0E5819DF82C200021002BB8BF0C9BDF
:102060008DF87820BABFC3F101032D222B22092B52
:102070008DF8792040F3DA810DF18F05DFF81CC46B
:102080002A4610468CFB0321DA17C2EBA10202EBB1
:102090008201A3EB4101303100F8011C194663298C
:1020A000134600F1FF32ECDC3033D9B2831E9D427F
:1020B00002F8011C40F28B8213460DF17A0201E016
:1020C00013F8011B02F8011B9D42F9D10DF1910398
:1020D0000DF17A021B1A13441EAA9B1A14930E9B2D
:1020E000149A012B1A44059240F30382059B109A1F
:1020F0001344059326F48063059A43F48078002303
:10210000CDE90C3322EAE2720F930292099B002B75
:1021100040F0B1809DF867100393FEF7D2BE2046D1
:10212000FDF7AEFE02460590FEF720BF1BEE101A2B
:1021300024AA584604F0FAF8FEF7EDBD591C58469B
:10214000FBF762F80446002800F0CA810790E0E639
:102150001BEE101A24AA584604F0E8F800287FF471
:1021600034A9269A0DF19C0AFFF749BA1BEE101A02
:1021700024AA584604F0DAF800287FF426A9DDE9FD
:1021800025321B990DF19C0A49E606230393FFF7BC
:1021900083BB039B02215A1C2BE7039A032128E7E8
:1021A0001BA8B0EE4A0B03F00FF8B4EE007B20EE54
:1021B000070BB5EE400BF1EE10FA01D101231B9392
:1021C000B348039BB3EE005B013B224604E0B5EE4F
:1021D000400BF1EE10FA13D020EE050BFDEEC07BA4
:1021E000B3F1FF3F17EE901A415CB8EEE76B9446EF
:1021F00030EE460B02F8011B194603F1FF33E6D11E
:10220000B6EE006BB4EEC60BF1EE10FA00F34881A7
:10221000B4EE460BF1EE10FA04D117EE903ADB075C
:1022200000F13E81002906DB4B1C1344302102F8EB
:10223000011B9342FBD1131B0E93FCE60B9C0E9BE0
:10224000DDF82490DDF828801396E3189D42294696
:1022500028BF194682460591FFF7D8B91B9B0C93FE
:10226000DA1C02DB039A93420CDD0B9B023B0B93BF
:1022700023F02005E7E62D2100238DF86710039356
:10228000FEF722BE0C9B0E9A9342C0F2BD80F0076F
:102290000C9B40F13281109A13440593710503D5CC
:1022A0000C9B002B00F33581059B23EAE37302931B
:1022B00067230B9300230F930D9327E7229B834201
:1022C000BFF4B7AE30215A1C22921970229B98425B
:1022D000F9D8AEE6F30700F1A780229BA9E624AA6D
:1022E0005846059104F022F800287FF46EA896F86D
:1022F00000C0269A059927A86544FFF7ECBB1BEEA2
:10230000101A24AA584604F011F800287FF45DA89A
:10231000269A0DF19C0AFFF76BB978238DF8693086
:1023200030238DF86830039B632B48F0020600F3DE
:10233000A6800023079337AC18EE903A002B48F4A0
:1023400081782BDBB0EE48AB0B9B23F020050023FC
:1023500009930B9B612B7FF4ADAAB0EE4A0B1BA82F
:1023600002F032FFB4EE007B20EE070BB5EE400B1F
:10237000F1EE10FA01D101231B93464821E71BEE31
:10238000101A24AA584603F0D1FF00287FF41DA894
:102390001B9B269A0DF19C0AFFF74EB90B9B23F06D
:1023A00020052D230993B1EE48ABD2E71B9A0C927E
:1023B000002A06F0010340F30D8103990B4340F01E
:1023C000CF800C9B059366230B93720500F1A380CD
:1023D000059B23EAE37302936CE71BEE101A24AA11
:1023E000584603F0A3FF00287EF4EFAF1B9C0E9B22
:1023F000269A1C1B0DF19C0AFFF736B958238DE76E
:1024000000220392FEF7DABB0E9B109A9A180C9BDF
:102410000592002B40F3AB8067230B93D5E70B9A13
:102420000F32D2B2012118E6A018FBE5002940F0D6
:10243000A88030228DF87A200DF17B02303302F82B
:10244000013B1EABD31A149349E601331249CAF873
:1024500004502A44072BCDE92532CAF800107FF733
:1024600033AC1BEE101A24AA584603F05FFF002875
:102470007EF4ABAFDDE925320DF19C0A26E4591C50
:102480005846FAF7C1FE044650B3079054E700BF20
:10249000C8130020B413002090870020676666668A
:1024A000CDF888C012F8011C90F80FC061451346A2
:1024B0000AD14FF0300E03F801EC229B591E2291F5
:1024C00013F8011C8C45F6D0392916BF0131817AE9
:1024D000C9B203F8011CAEE600239046079360E7FB
:1024E0001BEE102AB2F90C3043F040039381FEF743
:1024F00016BCF5077FF5FEADF8E50593CEE6B5EE23
:1025000040ABF1EE10FA3FF48BADC2F101021B9229
:1025100087E567230B9313990B78FF2B79D0002560
:102520000C9A284603E001300131FF2B08D093427A
:1025300006DAD21A4B78002BF5D10B780135F4E787
:102540000C9213910D900F950F9A0D9B16991344B1
:10255000059A01FB0323059323EAE3730293D5E570
:10256000109BD3181944662305910B932DE7C3F1F3
:1025700001031A4422EAE2730293672305920B9344
:1025800098E60DF17A0259E7039BDDF80890DDF833
:102590001C800593B4E418EE903A002BB4BF2D21B3
:1025A0009DF86710254C264BB8BF8DF8671028F0B2
:1025B0008008FEF779BC039B0293059373239DF873
:1025C000671003900F900D900B93FEF77ABC0223D7
:1025D000149384E5039A134305D1012366220293E1
:1025E0000B92059366E6109B01331A4422EAE273CC
:1025F0000293662305920B935CE6089A99F80130E2
:10260000894652F8041B089241EAE1710391FEF7F2
:10261000D3BA00230F930D9396E70C23CBF8003029
:102620004FF0FF330493FEF781BB1BEE102A938912
:1026300043F040039381FEF7C8BE00BFAC130020F7
:10264000B01300202DE9F04F2DED028BADF5377D55
:102650008B46B1F90C1002AF8C048146FA643B63DF
:1026600009D4DBF8643041F4005123F40053ABF893
:102670000C10CBF8643000231C460822194607F1E1
:102680005800FB62A246FCF7C3FD3C647C62BC635D
:102690007C64834BD3F8E440FDF76AF907F15802F4
:1026A0000346009207F15401FA6C4846A047051E04
:1026B000FB6C33DB2B44FB647B6D2E46002B00F060
:1026C000B680012D38D0252B40D0002DE1D0FB6CF9
:1026D0009E1BDBF80430741E002B40F39880DBF85F
:1026E000001094F801C091F800E0A31C0AEB03006D
:1026F000E64501F10101A3EB060204F10104A0EBA0
:10270000060040F09480DBF80430CBF80010013B69
:10271000AA42CBF80430DFDB8246BAE70133FB6420
:1027200008224FF6FD73002107F158007B65FCF786
:102730006FFD7B6D002B7AD05A4EF25C100700F1D2
:102740001C85252B40F0868001252E46F86C002440
:102750000278A046A2F12503411C552B67D8DFE87B
:1027600013F00A076600660066006600010766004F
:1027700066006600660066000C060C060C060C0679
:102780000C060C060C060C060C060C066600660011
:1027900066006600660066006600180666008E0425
:1027A000C90418061806180666006600660066006A
:1027B000820066006600BF0466006600660089004D
:1027C00066006600660066006B0666006600DD0651
:1027D00066006600660066006600180666009004E3
:1027E000CB04180618061806BE06D206820066003C
:1027F000E706F306AC06C104DA06660066008B0045
:102800007D00CA06660066006B0666007D005946BC
:10281000484603F04BFE00283FF461AF7B6C002B71
:1028200001F05280BBF80C305A0601F14D803B6C30
:1028300043B13B6CD3F80080B8F1000F02D04046A2
:10284000FAF7DAFC786C07F53577BD46BDEC028BFC
:10285000BDE8F08FFB6C01255E1E3AE72307E6D149
:102860004278084676E72207E1D1427844F0020434
:1028700008466FE744F00104F9640225DBF80430F0
:10288000002B40F30884600640F10F846B1E032B7D
:1028900001F2EB80DFE813F07B02F1014B0108004D
:1028A000948D002005120020484602F039FA036892
:1028B0003B6208F1FF33B3F5AE7F40F25A856FF407
:1028C000AE7508EB05033B6140F25D18002607F585
:1028D000B87308EE109AC7E90566FE637E63FE6171
:1028E000BE6444F4F064BB621D464646DBF800104B
:1028F0000A78A2F12B034E2B50D8DFE813F07E03A9
:102900004F007E034F004F00A300A600A600A600C4
:10291000A600A600A600A600A600A6004F004F0035
:102920004F004F004F004F004F0074030B030B0389
:102930000B039E0394034F004F0084034F004F008E
:102940004F004F005D034F003A034F004F004F0010
:1029500033034F004F004F001E036D034F004F0025
:102960004F004F004F004F004F0074030B030B0349
:102970000B039E0394034F004F0084034F004F004E
:102980004F004F005D034F003A034F004F004F00D0
:1029900033034F004F004F001E036D03A0056FD59A
:1029A000386A037893426BD1C7E902457E6081465D
:1029B00018EE106A4FF000085C4607E0216091F8BD
:1029C00000E099F8000086451CD1DA4619F8010F9D
:1029D00045460AF1010B013108F10108002800F019
:1029E00064866068013800286060E7DC2146304674
:1029F00003F05CFD30B9216899F8000091F800E01F
:102A00008645E2D0A3463A6ABC683D612B46B14692
:102A1000BE6CFD68BD6401335D4602EB0308B3463E
:102A20002646144618F8011D2A46484603F0FEFCC7
:102A30004445F7D13B693446AAEB030A5E46AB46F0
:102A4000BD6C20E0E00500F10185BB6CF96BD9425B
:102A500016D124F4C07405F8012B013EDBF80430D4
:102A6000013B002B0AF1010ACBF8043040F36F83DD
:102A7000DBF800300133CBF80030002E7FF436AFA6
:102A8000BE6C18EE109A7B6B002B40F0DC82FB6B67
:102A9000013B012B41F21680731E062B40F2278664
:102AA000E3051BD5660501F1B58015F8011C652904
:102AB00005F1FF330AF1FF360AD0452908D05A46FE
:102AC000484603F0B3FC15F8021CAAF10206AB1E3F
:102AD0005A464846B2461D4603F0A8FC14F01002C0
:102AE0007FF4D7AD04F4C063B3F5806F2A7000F0B3
:102AF000D284BB69002B40F02C874846B96A00227B
:102B0000FBF7B2FFE0073B6B00F1C985A10700F1BD
:102B1000C685B4EE400BF1EE10FA53F8044B80F189
:102B2000F486B7EEC00B3B6384ED000AA2E308F124
:102B3000FF33B3F5AE7F40F2A2836FF4AE7208EBC1
:102B40000203FB6340F25D1807F5B8730022BE6B09
:102B5000BB62594644F45864D3461D4692460A68FF
:102B60001078A0F12B034D2B60D8DFE813F0820220
:102B70005F0082025F005F00CD02E001E001E00142
:102B8000E001E001E001E0016F026F025F005F0021
:102B90005F005F005F005F005F004E004E004E0070
:102BA0004E004E004E005F005F005F005F005F0060
:102BB0005F005F005F005F005F005F005F005F001D
:102BC0005F005F005F005F0076025F005F005F00F4
:102BD0005F005F005F005F005F004E004E004E0030
:102BE0004E004E004E005F005F005F005F005F0020
:102BF0005F005F005F005F005F005F005F005F00DD
:102C00005F005F005F005F0076020A2E0EDD24F495
:102C100038644B6805F8010B013B002B4B6040F317
:102C20008D8201320A60B8F1010898D1E005D046E2
:102C3000BE63DA468B4607D5BB6A9D4200F222840A
:102C4000BB6A9D423FF4F3AD14F0100210D1B96A93
:102C5000BB6BFE6A2A704846B047A10640F1088463
:102C60003B6B53F8042B10603B637B6C01337B643C
:102C7000BB6AED1A4544AA440BE5B8F1000F08BF42
:102C80004FF0FF38E00740F1958214F010037B63AA
:102C900040F07484210640F166863C6B54F8043B96
:102CA000FB63002B3FF4C3AD8020FAF79DFAB864B4
:102CB000002800F07887FB6BBA6C1A603A6CD588F4
:102CC00093889D4280F052851068FB6B40F8253058
:102CD0003B6C3C630135DD80BB6CBB6220233B62F7
:102CE000DBF80030B14E1B78F35C13F0080340F0C2
:102CF000BB847C6A7E621D46FCF73AFEA8423FF424
:102D00008DADDBE9003207F5B87013F8011B4155B2
:102D1000013A032CCBE9003205F1010507F1680601
:102D200002D13368042B04D0082200213046FCF77E
:102D30006FFA07F5B872B96C00962B46484602F058
:102D4000CFF9421C04463FF469AD002840F0788476
:102D5000BB6C186002F020FA002840F05C86AA44A0
:102D600008F1FF387B6B002B40F03386BB6CFA6BAD
:102D70000433BB64002A00F02C86BA6A9D1A3B6AB1
:102D8000B3EBA50F40F256877D6B00F05CBCB8F149
:102D9000000F08BF4FF0FF38E00740F17B8214F0CE
:102DA0001003BB6240F0F383210640F1ED853E6BDA
:102DB00056F8043B3B62002B3FF439AD8020FAF714
:102DC00013FA0446002800F0EE863B6A3A6C18605D
:102DD000D58893889D4280F0DD8410683B6A40F876
:102DE00025303B6C3E630135DD802023FC61BB61F7
:102DF0007E6AC7F83CA00025C246A046FCF7B8FD95
:102E0000A8423FF40BADDBE9003213F8011B013A95
:102E100007F5B870CBE90032032E05F101034155E7
:102E2000BB6407F1600402D12368042B04D008229C
:102E300000212046FCF7ECF907F5B872BB6C009452
:102E40004146484602F04CF9421C06463FF4E6ACC7
:102E5000002840F0CA82C8F80000054607F1680360
:102E60000822002118467B63FCF7D2F950497B6B9E
:102E7000D1F8E0102A4648460D4607F15001A84710
:102E8000012800F0D583002207F170039B5C002B22
:102E900000F0A185FB6BBA6C032E1344FB6300F0BA
:102EA000CA830AF1FF3ABB6A5BB93B6A08F10408BE
:102EB0003BB1FB69A8EB0304BB69B3EBA40F40F281
:102EC0000584DBF80430002B4FF0000540F39682B8
:102ED000BAF1000F92D1D7F83CA07E624446BB6A9B
:102EE000002B7FF4D6AB23603B6A002B00F0C2813D
:102EF000FB69BA69E11A8B1001339A4240F2BA8138
:102F00003C6A04312068FAF73BFC002800F0B281EB
:102F10002060AFE121057FF5B3ADFB6BB96C5B18A9
:102F20007FF4AEADBB6424F4C074FB6393E5214B26
:102F300024F4386433F916606BE604F41863B3F5CF
:102F4000807F7FF49DAD7B6B012B7FF499AD3023A7
:102F500005F8013B24F48074002344F40064013E2E
:102F60007B6378E5BB6C062B40F074850723BB645C
:102F700071E523057FF584AD04F4A063B3F5806F9C
:102F800005D061057FF57CAD7B6B002B47D0A30599
:102F900004D47B6BF9695B1AC7E9055324F47864A0
:102FA000002344F4C0747B6355E500BF0512002084
:102FB000948D00203C2E0020FB6B002B00F0FF8145
:102FC000FB6B022B00F0B083BB6C012B00F0F18196
:102FD000042B00F0EE8153E5BB6C072B40F03A85E3
:102FE0000823BB6437E5200500F1F981FB6B012B59
:102FF0007FF446AD0223FB632DE523067FF540AD4C
:1030000024F0800427E5BB6C002B40F0CC817B6B67
:10301000B3B904F4E063B3F5E06F00F02085BE6C53
:1030200018EE109A33E5210500F1B781BB6C022B35
:1030300040F010850323BB640DE520059CD56CE7AB
:10304000BE6C18EE109A24F4807420E58D4B33F991
:103050001660082E3FF7DBADE8E504F4C063B3F576
:10306000007F7FF4E3AD24F4007444F4A0641026E0
:10307000CFE523067FF5DAAD24F08004C9E544F0FE
:103080000104DBF80430F964002B44F040044FF0F5
:1030900000053FF7F8AB5946484603F007FA002809
:1030A0007FF4BCAB60063FF5F1ABDBF80020764E59
:1030B0001378F35C19077FF5E9ABDBF80430013BCB
:1030C000002B0AF1010ACBF8043002F101024ADDBB
:1030D000CBF800201378F35C19077FF5D7ABECE74A
:1030E00044F00104694BFB620823F964BB630325C8
:1030F000FFF7C4BB44F00104654BFB620A23F9648B
:10310000BB630325FFF7BABB23057FF582AD16B974
:1031100044F400740826630500F1A681FB6B24F4D7
:1031200060741BB1013BFB6308F101084B68013B74
:10313000002B0AF1010A4B603FF773AD4846B964B2
:1031400003F0B4F9B96C00283FF46DAD6EE518EEEC
:10315000100A594603F0AAF900287FF491AC002E1A
:103160007FF4C4AB8CE45946484603F09FF900282D
:103170007FF454ABDBF800209AE7DBF804200FE083
:10318000DBF800301A78B25C110703F101037FF518
:1031900080AADBF80420013ACBE900320AF1010AE7
:1031A000002AEDDC5946484603F080F90028E7D0B4
:1031B000FFF76FBAE10600F1498314F0800400F0D4
:1031C000AB833C6B54F8046BBE64002E3FF42FAB12
:1031D0002020FAF709F80546002800F062843A6CCE
:1031E00030609388D6889E4280F0A8821068BB6CBD
:1031F00040F826303B6C3C630136DE802023FB63C5
:10320000DBF80020204E1178715C080700F1AC82D9
:1032100033462C4610462E46DBF80410BA6C0139B2
:10322000CBF80410411CCBF800103546017805F8A6
:10323000011B22B1FA6B2E1B964280F07A83B8F103
:1032400001080BD0DBF8041000292E4640F3AE83B2
:10325000DBF800000178595C0907DDD5291B8A4499
:1032600001314FF000032B70BB6C1BB1FB6B8B4229
:1032700000F294837B6C01337B64FFF70ABA00236E
:10328000FB6361E43C2E00200512002021CE0000EB
:10329000C1CC0000E60600F1818114F0800400F04A
:1032A0006D833C6B54F8046BBE64002E3FF4BFAAE0
:1032B0002020F9F799FF0546002800F0F2833A6CC8
:1032C00030609388D6889E4280F07A821068BB6C0A
:1032D00040F826303B6C3C630136DE802024DBF86E
:1032E000002007F1700319461378CB5C002B3FF4E4
:1032F0009EAA08EE109AD7F84890C7F83CA02E4630
:10330000A24610460C46DBF80410431C0139CBE9F9
:1033100000312946007801F8010BB9F1000F02D005
:103320008D1B55457AD20D46B8F101080AD0DBF85D
:103330000410002940F36A81DBF800000178615C29
:103340000029E0D1544618EE109AD7F83CA0AE1BE5
:103350003FF46DAA4FF000032B70BB6C1BB1711CC6
:103360008C4200F22D837B6C0133B2447B64FFF707
:1033700090B900233B61FFF7A9BA14F08F0F7FF4D7
:1033800056AA08EB880802EB4808A8F13008FFF7B6
:1033900067BAF9640425FFF771BAFB6BB96C5B1867
:1033A0007FF444AEBEE5BB6C032B02D0052B7FF44B
:1033B00067ABBB6C0133DBB2BB64FFF74CBB7B6B11
:1033C000002B7FF401AE04F4E063B3F5E06F7FF40B
:1033D000FBAD012324F4F064FB63FFF73CBBFB6B04
:1033E000B96C5B187FF402AE9CE5831C40F05B84F3
:1033F000DBF80430BD6C002B3FF700AD5946484662
:1034000003F054F800283FF463ADD7F83CA07E6287
:103410004446002D3FF463ADFFF700BA4FEA4A0A75
:1034200030465146FAF7ACF90646002800F03983D9
:103430000544C9F8000077E744F40074BC4BFB6214
:103440001023F964BB630325FFF718BA7B6B0133C4
:103450007B633B6924F08004002B3FF4FEAA3B69A8
:10346000013B3B61FFF7FABA24F4B064FFF7D1BB2C
:10347000220740F1C7813B6B53F8042B3B6310706C
:10348000FFF7F3BB15F8011C5A464846013D02F010
:10349000CDFFFFF7D5BBFB697A6B93423FF42DABB1
:1034A0009A1A07F2C3239D4228BF07F2C225A149F9
:1034B000284601F093FBFFF720BBE20600F13181C3
:1034C000230700F1BA81660740F1B4823B6BF964CF
:1034D00053F8042B3B63A2F800A0FFF7DAB82307E8
:1034E0007FF4A5A94278682A00F0868144F004049C
:1034F0000846FFF72FB98E4BFB620A23F964BB63C2
:103500000325FFF7BBB98C4BFB620023F964BB6357
:103510000325FFF7B3B944F408748FE707F170008F
:1035200001F056FA44F04004F8640125FFF7A6B90B
:1035300022077FF47CA942786C2A00F0578144F07E
:1035400001040846FFF706B914F08F037FF46FA952
:103550003A6C002A00F0E781427844F08004084683
:10356000FFF7F8B858EA04087FF461A942781024FC
:103570000846FFF7EFB8F964FFF7A7B800233B62EE
:10358000BB62FB6307F15403BB64FFF7A9BB0023D5
:10359000C7E906333B6207F1540429E4DBF8003045
:1035A00007F1700211461A788A5C002A3FF43FA99D
:1035B0000133CBF80030DBF80430B8F1010F03F130
:1035C000FF33CBF8043018BF0C4614D1FFF753BBC0
:1035D000DBF800301A78A25C0133002A3FF44BABD1
:1035E000CBF80030DBF804300135013B4545CBF822
:1035F00004303FF440AB002BEADC5946484602F069
:1036000055FF0028E4D0AA44FFF743B818EE100A8B
:10361000594602F04BFF00283FF48EAEB5425446A7
:1036200018EE109AD7F83CA07FF491AEFFF7F6B8E9
:1036300097F8502028E42368042B7FF432AC32E45E
:10364000831C40F03983DBF80430002B40F3D78132
:10365000DBF800307A6A1B78D35C180703D4B8F122
:10366000000F7FF449AB7C627B6B002B7FF411A8C9
:10367000BA6C1360FB6B002B3FF4FCADBB6AD11A34
:103680008B103A6A01339A427FF6F4ADFC6B043139
:103690002068FAF775F800287FF43AACEAE553F8A9
:1036A000042B82ED000B3B63E4E5FD68396A7E681C
:1036B00028464246A346BC6801F000FB7B6BFB61D9
:1036C00024F42074013E0546FFF7C8B9F869D90013
:1036D0001D46FAF755F8F861002800F064823A6A4E
:1036E0006B0000EB04081060BB61FFF7EABB022E21
:1036F00040F2C482032E3FF4D3A9043E5FFA86F859
:103700006FEA0803EE1815F8011D5A46484602F004
:103710008DFEAE42F7D10AF1FF3AAAEB080AFFF795
:10372000BFB9F964FEF7B5BF0323FB63FFF793B995
:1037300021CE0000FC110020C1CC00004FF6F67233
:10374000934200F297823A6C08339BB21068F86398
:1037500099007B63FAF714F8002800F07B823A6C3A
:103760007B6B9380106042E501217AE54FF6F6729B
:10377000934200F2938208339EB23B6CB10018680A
:10378000F9F7FEFF3B6C002800F03E829E80186037
:10379000FFF79BBA4FF6F672934200F27F823A6CC3
:1037A00008339BB299001068BB64F9F7E9FFBB6C62
:1037B000002800F028823A6C93801060FFF70EBB5F
:1037C0004FF6F672934200F255823A6C08339BB280
:1037D0001068F86399007B63F9F7D2FF002800F0C6
:1037E00039823A6C7B6B9380106070E5827844F08C
:1037F00002040230FEF7AEBF827844F008040230C3
:10380000FEF7A8BF630758D414F001027FF428AA7A
:10381000A6077FF525AAB34BF96A99424846BB6BC8
:10382000B96A00F03D8201F035FB3B6B53F8042B85
:103830003B63C2E90001FFF718BA3B6BF96453F828
:10384000042B3B6382F800A0FEF723BFDBF80030B7
:10385000A54E1A78B25C12073EF51BAF0133CBF8C8
:103860000030DBF80430B8F1010F03F1FF33CBF87F
:10387000043008BF0AF1010A3EF40BAF012411E045
:10388000DBF800301A78B25C150703F1010311D49C
:10389000CBF80030DBF804300134013B4445CBF871
:1038A000043007D0002BEBDC5946484602F0FEFD01
:1038B0000028E5D0A244FEF7ECBE3B6B53F8042B86
:1038C0003B631080FFF7D1B93B6C002B00F06E8199
:1038D0003B6CD3F80080DE8876B10024A8F10405A3
:1038E000A14655F8043F1868F9F786FC01342B68A7
:1038F000A642C3F80090F4D14FF0FF337B64B8F1D7
:10390000000F7EF49CAFFEF79DBF78483B63FCF749
:1039100073FB84ED000AADE43A6BFC6352F8045B80
:103920003A63BC646CE482B0CDE9023302AB3B6421
:1039300012E67B63530020461946FB63F9F720FF2C
:103940000446002800F0AD80BB6C851918607B6BC5
:1039500075E47D6929460A2301314846FBF790F951
:10396000BB69C21A9DE5D7E90C3253F8041B3A62D1
:10397000B9643B63BA62FA63FFF7B2B93B6BBC64EC
:1039800053F8045B3B63AAE43B6BBA6A53F8044BFD
:10399000BA61C7E907223B63FFF72ABABC6C20680B
:1039A000F9F7EEFE00287FF4B3AA63E459464846CF
:1039B0007B6302F07BFD7B6B00283FF449AC4DE458
:1039C00018681C46F9F7DCFE00283FF4CCAC2060F8
:1039D000C9E4002537E6BD6CD7F83CA07E624446BA
:1039E000002D3FF47CAA013D07F5B8735A46595D96
:1039F000484602F01BFD002DF5D1FFF770BA59467D
:103A0000484602F053FD00283FF422AE7C62002DB0
:103A10007EF404AF28E67C62002D3FF425AE013D24
:103A200007F5B8735A46595D484602F0FFFC002D71
:103A3000F5D119E6E5073CD4A4073AD53B6BF96408
:103A400053F8042B3B634FEAEA73C2F800A05360BB
:103A5000FEF71FBE18EE109A1E46FFF714B801239A
:103A600024F4F064BB64FEF7F6BFB8F1010F38BF71
:103A70004FF0010814F001033AD1E50600F1368158
:103A8000240640F14C813B6B53F8045BBB64002D72
:103A90003EF4CDAE4046F9F7A7FB0346002840F0C0
:103AA000DC803B6C002B00F08180D3F80080DE8846
:103AB00012E73B6BF96453F8042BC2F800A03B6398
:103AC000FEF7E7BD2B46BD6AAB427EF6B0AE1C46A4
:103AD00014F8011D5A46484602F0A8FCAC42F7D142
:103AE000FEF7A5BE21CE000005120020D0820020E6
:103AF00014F010037B635ED00025FD63BD642E4689
:103B000000244B46C146A84625461C46FBF730FF1D
:103B1000A8423EF483AEDBE9003213F8011B013A00
:103B2000CBE900327A6A07F5B870032A415505F1EE
:103B3000010307F1680502D12A68042A06D0082289
:103B400000212846BB62FBF763FBBB6A009507F5C3
:103B5000B87231462046BB6201F0C2FA431C78625B
:103B60003EF45CAEBB6A002840F047817A6B02B934
:103B700032609A4409F1FF397B6B002B40F075816C
:103B8000BB6C002B00F07081FB6BF51AB8EBA50F36
:103B900000F26A8118464FEAC801F9F7F1FDF863AF
:103BA000002840F05C813B6C002B2DD14FF0FF339F
:103BB0007B64FEF747BE220640F18F803C6B54F8D1
:103BC000043BBB64002B3EF432AE8020F9F70CFBC3
:103BD00006460028E7D0BB6C18603B6CDD889A88ED
:103BE0009542C0F0B3804FF6F6718A4256D808323B
:103BF00093B23A6CFB6399001068F9F7C1FDFB6B57
:103C0000002840F0AE803B6CDB883A6C1E46D2F850
:103C1000008061E62B46BD6AAB427EF608AE1C46CC
:103C200014F8011D5A46484602F000FCAC42F7D198
:103C3000FEF7FDBD1046D9001E46F9F7A1FDB8629A
:103C40000028B0D04219BA64FA6B7D6B1060730023
:103C50003B62F8E4D7F83C803EE6396C2860CE88B9
:103C60008A889642C0F08E804FF6F6718A42386399
:103C700040F2A5803B6CD3F800802DE6BA6A9542ED
:103C80007EF6D5AD2C46BD6A14F8011D5A4648464D
:103C900002F0CCFBAC42F7D1FEF7C9BD2B46B4E72E
:103CA00001F0C8F9C1E5D8F800301D4601337FF4B2
:103CB000D5A82A46FFF7E8B8BB6C186801F06CFA83
:103CC00000287FF4A8AE032CAA447FF449A83368E7
:103CD000042B7FF445A8FFF745B8D7E90C3253F819
:103CE000046B3B631546FA63BA6409E71C46DBF8CC
:103CF0000430984539DDDBF800201A44CBF8002069
:103D0000594648461C44A8EB030802F0CFFB0028A4
:103D1000EDD0002C3EF482ADA244FEF7BABC3D6B60
:103D200043462968CDF800B00122484602F0DCFB8A
:103D3000044600283EF472AD0435BD647B6C01334B
:103D40007B64BB6C3B63A244FEF7A3BC1868BB6CEE
:103D500040F825303B6C3C630135DD80FE63202557
:103D6000CEE63A6C93801060F1E7A3EB0803CBF842
:103D70000430DBF8003044444344CBF80030A24424
:103D8000FEF787BC0A68FA63FA6B42F826503A6C71
:103D90000136B6B2D6801946CDF800B043460122AE
:103DA000484602F0A1FB0446D8B18045C6D9286830
:103DB0002146F9F7E5FC0028C0D02860BEE73B6C3F
:103DC000083294B21A687A631046A100F9F7D8FC59
:103DD0007A6BF86300285BD03B6C9C8018603B6B6F
:103DE000D2E77B6CD7F83C80002B3FF475ADBBF875
:103DF0000C305B067EF51DAD6AE57A6A02321DD194
:103E0000DBF80420002A1D463FF780AE59462046C5
:103E100002F04CFBE0B9B9F1000F7FF477AE4546F4
:103E2000A146BB6C23B1FB6BF11AB5EBA10F27D8F0
:103E30007B6B002B7EF42DACFFF71CBA9A447B6A97
:103E4000032B7FF497AE2B68042B7FF493AE93E69D
:103E5000A1462C464546002CE3D0FEF7DFBCBA6CE9
:103E6000461910604FEA48080436DBF80430002B8E
:103E70004FF00005CADDB9F1000F7FF447AECEE781
:103E8000BC6C2068F9F77CFC0028D1D02060CFE71B
:103E9000904621E5436C70B505460C464BB153F88E
:103EA000240080B1026843F824200023C0E90333D2
:103EB00070BD2122042101F0AFFA03466864002896
:103EC000EDD1002070BD012101FA04F6721D9200AF
:103ED000284601F0A1FA0028F3D0C0E90146E4E742
:103EE00031B1436C4A6853F82200086043F822104D
:103EF000704700BF2DE9F0410E6980460F461D4610
:103F000001F1140E0020DEF800108CB202FB045305
:103F1000090C4FEA134C02FB01CC01309CB204EBBC
:103F20000C4486424EF8044B4FEA1C45EBDC3DB195
:103F3000BB68B34207DD07EB860301365D613E6176
:103F40003846BDE8F081796840460131FFF7A2FFAD
:103F50000446B0B13A69023207F10C0192000C300C
:103F6000F6F7B6FED8F844307A6853F82210396074
:103F700043F82270274607EB860301365D613E61F8
:103F8000DEE7034B03482246BA2101F059F900BF8E
:103F900018100020981100202DE9F8431746274AF1
:103FA0001E4608330C46092E82FB03124FEAE373C8
:103FB0000546C3EB620339DD4FF0010C00214FEAE7
:103FC0004C0C634501F10101F9DC2846FFF762FF63
:103FD000014668B3089B4361092F4FF00103036159
:103FE00012DC0A340927BE420BDDF21BA61814F8B6
:103FF000013B0A22303B2846FFF77CFFA6420146E0
:10400000F5D10846BDE8F88304F10909C8463C44E7
:1040100018F8013B0A22303B2846FFF76BFFA0450A
:104020000146F5D1A7F108044C44DCE70021CCE7B8
:104030000A46034B0348D32101F002F9398EE338D5
:104040001810002098110020030C1B04D3B90004A1
:10405000102310F07F4F04BF0002083310F0704FA0
:1040600004BF0001043310F0404F04BF800002334E
:10407000002805DB10F0804F03F1010308BF202367
:10408000184670470023E4E7036813F0070208D0DE
:10409000D9071FD49A0722D55B0803600122104676
:1040A000704799B209B91B0C1022D9B209B908326C
:1040B0001B0A190704BF1B090432990704BF9B0898
:1040C0000232D90703D45B0802F1010205D0036074
:1040D000104670470022104670472022DFE79B08F9
:1040E000022203601046704738B5436C04460D4603
:1040F0004BB15868B0B102685A6000220123C0E990
:104100000435C26038BD2122042101F085F903463F
:1041100060640028EDD1094B0948002240F24511A6
:1041200001F08EF81C220121204601F075F90028CB
:10413000F1D001220223C0E90123DEE7181000209C
:10414000981100202DE9F04F0E691569AE4285B037
:104150008846144605DB2A46234635460C46164655
:104160009846A3686168AF19BB42B8BF0131FFF739
:1041700091FE0190002800F08780019B03F1140953
:1041800009EB870AD14505D24B46002243F8042BA0
:104190009A45FBD808F1140808EB860B04F11403C8
:1041A000D8451A4603EB85055FD22B1B153B23F040
:1041B000030304331534A54238BF0423CDE902A715
:1041C000AC461F46924605E0090C29D1C34509F1CA
:1041D000040948D958F8041B8DB2002DF4D0564676
:1041E0004C46002356F8041B22681FFA81FE90B249
:1041F000090C05FB0E00120C034405FB012202EB27
:1042000013429BB243EA0243B44544F8043B4FEAED
:104210001243E7D849F8073058F8041C090CD5D0E8
:10422000D9F8003050461A464C4600260588120C34
:1042300001FB052216449BB243EA064344F8043BC3
:1042400050F8045B22682D0C93B201FB053303EB9D
:10425000164384454FEA1346E8D8C34549F807306A
:1042600009F10409B6D8DDE902A7002F02DC05E058
:10427000013F03D05AF8043D002BF9D0019B1846AA
:104280001F6105B0BDE8F08F034B0448019A4FF45D
:10429000B17100F0D5FF00BF181000209811002068
:1042A00012F003032DE9F0411446064632D10D46C3
:1042B000A41020D0D6F84080B8F1000F33D0E30727
:1042C0004FF0000707D4641015D0D8F80000A8B14B
:1042D0008046E307F7D5424629463046FFF732FFCE
:1042E000B5B16968736C641053F821202A6043F8F3
:1042F00021500546E9D12846BDE8F08142464146B5
:104300003046FFF71FFFC8F8000007608046E0E76F
:104310000546D8E7013B0F4A52F823200023FFF758
:10432000E9FD0546C4E701213046FFF7B3FD8046AD
:1043300040B1012340F27122C0E90432002330640D
:104340000360BCE7044B0548424640F2451100F0CB
:1043500077FF00BFE0830020181000209811002094
:104360002DE9F0470D4614462F69AB68496807EB05
:1043700062177E1C9E4280464FEA621904DD5B0094
:104380009E4201F10101FADC4046FFF783FD8446BD
:10439000002852D0B9F1000F00F114020EDD09F12E
:1043A00005014FEA810E134600EB8101002043F81E
:1043B000040B8B42FBD1AEF114031A44296905F1B9
:1043C000140314F01F0E03EB81012ED0CEF120094F
:1043D00010464FF0000A1C6804FA0EF444EA0A047E
:1043E00040F8044B53F8044B994224FA09FAF2D8E6
:1043F0004B1B153B23F00303043305F115008142E9
:1044000038BF0423BAF1000F18BF374642F803A0A3
:10441000D8F844306A68CCF8107053F8221029603C
:10442000604643F82250BDE8F087043A53F8040B85
:1044300042F8040F9942F9D8EAE7034B0348624671
:104440004FF4EF7100F0FCFE1810002098110020CE
:104450000B6984460069C01A16D10CF1140C143192
:104460000CEB830210B401EB830301E0944508D206
:1044700052F8044D53F8041D8C42F7D005D24FF08A
:10448000FF305DF8044B7047704701205DF8044B26
:10449000704700BF2DE9F84F0F691369FF1A002F0D
:1044A0000E4690467FD101F11405143202EB8302CF
:1044B00005EB830301E09D4278D253F8041D52F8C6
:1044C000044DA142F7D069D37168FFF7E3FC814640
:1044D000002877D03569D8F81020C76008F1140E8D
:1044E00006F1140009F1140A06F110010EEB820224
:1044F00000EB850756464FF0000C5EF8044B51F870
:1045000004BFA3B21CFA8BFCACEB03034FEA144CC0
:10451000CCEB1B4C0CEB234C9BB243EA0C43724597
:1045200046F8043B4FEA2C4CE7D8A2EB08011539BA
:1045300008F11508424521F0030404F1040438BFD2
:104540000424204421F0030238BF00228742524451
:10455000544418D92646014651F8043B1CFA83FC02
:104560004FEA2C4202EB13421FFA8CFC4CEA024346
:104570008F4246F8043B4FEA224CEDD8013F3F1AE8
:1045800027F00307E21923B952F8043D013D002B3F
:10459000FAD0C9F810504846BDE8F88F33460127D5
:1045A0004646984690E7F9DB00278DE70021FFF7A4
:1045B00071FC814668B101220023C9E90423484601
:1045C000BDE8F88F064B07484A4640F2452100F007
:1045D00037FE034B03484A4640F2372100F030FED5
:1045E000181000209811002082B08DED000B164BA2
:1045F000019A1340A3F15073002B06DD00221946E7
:10460000104641EC100B02B070475B42B3F1A07F43
:104610004FEA235209DA4FF40023134100221946CE
:10462000104641EC100B02B07047A2F114031E2B90
:10463000DABF4FF00042DA4001220023194610464B
:1046400041EC100B02B070470000F07FF8B5046930
:1046500000F1140606EB8404271F54F8045C284676
:10466000FFF7F2FCC0F120030A280B601BDDBE42FD
:104670000BD20B3854F8081C2ED145F07F5343F46D
:1046800040130A4643EC102BF8BDB0F10B01F4D0F7
:1046900005FA01F141F07F53002143F440130A462B
:1046A00043EC102BF8BDC0F10B0C25FA0CF1BE4207
:1046B00041F07F5338BF54F8081C00F1150034BF97
:1046C00021FA0CF1002105FA00F0014343F44013F4
:1046D0000A4643EC102BF8BDC0F1200C854021FAAE
:1046E0000CF345EA0307A4F10805AE4201FA00F114
:1046F0003CBF54F80C0C20FA0CF047F07F5338BF45
:10470000014343F440130A4643EC102BF8BD00BFAD
:104710002DE9F043884683B0012157EC106B154614
:10472000FFF7B8FB0446002851D0C7F30A59C7F376
:104730001303B9F1000F01D043F48013002E01934D
:1047400018D101A8FFF7A0FC019A6261012200F1D3
:1047500020032261B9F1000F25D0A9F2334909EBFA
:1047600003022046C3F13503C8F800202B6003B0D4
:10477000BDE8F08368460096FFF786FC034610B359
:10478000DDE90002C3F1200102FA01F10143DA4040
:1047900061610192002AA26114BF022201222261FA
:1047A000B9F1000FD9D1A3F23243C8F8003004EBBD
:1047B00082031869FFF748FCC0EB421320462B60C8
:1047C00003B0BDE8F083009A6261019AE2E7034B0F
:1047D0000348224640F20F3100F032FD181000204D
:1047E00098110020F0B583B00E4669460746FFF7E2
:1047F0002DFF01A9304655EC104BB0EE407BFFF782
:1048000025FF33693A69D21ADDE900315B1A03EBFF
:104810004213002B09DD17EE902A02EB035545ECFD
:10482000174B87EE000B03B0F0BD10EE902A51EC51
:10483000100BC3EB033302EB035141EC100B87EE7B
:10484000000B03B0F0BD00BF0139491101F1010CAB
:10485000116902F1140303EB81018B4200EB8C0C14
:1048600017D210B5A0F1040E53F8044B4EF8044FC4
:104870009942F9D88A1AA2F1150323F003030433ED
:104880001844844504D9002340F8043B8445FBD8F0
:1048900010BD844505D9002340F8043B8445FBD86E
:1048A0007047704703694A11934200F1140009DA16
:1048B00000EB830302E053F8042DC2B98342FAD817
:1048C0000020704710DD11F01F010DD010B450F81A
:1048D000224000EB820324FA01F28A4094420CD079
:1048E00001205DF8044B704700EB8203E6E70120EE
:1048F000704753F8042D002AF2D18342F9D80020E2
:104900005DF8044B704700BF70B500294BD00646D8
:104910000C4610B1436B002B48D0636ED80734D5DA
:10492000B4F90C30002B3ED02146304600F094F80C
:10493000E36A054633B1E169304698470028B8BFBD
:104940004FF0FF35A3891A063CD4216B41B104F125
:104950004003994202D03046FBF7A4FB00232363B7
:10496000616C21B13046FBF79DFB00236364FAF7CD
:104970006FFB636E0022DB07A2811FD5A06DFBF7E2
:1049800061FAFAF76BFB284670BDA3899905CBD471
:10499000A06DFBF759FAB4F90C30002BC4D1656E49
:1049A00015F0010505D00025284670BDFAF732FB49
:1049B000B3E7A06DFBF74AFA284670BDA06DFBF780
:1049C00045FADBE721693046FBF76CFBBDE700BF2A
:1049D00070B50C785E2C86461ED00022481C94468A
:1049E0000EF1FF330EF1FF0103F8012F8B42FBD1D3
:1049F00084B18CF001010EF80410451C15F8013C3F
:104A00002D2B0ED05D2B03D01BB11C462846F2E7A0
:104A1000284670BD013870BD01224C78881C944630
:104A2000DEE790F801C0BCF15D0FEED06445ECDC30
:104A3000661C02300EEB060202F8011BA2EB0E030D
:104A4000013B9C45F8DCACEB0403013B6445A8BF8B
:104A5000002302359C19D1E7B1F90C202DE9F04172
:104A60000C461107804647D4636842F40062002B6D
:104A7000A2815EDDA56A002D58D00023D8F8006021
:104A8000C8F8003093B212F4805256D10123E16984
:104A90004046A847431C67D0A389A56A5F0705D590
:104AA0006368C01A236B0BB1E36BC01AE16902465D
:104AB00000234046A847411C41D1D8F80030002BC4
:104AC0003DD01D2B01D0162B56D1A389226922601F
:104AD00023F4006300216160A381216BC8F80060AA
:104AE00021B304F14003994202D04046FBF7DAFAC1
:104AF00000202063BDE8F0812669BEB193B225682D
:104B000026609A070CBF63690023AD1BA3600BE00E
:104B10002B463246E169676A4046B847B0F1000C5F
:104B2000A5EB0C05664417DD002DF1DC0020BDE887
:104B3000F081E36B002B9DDCF8E7206DAEE7B4F964
:104B40000C302269226023F40063A3810022DB047D
:104B50006260C2D52065C0E7A38943F040034FF0EF
:104B6000FF30A381BDE8F081D8F80030002B93D04E
:104B70001D2B06D0162B04D0A38943F04003A3813C
:104B8000D5E7C8F80060D1E738B50C46054608B14E
:104B9000436B03B3B4F90C0088B1636EDB0701D437
:104BA00081050FD528462146FFF756FF636EDA07C9
:104BB000054602D4A3899B0508D5284638BD05467D
:104BC000284638BDA06DFBF73FF9EBE7A06DFBF77A
:104BD0003DF9284638BDFAF71DFADBE70EB410B5EB
:104BE0009DB06FF000411FABCDE90601049109496A
:104BF00053F8042B0290084C0868019302A905940D
:104C0000FBF77EFF029B00221A701DB0BDE810402A
:104C100003B070471C9300200802FFFF49B1FF2A30
:104C200002D80A70012070478A2303604FF0FF30DA
:104C300070470846704700BF032A70B514D940EA90
:104C400001039B0722D104460B46194620460E68F5
:104C50000568B54204F1040403F1040316D1043AD3
:104C6000032A20461946F0D8541E9AB1421E013933
:104C700001E0C3180CD012F801EF11F801CFE6459E
:104C8000A4EB0203F5D0AEEB0C0070BD541EEDE7B3
:104C9000184670BD104670BD71B1034600EB010CA3
:104CA00001E0634506D01A46013311780029F8D196
:104CB000101A7047181A70470846704741EA0003F7
:104CC0009B0730B401D1032A0FD801F1FF3C07E064
:104CD0001CF8011F03F8011B541EC1B122461846DF
:104CE0000346002AF4D130BC70470B46194653F8EE
:104CF000045BA5F1013424EA050414F0803FE4D1FB
:104D0000043A032A40F8045B1946EFD8DDE7024471
:104D1000002CE8D003F8011B9342FBD130BC704754
:104D200000487047848E00202DE9F04F85B01F4663
:104D3000574B03908A4600920D462A4615F8014BC0
:104D40001E5D16F00806F8D12D2C75D02B2C05BF52
:104D50002C7802960296951C4FF0FF366FF0004BB0
:104D60002FB1102F6FD0B8464FEAE77905E0302C0D
:104D700074D04FF00A08B946474642464B46304683
:104D80005946F8F79DF80023019284460A461846D2
:104D9000194611E08A4208BF84453DD000FB09F363
:104DA00008FB0133A0FB08010B441EEB000043EBA2
:104DB000EE71012315F8014BA4F1300EBEF1090F7D
:104DC00006D9A4F1410EBEF1190F0CD8A4F1370E8B
:104DD000774511DD5C1CEDD0844572EB0103D9D21F
:104DE0004FF0FF33E6E7A4F1610EBEF1190F03D8CF
:104DF000A4F1570E7745EDDC5A1C13D0029A12B17C
:104E0000404261EB4101009A1AB1A3BB009BC3F879
:104E100000A005B0BDE8F08F019B7345BEDA4FF0EE
:104E2000FF33C7E7039A22231360009B33B305F1D6
:104E3000FF3A30465946E9E701232C780293951C46
:104E40004FF0004B8CE7302C04D12B7803F0DF03BC
:104E5000582B08D0B8464FF000098EE72B7803F0A6
:104E6000DF03582B0FD14FF010086C784FF000097A
:104E70000235474681E706468B46D8E73046594615
:104E800005B0BDE8F08F4FF00808B946474674E713
:104E900005120020FFF748BF2DE9F04F85B08B4683
:104EA0000192624A03901E460D46294615F8014BB1
:104EB000135D13F00803F8D12D2C00F082802B2C09
:104EC00003BF2C7802938D1C0293BEB1102E7DD0AF
:104ED0004FEAE67A324653464FF0FF304FF0FF314B
:104EE000F7F7EEFF32460746884653464FF0FF304D
:104EF0004FF0FF31B146F7F7E3FF0AE0302C79D0ED
:104F00004FF00A09DFF82881B24605224FF09937A1
:104F10004E464FF0000C6046614611E0414508BF27
:104F2000B8423ED000FB0AF409FB0141A0FB090492
:104F30002144181841EBE3714FF0010C15F8014BB7
:104F4000A4F13003092B05D9A4F14103192B0DD885
:104F5000A4F137039E4211DDBCF1FF3FEED0874242
:104F600078EB0104DAD24FF0FF3CE7E7A4F16103EC
:104F7000192B03D8A4F157039E42EDDCBCF1FF3F8F
:104F800014D0029B13B1404261EB4101019B2BB154
:104F9000BCF1000F12D1019BC3F800B005B0BDE811
:104FA000F08F9342BEDD4FF0FF3CC7E7039A222308
:104FB0001360019B60466146002BEFD005F1FF3B7B
:104FC000E9E701232C7802938D1C7EE7302C23D156
:104FD0002B7803F0DF03582B1BD14FF010096C78AE
:104FE0000F2202354FF0FF376FF070484FF0000A84
:104FF0004E468EE72B7803F0DF03582BEDD04FF0B1
:105000000809B24607224FF0FF376FF060484E465E
:105010007FE74FF0000A5DE70F224FF0FF376FF098
:105020007048B1464FF0000A73E700BF0512002038
:1050300099999919FFF730BF0000000000000000A7
:1050400001F0FF01102A2BDB10F0070F08D010F839
:10505000013B013A8B422DD010F0070F42B3F6D13D
:10506000F0B441EA012141EA014122F007047FF056
:1050700000070023F0E80256083C85EA010586EAAD
:10508000010685FA47F5A3FA87F586FA47F6A5FAE9
:1050900087F68EB9EED1F0BC01F0FF0102F00702F5
:1050A00032B110F8013B013A83EA010313B1F8D1A0
:1050B0000020704701387047002D06BF3546033881
:1050C000073815F0010F07D1013015F4807F02BFBA
:1050D000013015F4C03F0130F0BC0138704700BF0B
:1050E00070B582B00446069D55B16AB10F4800956F
:1050F000D0F8E4602046B047431C10D002B070BD29
:1051000000F1F405002AF1D1084B0095D3F8E460D2
:1051100011460123064A2046B047431CEED1002227
:105120008A232A60236002B070BD00BF948D0020E6
:10513000D082002070B5054684B05BB11C4669B1D1
:105140000E4B2846D3F8E0602346B047431C0FD0EF
:1051500004B070BD00F582740029F1D1074A2346DE
:10516000D2F8E06028460A4601A9B047431CEFD1B7
:1051700000228A2322602B6004B070BD948D002031
:1051800010B582B0049CCDE900344FF0FF3302F03B
:1051900071FD02B010BD00BF002100F001B800BFDA
:1051A00010B500F007F9044601F07CF8A0F11A03ED
:1051B000DBB2022B06D9A4F1090004288CBF002021
:1051C000012010BD012010BD30B482B08DED000B68
:1051D000019A194C22F000430021A342016021DC16
:1051E000009C1C431ED0154C144054B99FED107BFD
:1051F00020EE077B8DED007B019A6FF0350122F0E8
:10520000004322F0FF42DDE9004522F4E00242F0D3
:105210007F551B1545F40015A3F2FE33CDE900457B
:105220000B4403609DED000B02B030BC704700BF23
:105230000000000000005043FFFFEF7F0000F07F00
:1052400000B50B4C25681446EE681A4685B0034637
:105250000D464CB107490095CDE901143046064989
:1052600001F050F8F6F76AF804490C46F3E700BF7E
:105270001C930020D80F0020E80F0020D0820020CF
:10528000022932D00329C0F307231DBFA0F18002F9
:1052900083F08003D2B2C2B203F15001C9B21F2918
:1052A00006D84CF6D371884269D94FF0FF30704769
:1052B00003F13001C9B224290ED84FF2A641884229
:1052C000F3D8D03BC3EBC313A2F1A10000EB430022
:1052D000304A32F810007047A13B072BE5D8DFE8D1
:1052E00003F0483E342E29252119C2B29E2AC0F36C
:1052F00007210BD92332D2B280239F2994BF703962
:10530000503103EB410303F0FF03C5E77E3AD2B20D
:105310007F23F2E7C02AC8D81F4BA2F1A10033F8BF
:1053200010007047F12AC0D81C4B19E0D82ABCD80D
:105330001B4B15E0F62AB8D802F540507047F32A07
:10534000B3D802F53E5020307047164B134413F883
:10535000A13C002BA9D002F57E4060307047124B73
:10536000A2F1A10033F81000002808BF4FF0FF3071
:1053700070470E4BA2F1A10033F810007047B03B0C
:10538000C3EBC313A2F1A10000EB4300084A32F8BB
:1053900010007047A8630020D01600202C160020B3
:1053A000BC15002060150020A4140020E813002084
:1053B0001017002038B50546B9B101F595741249AA
:1053C0002046FAF751FB28B928460121BDE83840AC
:1053D000FFF756BF0D492046FAF746FB38B9284675
:1053E0000221BDE83840FFF74BBF094CE7E7094908
:1053F0002046FAF739FB28B928460321BDE8384092
:10540000FFF73EBF284638BD7C13002080130020E4
:10541000BE8E00208813002038B5A1FB02148CBB7F
:10542000F7F7F2FE0546E0B150F8042C22F0030233
:10543000043A242A17D8132A1AD91B2AC0E900448F
:105440001DD9242A14BF00F1100200F118024FF0F8
:105450000003C0E9024404BF04614461C2E90033AF
:105460009360284638BD2146F9F7D2FE284638BD5C
:1054700002460023C2E900339360284638BD00F19C
:105480000802F6E7FAF7E6FA0C2300250360E8E7DE
:105490002DE9F04F03690C69A34283B0C0F2878005
:1054A000013C01F11405A30000F11408009355F824
:1054B000243058F82420013381469A4208EB8400B6
:1054C00005EB84070190B2FBF3F63BD34FF0000CE1
:1054D000AE464046E24663465EF804BB02681FFAE9
:1054E0008BFC06FB0C334FEA134C4FEA1B4B06FBBD
:1054F0000BCC9BB2AAEB03031FFA8CFA13FA82F3CC
:10550000CAEB124202EB23429BB243EA02437745C5
:1055100040F8043B4FEA224A4FEA1C43DCD2009B8E
:1055200058F8033073B9019B043B984504D307E056
:10553000984504F1FF3403D253F80429002AF7D028
:10554000C9F810404846FEF783FF00282BDB0136E0
:105550004146002355F8040BD1F800C082B29A1AD4
:10556000030C12FA8CF2C3EB1C4303EB224392B2FE
:1055700042EA0342AF4241F8042B4FEA2343E9D207
:1055800058F8242008EB84036AB9043B984504D3F7
:1055900007E0984504F1FF3403D253F80429002AA8
:1055A000F7D0C9F81040304603B0BDE8F08F0020B6
:1055B00003B0BDE8F08F00BF2DE9F04F2DED028B59
:1055C0008FB08DED020B0191816B1A9D059357EC05
:1055D000106B0446934641B1C26B4A60012393406D
:1055E0008B60FEF77DFC0023A363B7F10008B4BF16
:1055F000012300232B60BE4BBCBF28F00048CDF830
:105600000C8033EA080300F09F809DED028BB5EE1D
:10561000408BF1EE10FA11D1059A012313601B9B08
:10562000002B00F03F82B34B1B9A1360013B0093A9
:1056300000980FB0BDEC028BBDE8F08F0CAA0DA94D
:105640002046B0EE480BFFF763F85FEA18530546B3
:1056500040F09280DDE90C130B4403F23242202A21
:1056600040F3FA82C2F1400208FA02F803F2124251
:10567000D64048EA060207EE102AB8EE477B581ECD
:1056800017EE906A53EC172B4FF0010AA6F1F8734E
:105690009FED913B9FED927B9FED935B06EE900A11
:1056A00043EC122BB8EEE64BB7EE086B32EE466BCE
:1056B000A6EE037BA4EE057BFDEEC76BB5EEC07BCB
:1056C000F1EE10FA16EE907A08D5B8EEE66BB4EE6D
:1056D000476BF1EE10FA18BF07F1FF37162F00F2F3
:1056E0004581854B03EBC70393ED007BB4EEC78B7D
:1056F000F1EE10FA57D5091A0023B1F1010807F1AC
:10570000FF370A9300F1398100230693002F52DA04
:10571000069B0497DB1B06937B420893019B092B96
:105720004FF000074ED8052B40F39D82043B0193B8
:105730000026019B9A1E032A00F22581DFE812F061
:10574000AA03A7039D037E03059AC8F3130842F238
:105750000F7358EA060813601ED11B9B002B00F044
:105760009185664B009308331B9A009813600FB025
:10577000BDEC028BBDE8F08F18EE906AC6F31306FD
:10578000A3F2FF3053EC182B46F07F530C994FF0E7
:10579000000A43F440137BE71B9B002B40F03B8344
:1057A000574B009344E7091A0023B1F101080A930B
:1057B00000F1E380069300230893019B0497092BD3
:1057C000B844B0D900230126019307964FF0FF3962
:1057D0009B460021E163CDF82C902046FEF75AFB52
:1057E0000090002800F04085009BA363B9F10E0FE4
:1057F00000F2DC80002E00F0D980049B002B40F3E7
:10580000DE833D4A03F00F0102EBC10292ED007B03
:105810001A11DB0540F182833A4991ED086B02F0E1
:105820000F02032088EE065B5AB13649D60704D52D
:1058300091ED006B013027EE067B521001F108015B
:10584000F4D185EE076B0A9B3BB1B7EE007BB4EE5B
:10585000C76BF1EE10FA00F1AE8407EE900AB8EED5
:10586000E75BB1EE0C7BA5EE067B17EE902A51ECC0
:10587000170BA2F15071B9F1000F00F08883049E5C
:105880004A46079B002B00F04784B6EE003B1A4BBC
:10589000FDEEC64B03EBC20CB8EEE47B36EE477B65
:1058A0001CED026B83EE065B41EC160B14EE900AC6
:1058B00035EE465B0099B4EEC75B3030F1EE10FA7E
:1058C00001F8010B00F3AC84B7EE002BB2EE044BF1
:1058D0004FF0000C31E000BF61436F63A787D23FF8
:1058E000B3C8608B288AC63FFB799F501344D33FCF
:1058F0000000F07FE5130020A8020020081300201C
:1059000014130020800200200CF1010C94454DDAA4
:1059100027EE047B25EE045BFDEEC76B16EE903A96
:10592000B8EEE63B303337EE437BB4EEC57BF1EEA9
:1059300010FA01F8013B00F1738432EE476BB4EECC
:10594000C56BF1EE10FADFD5009A049602E08A42A8
:1059500000F05084894611F8013D392BF7D001330E
:10596000DBB20B70049B0133049355E1091A012348
:10597000B1F101080A937FF5C7AEC1F101030693A7
:105980004FF00008C2E60026E66331462046FEF7E7
:1059900081FA0090002800F06784009BA3634FF019
:1059A000FF330B9399460123B34607930D9A002AC0
:1059B00055DB04990E2952DCB74BBBF1000F03EB0A
:1059C000C10393ED006B15DAB9F1000F12DC40F062
:1059D000F282B1EE047B26EE077BB4EEC78BF1EECC
:1059E00010FACA464E4600F26D82DDF800806FEA7A
:1059F0000B0B70E288EE067BBDEEC77B009917EEBD
:105A0000103AB9F1010F03F13003B8EEC75B01F8AA
:105A1000013BA5EE468B00F03483B2EE044B01232C
:105A200011E088EE067BBDEEC77B013317EE102A2E
:105A30004B4502F13002B8EEC75B01F8012BA5EE31
:105A4000468B00F01E8328EE048BB5EE408BF1EE02
:105A500010FAE6D1049B013304938946DCE0079BEE
:105A600043B3019B012B40F37682089B09F1FF3A77
:105A7000534580F23F82089BCDF820A0AAEB030299
:105A800017444FF0000AB9F1000FC0F22583069BBE
:105A900009934B44C844069301212046FEF724FB9A
:105AA00006460CE07D4B009300980FB0BDEC028BD6
:105AB000BDE8F08F069BDDF820A0079E0993099BA7
:105AC0006BB1B8F1000F0ADD434506991A46A8BF2D
:105AD0004246891A9B1A06910993A8EB0208089B73
:105AE00063B1079B002B00F0A782BAF1000F00F30F
:105AF0000482089BB3EB0A0240F0FF82012120469A
:105B0000FEF7F2FA002F824600F3AF80019B012BD3
:105B100040F38781002308930120002F40F0B180DB
:105B2000404410F01F0000F07A81C0F12002042AE6
:105B300000F3888040F0F681069B002B05DD2946A6
:105B40001A462046FEF70CFC0546B8F1000F05DDAD
:105B5000514642462046FEF703FC82460A9B002B34
:105B600040F03F81B9F1000F40F32581079B002BE6
:105B700040F0A380049B01330493DDF800800127EB
:105B800007E0294600230A222046FEF7B3F9013731
:105B9000054651462846FFF77BFCB94500F1300029
:105BA00008F8010BEDDCB9F1000F009ACCBFCB4631
:105BB0004FF0010B0346934400272946012220465B
:105BC0000193FEF7CDFB51460546FEF741FC002848
:105BD00040F3AF811BF8013C009A0BF1FF3B04E05E
:105BE0005A4500F0B1811BF8013D392B0BF1010939
:105BF000F6D001338BF8003051462046FEF770F99D
:105C000056B12FB1B74203D039462046FEF768F9A6
:105C100031462046FEF764F929462046FEF760F932
:105C2000002389F80030DDE904231A601B9B002B58
:105C30003FF4FEAC0098C3F800900FB0BDEC028BAF
:105C4000BDE8F08FC0F11C00069B03440693099B3E
:105C50000344099380446FE7C2F1200206FA02F27E
:105C600007EE102A09E5012663E501463A4620467B
:105C7000FEF716FB019B012B824640F3C5810023F2
:105C80000893DAF810200AEB82021069FEF7DCF9BB
:105C9000C0F1200044E700BFA8020020E413002068
:105CA000314600230A222046FEF724F90B9B002BE5
:105CB000064640F3CE8204979946099B002B05DDEA
:105CC00031461A462046FEF74BFB0646089B002B42
:105CD00040F0EB81B046029B009F03F001027B1E67
:105CE0004B440893019B0A9213430993514628465B
:105CF000FFF7CEFB314683462846FEF7A9FB424616
:105D0000514681462046FEF7C5FBC26801460BF1AD
:105D10003003002A42D1CDE906032846FEF798FB5E
:105D2000069902902046FEF7DBF8029A079B1AB903
:105D30000999002900F07E82B9F1000FC0F2838139
:105D4000019949EA01090A9951EA090900F07B81A0
:105D5000002A00F3C681089A3B7007F101099742B7
:105D6000CB4600F0C481294600230A222046FEF7D4
:105D7000C1F84645054631464FF000034FF00A0290
:105D8000204612D0FEF7B6F84146064600230A2206
:105D90002046FEF7AFF84F468046A7E7204602931D
:105DA000FEF79EF8029B0122C6E7FEF7A3F84F46D6
:105DB000064680469AE7019B022B71DC079B002B6D
:105DC0007FF47BAF049B5146013328460493FFF7D1
:105DD0005FFBDDF800B000F130030BF8013B00275A
:105DE000EBE651462846FEF733FB0028BFF6BAAE75
:105DF000294600230A222046FEF77CF8049B5F1EFA
:105E0000079B0546002B7FF44BAF0B9B002B40F309
:105E100018829946B1E6BC4B00930333A4E41C20DE
:105E200012E7DDE9020100287FF474AEC1F313022A
:105E3000002A00F0F480029B08936DE6012307938B
:105E4000049B5B4403F10109B9F1010FCC460B93AC
:105E5000B8BF4FF0010C0021BCF1170FE1637FF7D1
:105E6000BCAC01200422520002F114036345014638
:105E700000F10100F7D9E163AFE401230793BBF11F
:105E8000000F52DDCDF82CB0D946DC46E3E7002305
:105E90000793D5E700230793F1E7DDF82C900497EB
:105EA000B9F1000F7FF4A1AD51464B4605222046C3
:105EB000FEF720F8014682462846FEF7C9FA002878
:105EC0007FF793AD049B03F1010B009B31229846B1
:105ED00003F8012B009351462046FEF701F80BF121
:105EE0000103DDF800900493CDF80080002E7FF4CC
:105EF0008FAE91E6A3EB0A0AC5E53146524620462D
:105F0000FEF7CEF92A46014606462046FEF71AF964
:105F1000294605462046FDF7E3FFEAE50220B0EEFC
:105F2000485B81E4C0F13C008EE64FF0010BD9469E
:105F30004FE403D1019BDB073FF54CAED9461BF87C
:105F4000013D302BFAD057E6049B009A01330493AD
:105F50003123137050E6BAF1000F00F0238102F2F2
:105F60003342069B09931344DDF820A00693904426
:105F700092E507EE900AB1EE0C5BB8EEE77BA6EE79
:105F8000075B15EE902A51EC150BA2F1507141EC14
:105F9000150BB1EE047B36EE477BB4EEC57BF1EE1C
:105FA00010FA00F33781B1EE455BB4EEC57BF1EE3C
:105FB00010FA7FF5FBAC4FF0000A564615E500F0ED
:105FC000F580049B51495A4202F00F0001EBC001D9
:105FD00091ED006B121128EE066B00F04281B0EEDD
:105FE000467B4B4900260220D30705D591ED005B87
:105FF0000130012627EE057B521001F10801F3D193
:10600000002E06FE076B1EE4029B002B7FF437AECA
:10601000DDE90201C1F31302002A40F037813D4A55
:106020000A40002A00F0FA80069B01330693012300
:1060300008F1010808936FE52946089A2046FEF703
:106040002FF905465AE5002A12DD2946012220468D
:106050000193FEF785F951460546FEF7F9F9002848
:10606000019B40F3E180392B00F0CA800BF1310332
:10607000B94609F8013B049B013337460493464671
:10608000BAE538EE088BB4EEC68BF1EE10FA0ADCF6
:10609000B4EE468BF1EE10FA7FF4DCAC17EE103A5A
:1060A000D8077FF5D7AC009A54E471682046FDF715
:1060B000F1FE0746002800F0DE80336902339A00C3
:1060C00006F10C010C30F4F703FE3946012220469C
:1060D000FEF746F98046FEE5069BA3EB090309930C
:1060E000DAE4392B00F08C80B9460133C1E7049A19
:1060F00001323746049246465FE529462046FEF7C0
:10610000CFF80546FAE400BF14130020A8020020CF
:10611000800200200000F07F5E4BFDEEC65B03EBCB
:10612000C20C1CED023BB8EEE57B36EE477B41EC42
:10613000160B15EE901A23EE063B00983031012A1B
:1061400000F8011B00F08380B2EE044B009B99180D
:1061500027EE047BFDEEC76B16EE903A303300F865
:10616000013B8142B8EEE65B37EE457BF0D1B6EEFF
:10617000006B33EE065BB4EEC75BF1EE10FA3FF551
:10618000E3AB36EE436BB4EEC76BF1EE10FA7FF77C
:106190000DAC8946013919F8013C302BF9D0731C3C
:1061A000049339E50C9AC2F13602DAE60220B0EE29
:1061B000486BFFF748BBB9F1000F3FF4DAAE0B9A1A
:1061C000002A7FF7F3ABB2EE044B26EE046B0130EE
:1061D00007EE900A049BB8EEE75BB1EE0C7BA6EEEF
:1061E000057B17EE90CA51EC170B5E1EACF1507197
:1061F000FFF747BB049B013304933123FFF7B1BB87
:10620000049BBB4601330493392337460BF8013B0B
:106210004646E1E44FF0000A564653E608927BE416
:10622000731C04938946F7E47FF422AFDA077FF505
:106230001FAF18E7392BE3D0B9F1000F3FF716AFC6
:1062400016E7019B022B3FF728AE0497BAE50146FB
:106250008DE7019B022B3FF720AEDDF82C900497D1
:106260002BE50220FFF7EFBA0B4B0C48002240F25F
:10627000AF11FEF7E5FF084B08483A4640F2EF2120
:10628000FEF7DEFF064B0093FFF7D2B9029B08939F
:10629000F7E400BFA8020020181000201813002007
:1062A00008130020154B984223D870B5144E4FF0B8
:1062B000000E40F6DB0403E002F1010EA64516DCF9
:1062C00004EB0E0222F0010303EB620306EB43032F
:1062D000521059785D88B3F804C041EA05218C4416
:1062E0006045E9D8884206D2541EA645E8DDFF2065
:1062F00070BDFF207047187870BD00BFEF010E0021
:10630000802E00200EB410B583B005AB064C53F8B8
:10631000042B01930146206800F07CF903B0BDE82E
:10632000104003B0704700BF1C9300202DE9F04FD0
:106330009368176883B09246002B70D081468A68B4
:1063400008680C46083743E0A38913F4906F2ED0F9
:10635000D4E90416A0EB010806EB460606EBD67658
:1063600008F1010076102844B042324684BF064648
:1063700032465B0537D511464846F6F745FF019092
:1063800000283AD042462169F4F7A2FCA289019B79
:1063900022F4906242F08002A281A6EB080203EB95
:1063A00008006661A260236120602E46A84642462E
:1063B0005946F8F7B1FEDAF80830A2682068921B57
:1063C00040445B1BA2602060CAF808303BB308372A
:1063D00057E902B5002DFAD0AA4216469046B3D925
:1063E0002E46A846E3E74846F7F7D6F903460028C5
:1063F000D3D121694846F9F755FEA3890C2243F011
:106400004003C9F800204FF0FF30A3810022002391
:10641000CAF80820CAF8043003B0BDE8F08F0020A5
:106420000023CAF8043003B0BDE8F08F38B54B1C28
:106430001AD093891446126B23F02003A381CDB2A6
:10644000AAB16268636B9A4209DA23685A1E226015
:1064500003F8015C636801336360284638BD214658
:1064600001F0DEF80028F0D04FF0FF35F5E72369A2
:1064700022682BB1934203D212F8013CAB420FD0F9
:106480006168E1632346A26304F140010322626371
:10649000216303F8425F0122C4E90032284638BD77
:1064A0006368013A0133C4E90023D6E710B50C460E
:1064B000096B69B104F14003994201D0F9F7F2FD8B
:1064C000E36B63600020206313B1A36B236010BDF6
:1064D000A3892169002243F02003C4E90012A381AB
:1064E0004FF0FF3010BD00BF2DE9F04F85B0CDE972
:1064F000023202FB03F30E9C0193A3B3D4F804A071
:10650000019B53458B4646D9A046019D58F8401B38
:106510000746002652465846F4F7DAFB2368226BFA
:106520005344A946C4E9003611463846D344A5EB86
:106530000A05E2B1424501D0F9F7B4FDE36B2663E9
:106540006360A3B1A16B2160AB429A46E2D3029B88
:1065500001932A465846F4F7BBFBD4E90032521B9C
:106560002B44C4E90032019805B0BDE8F08F019AD0
:10657000039B5244A2EB0902B2FBF3F30193A389FC
:106580002269019843F02003A3810023C4E900237A
:1065900005B0BDE8F08F21681D46D8E72DE9F84F1A
:1065A0004B6E9C0490462DD59368126843B38B467E
:1065B000064602F1080959E9025A5FEA9A0715D01E
:1065C000043D002401E0A7420ED055F8041F5A46AE
:1065D000304601F097FA431C04F10104F3D1002383
:1065E000C8E90133BDE8F88FD8F808302AF0030A6B
:1065F000A3EB0A03C8F8083009F10809002BDAD127
:106600000020ECE701F048F80023C8E90133BDE8B9
:10661000F88F00BF2DE9F04F2DED028BC5B00DF1C5
:10662000500A834608EE101A1646002108225046EA
:106630001C460793F8F7ECFDBBF1000F04D0DBF824
:106640003430002B00F0A08618EE102A536EDB07C2
:1066500040F11385B2F90C108AB295040BD418EEF0
:10666000103A41F4005199815B6E8AB218EE101A0B
:1066700023F400534B66100740F1058118EE103AE1
:106680001B69002B00F0FF8002F01A030A2B00F0B8
:106690000A810023CDE91933CDE90D331BAA0C93F0
:1066A000189291460B930593B0464446A84BD3F8F5
:1066B000E450F9F75DF92246034612A9CDF800A08F
:1066C0005846A847002800F04581C0F23981129A47
:1066D000252A034601D01C44E8E7B4EB080605462A
:1066E00040F03C81002361788DF8433004F10108CB
:1066F00006934FF0FF371E462B2408F10108A1F145
:1067000020035A2B00F27881DFE813F0B5027601FE
:106710007601B0027601760176016A007601760193
:106720007D028D02760188029702760192025B005B
:106730005B005B005B005B005B005B005B005B0081
:106740007601760176017601760176017601760191
:1067500076015C028400760176017601760176018D
:1067600076017601760176017601E8007601760100
:10677000760133027601DA02760176018B05760125
:106780007601760176017601760176017601760151
:1067900076015C028600760176017601CD028600E4
:1067A0007F007601C0027601FD02EA00ED027F0063
:1067B000760133027C006905760176016B0576016E
:1067C0007C00A1F13003002218F8011B02EB8202C9
:1067D00003EB4202A1F13003092BF5D906928EE7B3
:1067E0005846FEF79DFA43680D931846F9F748FBA3
:1067F0000E9005465846FEF793FA83680B93002DDA
:1068000040F0D68498F8001077E798F8001046F02A
:10681000200672E746F01006B40640F18E81079B11
:10682000073323F007031A46596852F8083B0792CA
:106830000A460029C0F27084791C00F0A28526F077
:106840008001039153EA020100F03F840A2B72F1A8
:10685000000180F0418530338DF80F31039E012314
:1068600004930DF20F14049BBB42B8BF3B46039345
:10687000002308939DF84330002B00F0CB80039B4E
:1068800001330393C6E018EE101A584618EE105A5A
:1068900001F07CF8002840F05286AA8902F01A0321
:1068A0000A2B7FF4F6AE18EE101AB1F90E30002B59
:1068B000FFF6EFAE4B6EDB0702D4970540F1128670
:1068C00018EE101A23463246584600F069FE05902D
:1068D000059845B0BDEC028BBDE8F08F46F0100680
:1068E00016F0200200F03681079B073323F00703E0
:1068F00019465A6851F8083B079126F480610391C4
:10690000002100208DF84300781C00F010820398CD
:1069100020F0800653EA020040F00882002F40F089
:106920003885002940F0D583039B13F001030493BD
:1069300000F0118430238DF80F310DF20F1492E71F
:10694000082200215046F8F763FC01231C44ADE601
:10695000948D0020B4EB080605461BD0199B1A9AAB
:1069600001333244072BC9E900861A9219931CDDC2
:10697000002A00F0A68318EE101A18AA5846FFF74E
:106980000DFE20BB0DF16C09059B33440593002DD2
:106990007FF4A8AE1A9B002B40F0C18518EE103A88
:1069A0000022B3F90C30199215E009F10809EBE760
:1069B00018EE101A18AA5846FFF7F0FD002800F04C
:1069C000A680089B1BB108995846F9F76BFB18EE97
:1069D000103AB3F90C3018EE102A526E12F0010F73
:1069E0009AB200F0A080500600F1B285059845B03B
:1069F000BDEC028BBDE8F08F0029CBD000238DF8D1
:106A000043300123CDE903338DF8AC102BAC0023C8
:106A100008931F4616F00203099302D0039B02332A
:106A2000039316F084030A9305D1069B039A9D1ADB
:106A3000002D00F37B82DDE91903411C9DF8432002
:106A400082B101220133C9F8042007290DF1430264
:106A5000CDE91913C9F8002000F34A82084609F16C
:106A600008090131099AE2B111AA0233C9F80020DC
:106A700007294FF00202CDE91913C9F8042040F3A9
:106A80005082002B00F0438318EE101A18AA5846C3
:106A9000FFF784FD002894D1DDE919030DF16C099D
:106AA000411C0A9A802A00F08481049ABD1A002DA4
:106AB00000F3D781049AC9F8004013440729CDE9AF
:106AC0001913C9F8042040F36E81002B00F0758281
:106AD00018EE101A18AA5846FFF760FD00287FF438
:106AE00070AF1A9B0DF16C09750705D5069A0399CD
:106AF000541A002C00F36B82DDE9052103988142D2
:106B0000ACBF521812180592002B7FF451AF0899B0
:106B100000231993002900F049815846F9F7C2FA79
:106B20000DF16C09C1E59C053FF55DAF18EE104A0B
:106B3000A06DF9F78BF9A28955E7F006079A00F1E5
:106B40001F83710640F1198332F9043B0792DA176B
:106B500011466EE616F01003079940F0098316F00F
:106B6000400000F001831A4651F8043B07919BB2A4
:106B7000C3E6079B1A4600238DF84330134653F8AB
:106B8000044B0393002C00F01284532900F065831A
:106B900016F0100540F061837B1C00F0B3843A4688
:106BA00029462046FEF74CFA0890002800F09F8402
:106BB000031B039A049323EAE3732F46079203937C
:106BC000089557E6432902D0F50640F12D83079D2D
:106BD0000822002116A82BACF8F71AFB16AB55F8C3
:106BE000042B21465846FEF7A5FA034601330490CC
:106BF00000F0B384049B079523EAE3730393002317
:106C00008DF8433003E7079B53F8042B0692002AC4
:106C100080F29C82069A5242CDE9062398F8001031
:106C200046F0040669E598F800108DF8434064E5E5
:106C300098F8001046F080065FE5424612F8011B06
:106C40002A2900F09684A1F13003092B90464FF0D9
:106C500000073FF654AD18F8011B07EB870703EB5D
:106C60004707A1F13003092BF5D948E598F8001042
:106C700046F0010641E59DF84330002B7FF4C2AD9C
:106C8000202398F800108DF8433036E598F800106E
:106C90006C2903BF98F8011046F0200608F101089E
:106CA00046F0100629E598F80010682903BF98F807
:106CB000011046F4007608F1010846F040061CE594
:106CC00046F010030393039B13F0200200F00682AA
:106CD000079B073323F0070319465A6851F8083B0E
:106CE000079101210DE6079A46F00203039352F83B
:106CF000043B079247F63002ADF84420B84A0C92A4
:106D000002210022FDE5B70600F14882F50600F1F8
:106D10004683740600F1D583B00540F14083079B9C
:106D2000059953F8042B07931170BEE403960129CB
:106D30003FF48CAD022944AC11D10C9803F00F0143
:106D40001B09415C04F8011D43EA0273120953EA6E
:106D50000201F3D1039E44AB1B1B049383E503F0B4
:106D60000701DB0843EA4273D208303153EA0205D7
:106D7000204604F8011DF2D1039EF307EBD530291C
:106D8000E8D03023023804F8013C44AB1B1A039EC0
:106D90000493044667E5049B1B9401221C931A93F9
:106DA00019920DF16C0909F108099DE60DF16C09C4
:106DB0007BE4069A039D551B002D7FF776AE102DC0
:106DC00040F3BB83099418EE104A07E000F1020C6F
:106DD00009F108091046103D102D1EDD8149C9F842
:106DE0000010421C10331021072ACDE91923C9F8DD
:106DF0000410EBDD18AA002B74D0214658460DF183
:106E00006C09FFF7CBFB00287FF4DBADDDE919034C
:106E1000103D102D00F1010CE0DC099C714AC9F80D
:106E200004502B44BCF1070FCDE919C3C9F8002069
:106E300040F39481002B00F01F8318EE101A18AA5B
:106E40005846FFF7ABFB00287FF4BBAD049ADDE9A1
:106E50001903BD1A002D00F101010DF16C097FF736
:106E600029AE102D29DD0994102718EE104A07E0ED
:106E700000F1020C09F108091046103D102D1ADD31
:106E8000421C58491033072AC9E90017CDE91923D4
:106E9000EEDD18AA03B3214658460DF16C09FFF741
:106EA0007DFB00287FF48DADDDE91903103D102D29
:106EB00000F1010CE4DC099C61464A4AC9F804501F
:106EC0002B440729CDE91913C9F8002000F3E78006
:106ED00009F108090131EDE54FF0010C18460DF1FB
:106EE0006C09CAE74FF0010C18460DF16C0972E706
:106EF000002B00F0048118EE101A18AA5846FFF76C
:106F00004DFB00287FF45DADDDE919030DF16C093F
:106F1000411CA7E5022311AA1C931B9201210DF12C
:106F20006C09084609F10809411CBAE5102D40F327
:106F3000E582DDE919130F94084618EE104A07E0C0
:106F400000F1020C09F108091046103D102D1DDD5D
:106F50002549C9F80010421C10331021072ACDE939
:106F60001923C9F80410EBDD18AA03B321465846CB
:106F70000DF16C09FFF712FB00287FF422ADDDE96B
:106F80001903103D102D00F1010CE1DC0F9C60464F
:106F9000154AC9F804502B440728CDE91903C9F84C
:106FA000002000F3C18009F10809411C46E518469C
:106FB0004FF0010C0DF16C09C7E77607199353D513
:106FC000069A0399541A002C4EDD0DF16C09102C11
:106FD00040F3B082199918EE106A10250DE000BF39
:106FE000B4130020A0870020702E0020881C09F117
:106FF00008091146103C102C1ADD4A1CB348103306
:10700000072AC9E90005CDE91923EFDD18AA33B332
:1070100031465846FFF7C2FA00287FF4D2ACDDE9CA
:107020001913103C102C01F101000DF16C09E4DC86
:10703000A64AC9F8044023440728CDE91903C9F832
:1070400000207FF759AD7BB118EE101A18AA5846E8
:10705000FFF7A4FA00287FF4B4AC1A9B4CE501209A
:1070600019460DF16C09C5E7DDE9053203998A423D
:10707000ACBF9B185B18059349E5B2F90C108F055E
:1070800018EE103A8AB23FF5E8AA18EE105A986D39
:10709000F8F7DAFEB5F90C108AB2FFF7DEBA002B6A
:1070A0003FF479AE18EE101A18AA5846FFF776FA90
:1070B00000287FF486AC19991A9B01310DF16C09F7
:1070C000F8E419920DF16C095EE4002F7FF4C3AB74
:1070D000039E0027049744ACFFF7C5BB039B13F046
:1070E000100354D1039A12F0400000F06B8107990D
:1070F0001A4651F8043B07919BB2012101E4099A19
:10710000002A64D1184601210DF16C09C9E401215E
:1071100018460DF16C09C4E45B4262EB420203962F
:107120002D200121FFF7EEBB002B00F0888018EE28
:10713000101A18AA5846FFF731FA00287FF441AC1C
:10714000DDE919030DF16C09411C77E498F8001092
:107150000793FFF7D2BA44ACFFF785BB09F10809E2
:107160000CF101016046A0E416F4007240F0978132
:1071700051F8043B0791FFF7C0BBB30500F18881CC
:1071800052F8043B0792DA171146FFF752BB0799F2
:1071900051F8043B07910121FFF7B3BB079B05980A
:1071A00053F8041B0793C217C1E90002FFF77DBA29
:1071B0000B9B002B3FF426AB0B9B1B78002B3FF463
:1071C00021AB98F8001046F48066FFF796BA0223C8
:1071D00011AA1C931B9201200DF16C09A2E60396E3
:1071E00071E53B4B0C9316F0200259D0079B0733F7
:1071F00023F0070318465A6850F8083B0790F40735
:1072000009D553EA020006D08DF84510302146F02A
:1072100002068DF8441026F4806103910221FFF7E5
:1072200070BB2C4B0C93DEE7079B012153F8042B1A
:1072300003918DF8AC20079304912BACDFE49DF80B
:107240004320002A40F03281099A002A7FF462AE7E
:10725000184601210DF16C0927E40021082216A827
:107260001394F7F7D5FF791C00F0BC800025079434
:107270002C460CE02BA95846FDF75CFF421C20442D
:1072800000F06B81B84208DC00F070810446139A6C
:10729000525916AB0435002AECD10494079CAFE098
:1072A00016F0100307980CD116F0400405D01A46CA
:1072B00050F8043B07909BB2A1E716F4007240F02F
:1072C000E18050F8043B079099E700BF702E002042
:1072D000B4130020C81300200399049744AC9E46C1
:1072E00008EE90BA01F480664FF0000C234606E0E9
:1072F000BEF10A0F72F1000239D3A6462A46A6490A
:107300001EEB020040F100000F46A1FB001424F028
:10731000030101EB9401401ABEEB00014FF0CC35A4
:1073200062F1000405FB01F507FB0455A1FB0741D1
:107330000D44052704F00101A1FB071B091864088F
:10734000303103F8011C44EAC5740CF1010C013B17
:107350006D08002ECCD00B9909786145C8D1BCF1DD
:10736000FF0FC5D0BEF10A0F72F100026CD21C46AD
:1073700044AB1B1B049F039E049318EE90BAFFF7C7
:1073800072BA0396FFF762BA5846F7F743FEFFF763
:107390005BB9012903967FF4CDACFFF75CBA079B7C
:1073A000059953F8042B11600793FFF77EB9062F58
:1073B0003B46039A794C079228BF06230493039314
:1073C000FFF725BB039B079913F4007214BF51F814
:1073D000043B51F8043B07911CBF0246DBB201217C
:1073E000FFF78FBA16AB00930023194613AA58462D
:1073F000FDF7C6FE03460133049000F0AE801394FF
:10740000049B002B30D0632B63DC002308932BAC50
:107410000822002116A8F7F7FBFE049D16AB009387
:1074200013AA2B4621465846FDF7AAFE854240F096
:10743000AB80039B049A07930023A3541F4622EAC0
:10744000E2730393FFF716BA0E9A0D999B1A18462A
:107450000893F7F7DBFF0B99089B4A780AB10131D3
:107460000B914FF0000C48E7039B0793049B039399
:107470001F460893FFF7FEB9012118460DF16C096C
:10748000FFF713BB50F8043B07902246DBB2B6E689
:1074900012F9043B0792DA171146FFF7CAB951F8FF
:1074A000043B07910246DBB2FFF727BA01231C9386
:1074B00001210DF143031B930DF16C090B46FFF7FE
:1074C000CDBA079B059953F8042B07931180FFF75A
:1074D000ECB8591C5846F5F797FE044600283CD0F6
:1074E000089095E7886DF8F7B1FCFFF7E9B9039BC1
:1074F0000793CDE90377089FFFF7BCB919981A9B4A
:10750000013045E5039B07932046F8F7B9FC20EAD4
:10751000E0732F46049003930895FFF7ABB918EE7C
:10752000101A18AA5846FFF739F800283FF436AA6F
:10753000FFF74DBA199801307AE58C466EE46B6E10
:10754000D90705D4AB899A0502D4A86DF8F77EFC5B
:107550004FF0FF330593FFF749BA18EE102AB2F93E
:107560000C3043F040039381FFF735BA079C049732
:1075700046E7079B98F8011053F8047B0793904661
:1075800047EAE777FFF7B9B818EE102A938943F076
:1075900040039381FFF715BACDCCCCCCDC1300208F
:1075A00070B50C468989ADF58E6D21F00201ADF8FC
:1075B0001410616E1B91E189ADF81610E169099113
:1075C000616A0B911CA9029106914FF480610646F5
:1075D0000491079118A80021CDE900320891F8F72D
:1075E0002FFCDDE9003202A93046FFF713F8051E33
:1075F00007DB02A93046FDF7C7FA002818BF4FF095
:10760000FF35BDF814305B0603D5A38943F0400372
:10761000A3811898F8F716FC28460DF58E6D70BDFD
:1076200001F140032DE9F0410C46096B994214D059
:10763000666B77003A46F6F7AFF8054640B300EBC5
:107640000608014632464046F3F742FBC4E90C57B0
:10765000C4F800800020BDE8F0814FF48061F5F7A8
:10766000D3FDA8B194F842304FF48062C4E90C0213
:1076700080F8FF3394F8413080F8FE3394F84020CE
:1076800080F8FD2300F2FD3323600020BDE8F08187
:107690004FF0FF30DFE700BF9368002B00F08580DC
:1076A0002DE9F04FB1F90C300C461907804683B034
:1076B000174698B225D523691BB310F002033D6825
:1076C0002DD04FF0000ADFF8C0B25646B9465E45ED
:1076D0003346524628BF5B464046002E52D0E169F1
:1076E000676AB847002856DDD9F808301B1A82446B
:1076F000361AC9F80830002BE9D1002003B0BDE8E4
:10770000F08F2146404600F041F9002840F03881D2
:10771000B4F90C303D6898B210F00203D1D110F0EA
:10772000010944D14E46009746B38205D4F808B00B
:1077300040F18580B3455A4600F2B48010F4906F52
:1077400040F0C180206801924946F7F7E5FCA36844
:10775000019AA3EB0B012368A1601344B246236096
:107760000026009A9368A3EB0A03D1449360002B90
:10777000C3D0B4F90C0080B2002ED6D1D5E9009662
:107780000835D1E7D5E900A60835A0E721464046EF
:10779000FDF7FAF988B3B4F90C3043F040034FF029
:1077A000FF30A38103B0BDE8F08F002070471E4674
:1077B000BA469946184600951F4666B3002832D04F
:1077C0004A46D4E904132068A568B24228BF32466D
:1077D000884204D905EB030B5A4500F3A780934276
:1077E00064DCE169656A3A464046A847B0F1000B9F
:1077F000D1DDB9EB0B09C9D00120DAF80830A3EBD1
:107800000B035F44A6EB0B06CAF80830002B3FF4CD
:1078100074AF002ED2D1009A5668134608320092F7
:10782000002EF8D01F6832460A213846FDF708FCC2
:10783000002800F09C800130A0EB0709C0E7206819
:107840002369984216D86269B24213D86FF0004398
:10785000B34228BF3346E16993FBF2F3676A02FB48
:1078600003F340464A46B847B0F1000A93DDA6EB61
:107870000A0676E7B345DA4628BFB246524649467D
:10788000F7F74AFCA3682268A3EB0A035244A360FB
:107890002260002BEBD121464046FDF775F9002808
:1078A000E5D078E72068B34632464CE73946019286
:1078B000F7F732FC019AA3689B1AA360236813446C
:1078C0002360934695E723682169A3EB010B636965
:1078D00003EB430A0AEBDA7A0BF101034FEA6A0A77
:1078E00033445345524684BF9A46524643052CD5ED
:1078F00011464046F5F788FC00283BD05A462169DE
:107900000190F3F7E5F9A289019B22F4906242F01D
:107910008002A28103EB0B002361AAEB0B03C4F8E6
:1079200014A0A3602060B34632460CE739465A469D
:10793000F7F7F2FB23685B44236021464046FDF7DE
:1079400023F900283FF455AF25E74046F5F724FF1B
:1079500003460028DED121694046F8F7A3FBB4F9BD
:107960000C300C2223F08003C8F8002015E7721CAD
:10797000914626E70C22B4F90C30C8F800200CE739
:107980004FF0FF30BAE600BF00FCFF7F38B5314B47
:107990001B6805460C4613B15A6B002A4ED0B4F949
:1079A0000C3018079AB21CD5216929B312F00100D6
:1079B00007D00020A06060694042A06139B100207A
:1079C00038BD950758BF6069A0600029F7D112063D
:1079D00058BF0846F4D543F04003A3814FF0FF3071
:1079E00038BDD1062ED5520714D4216943F00803BF
:1079F000A3819AB20029D9D102F42070B0F5007F9A
:107A0000D4D02146284600F047F9B4F90C3021695A
:107A10009AB2CBE7216B51B104F14002914204D0FC
:107A20002846F8F73FFBB4F90C30002222632169A5
:107A30000022C4E9001223F02403D7E71846F7F721
:107A4000E9FAACE7092243F040032A604FF0FF3027
:107A5000A38138BD1C9300202DE9F04782B08246F7
:107A600088461446F7F784FF012803D108F1FF3355
:107A7000FE2B36D90DF10409424604F15C03494658
:107A80005046FDF757FB421C064632D020B39DF806
:107A900004C0002509E023685A1C226083F800C056
:107AA0000135B54218D219F801CFA368013B002B6C
:107AB000A360F0DAA769BB4261462246504602DB6A
:107AC000BCF10A0FE7D100F053F9431CE8D1064698
:107AD000304602B0BDE8F0874646304602B0BDE809
:107AE000F0875FFA88FC8DF804C006460DF10409A2
:107AF000CFE7A389304643F04003A38102B0BDE83D
:107B0000F08700BF30B5536E13F0010FB2F90C309F
:107B1000144683B005469AB201D198051CD590044D
:107B200006D4626E43F4005342F40052A3816266AD
:107B300022462846FFF790FF636EDA07054602D417
:107B4000A3899B0502D5284603B030BDA06DF8F788
:107B50007DF9284603B030BDA06D0191F8F774F9A6
:107B6000B4F90C3001999AB2D9E700BF2DE9F04F72
:107B70008BB0DDE9158A149F0391814605921E465C
:107B8000B8F1000F5CD0039B002B5ED0059B1D68F5
:107B9000002F6AD0741E4EB3039B0493043D00264D
:107BA00001950BE0039B2BBB019B1A68002A3AD07E
:107BB000BC455CD2013C631C664617D0D8F8003047
:107BC0000293019BDAF8E05053F8042F019307A9C0
:107BD00043464846D8F804B0A847421C3AD000EBC8
:107BE000060CBC45DED9029BC8E9003B30460BB011
:107BF000BDE8F08F00280EDD049B019D18445A1E3D
:107C000007A900F1FF3E11F8013B02F8013F724560
:107C1000F9D101950490059B1A6804321A60019B02
:107C20001A68002AC4D1039B0BB1059B1A600CF1A2
:107C3000FF3600223046C8F800200BB0BDE8F08FB8
:107C4000039B00F58678002BA0D1059B4FF0FF37F2
:107C50001D689FE706468A2100223046C9F80010B9
:107C6000C8F800200BB0BDE8F08F3E46BEE7664680
:107C7000BCE700BF10B584B0054C0698009007988B
:107C80000190044800680294FFF770FF04B010BD33
:107C9000948D00201C9300202DE9F0418B890C4627
:107CA000990796B008D504F143030122C4E90432D0
:107CB000236016B0BDE8F081B4F90E100029064625
:107CC00025DB6A4600F0ACF800281FDB019D05F4B7
:107CD0007045A5F50055B5FA85F54FF480686D0936
:107CE0004FF4006741463046F5F78EFAE0B1B4F93B
:107CF0000C30C4F8148043F0800320602061A3811D
:107D000035BB3B43A38116B0BDE8F081A38913F0D6
:107D1000800519D04FF040080025414630462F46D7
:107D2000F5F772FA0028E2D1B4F90C309A05C0D404
:107D300023F0030304F1430243F002030121C4E9E9
:107D40000421A3812260B4E74FF480682F46C9E77D
:107D5000B4F90E10304600F079F810B9B4F90C30CF
:107D6000CFE7A38923F0030343F001031BB2C8E765
:107D7000F8B50D461446064610B1436B002B4CD0A7
:107D8000B4F90C20A369A360170790B21BD523692F
:107D9000CBB1EDB281042F4622D522686169D31A96
:107DA000994229DD0133A1680139A160511C21608C
:107DB000157062699A4227D0A389DB0701D50A2D85
:107DC00022D03846F8BD21463046FFF7DFFD08BB1C
:107DD000B4F90C20236990B2EDB281042F46DCD4B3
:107DE00042F40052A281626E616922F4005262661E
:107DF0002268D31A9942D5DC21463046FCF7C4FEEE
:107E000040B922680123CEE721463046FCF7BCFE8C
:107E10000028D6D04FF0FF37D3E7F7F7FBF8AFE7EE
:107E200070B50C46084D03460026204611461C46F8
:107E30002E60F3F777FA431C00D070BD2B68002B3F
:107E4000FBD0236070BD00BFA0EB002038B5074D0C
:107E50000022044608462A60F3F76AFA431C00D061
:107E600038BD2B68002BFBD0236038BDA0EB002071
:107E700081F0004102E000BF83F0004330B54FEADB
:107E800041044FEA430594EA050F08BF90EA020F48
:107E90001FBF54EA000C55EA020C7FEA645C7FEADB
:107EA000655C00F0E2804FEA5454D4EB5555B8BFFE
:107EB0006D420CDD2C4480EA020281EA030382EA6F
:107EC000000083EA010180EA020281EA0303362D01
:107ED00088BF30BD11F0004F4FEA01314FF4801CD4
:107EE0004CEA113102D0404261EB410113F0004FE6
:107EF0004FEA03334CEA133302D0524263EB43039D
:107F000094EA050F00F0A780A4F10104D5F1200E3A
:107F10000DDB02FA0EFC22FA05F2801841F1000195
:107F200003FA0EF2801843FA05F359410EE0A5F169
:107F300020050EF1200E012A03FA0EFC28BF4CF09A
:107F4000020C43FA05F3C01851EBE37101F0004550
:107F500007D54FF0000EDCF1000C7EEB00006EEB5D
:107F60000101B1F5801F1BD3B1F5001F0CD34908E7
:107F70005FEA30004FEA3C0C04F101044FEA44523E
:107F800012F5800F80F09A80BCF1004F08BF5FEAC5
:107F9000500C50F1000041EB045141EA050130BDA5
:107FA0005FEA4C0C404141EB0101013C28BFB1F5B7
:107FB000801FE9D291F0000F04BF01460020B1FA02
:107FC00081F308BF2033A3F10B03B3F120020CDAD5
:107FD0000C3208DD02F1140CC2F10C0201FA0CF0B3
:107FE00021FA02F10CE002F11402D8BFC2F1200C18
:107FF00001FA02F120FA0CFCDCBF41EA0C019040CE
:10800000E41AA2BF01EB0451294330BD6FEA040416
:108010001F3C1CDA0C340EDC04F11404C4F1200201
:1080200020FA04F001FA02F340EA030021FA04F313
:1080300045EA030130BDC4F10C04C4F1200220FA6A
:1080400002F001FA04F340EA0300294630BD21FAA8
:1080500004F0294630BD94F0000F83F4801306BF6E
:1080600081F480110134013D4EE77FEA645C18BF62
:108070007FEA655C29D094EA050F08BF90EA020FF9
:1080800005D054EA000C04BF1946104630BD91EAF1
:10809000030F1EBF0021002030BD5FEA545C05D1F4
:1080A0004000494128BF41F0004130BD14F5800433
:1080B0003CBF01F5801130BD01F0004545F0FE41A7
:1080C00041F470014FF0000030BD7FEA645C1ABFDC
:1080D000194610467FEA655C1CBF0B46024650EA13
:1080E000013406BF52EA033591EA030F41F400213F
:1080F00030BD00BF90F0000F04BF0021704730B5C5
:108100004FF4806404F132044FF000054FF0000199
:1081100050E700BF90F0000F04BF0021704730B55A
:108120004FF4806404F1320410F0004548BF40422F
:108130004FF000013EE700BF42004FEAE2014FEA84
:1081400031014FEA02701FBF12F07F4393F07F4F5F
:1081500081F06051704732F07F4208BF704793F062
:108160007F4F04BF41F40021704730B54FF4607475
:1081700001F0004521F000411CE700BF50EA010278
:1081800008BF704730B54FF000050AE050EA010221
:1081900008BF704730B511F0004502D5404261EB91
:1081A00041014FF4806404F132045FEA915C3FF4D2
:1081B000D8AE4FF003025FEADC0C18BF03325FEA6F
:1081C000DC0C18BF033202EBDC02C2F1200300FA20
:1081D00003FC20FA02F001FA03FE40EA0E0021FA45
:1081E00002F11444BDE600BF08B502460B4643EC5D
:1081F000172BB5EEC07BF1EE10FA03D4BDE80840B2
:1082000000F00AB8B1EE477B51EC170B00F004F810
:10821000404261EB410108BD9FED0B6B41EC170B38
:108220009FED0B5B27EE066BBCEEC66BB8EE464BC4
:10823000A4EE457BFCEEC77B16EE101A17EE900AF3
:10824000704700BFAFF30080000000000000F03D69
:10825000000000000000F0415FF800F0351E0060F3
:108260005FF800F0E11D0060000000000000000069
:04827000F8B500BF9E
:08827400B444FF7F010000008B
:10827C0000000000000000000000000000000000F2
:10828C0000000000000000000000000000000000E2
:10829C0000000000000000000000000000000000D2
:1082AC0000000000000000000000000000000000C2
:1082BC0000000000000000000000000000000000B2
:1082CC0000000000000000000000000000000000A2
:1082DC000000000000000000000000000000000092
:1082EC000000000000000000000000000000000082
:1082FC000000000000000000000000000000000072
:10830C000000000000000000000000000000000061
:10831C000000000000000000000000000000000051
:10832C000000000000000000000000000000000041
:10833C000000000000000000000000000000000031
:10834C000000000000000000000000000000000021
:10835C000000000000000000000000000000000011
:10836C000000000000000000000000000000000001
:10837C0000000000000000000000000000000000F1
:10838C0000000000000000000000000000000000E1
:10839C0000000000000000000000000000000000D1
:1083AC0000000000000000000000000000000000C1
:1083BC0000000000000000000000000000000000B1
:1083CC0000000000000000000000000000000000A1
:1083DC000000000000000000000000000000000091
:1083EC000000000000000000000000000000000081
:1083FC000000000000000000000000000000000071
:10840C000000000000000000000000000000000060
:10841C000000000000000000000000000000000050
:10842C000000000000000000000000000000000040
:10843C000000000000000000000000000000000030
:10844C000000000000000000000000000000000020
:10845C000000000000000000000000000000000010
:10846C000000000000000000000000000000000000
:10847C0000000000000000000000000000000000F0
:10848C0000000000000000000000000000000000E0
:10849C0000000000000000000000000000000000D0
:1084AC0000000000000000000000000000000000C0
:1084BC0000000000000000000000000000000000B0
:1084CC0000000000000000000000000000000000A0
:1084DC000000000000000000000000000000000090
:1084EC000000000000000000000000000000000080
:1084FC000080E03779C34143176E05B5B5B8934694
:10850C00F5F93FE9034F384D321D30F94877825A5F
:10851C003CBF737FDD4F1575000000000000F03F7D
:10852C000000000000002440000000000000594042
:10853C000000000000408F40000000000088C34095
:10854C0000000000006AF8400000000080842E410A
:10855C0000000000D01263410000000084D7974156
:10856C000000000065CDCD41000000205FA002425C
:10857C00000000E876483742000000A2941A6D42D1
:10858C00000040E59C30A2420000901EC4BCD642C4
:10859C0000003426F56B0C430080E03779C341436F
:1085AC0000A0D8855734764300C84E676DC1AB43E5
:1085BC00003D9160E458E143408CB5781DAF154403
:1085CC0050EFE2D6E41A4B4492D54D06CFF08044DE
:1085DC00F64AE1C7022DB544B49DD9794378EA44F3
:1085EC00BC89D897B2D29C3C33A7A8D523F649397D
:1085FC003DA7F444FD0FA5329D978CCF08BA5B259F
:10860C00436FAC6428066811B8820020B483002044
:10861C00C0860020781E0000A0280000F03C00005E
:10862C0040510000127A0000E4A2000024F4000083
:10863C0048E8010090D0030020A107004552524F9A
:10864C00523A20656E746572696E67204552524FBE
:10865C0052207374617465004F4E00004F46460003
:10866C0068000000436F6D6D616E64733A0000002A
:10867C0020206820202020202020202D2068656CC0
:10868C007000000020206220202020202020202D9F
:10869C00207265626F6F74002020702020202020D3
:1086AC002020202D20746F67676C652070756D70AD
:1086BC00206F6E2F6F66660020206D203C647572F3
:1086CC003E203C726174653E202D20656E7465728F
:1086DC00204D4541535552452073746174652028D3
:1086EC006F7074696F6E616C206475726174696F00
:1086FC006E5B735D2C207361766520726174655BB3
:10870C00735D290020207320202020202020202D84
:10871C0020656E746572205354414E444259207347
:10872C00746174650000000020206420202020204B
:10873C002020202D20746F67676C6520646562753E
:10874C0067204A534F4E207265636F7264207072BB
:10875C00696E74202864656661756C74206F66663A
:10876C002900000020207720202020202020202DF0
:10877C00207265736574205744542074726967675E
:10878C00657220636F756E7420696E20454550527A
:10879C004F4D20746F203000202063203C733E200E
:1087AC002020202D2073657420636F6E736F6C65B1
:1087BC0020737461747573207072696E7420696EA5
:1087CC0074657276616C205B735D000020207220F2
:1087DC003C733E202020202D207365742052505570
:1087EC0020737461747573207265706F7274206974
:1087FC006E74657276616C205B735D0070756D7064
:10880C002025730A00000000620000005265626FB0
:10881C006F74696E672076696120574454000000BC
:10882C007700000057445420636F756E7420726596
:10883C0073657420746F2030000000006D00000020
:10884C004552524F523A206475726174696F6E20B2
:10885C0028256C647329206D757374206265203033
:10886C00206F722067726561746572207468616E26
:10887C0020726174652028256C6473290A0000003D
:10888C0073000000640000006465627567204A5341
:10889C004F4E207265636F7264207072696E742023
:1088AC0025730A00636F6E736F6C6520737461744B
:1088BC00757320696E74657276616C3A20256C75DF
:1088CC00730A0000636F6E736F6C65207374617450
:1088DC00757320696E74657276616C207365742093
:1088EC00746F20256C75730A000000007200000084
:1088FC0052505520737461747573207265706F7269
:10890C007420696E74657276616C3A20256C75738F
:10891C000A000000525055207374617475732072F4
:10892C0065706F727420696E74657276616C2073F9
:10893C00657420746F20256C75730A00556E6B6E10
:10894C006F776E20636F6D6D616E643A20257320B6
:10895C00202873656E642027682720666F72206854
:10896C00656C70290A000000456E746572696E674B
:10897C00204D45415355524500000000456E74652D
:10898C0072696E67205354414E44425900000000F6
:10899C00554E4B4E4F574E0073746174653D2573A5
:1089AC0020656C61707365643D252E3166732062A1
:1089BC0061745F763D252E3266562076696E3D25B4
:1089CC002E326656206261745F6865617465723D13
:1089DC0025730A00253034582D2573002C00000017
:1089EC004F5043207061727365206572726F723ADA
:1089FC0020657870656374656420257520666965EB
:108A0C006C64732C20676F742025750A00000000BD
:108A1C004F5043207061727365206572726F723AA9
:108A2C0020746F6F206D616E79206669656C64735C
:108A3C0000000000524F50433A2074696D653D258B
:108A4C006C7520643330303D257520643530303DF5
:108A5C00257520643730303D257520643130303039
:108A6C003D25752064323030303D2575206432351B
:108A7C0030303D25752064333030303D2575206411
:108A8C00353030303D257520616C61726D3D25753A
:108A9C000A0000002A3031413F0D00005453454E6E
:108AAC003A20616972745F7261773D25752070742C
:108ABC00656D705F7261773D256C752070726573A2
:108ACC005F7261773D256C750A00000054444C417F
:108ADC0053207061727365206572726F723A2065F3
:108AEC0078706563746564202575206669656C64AF
:108AFC00732C20676F742025750A000054444C4178
:108B0C0053207061727365206572726F723A2074B3
:108B1C006F6F206D616E79206669656C64730000FF
:108B2C0054444C41533A206D725F6176673D252E5B
:108B3C00346620626B673D252E3466207065616B50
:108B4C003D252E346620726174696F3D252E366684
:108B5C0020626174743D252E3366562074686572EC
:108B6C006D5F313D252E32664320746865726D5FF2
:108B7C00323D252E3266204964783D256420737081
:108B8C0065635F313D252E346620737065635F32FB
:108B9C003D252E346620737065635F333D252E347E
:108BAC006620737065635F343D252E34660A0000C1
:108BBC0000190000457D00000000000074C00F404B
:108BCC00C0000000000000000200000050851F40A3
:108BDC0001000000340000000200000050851F401E
:108BEC0000000000010000000200000054851F403E
:108BFC0001000000350000000200000054851F40F9
:108C0C0000000000FF004000260018007C0000005F
:108C1C0025750000256400002566000043524320A2
:108C2C006973206E6F742076616C6964210000009A
:108C3C0053656E736F722041646472657373203D6B
:108C4C00000000002053636174636870616420430A
:108C5C005243206973206E6F742076616C696421B5
:108C6C0000000000504E41424C000000524D4300A9
:108C7C0047474100524D4400525344000D00000040
:108C8C004E434152000000006672616D655F636F78
:108C9C00756E742C6169725F74656D705F64656765
:108CAC00432C68756D646974795F70657263656E69
:108CBC00742C6873656E736F725F74656D705F642E
:108CCC006567432C707265735F6D622C696E746599
:108CDC00726E616C5F74656D705F646567432C6D5B
:108CEC006F64756C655F7374617475732C6D6F64F0
:108CFC00756C655F6572726F722C7063625F7375F1
:108D0C0070706C795F562C6C736D3330335F746597
:108D1C006D705F646567432C7063625F6865617436
:108D2C0065725F6F6E2C6D61675F68646758595F21
:108D3C006465672C6D61675F686467585A5F64652A
:108D4C00672C6D61675F686467595A5F6465672C4F
:108D5C00616363656C585F6D472C616363656C5927
:108D6C005F6D472C616363656C5A5F6D4700000053
:108D7C006CC00F40C0000000504F0000F1AB000071
:108D8C000CFF0000130000000000000000000000B9
:108D9C0024851F400BFF00001300000000000000A2
:108DAC000000000028851F400DFF0000130000008C
:108DBC00000000000000000020851F400A25240050
:108DCC00130000001200000012000000010203005A
:108DDC00000000001C851F40000000000000000087
:108DEC007B226964223A2225303458222C22766563
:108DFC0072223A222573222C227374617465223AF2
:108E0C00222573222C227764745F6E223A25752CEE
:108E1C00226275665F726563223A25752C2276692B
:108E2C006E223A252E31662C227635223A252E31A9
:108E3C00662C226261745F76223A252E31662C22D2
:108E4C006261745F64757479223A25752C226368AB
:108E5C00675F69223A252E31662C226261745F7439
:108E6C00223A252E31662C227063625F74223A25D9
:108E7C002E31662C2270756D705F69223A252E306A
:108E8C00662C226F70635F69223A252E30662C2285
:108E9C007473656E5F69223A252E30662C227464D9
:108EAC006C61735F69223A252E30662C22686561ED
:108EBC007465725F69223A252E30662C226C6174BF
:108ECC00223A252E36662C226C6F6E223A252E36CF
:108EDC00662C22616C74223A252E31662C22736129
:108EEC007473223A25752C2264617465223A256CC0
:108EFC00752C2274696D65223A256C757D00000015
:108F0C007B22656C61707365645F73223A25752CE6
:108F1C0022616C74223A252E30662C226C61745FAF
:108F2C0064656C7461223A252E35662C226C6F6E4A
:108F3C005F64656C7461223A252E35662C22736150
:108F4C007473223A25752C226770735F6167655FB5
:108F5C0073223A25752C226F70635F643330302294
:108F6C003A25752C226F70635F6432303030223AB0
:108F7C0025752C227473656E5F61697274223A25B3
:108F8C00752C227473656E5F70726573223A257549
:108F9C002C227473656E5F7074656D70223A257542
:108FAC002C22727334315F6169725F74223A252E00
:108FBC0032662C22727334315F70726573223A25DB
:108FCC002E31662C22727334315F68756D69646959
:108FDC007479223A252E32662C22727334315F68F2
:108FEC0073656E736F725F74223A252E32662C2273
:108FFC0074646C61735F6D725F617667223A252EC3
:10900C0031662C2274646C61735F626B67223A2543
:10901C002E32662C2274646C61735F7065616B22F6
:10902C003A252E31662C2274646C61735F72617404
:10903C00696F223A252E33662C22726F756E645F2F
:10904C00726F62696E5F696478223A25752C226FA3
:10905C0070635F64353030223A25752C226F706353
:10906C005F64373030223A25752C226F70635F6451
:10907C0031303030223A25752C226F70635F6433A7
:10908C00303030223A25752C226F70635F64353096
:10909C003030223A25752C226F70635F6432353084
:1090AC0030223A25752C22727334315F6D61675F03
:1090BC007879223A256C642C2262656D665F762283
:1090CC003A252E33662C2274646C61735F73706561
:1090DC00635F31223A252E30662C2274646C6173E6
:1090EC005F737065635F32223A252E30662C2274D2
:1090FC00646C61735F737065635F33223A252E3045
:10910C00662C2274646C61735F737065635F3422C8
:10911C003A252E30662C227473656E5F69223A25CF
:10912C002E30662C226F70635F69223A252E3066D2
:10913C002C2270756D705F69223A252E30662C22B8
:10914C0074646C61735F69223A252E30662C22762A
:10915C0035223A252E32662C226261745F74223AD3
:10916C00252E30662C2270756D705F74223A252E78
:10917C0030662C227063625F74223A252E30662C86
:10918C00226261745F76223A252E32662C22686543
:10919C00617465725F73746174223A25757D000089
:1091AC000000000000000000DD2900003D9D0000D3
:1091BC00399D0000359D0000D1290000D529000003
:1091CC00D9290000319D00000000000000000000C3
:1091DC00F57B00000D7E0000117600006977000021
:1091EC0031760000D576000059760000ED7700004E
:1091FC00857700000D7600000000000000000000E4
:10920C006D0000008D000000000000000000000058
:10921C00156F000075710000116F0000316F0000B8
:10922C00D9700000C1710000FD710000D8399D2774
:10923C000054EA2A00A4781F007B9A17B8820020F9
:10924C00B4830020C08600202C2066756E63746980
:10925C006F6E3A2000000000617373657274696F61
:10926C006E2022257322206661696C65643A206643
:10927C00696C6520222573222C206C696E65202573
:10928C0064257325730A000042616C6C6F63207354
:10929C007563636565646564000000002F566F6C30
:1092AC00756D65732F646174612F6A656E6B696E81
:1092BC00732F776F726B73706163652F474E552DEB
:1092CC00746F6F6C636861696E2F61726D2D3131D3
:1092DC002F7372632F6E65776C69622D6379677774
:1092EC00696E2F6E65776C69622F6C6962632F7380
:1092FC0074646C69622F6764746F612D6765746840
:10930C0065782E63000000000000000000000000E3
:10931C000000000000000000000000000000000041
:10932C000000000000000000000000000000000031
:10933C000000000000000000101112131415161785
:10934C001819000000000000001A1B1C1D1E1F0035
:10935C000000000000000000000000000000000001
:10936C000000000000000000001A1B1C1D1E1F0046
:10937C0000000000000000000000000000000000E1
:10938C0000000000000000000000000000000000D1
:10939C0000000000000000000000000000000000C1
:1093AC0000000000000000000000000000000000B1
:1093BC0000000000000000000000000000000000A1
:1093CC000000000000000000000000000000000091
:1093DC000000000000000000000000000000000081
:1093EC000000000000000000000000000000000071
:1093FC000000000000000000000000000000000061
:10940C0000000000000000002F566F6C756D657336
:10941C002F646174612F6A656E6B696E732F776F41
:10942C00726B73706163652F474E552D746F6F6C43
:10943C00636861696E2F61726D2D31312F737263A8
:10944C002F6E65776C69622D63796777696E2F6E05
:10945C0065776C69622F6C6962632F7374646C69D5
:10946C00622F6D707265632E6300000065256C645D
:10947C000000000000202020202020202020282870
:10948C0028282820202020202020202020202020B8
:10949C0020202020208810101010101010101010F8
:1094AC001010101010040404040404040404041028
:1094BC0010101010101041414141414101010101B6
:1094CC000101010101010101010101010101010180
:1094DC00101010101010424242424242020202028C
:1094EC000202020202020202020202020202020250
:1094FC001010101020000000000000000000000000
:10950C00000000000000000000000000000000004F
:10951C00000000000000000000000000000000003F
:10952C00000000000000000000000000000000002F
:10953C00000000000000000000000000000000001F
:10954C00000000000000000000000000000000000F
:10955C0000000000000000000000000000000000FF
:10956C0000000000000000000000000000000000EF
:10957C000000000000000000496E66696E69747995
:10958C00000000004E614E002F566F6C756D6573B8
:10959C002F646174612F6A656E6B696E732F776FC0
:1095AC00726B73706163652F474E552D746F6F6CC2
:1095BC00636861696E2F61726D2D31312F73726327
:1095CC002F6E65776C69622D63796777696E2F6E84
:1095DC0065776C69622F6C6962632F7374646C6954
:1095EC00622F64746F612E63000000004A495300BF
:1095FC00534A4953000000004555434A50000000AF
:10960C002E0000006E660000696E6974790000001F
:10961C00616E0000494E4600696E66004E414E0078
:10962C006E616E0030313233343536373839616221
:10963C0063646566000000003031323334353637F0
:10964C00383941424344454600000000286E756C91
:10965C006C290000300000000030013002300CFF9B
:10966C000EFFFB301AFF1BFF1FFF01FF9B309C30CE
:10967C00B40040FFA8003EFF3E203FFFFD30FE300F
:10968C009D309E300330DD4E053006300730FC3007
:10969C00142010200FFF3CFF1C3016205CFF2620EE
:1096AC002520182019201C201D2008FF09FF14302C
:1096BC0015303BFF3DFF5BFF5DFF083009300A3082
:1096CC000B300C300D300E300F30103011300BFFD2
:1096DC001222B100D700F7001DFF60221CFF1EFFF5
:1096EC00662267221E22342242264026B0003220F7
:1096FC0033200321A50004FFA200A30005FF03FFF4
:10970C0006FF0AFF20FFA70006260526CB25CF253E
:10971C00CE25C725C625A125A025B325B225BD2557
:10972C00BC253B20123092219021912193211330A2
:10973C00000000000000000000000000000000001D
:10974C0000000000000008220B22862287228222C1
:10975C0083222A22292200000000000000000000C1
:10976C0000000000000027222822AC00D221D421C6
:10977C00002203222922000000000000000000004B
:10978C00000000000000000000002022A52212238F
:10979C0002220722612252226A226B221A223D22C5
:1097AC001D2235222B222C2200000000000000007C
:1097BC000000000000002B2130206F266D266A2649
:1097CC0020202120B6002C22000000000000EF25F4
:1097DC00000000000000000000000000000000017C
:1097EC000101010101010101010000000000000064
:1097FC00010101010101010101010101010101014D
:10980C000101010101010101010100000000000042
:10981C00000101010101010101010101010101012D
:10982C0001010101010101010101010091039203F8
:10983C0093039403950396039703980399039A0350
:10984C009B039C039D039E039F03A003A103A303FF
:10985C00A403A503A603A703A803A9030000000003
:10986C00000000000000000000000000B103B20383
:10987C00B303B403B503B603B703B803B903BA0310
:10988C00BB03BC03BD03BE03BF03C003C103C303BF
:10989C00C403C503C603C703C803C90310041104DA
:1098AC0012041304140415040104160417041804F8
:1098BC0019041A041B041C041D041E041F04200498
:1098CC002104220423042404250426042704280448
:1098DC0029042A042B042C042D042E042F0400002C
:1098EC00000000000000000000000000000000006C
:1098FC0000000000000000000000000030043104F3
:10990C003204330434043504510436043704380467
:10991C0039043A043B043C043D043E043F04400437
:10992C0041044204430444044504460447044804E7
:10993C0049044A044B044C044D044E044F040000EB
:10994C00002502250C251025182514251C252C2551
:10995C00242534253C25012503250F2513251B25FE
:10996C001725232533252B253B254B2520252F2556
:10997C00282537253F251D25302525253825422529
:10998C009C4E1655035A3F96C0541B612863F659DA
:10999C00229075841C83507AAA60E163256EED6574
:1099AC006684A682F59B93682757A16571629B5BC1
:1099BC00D0597B86F498627DBE7D8E9B16629F7C0F
:1099CC00B788895BB55E096397664868C7958D97BC
:1099DC004F67E54E0A4F4D4F9D4F4950F256375940
:1099EC00D459015A095CDF600F6170611366056917
:1099FC00BA704F757075FB79AD7DEF7DC3800E84A9
:109A0C006388028B55907A903B53954EA54EDF5749
:109A1C00B280C190EF78004EF158A26E3890327A35
:109A2C0028838B822F9C41517053BD54E154E056D6
:109A3C00FB59155FF298EB6DE4802D85629670965C
:109A4C00A096FB970B54F353875BCF70BD7FC28FEF
:109A5C00E8966F535C9DBA7A114E9378FC81266E12
:109A6C00185604551D6B1A853B9CE559A953666D18
:109A7C00DC748F954256914E4B90F2964F830C9915
:109A8C00E153B655305B715F2066F3660468386C41
:109A9C00F36C296D5B74C8764E7A3498F1825B88CE
:109AAC00608AED92B26DAB75CA76C599A660018BD2
:109ABC008A8DB2958E69AD538651125730584459E0
:109ACC00B45BF65E2860A963F463BF6C146F8E7090
:109ADC0014715971D5713F73017E7682D18297854D
:109AEC0060905B921B9D6958BC655A6C2575F95149
:109AFC002E596559805FDC5FBC62FA652A6A276B58
:109B0C00B46B8B73C17F56892C9D0E9DC49EA15C3A
:109B1C00966C7B8304514B5CB661C681766861722E
:109B2C00594EFA4F78536960296E4F7AF3970B4E62
:109B3C001653EE4E554F3D4FA14F734FA052EF535E
:109B4C0009560F59C15AB65BE15BD17987669C67A0
:109B5C00B6674C6BB36C6B70C2738D79BE793C7A03
:109B6C00877BB182DB8204837783EF83D383668721
:109B7C00B28A2956A88CE68F4E901E978A86C44FBF
:109B8C00E85C116259723B75E581BD82FE86C08C22
:109B9C00C5961399D599CB4E1A4FE389DE564A5880
:109BAC00CA58FB5EEB5F2A6094606260D0611262FF
:109BBC00D0623965419B6666B068776D70704C7584
:109BCC008676757DA582F9878B958E969D8CF15145
:109BDC00BE521659B354B35B165D68618269AF6DA2
:109BEC008D78CB845788728AA793B89A6C6DA89994
:109BFC00D986A357FF67CE860E928352875604549C
:109C0C00D35EE162B9643C683868BB6B7273BA7836
:109C1C006B7A9A89D2896B8D038FED90A39594966C
:109C2C006997665BB35C7D694D984E989B63207B0E
:109C3C002B6A7F6AB6680D9C5F6F72529D5570607F
:109C4C00EC623B6D076ED16E5B841089448F144EB1
:109C5C00399CF6531B693A6A84972A685C51C37A1B
:109C6C00B284DC918C935B56289D226805833184E9
:109C7C00A57C0852C582E6747E4E834FA051D25B00
:109C8C000A52D852E752FB5D9A552A58E6598C5B1A
:109C9C00985BDB5B725E795EA3601F616361BE6182
:109CAC00DB636265D1675368FA683E6B536B576C24
:109CBC00226F976F456FB0741875E3760B77FF7A48
:109CCC00A17B217CE97D367FF07F9D8066829E831F
:109CDC00B389CC8AAB8C8490519493959195A29531
:109CEC006596D39728991882384E2B54B85CCC5D66
:109CFC00A9734C763C77A95CEB7F0B8DC1961198C0
:109D0C0054985898014F0E4F71539C556856FA57FA
:109D1C004759095BC45B905C0C5E7E5ECC5FEE6366
:109D2C003A67D765E2651F67CB68C4685F6A305EC7
:109D3C00C56B176C7D6C7F754879635B007A007D11
:109D4C00BD5F8F89188AB48C778DCC8E1D8FE2986D
:109D5C000E9A3C9B804E7D50005193599C5B2F6218
:109D6C008062EC643A6BA07291754779A97FFB878E
:109D7C00BC8A708BAC63CA83A09709540354AB554F
:109D8C005468586A708A27787567CD9E7453A25BA5
:109D9C001A8150860690184E454EC74E114FCA5325
:109DAC003854AE5B135F256051653D67426C726C35
:109DBC00E36C78700374767AAE7A087B1A7DFE7C3D
:109DCC00667DE7655B72BB53455CE85DD262E06221
:109DDC001963206E5A86318ADD8DF892016FA6794F
:109DEC005A9BA84EAB4EAC4E9B4FA04FD1504751F7
:109DFC00F67A7151F651545321537F53EB53AC55B2
:109E0C008358E15C375F4A5F2F6050606D601F6361
:109E1C0059654B6AC16CC272ED72EF77F88005819F
:109E2C0008824E85F790E193FF9757995A9AF04E16
:109E3C00DD512D5C81666D69405CF26675698973D4
:109E4C005068817CC550E4524757FE5D2693A4654B
:109E5C00236B3D6B34748179BD794B7BCA7DB982A0
:109E6C00CC837F885F89398BD18FD1911F5480929D
:109E7C005D4E3650E5533A53D7729673E977E682C6
:109E8C00AF8EC699C899D29977511A615E86B05532
:109E9C007A7A7650D35B47908596324EDB6AE7919F
:109EAC00515C485C98639F7A936C7497618FAA7A23
:109EBC008A718896827C1768707E51686C93F25216
:109ECC001B54AB85138AA47FCD8EE1906653888892
:109EDC004179C24FBE501152445153552D57EA731C
:109EEC008B575159625F845F756076616761A961B8
:109EFC00B2633A646C656F664268136E66753D7A40
:109F0C00FB7C4C7D997D4B7E6B7F0E834A83CD868B
:109F1C00088A638A668BFD8E1A988F9DB882CE8FC5
:109F2C00E89B87521F628364C06F99964168915079
:109F3C00206B7A6C546F747A507D4088238A086742
:109F4C00F64E3950265065507C5138526352A75505
:109F5C000F570558CC5AFA5EB261F861F36272631E
:109F6C001C69296A7D72AC722E7314786F78797DB6
:109F7C000C77A9808B89198BE28CD28E63907593A8
:109F8C007A965598139A789E43519F53B3537B5EA0
:109F9C00265F1B6E906E8473FE73437D3782008A3E
:109FAC00FA8A50964E4E0B50E4537C54FA56D159C3
:109FBC00645BF15DAB5E275F38624565AF67566EDB
:109FCC00D072CA7CB488A180E180F0834E86878AE7
:109FDC00E88D3792C7966798139F944E924E0D4F0B
:109FEC00485349543E542F5A8C5FA15F9F60A76819
:109FFC008E6A5A7481789E8AA48A778B90915E4E71
:10A00C00C99BA44E7C4FAF4F1950165049516C51FF
:10A01C009F52B952FE529A53E35311540E54895520
:10A02C005157A2577D59545B5D5B8F5BE55DE75DD6
:10A03C00F75D785E835E9A5EB75E185F52604C6126
:10A04C009762D862A7633B6502664366F4666D67E8
:10A05C0021689768CB695F6C2A6D696D2F6E9D6E58
:10A06C00327587766C783F7AE07C057D187D5E7D55
:10A07C00B17D15800380AF80B18054818F812A829D
:10A08C0052834C8861881B8BA28CFC8CCA90759176
:10A09C0071923F78FC92A4954D9605989999D89A0F
:10A0AC003B9D5B52AB52F7530854D558F762E06FA7
:10A0BC006A8C5F8FB99E4B513B524A54FD56407A85
:10A0CC007791609DD29E4473096F70811175FD5F0D
:10A0DC00DA60A89ADB72BC8F646B0398CA4EF05698
:10A0EC006457BE585A5A6860C7610F66066639686D
:10A0FC00B168F76DD5753A7D6E82429B9B4E504F81
:10A10C00C95306556F5DE65DEE5DFB67996C737424
:10A11C000278508A9693DF885057A75E2B63B55010
:10A12C00AC508D510067C9545E58BB59B05B695F28
:10A13C004D62A1633D68736B086E7D70C791807230
:10A14C00157826786D798E65307DDC83C188098F12
:10A15C009B966452285750676A7FA18CB451425722
:10A16C002A963A588A69B480B2540E5DFC57957899
:10A17C00FA9D5C4F4A528B543E6428661467F5670F
:10A18C00847A567B227D2F935C68AD9B397B195367
:10A19C008A513752DF5BF662AE64E6642D67BA6BA8
:10A1AC00A985D1969076D69B4C630693AB9BBF76D4
:10A1BC005266094E9850C253715CE86092646365B4
:10A1CC005F68E671CA732375977B827E9586838B55
:10A1DC00DB8C78911099AC65AB668B6BD54ED44EFD
:10A1EC003A4F7F4F3A52F853F253E355DB56EB5844
:10A1FC00CB59C959FF59505B4D5C025E2B5ED75F42
:10A20C001D6007632F655C5BAF65BD65E8659D6789
:10A21C00626B7B6B0F6C45734979C179F87C197D46
:10A22C002B7DA2800281F38196895E8A698A668A77
:10A23C008C8AEE8AC78CDC8CCC96FC986F6B8B4E20
:10A24C003C4F8D4F5051575BFA5B4861016342663E
:10A25C00216BCB6EBB6C3E72BD74D475C1783A79F0
:10A26C000C803380EA8194849E8F506C7F9E0F5FAC
:10A27C00588B2B9DFA7AF88E8D5BEB96034EF1532F
:10A28C00F7573159C95AA45B89607F6E066FBE754A
:10A29C00EA8C9F5B0085E07B7250F4679D82615C69
:10A2AC004A851E7E0E829951045C6863668D9C659E
:10A2BC006E713E79177D05801D8BCA8E6E90C78698
:10A2CC00AA901F50FA523A5C53677C7035724C91CD
:10A2DC00C8912B93E582C25B315FF9603B4ED6533C
:10A2EC00885B4B6231678A6BE972E0732E7A6B8103
:10A2FC00A38D529196991251D7536A54FF5B886380
:10A30C00396AAC7D0097DA56CE536854975B315C52
:10A31C00DE5DEE4F0161FE62326DC079CB79427D1C
:10A32C004D7ED27FED811F82908446887289908BFE
:10A33C00748E2F8F31904B916C91C6969C91C04E20
:10A34C004F4F45514153935F0E62D467416C0B6E76
:10A35C006373267ECD918392D4531959BF5BD16D13
:10A36C005D792E7E9B7C7E589F71FA515388F08FBD
:10A37C00CA4FFB5C2566AC77E37A1C82FF99C65109
:10A38C00AA5FEC656F69896BF36D966E646FFE76F0
:10A39C00147DE15D759087910698E6511D524062DF
:10A3AC009166D9661A6EB65ED27D727FF866AF85FD
:10A3BC00F785F88AA952D95373598F5E905F55600F
:10A3CC00E4926496B7501F51DD5220534753EC531F
:10A3DC00E8544655315517566859BE593C5AB55B29
:10A3EC00065C0F5C115C1A5C845E8A5EE05E705FDA
:10A3FC007F628462DB628C63776307660C662D6612
:10A40C0076667E67A2681F6A356ABC6C886D096EB9
:10A41C00586E3C7126716771C77501775D7801794B
:10A42C006579F079E07A117BA77C397D9680D683AB
:10A43C008B8449855D88F3881F8A3C8A548A738A89
:10A44C00618CDE8CA49166927E9318949C9698975E
:10A45C000A4E084E1E4E574E97517052CE573458D6
:10A46C00CC58225B385EC560FE6461675667446DEC
:10A47C00B6727375637AB884728BB8912093315627
:10A48C00F457FE98ED620D69966BED71547E7780F2
:10A49C007282E689DF985587B18F3B5C384FE14F6C
:10A4AC00B54F0755205ADD5BE95BC35F4E612F63E7
:10A4BC00B0654B66EE689B69786DF16D3375B97557
:10A4CC001F775E79E679337DE381AF82AA85AA890D
:10A4DC003A8AAB8E9B8F3290DD910797BA4EC14E64
:10A4EC0003527558EC580B5C1A753D5C4E810A8A08
:10A4FC00C58F63966D97257BCF8A08986291F3562A
:10A50C00A853179039548257255EA863346C8A700F
:10A51C0061778B7CE07F70884290549110931893F4
:10A52C008F965E74C49A075D695D7065A267A88D8D
:10A53C00DB966E6349671969C5831798C096FE88C8
:10A54C00846F7A64F85B164E2C705D752F66C4515F
:10A55C003652E252D359815F276010623F657465B1
:10A56C001F667466F2681668636B056E72721F75EF
:10A57C00DB76BE7C5680F058FD887F89A08A938A52
:10A58C00CB8A1D9092915297599789650E7A0681C4
:10A59C00BB962D5EDC601A62A56514669067F37736
:10A5AC004D7A4D7C3E7E0A81AC8C648DE18D5F8E44
:10A5BC00A9780752D962A563426498622D8A837A7E
:10A5CC00C07BAC8AEA96767D0C824987D94E48517D
:10A5DC0043536053A35B025C165CDD5D26624762ED
:10A5EC00B06413683468C96C456D176DD3675C6FC4
:10A5FC004E717D71CB657F7AAD7BDA7D4A7EA87F0B
:10A60C007A811B823982A6856E8ACE8CF58D7890E4
:10A61C007790AD9291928395AE9B4D528455386F45
:10A62C00367168518579557EB381CE7C4C56515824
:10A63C00A85CAA63FE66FD665A69D9728F758E7521
:10A64C000E795679DF79977C207D447D0786348A94
:10A65C003B966190209FE7507552CC53E2530950C2
:10A66C00AA55EE584F593D728B5B645C1D53E360E9
:10A67C00F3605C6383633F63BB63CD64E965F96638
:10A68C00E35DCD69FD69156FE571894EE975F87665
:10A69C00937ADF7CCF7D9C7D6180498358836C8469
:10A6AC00BC84FB85C588708D01906D9097931C9729
:10A6BC00129ACF5097588E61D3813585088D209092
:10A6CC00C34F7450475273536F6049635F672C6E6E
:10A6DC00B38D1F90D74F5E5CCA8CCF659A7D525359
:10A6EC0096887651C363585B6B5B0A5C0D6451674B
:10A6FC005C90D64E1A592A59706C518A3E55155891
:10A70C00A559F0605362C167358255694096C4996A
:10A71C00289A534F0658FE5B1080B15C2F5E855F04
:10A72C0020604B613462FF66F06CDE6ECE807F8100
:10A73C00D4828B88B88C00902E908A96DB9EDB9B03
:10A74C00E34EF05327592C7B8D914C98F99DDD6E7F
:10A75C00277053534455855B58629E62D362A26C3A
:10A76C00EF6F2274178A3894C16FFE8A3883E751D1
:10A77C00F886EA53E953464F5490B08F6A593181A9
:10A78C00FD5DEA7ABF8FDA68378CF872489C3D6AB7
:10A79C00B08A394E585306566657C562A263E665B1
:10A7AC004E6BE16D5B6EAD70ED77EF7AAA7BBB7D86
:10A7BC003D80C680CB86958A5B93E356C7583E5F37
:10A7CC00AD659666806AB56B3775C78A2450E57798
:10A7DC0030571B5F65607A66606CF4751A7A6E7F11
:10A7EC00F48118874590B399C97B5C75F97A517BD4
:10A7FC00C4841090E979927A3683E15A40772D4ED1
:10A80C00F24E995BE05FBD623C66F167E86C6B866B
:10A81C0077883B8A4E91F392D099176A26702A73E7
:10A82C00E7825784AF8C014E4651CB518B55F55B6B
:10A83C00165E335E815E145F355F6B5FB45FF261F1
:10A84C001163A2661D676E6F52723A753A77748007
:10A85C00398178817687BF8ADC8A858DF38D9A92CF
:10A86C0077950298E59CC5525763F4761567886C0A
:10A87C00CD73C38CAE937396256D9C580E69CC69C1
:10A88C00FD8F9A93DB751A905A580268B463FB6972
:10A89C00434F2C6FD867BB8F2685B47D54933F698B
:10A8AC00706F6A57F7582C5B2C7D2A720A54E3910F
:10A8BC00B49DAD4E4E4F5C50755043529E8C4854D7
:10A8CC0024589A5B1D5E955EAD5EF75E1F5F8C60D3
:10A8DC00B5623A63D063AF68406C87788E790B7A37
:10A8EC00E07D4782028AE68A448E1390B8902D91BF
:10A8FC00D8910E9FE56C5864E2647565F46E8476AD
:10A90C001B7B6990D193BA6EF254B95FA4644D8FDE
:10A91C00ED8F449278516B582959555C975EFB6DBD
:10A92C008F7E1C75BC8CE28E5B98B9701D4FBF6B13
:10A93C00B16F3075FB964E51105435585758AC5971
:10A94C00605C925F97655C67216E7B76DF83ED8C34
:10A95C001490FD904D9325783A78AA52A65E1F5715
:10A96C007459126012505A51AC51CD5100521055BD
:10A97C00545858585759955BF65C8B5DBC60956282
:10A98C002D6471674368BC68DF68D776D86D6F6ECD
:10A99C009B6D6F70C871535FD8757779497B547B09
:10A9AC00527BD67C717D305263846985E4850E8A36
:10A9BC00048B468C0F8E03900F90199476962D98DD
:10A9CC00309AD895CD50D5520C5402580E5CA761D4
:10A9DC009E641E6DB377E57AF4800484539085925F
:10A9EC00E05C079D3F53975FB35F9C6D7972637713
:10A9FC00BF79E47BD26BEC72AD8A0368616AF85163
:10AA0C00817A34694A5CF69CEB82C55B49911E7075
:10AA1C0078566F5CC76066658C6C5A8C4190139845
:10AA2C005154C7660D924859A39085514D4EEA5129
:10AA3C0099850E8B58707A634B936269B499047E36
:10AA4C00777557536069DF8EE3965D6C8C4E3C5C7A
:10AA5C00105FE98F0253D18C89807986FF5EE565A2
:10AA6C00734E655182593F5CEE97FB4E8A59CD5F10
:10AA7C008D8AE16FB0796279E75B71842B73B17168
:10AA8C00745EF55F7B639A64C371987C434EFC5E85
:10AA9C004B4EDC57A256A960C36F0D7DFD803381F0
:10AAAC00BF81B28F9789A486F45D8A62AD64878971
:10AABC007767E26C3E6D36743478465A757FAD829A
:10AACC00AC99F34FC35EDD62926357656F67C376D3
:10AADC004C72CC80BA80298F4D910D50F957925AF7
:10AAEC00856873696471FD72B78CF258E08C6A9654
:10AAFC0019907F87E479E77729842F4F65525A5351
:10AB0C00CD62CF67CA6C7D76947B957C36828485CA
:10AB1C00EB8FDD66206F06721B7EAB83C199A69E00
:10AB2C00FD51B17B7278B87B8780487BE86A615EA7
:10AB3C008C80517560756B5162928C6E7A769791A0
:10AB4C00EA9A104F707F9C624F7BA595E99C7A56D0
:10AB5C005958E486BC96344F24524A53CD53DB5398
:10AB6C00065E2C6491657F673E6C4E6C4872AF72CA
:10AB7C00ED735475417E2C82E985A98CC47BC691FA
:10AB8C0069711298EF983D6369666A75E476D078BE
:10AB9C004385EE862A53515326548359875E7C5F36
:10ABAC00B26049627962AB629065D46BCC6CB27561
:10ABBC00AE769178D879CB7D777FA580AB88B98A32
:10ABCC00BB8C7F905E97DB980B6A387C99503E5C0F
:10ABDC00AE5F8767D86B357409778E7F3B9FCA67EA
:10ABEC00177A39538B75ED9A665F9D81F183988046
:10ABFC003C5FC55F6275467B3C906768EB599B5A1E
:10AC0C00107D7E762C8BF54F6A5F196A376C026F5C
:10AC1C00E27468796888558A798CDF5ECF63C57574
:10AC2C00D279D7822893F2929C84ED862D9CC154C4
:10AC3C006C5F8C655C6D1570A78CD38C3B984F65E5
:10AC4C00F6740D4ED84EE0572B59665ACC5BA85172
:10AC5C00035E9C5E166076627765A7656E666E6DA8
:10AC6C003672267B50819A8199825C8BA08CE68C03
:10AC7C00748D1C964496AE4FAB64666B1E826184D9
:10AC8C006A85E890015C5369A8987A8457850F4FC0
:10AC9C006F52A95F455E0D678F7979810789868927
:10ACAC00F56D175F5562B86CCF4E6972929B065268
:10ACBC003B547456B358A4616E621A716E59897CF8
:10ACCC00DE7C1B7DF09687655E80194E754F755145
:10ACDC004058635E735E0A5FC467264E3D85899556
:10ACEC005B96737C0198FB50C1585676A778255219
:10ACFC00A5771185867B4F5009594772C77BE87D34
:10AD0C00BA8FD48F4D90BF4FC952295A015FAD975E
:10AD1C00DD4F1782EA9203575563696B2B75DC88FC
:10AD2C00148F427ADF52935855610A62AE66CD6B2E
:10AD3C003F7CE9832350F84F055346543158495909
:10AD4C009D5BF05CEF5C295D965EB16267633E656E
:10AD5C00B9650B67D56CE16CF97032782B7EDE80AF
:10AD6C00B3820C84EC84028712892A8A4A8CA690BE
:10AD7C00D292FD98F39C6C9D4F4EA14E8D50565225
:10AD8C004A57A8593D5ED85FD95F3F62B4661B67CE
:10AD9C00D067D2689251217DAA80A881008B8C8CBF
:10ADAC00BF8C7E92329620542C981753D5505C53FE
:10ADBC00A858B264346767726677467AE691C352D4
:10ADCC00A16C866B00584C5E54592C67FB7FE1518B
:10ADDC00C6766964E878549BBB9ECB57B9592766F5
:10ADEC009A67CE6BE954D969555E9C819567AA9B8D
:10ADFC00FE67529C5D68A64EE34FC853B9622B6741
:10AE0C00AB6CC48FAD4F6D7EBF9E074E6261806E82
:10AE1C002B6F138573542A67459BF35D957BAC5C54
:10AE2C00C65B1C874A6ED184147A088199598D7C33
:10AE3C00116C2077D952225921715F72DB772797D9
:10AE4C00619D0B697F5A185AA5510D547D540E669D
:10AE5C00DF76F78F9892F49CEA595D72C56E4D516E
:10AE6C00C968BF7DEC7D6297BA9E7864216A0283C3
:10AE7C0084595F5BDB6B1B73F276B27D1780998410
:10AE8C0032512867D99EEE766267FF520599245C91
:10AE9C003B627E7CB08C4F55B6600B7D8095015328
:10AEAC005F4EB6511C593A723680CE91255FE277CF
:10AEBC008453795F047DAC85338A8D8E5697F36706
:10AECC00AE85539409610861B96C5276ED8A388F5E
:10AEDC002F55514F2A51C752CB53A55B7D5EA060B5
:10AEEC008261D6630967DA67676E8C6D3673377368
:10AEFC0031755079D588988A4A909190F590C4967E
:10AF0C008D871559884E594F0E4E898A3F8F109850
:10AF1C00AD507C5E9659B95BB85EDA63FA63C16476
:10AF2C00DC664A69D8690B6DB66E94712875AF7A78
:10AF3C008A7F00804984C9848189218B0A8E65901F
:10AF4C007D960A997E619162326B836C746DCC7FB5
:10AF5C00FC7FC06D857FBA87F8886567B1833C98A4
:10AF6C00F7961B6D617D3D846A91714E7553505DF2
:10AF7C00046BEB6FCD852D86A78929520F54655C28
:10AF8C004E67A86806748374E275CF88E188CC910B
:10AF9C00E29678968B5F8773CB7A4E84A063657547
:10AFAC008952416D9C6E097459756B78927C8696AA
:10AFBC00DC7A8D9FB64F6E61C5655C86864EAE4E53
:10AFCC00DA50214ECC51EE5B99658168BC6D1F73D4
:10AFDC004276AD771C7AE77C6F82D28A7C90CF91D7
:10AFEC00759618989B52D17D2B5098539767CB6DC3
:10AFFC00D0713374E8812A8FA396579C9F9E6074FE
:10B00C004158996D2F7D5E98E44E364F8B4FB7515A
:10B01C00B152BA5D1C60B2733C79D3823492B7964C
:10B02C00F6960A97979E629FA666746B1752A35268
:10B03C00C870C288C95E4B609061236F49713E7CB9
:10B04C00F47D6F80EE8423902C9342546F9BD36AD3
:10B05C008970C28CEF8D3297B452415ACA5E045F2C
:10B06C0017677C6994696A6D0F6F6272FC72ED7B75
:10B07C0001807E804B87CE906D51939E84798B801E
:10B08C003293D68A2D508C54718A6A6BC48C07818A
:10B09C00D160A067F29D994E984E109C6B8AC18529
:10B0AC00688500697E6E9778558100000A00010062
:10B0BC000200030004000500060007000800090058
:10B0CC000A000B000C000D000E000F001000000019
:10B0DC002020202020202020202020202020202064
:10B0EC002020202020202020202020202020202054
:10B0FC00000000001F001C200000000014210000B4
:10B10C00020016240000000014250000020015287F
:10B11C0000000000112900000000142A00000000AB
:10B12C00182B00000000142C00000000102D000053
:10B13C000000142E000001000C3000000900143A2D
:10B14C0000000100183C00000200143F0000010048
:10B15C00034100001900155B00000000145C0000A6
:10B16C000000115D00000000175E000000000F5F82
:10B17C0000000000176000000000036100001900CF
:10B18C00157B00000000187C00000000117D000001
:10B19C000000187E00000000007F000020001CA0B2
:10B1AC000000000014A10000000016A20000030023
:10B1BC0019A60000000014A70000000017A800004A
:10B1CC00000019A90000000006AA0000000013AB43
:10B1DC000000000018AC0000000001AD00000000F1
:10B1EC0019AE0000000017AF0000000019B00000FD
:10B1FC00000018B1000000000EB20000010017B4EE
:10B20C000000000003B50000000014B600000100AF
:10B21C0017B8000000000EB90000000006BA0000CC
:10B22C00000012BB000000000EBC0000020014BFA6
:10B23C000000000003C00000160018D7000000003A
:10B24C0003D80000060004DF0000000003E000004B
:10B25C00160018F70000000003F800003F00043847
:10B26C0001000000033901000F0004490100000037
:10B27C00034A01004200048D01000000038E01000E
:10B28C000C00049B01000000039C01000D0004AAAB
:10B29C000100010003AC01000D0004BA0100000024
:10B2AC0006BB0100000003BC0100010004BE01004C
:10B2BC00000003BF0100000006C00100030003C42E
:10B2CC000100000007C50100000003C601000100D9
:10B2DC0007C80100000003C90100010007CB0100F1
:10B2EC00000003CC0100230004F00100000003F176
:10B2FC000100000007F20100000003F301002D0023
:10B30C000421020000000322020011000434020098
:10B31C000500033A02001A0004550200000003560F
:10B32C000200010004580200000003590200000052
:10B33C00045A02000000035B02000100045D0200DD
:10B34C0002000360020001000462020000000363BB
:10B35C00020000000464020000000365020001000A
:10B36C00046702000000036802000400046D020080
:10B37C000100036F02000000047002000000037162
:10B38C0002000100047302000100037502000000BA
:10B39C00047602000600037D02000000047E020019
:10B3AC0001000380020000000481020000000382FF
:10B3BC000200010004840200020003870200050061
:10B3CC00048D0200040003920200000004930200AA
:10B3DC000000069402000000049502000700039D83
:10B3EC0002000100049F0200100005B002001100D1
:10B3FC0017C20200030005C602000B0017D20200A0
:10B40C000D0005E00200040017E50200060005EC43
:10B41C000200000017ED0200000005EE0200000023
:10B42C0017EF020010000B0003006F000370030005
:10B43C000300057403000000177503000000037679
:10B44C0003000100057A03000000037B03000200E7
:10B45C00147E03000000037F030000001784030028
:10B46C00010003860300000014870300000003881A
:10B47C0003000200038C03000000038E0300010094
:10B48C0004900300000003910300100003A30300C9
:10B49C000C0004B00300000003B10300200008D22C
:10B4AC000300020003D50300200018F6030000007F
:10B4BC0003F70300040004FC0300000003FD030079
:10B4CC0084001982040000000B83040004000A8825
:10B4DC0004000100038A0400A500033105002500C7
:10B4EC00055905000000145A05000500046005000C
:10B4FC000000036105002500048705000100148984
:10B50C0005000000108A05000000198D05000100DF
:10B51C00168F050000000B9105002C0010BE0500D5
:10B52C0000000BBF0500000014C0050000000BC19B
:10B53C000500010014C3050000000BC40500010048
:10B54C0014C6050000000BC70500000006D005005E
:10B55C001A0006EF0500030014F3050001000100BA
:10B56C00060005001806060002001409060001007A
:10B57C00160B06000000140C06000100190E060044
:10B58C0001000B1006000A00141B06000000011C31
:10B59C0006000000141D06000200062006001F0015
:10B5AC000540060000000641060009000B4B060092
:10B5BC0014000C6006000900146A06000300066EF5
:10B5CC00060001000B700600000006710600620008
:10B5DC0014D40600000006D5060000000BD60600A9
:10B5EC00060001DD0600000019DE060000000BDF7E
:10B5FC000600050005E5060001000BE7060001004A
:10B60C0019E9060000000BEA0600030006EE06002E
:10B61C0001000CF00600090006FA0600020019FDF4
:10B62C000600010006FF06000000140007000D00D4
:10B63C00010F070000000610070000000B110700A7
:10B64C000000061207001D000B3007001A00064D03
:10B65C00070058000BA607000A0006B107000000FF
:10B66C000CC00700090006CA070020000BEB0700FE
:10B67C00080005F40700010019F60700000014F794
:10B68C000700020005FA070000000BFD0700000090
:10B69C0016FE070001000600080015000B16080036
:10B6AC000300051A080000000B1B08000800052405
:10B6BC00080000000B250800020005280800000007
:10B6CC000B2908000400143008000E000640080086
:10B6DC0018000B5908000200145E080000000660F8
:10B6EC0008000A0006700800170017880800000000
:10B6FC000689080005000190080001000B9808005D
:10B70C00070006A00800280005C9080000000BCAA5
:10B71C000800170001E2080000000BE308001F00FE
:10B72C000903090000000604090035000B3A090062
:10B73C000000093B090000000B3C09000000063D1D
:10B74C0009000000093E090002000B410900070036
:10B75C000949090003000B4D09000000094E0900BE
:10B76C0001000650090000000B51090006000658A4
:10B77C00090009000B6209000100146409000100B2
:10B78C000C6609000900147009000000057109001D
:10B79C000000067209000E000B81090000000982EE
:10B7AC0009000100068509000700068F0900010049
:10B7BC0006930900150006AA0900060006B2090046
:10B7CC00000006B6090003000BBC0900000006BD12
:10B7DC000900000009BE090002000BC109000300AA
:10B7EC0009C70900010009CB090001000BCD0900B4
:10B7FC00000006CE0900000009D70900000006DC95
:10B80C000900010006DF090002000BE2090001003B
:10B81C000CE60900090006F00900010016F2090007
:10B82C0001000EF40900050019FA0900000016FBCE
:10B83C000900000006FC0900000014FD09000000CE
:10B84C000BFE090000000B010A00010009030A00AD
:10B85C00000006050A000500060F0A000100061389
:10B86C000A001500062A0A00060006320A0001002A
:10B87C0006350A00010006380A0001000B3C0A00DC
:10B88C000000093E0A0002000B410A0001000B47B0
:10B89C000A0001000B4B0A0002000B510A000000C9
:10B8AC0006590A000300065E0A0000000C660A0036
:10B8BC0009000B700A00010006720A0002000B75E9
:10B8CC000A00000014760A0000000B810A00010037
:10B8DC0009830A00000006850A000800068F0A008A
:10B8EC00020006930A00150006AA0A00060006B21A
:10B8FC000A00010006B50A0004000BBC0A00000097
:10B90C0006BD0A00000009BE0A0002000BC10A00B5
:10B91C0004000BC70A00010009C90A00000009CB8A
:10B92C000A0001000BCD0A00000006D00A0000003E
:10B93C0006E00A0001000BE20A0001000CE60A0016
:10B94C00090014F00A00000016F10A00000006F9C4
:10B95C000A0000000BFA0A0005000B010B000000A6
:10B96C0009020B00010006050B000700060F0B0077
:10B97C00010006130B001500062A0B000600063208
:10B98C000B00010006350B0004000B3C0B00000003
:10B99C00063D0B000000093E0B0000000B3F0B00A6
:10B9AC00000009400B0000000B410B00030009478D
:10B9BC000B000100094B0B0001000B4D0B000000AC
:10B9CC000B550B00010009570B000000065C0B0027
:10B9DC000100065F0B0002000B620B0001000C66FD
:10B9EC000B00090019700B00000006710B00000021
:10B9FC000E720B0005000B820B00000006830B007F
:10BA0C00000006850B000500068E0B000200069256
:10BA1C000B00030006990B000100069C0B000000B4
:10BA2C00069E0B00010006A30B00010006A80B00EC
:10BA3C00020006AE0B000B0009BE0B0001000BC090
:10BA4C000B00000009C10B00010009C60B0002002D
:10BA5C0009CA0B0002000BCD0B00000006D00B0036
:10BA6C00000009D70B0000000CE60B0009000EF0DB
:10BA7C000B00020019F30B00050016F90B00000077
:10BA8C0019FA0B0000000B000C00000009010C005F
:10BA9C0002000B040C00000006050C000700060E4B
:10BAAC000C00020006120C001600062A0C000F00F7
:10BABC000B3C0C000000063D0C0000000B3E0C0083
:10BACC00020009410C0003000B460C0002000B4A5B
:10BADC000C0003000B550C00010006580C00020072
:10BAEC00065D0C00000006600C0001000B620C00EF
:10BAFC0001000C660C00090014770C0000000E7895
:10BB0C000C000600197F0C00000006800C000000E1
:10BB1C000B810C00000009820C00010014840C0045
:10BB2C00000006850C000700068E0C000200069231
:10BB3C000C00160006AA0C00090006B50C00040047
:10BB4C000BBC0C00000006BD0C00000009BE0C0074
:10BB5C0000000BBF0C00000009C00C0004000BC659
:10BB6C000C00000009C70C00010009CA0C00010000
:10BB7C000BCC0C00010009D50C00010006DD0C00FB
:10BB8C00010006E00C0001000BE20C0001000CE6C9
:10BB9C000C00090006F10C0001000B000D00010067
:10BBAC0009020D00010006040D000800060E0D0030
:10BBBC00020006120D0028000B3B0D000100063D93
:10BBCC000D000000093E0D0002000B410D000300AA
:10BBDC0009460D000200094A0D0002000B4D0D0034
:10BBEC000000064E0D000000194F0D000000065419
:10BBFC000D00020009570D0000000E580D00060044
:10BC0C00065F0D0002000B620D0001000C660D00BA
:10BC1C0009000E700D00080019790D000000067A5D
:10BC2C000D0005000B810D00000009820D000100C4
:10BC3C0006850D001100069A0D00170006B30D00C5
:10BC4C00080006BD0D00000006C00D0006000BCA62
:10BC5C000D00000009CF0D0002000BD20D000200F8
:10BC6C000BD60D00000009D80D0007000CE60D00E6
:10BC7C00090009F20D00010014F40D00000006018A
:10BC8C000E002F000B310E00000006320E000100DA
:10BC9C000B340E000600163F0E00000006400E008E
:10BCAC00050005460E0000000B470E000700144F60
:10BCBC000E0000000C500E000900145A0E0001007A
:10BCCC0006810E00010006840E00000006860E00A0
:10BCDC000400068C0E00170006A50E00000006A737
:10BCEC000E0009000BB10E00000006B20E000100A0
:10BCFC000BB40E00080006BD0E00000006C00E00BE
:10BD0C00040005C60E0000000BC80E0005000CD088
:10BD1C000E00090006DC0E00030006000F000000F8
:10BD2C0019010F00020014040F000E0019130F006C
:10BD3C00000014140F00000019150F0002000B185E
:10BD4C000F000100191A0F0005000C200F0009004C
:10BD5C000E2A0F00090019340F0000000B350F00DC
:10BD6C00000019360F0000000B370F0000001938C7
:10BD7C000F0000000B390F000000153A0F000000F7
:10BD8C00113B0F000000153C0F000000113D0F008F
:10BD9C000000093E0F00010006400F000700064995
:10BDAC000F0023000B710F000D00097F0F00000026
:10BDBC000B800F00040014850F0000000B860F0091
:10BDCC00010006880F0004000B8D0F000A000B9970
:10BDDC000F00230019BE0F0007000BC60F00000058
:10BDEC0019C70F00050019CE0F00010014D00F0069
:10BDFC00040019D50F00030014D90F000100060030
:10BE0C0010002A00092B100001000B2D100003005C
:10BE1C000931100000000B32100005000938100029
:10BE2C0000000B3910000100093B100001000B3D14
:10BE3C0010000100063F100000000C40100009002B
:10BE4C00144A100005000650100005000956100099
:10BE5C0001000B5810000100065A100003000B5E85
:10BE6C0010000200066110000000096210000200C0
:10BE7C00066510000100096710000600066E100030
:10BE8C0002000B7110000300067510000C000B82F1
:10BE9C00100000000983100001000B851000010048
:10BEAC000987100005000B8D10000000068E100095
:10BEBC000000098F100000000C9010000900099A76
:10BECC00100002000B9D10000000199E10000100D4
:10BEDC0003A01000250003C71000000003CD1000C4
:10BEEC00000003D010002A0014FB1000000005FC19
:10BEFC001000000003FD10000200060011004801B4
:10BF0C00064A1200030006501200060006581200E2
:10BF1C000000065A12000300066012002800068A70
:10BF2C001200030006901200200006B2120003005B
:10BF3C0006B81200060006C01200000006C212006D
:10BF4C00030006C812000E0006D8120038000612B4
:10BF5C00130003000618130042000B5D13000200CF
:10BF6C001460130008000E69130013000680130000
:10BF7C000F0019901300090003A01300550003F8DB
:10BF8C0013000500100014000000060114006B02E1
:10BF9C00196D16000000146E16000000066F1600D6
:10BFAC0010001C8016000000068116001900159B5D
:10BFBC0016000000119C1600000006A016004A0096
:10BFCC0014EB160002000DEE1600020006F116002E
:10BFDC0007000600170011000B12170002000915CC
:10BFEC0017000000061F170012000B32170001008B
:10BFFC000934170000001435170001000640170023
:10C00C0011000B5217000100066017000C00066EA1
:10C01C00170002000B721700010006801700330096
:10C02C000BB41700010009B6170000000BB717007E
:10C03C00060009BE170007000BC61700000009C751
:10C04C00170001000BC917000A0014D417000200D6
:10C05C0005D71700000014D81700020016DB1700D4
:10C06C00000006DC170000000BDD170000000CE0E0
:10C07C00170009000EF01700090014001800050045
:10C08C001006180000001407180003000B0B180012
:10C09C000200010E180000000B0F180000000C101D
:10C0AC0018000900062018002200054318000000A3
:10C0BC000644180034000680180004000B85180094
:10C0CC0001000687180021000BA91800000006AA21
:10C0DC001800000006B018004500060019001E00EC
:10C0EC000B20190002000923190003000B2719006B
:10C0FC0001000929190002000930190001000B3256
:10C10C00190000000933190005000B391900020051
:10C11C001940190000001444190001000C461900C4
:10C12C000900065019001D00067019000400068055
:10C13C0019002B0006B0190019000CD019000900C9
:10C14C000EDA1900000019DE1900210006001A0091
:10C15C0016000B171A00010009191A0001000B1B1D
:10C16C001A000000141E1A00010006201A003400E8
:10C17C0009551A0000000B561A00000009571A0046
:10C18C0000000B581A0006000B601A000000096131
:10C19C001A0000000B621A00000009631A0001006B
:10C1AC000B651A000700096D1A0005000B731A00C5
:10C1BC0009000B7F1A0000000C801A0009000C907B
:10C1CC001A00090014A01A00060005A71A000000A6
:10C1DC0014A81A0005000BB01A000D000ABE1A00B4
:10C1EC0000000BBF1A000F000B001B00030009041A
:10C1FC001B00000006051B002E000B341B0000006A
:10C20C0009351B0000000B361B000400093B1B000A
:10C21C0000000B3C1B000000093D1B0004000B42FE
:10C22C001B00000009431B00010006451B00070012
:10C23C000C501B000900145A1B00060019611B004E
:10C24C0009000B6B1B00080019741B000800147DFF
:10C25C001B0001000B801B00010009821B00000069
:10C26C0006831B001D0009A11B0000000BA21B0074
:10C27C00030009A61B0001000BA81B00010009AA62
:10C28C001B0000000BAB1B00020006AE1B000100E4
:10C29C000CB01B00090006BA1B002B000BE61B00A0
:10C2AC00000009E71B0000000BE81B00010009EA75
:10C2BC001B0002000BED1B00000009EE1B00000030
:10C2CC000BEF1B00020009F21B00010014FC1B0009
:10C2DC00030006001C00230009241C0007000B2C83
:10C2EC001C00070009341C0001000B361C00010067
:10C2FC00143B1C0004000C401C000900064D1C00E3
:10C30C0002000C501C000900065A1C001D00057888
:10C31C001C000500147E1C00010003801C0008009A
:10C32C0003901C002A0003BD1C00020014C01C005A
:10C33C0007000BD01C00020014D31C0000000BD40F
:10C34C001C000C0009E11C0000000BE21C000600A4
:10C35C0006E91C0003000BED1C00000006EE1C009F
:10C36C0005000BF41C00000006F51C00010009F789
:10C37C001C0000000BF81C00010006FA1C00000059
:10C38C0004001D002B00052C1D003E00046B1D003D
:10C39C000C0005781D00000003791D000000047AD4
:10C3AC001D000200037D1D000000047E1D000F0017
:10C3BC00038E1D000000048F1D000B00059B1D004B
:10C3CC0024000BC01D003F0003001E0095000496C6
:10C3DC001E000400039B1E000000049C1E000100B4
:10C3EC00039E1E000000049F1E00000003A01E0000
:10C3FC00750003181F00050003201F0025000348CB
:10C40C001F00050004501F00000003511F00000016
:10C41C0004521F00000003531F00000004541F00AF
:10C42C00000003551F00000004561F0000000357B6
:10C43C001F00000003591F000000035B1F000000D9
:10C44C00035D1F000000035F1F001E0003801F0020
:10C45C00070007881F00070003901F0007000798BC
:10C46C001F00070003A01F00070007A81F000700FC
:10C47C0003B01F00010004B21F00000003B31F0033
:10C48C00000004B41F00000004B61F00010003B834
:10C49C001F00030007BC1F00000017BD1F00000099
:10C4AC0003BE1F00000017BF1F00020004C21F00C4
:10C4BC00000003C31F00000004C41F00000004C6DA
:10C4CC001F00010003C81F00030007CC1F00000061
:10C4DC0017CD1F00020003D01F00010004D21F0063
:10C4EC00010004D61F00010003D81F00030017DD54
:10C4FC001F00020003E01F00010004E21F00020005
:10C50C0003E51F00000004E61F00010003E81F0004
:10C51C00040017ED1F00020004F21F00000003F3DB
:10C52C001F00000004F41F00000004F61F000100AF
:10C53C0003F81F00030007FC1F00000017FD1F007D
:10C54C0001001C0020000A00010B20000400101048
:10C55C002000050014162000010013182000000014
:10C56C00121920000000151A20000000131B2000D7
:10C57C000100121D20000000151E20000000131FDA
:10C58C00200000001420200007001A2820000000C2
:10C59C001B2920000000012A200004001C2F200071
:10C5AC000000143020000800133920000000123A5B
:10C5BC0020000000143B200003000F3F200001006E
:10C5CC0014412000020018442000000015452000F2
:10C5DC000000114620000000144720000A001852E9
:10C5EC00200000001453200000000F542000000015
:10C5FC001455200009001C5F200000000160200081
:10C60C0004000166200009000E7020000000057176
:10C61C00200000000E7420000500187A2000020093
:10C62C00157D20000000117E20000000057F2000F9
:10C63C0000000E8020000900188A20000200158DD1
:10C64C0020000000118E20000000059020000C003E
:10C65C0016A0200020000BD020000C000ADD2000CA
:10C66C0003000BE1200000000AE2200002000BE5B1
:10C67C0020000B001900210001000802210000001D
:10C68C0019032100030008072100000019082100EC
:10C69C000100040A21000000080B21000200040E16
:10C6AC0021000100081021000200041321000000E9
:10C6BC001914210000000815210000001916210092
:10C6CC000100181821000000081921000400191E8F
:10C6DC00210005000824210000001925210000007C
:10C6EC000326210000001927210000000828210042
:10C6FC000000192921000000032A21000100082C48
:10C70C0021000100192E21000000042F210000003F
:10C71C000830210001000332210000000833210001
:10C72C000000043421000000063521000300043908
:10C73C0021000000193A21000100043C21000100F5
:10C74C00083E21000100184021000400084521008A
:10C75C000000044621000300194A21000000184B78
:10C76C0021000000194C21000100034E21000000A3
:10C77C00194F210000000E5021000F000D60210008
:10C78C0022000383210001000D85210003000E8986
:10C79C0021000000198A21000100189021000400DA
:10C7AC00199521000400189A21000100199C210000
:10C7BC00030018A02100000019A12100010018A3FA
:10C7CC002100000019A42100010018A6210000007E
:10C7DC0019A72100060018AE2100000019AF210096
:10C7EC001E0018CE2100010019D02100010018D222
:10C7FC002100000019D32100000018D421000000F2
:10C80C0019D521001E0018F421000B01190023007A
:10C81C000700150823000000110923000000150A69
:10C82C0023000000110B23000000190C230013003F
:10C83C0018202300010019222300060015292300CB
:10C84C000000112A23000000192B23005000187C33
:10C85C0023000000197D23001D00189B23001800E5
:10C86C0019B42300270018DC2300050019E223006B
:10C87C004400194024000A000E6024003B00199C5F
:10C88C0024004D000EEA2400150019002500B60006
:10C89C0018B72500000019B82500080018C125009C
:10C8AC00000019C22500350018F8250007001900F2
:10C8BC0026006E00186F2600000019702600F70085
:10C8CC00156827000000116927000000156A270071
:10C8DC000000116B27000000156C27000000116D83
:10C8EC0027000000156E27000000116F27000000C4
:10C8FC001570270000001171270000001572270029
:10C90C00000011732700000015742700000011753A
:10C91C00270000000E7627001D00199427002B001D
:10C92C0018C02700040015C52700000011C62700F9
:10C93C00000018C727001E0015E62700000011E7AD
:10C94C002700000015E82700000011E9270000006F
:10C95C0015EA2700000011EB2700000015EC27005A
:10C96C00000011ED2700000015EE2700000011EF6C
:10C97C002700000018F027000F0019002800FF0006
:10C98C001800290082001583290000001184290059
:10C99C00000015852900000011862900000015876C
:10C9AC0029000000118829000000158929000000C9
:10C9BC00118A29000000158B29000000118C290018
:10C9CC000000158D29000000118E29000000158F24
:10C9DC002900000011902900000015912900000089
:10C9EC0011922900000015932900000011942900D0
:10C9FC0000001595290000001196290000001597DC
:10CA0C0029000000119829000000189929003E0007
:10CA1C0015D82900000011D92900000015DA2900C9
:10CA2C00000011DB2900000018DC29001F0015FC98
:10CA3C002900000011FD2900000018FE2900010149
:10CA4C0019002B002F0018302B00140019452B0057
:10CA5C00010018472B000500194D2B0026001976F4
:10CA6C002B001F0019972B00680003002C0070008E
:10CA7C0004712C00000003722C00010004742C00C3
:10CA8C00000003752C00010004772C000400057CC9
:10CA9C002C000100037E2C00650004E42C00000037
:10CAAC0019E52C00050003EB2C0003000BEF2C0008
:10CABC00020003F22C00010014F92C0003000EFDFF
:10CACC002C00000014FE2C00010003002D0025009A
:10CADC0003272D000000032D2D00000006302D0033
:10CAEC003700056F2D00000014702D0000000B7F27
:10CAFC002D00000006802D00160006A02D0006005B
:10CB0C0006A82D00060006B02D00060006B82D0064
:10CB1C00060006C02D00060006C82D00060006D033
:10CB2C002D00060006D82D0006000BE02D001F007E
:10CB3C0014002E00010013022E00000012032E0020
:10CB4C00000013042E00000012052E000000140635
:10CB5C002E00020013092E000000120A2E00000005
:10CB6C00140B2E000000130C2E000000120D2E00D2
:10CB7C000000140E2E00080010172E0000001418D0
:10CB8C002E000100101A2E000000141B2E000000B5
:10CB9C00131C2E000000121D2E000000141E2E006F
:10CBAC00010013202E00000012212E00000015227F
:10CBBC002E00000011232E00000015242E00000072
:10CBCC0011252E00000015262E00000011272E0026
:10CBDC00000015282E00000011292E000000142A38
:10CBEC002E000400052F2E00000014302E0009002A
:10CBFC00103A2E000100143C2E00030010402E00B1
:10CC0C00000014412E00000015422E0000001443B9
:10CC1C002E000C0019502E00010014522E000200A0
:10CC2C0015552E00000011562E00000015572E0031
:10CC3C00000011582E00000015592E000000115A4A
:10CC4C002E000000155B2E000000115C2E00000071
:10CC5C00105D2E00000019802E001900199B2E006B
:10CC6C00580019002F00D50019F02F000B001C00E4
:10CC7C0030000000140130000200190430000000E4
:10CC8C000505300000000606300000000D073000DE
:10CC9C000000150830000000110930000000150AD2
:10CCAC0030000000110B30000000150C30000000AB
:10CCBC00110D30000000150E30000000110F300077
:10CCCC000000151030000000111130000000191286
:10CCDC003000010015143000000011153000000068
:10CCEC001516300000001117300000001518300028
:10CCFC000000111930000000151A30000000111B43
:10CD0C0030000000101C30000000151D3000000029
:10CD1C00111E300001001920300000000D213000E0
:10CD2C0008000B2A30000300092E300001001030DF
:10CD3C0030000000053130000400193630000100CD
:10CD4C000D3830000200053B30000000063C30007E
:10CD5C000000143D30000000193E30000100064177
:10CD6C00300055000B9930000100179B300001007A
:10CD7C00059D30000100069F3000000010A030001F
:10CD8C00000006A13000590014FB3000000005FC27
:10CD9C003000020006FF30000000060531002A00BA
:10CDAC00063131005D001990310001000E92310006
:10CDBC00030019963100090006A031001F0019C0AC
:10CDCC003100230006F031000F00190032001E0064
:10CDDC000E2032000900192A32001D000E483200C4
:10CDEC0007001950320000000E5132000E0019607D
:10CDFC0032001F000E8032000900198A3200260012
:10CE0C000EB132000E0019C032003F010600340092
:10CE1C00BF1919C04D003F0006004E0014520515F5
:10CE2C00A00000000616A00076041990A40036009D
:10CE3C0006D0A400270005F8A400050014FEA400E9
:10CE4C0001000600A5000B01050CA6000000140D46
:10CE5C00A60002000610A6000F000C20A600090078
:10CE6C00062AA60001000340A6002D00066EA600AF
:10CE7C0000000B6FA60000000A70A60002001473DD
:10CE8C00A60000000B74A6000900147EA60000008A
:10CE9C00057FA60000000380A6001B00059CA600D1
:10CEAC0001000B9EA600010006A0A60045000DE6A1
:10CEBC00A60009000BF0A600010014F2A600050064
:10CECC001700A70016000517A70008001720A700D9
:10CEDC0001000322A7000D000430A700010003325B
:10CEEC00A7003D000570A70000000471A700070013
:10CEFC000379A7000E000588A70000001789A7007A
:10CF0C000100038BA7000200048EA7000000068F0F
:10CF1C00A70000000390A70004000495A7000000E0
:10CF2C000396A700180004AFA700000003B0A700E9
:10CF3C001A0003D0A700010004D3A700000004D5F9
:10CF4C00A700000003D6A700030005F2A70002000B
:10CF5C0003F5A700010006F7A700000005F8A700DD
:10CF6C00010004FAA700000006FBA70006000B0254
:10CF7C00A80000000603A80002000B06A800000091
:10CF8C000607A80003000B0BA8000000060CA80065
:10CF9C0016000923A80001000B25A8000100092791
:10CFAC00A80000001928A80003000B2CA800000002
:10CFBC000E30A80005001936A80001001638A8008C
:10CFCC0000001939A80000000640A80033001474B2
:10CFDC00A80003000980A80001000682A800310007
:10CFEC0009B4A8000F000BC4A800010014CEA800BF
:10CFFC0001000CD0A80009000BE0A800110006F2FB
:10D00C00A800050014F8A800020006FBA800000008
:10D01C0014FCA800000006FDA80001000BFFA800EE
:10D02C0000000C00A9000900060AA9001B000B2631
:10D03C00A9000700142EA90001000630A900160053
:10D04C000B47A9000A000952A9000100145FA900AE
:10D05C0000000660A9001C000B80A90002000983D7
:10D06C00A90000000684A9002E000BB3A900000043
:10D07C0009B4A90001000BB6A900030009BAA90064
:10D08C0001000BBCA900010009BEA900020014C1DB
:10D09C00A9000C0005CFA90000000CD0A9000900C4
:10D0AC0014DEA900010006E0A90004000BE5A900AC
:10D0BC00000005E6A900000006E7A90008000CF036
:10D0CC00A900090006FAA90004000600AA0028001D
:10D0DC000B29AA000500092FAA0001000B31AA0098
:10D0EC0001000933AA0001000B35AA00010006401B
:10D0FC00AA0002000B43AA0000000644AA00070085
:10D10C000B4CAA000000094DAA0000000C50AA000C
:10D11C000900145CAA0003000660AA000F00057049
:10D12C00AA0000000671AA0005001977AA000200E7
:10D13C00067AAA000000097BAA0000000B7CAA005A
:10D14C000000097DAA000000067EAA0031000BB089
:10D15C00AA00000006B1AA0000000BB2AA0002004F
:10D16C0006B5AA0001000BB7AA00010006B9AA0077
:10D17C0004000BBEAA00010006C0AA0000000BC1EF
:10D18C00AA00000006C2AA00000006DBAA000100EB
:10D19C0005DDAA00000014DEAA00010006E0AA00CA
:10D1AC000A0009EBAA0000000BECAA00010009EE32
:10D1BC00AA00010014F0AA00010006F2AA00000067
:10D1CC0005F3AA00010009F5AA0000000BF6AA005D
:10D1DC0000000601AB0005000609AB0005000611B6
:10D1EC00AB0005000620AB0006000628AB000600CD
:10D1FC000430AB0022000353AB0000000454AB001E
:10D20C000600175BAB000000055CAB00030004607C
:10D21C00AB0008000569AB000000176AAB00010009
:10D22C000370AB004F0006C0AB00220009E3AB005B
:10D23C0001000BE5AB00000009E6AB0001000BE8B8
:10D24C00AB00000009E9AB00010014EBAB000000DF
:10D25C0009ECAB0000000BEDAB0000000CF0AB00D8
:10D26C0009000600AC00A32B06B0D700160006CBB5
:10D27C00D70030000200D800FF070600F9006D014E
:10D28C000670FA0069000400FB0006000413FB00A2
:10D29C000400061DFB0000000B1EFB000000061F17
:10D2AC00FB0009001829FB000000062AFB000C00FB
:10D2BC000638FB000400063EFB0000000640FB00A5
:10D2CC0001000643FB0001000646FB006B0017B291
:10D2DC00FB00100006D3FB006A01113EFD000000AC
:10D2EC00153FFD0000001940FD000F000650FD0029
:10D2FC003F000692FD00350019CFFD00000006F03E
:10D30C00FD000B0016FCFD00000019FDFD000200E5
:10D31C000B00FE000F001410FE0006001517FE0097
:10D32C0000001118FE0000001419FE0000000B2074
:10D33C00FE000F001430FE0000001031FE00010052
:10D34C000F33FE0001001535FE0000001136FE0003
:10D35C0000001537FE0000001138FE0000001539E2
:10D36C00FE000000113AFE000000153BFE0000001C
:10D37C00113CFE000000153DFE000000113EFE00B9
:10D38C000000153FFE0000001140FE00000015419A
:10D39C00FE0000001142FE0000001543FE000000DC
:10D3AC001144FE0000001445FE0001001547FE006C
:10D3BC0000001148FE0000001449FE0003000F4D50
:10D3CC00FE0002001450FE0002001454FE00030084
:10D3DC001058FE0000001559FE000000115AFE0006
:10D3EC000000155BFE000000115CFE000000155DE6
:10D3FC00FE000000115EFE000000145FFE00020043
:10D40C001862FE0000001063FE0000001864FE00AD
:10D41C0002001468FE0000001669FE000000146A89
:10D42C00FE0001000670FE0004000676FE00860079
:10D43C0001FFFE0000001401FF0002001604FF00B3
:10D44C0000001405FF0002001508FF000000110980
:10D45C00FF000000140AFF000000180BFF00000082
:10D46C00140CFF000000100DFF000000140EFF0054
:10D47C0001000C10FF000900141AFF000100181C19
:10D48C00FF000200141FFF0001000321FF00190020
:10D49C00153BFF000000143CFF000000113DFF0095
:10D4AC000000173EFF0000000F3FFF000000174078
:10D4BC00FF0000000341FF001900155BFF00000096
:10D4CC00185CFF000000115DFF000000185EFF00FB
:10D4DC000000155FFF0000001160FF0000001461E8
:10D4EC00FF0000001562FF0000001163FF00000048
:10D4FC001464FF0001000666FF0009000570FF00C0
:10D50C0000000671FF002C00059EFF00010006A024
:10D51C00FF001E0006C2FF00050006CAFF00050042
:10D52C0006D2FF00050006DAFF00020016E0FF003D
:10D53C00010018E2FF00000017E3FF00000019E4EF
:10D54C00FF00000016E5FF00010019E8FF000000D5
:10D55C0018E9FF00030019EDFF00010001F9FF00BD
:10D56C00020019FCFF000100060000010B00060D73
:10D57C0000011900062800011200063C0001010000
:10D58C00063F00010E00065000010D000680000150
:10D59C007A001400010102000E0701012C0019375A
:10D5AC00010108000D40010134000E75010103005A
:10D5BC001979010110000E8A01010100198C010179
:10D5CC000200199001010C0019A00101000019D0F2
:10D5DC0001012C000BFD01010000068002011C0062
:10D5EC0006A0020130000BE0020100000EE1020176
:10D5FC001A00060003011F000E2003010300062D74
:10D60C00030113000D410301000006420301070052
:10D61C000D4A030100000650030125000B7603019F
:10D62C000400068003011D00149F0301000006A0E6
:10D63C000301230006C80301070014D003010000F6
:10D64C000DD103010400030004014F000650040136
:10D65C004D000CA00401090003B00401230003D801
:10D66C0004012300060005012700063005013300E4
:10D67C00146F05010000037005010A00037C05010D
:10D68C000E00038C050106000394050101000397AD
:10D69C0005010A0003A305010E0003B305010600F2
:10D6AC0003BB050101000600060136010640070117
:10D6BC0015000660070107000580070105000587B6
:10D6CC000701290005B20701080006000801050042
:10D6DC00060808010000060A08012B00063708019D
:10D6EC000100063C08010000063F08011600145713
:10D6FC00080100000E58080107000660080116001A
:10D70C001977080101000E7908010600068008014E
:10D71C001E000EA70801080006E00801120006F41E
:10D72C00080101000EFB08010400060009011500A8
:10D73C000E1609010500141F09010000062009013D
:10D74C001900143F090100000680090137000EBCC6
:10D75C000901010006BE090101000EC009010F00FC
:10D76C000ED209012D0006000A0100000B010A016E
:10D77C0002000B050A0101000B0C0A010300061044
:10D78C000A01030006150A01020006190A011C0011
:10D79C000B380A0102000B3F0A0100000E400A017F
:10D7AC00080014500A01080006600A011C000E7DD6
:10D7BC000A010100147F0A01000006800A011C0006
:10D7CC000E9D0A01020006C00A01070019C80A01D1
:10D7DC00000006C90A011B000BE50A0101000EEB53
:10D7EC000A01040014F00A01060006000B013500C2
:10D7FC0014390B01060006400B0115000E580B01E5
:10D80C00070006600B0112000E780B010700068062
:10D81C000B01110014990B0103000EA90B0106005A
:10D82C0006000C01480003800C01320003C00C01FF
:10D83C0032000EFA0C01050006000D0123000B242A
:10D84C000D0103000C300D0109000E600E011E00CD
:10D85C0006800E0129000BAB0E01010010AD0E016C
:10D86C00000006B00E01010006000F011C000E1D89
:10D87C000F01090006270F01000006300F011500EB
:10D88C000B460F010A000E510F01030014550F0136
:10D89C00040006700F0111000B820F0103001486A7
:10D8AC000F01030006B00F0114000EC50F01060096
:10D8BC0006E00F0116000900100100000B01100119
:10D8CC0000000902100100000603100134000B389F
:10D8DC0010010E001447100106000E521001130027
:10D8EC000C66100109000B7010010000067110018C
:10D8FC0001000B73100101000675100100000B7F75
:10D90C0010010200098210010000068310012C0096
:10D91C0009B0100102000BB31001030009B710018C
:10D92C0001000BB91001010014BB1001010001BD75
:10D93C001001000014BE100103000BC21001000006
:10D94C0001CD1001000006D0100118000CF01001E0
:10D95C0009000B00110102000603110123000B2723
:10D96C0011010400092C110100000B2D11010700FD
:10D97C000C36110109001440110103000644110179
:10D98C000000094511010100064711010000065075
:10D99C00110122000B73110100001474110101001C
:10D9AC000676110100000B801101010009821101A2
:10D9BC000000068311012F0009B3110102000BB600
:10D9CC001101080009BF1101010006C1110103007A
:10D9DC0014C5110103000BC91101030014CD110171
:10D9EC00000009CE110100000BCF110100000CD07A
:10D9FC001101090006DA1101000014DB110100000D
:10DA0C0006DC1101000014DD110102000EE1110110
:10DA1C001300060012011100061312011800092C44
:10DA2C00120102000B2F1201020009321201010037
:10DA3C000B34120100000935120100000B361201E3
:10DA4C0001001438120105000B3E12010000068083
:10DA5C0012010600068812010000068A120103005A
:10DA6C00068F12010E00069F1201090014A9120163
:10DA7C00000006B012012E000BDF1201000009E0BD
:10DA8C00120102000BE3120107000CF01201090055
:10DA9C000B0013010100090213010100060513011B
:10DAAC000700060F13010100061313011500062AC7
:10DABC0013010600063213010100063513010400A0
:10DACC000B3B13010100063D13010000093E13013D
:10DADC0001000B4013010000094113010300094729
:10DAEC0013010100094B1301020006501301000041
:10DAFC00095713010000065D1301040009621301AC
:10DB0C0001000B66130106000B70130104000600E4
:10DB1C00140134000935140102000B3814010700FC
:10DB2C000940140101000B421401020009451401C3
:10DB3C0000000B4614010000064714010300144BAF
:10DB4C00140104000C5014010900145A14010100B2
:10DB5C00145D140100000B5E14010000065F14013B
:10DB6C000200068014012F0009B0140102000BB34F
:10DB7C001401050009B9140100000BBA14010000CE
:10DB8C0009BB140103000BBF1401010009C11401EE
:10DB9C0000000BC21401010006C41401010014C6DC
:10DBAC001401000006C7140100000CD01401090078
:10DBBC00068015012E0009AF150102000BB21501EC
:10DBCC00030009B8150103000BBC1501010009BEC7
:10DBDC00150100000BBF1501010014C11501160041
:10DBEC0006D8150103000BDC150101000600160117
:10DBFC002F000930160102000B3316010700093BF8
:10DC0C00160101000B3D16010000093E1601000033
:10DC1C000B3F1601010014411601020006441601C7
:10DC2C0000000C5016010900146016010C0006804F
:10DC3C0016012A000BAB1601000009AC16010000FE
:10DC4C000BAD1601000009AE160101000BB0160158
:10DC5C00050009B6160100000BB71601000006B846
:10DC6C001601000014B9160100000CC016010900C1
:10DC7C00060017011A000B1D1701020009201701DD
:10DC8C0001000B22170103000926170100000B27C6
:10DC9C00170104000C30170109000E3A170101009E
:10DCAC00143C17010200193F170100000640170130
:10DCBC000600060018012B00092C180102000B2F7E
:10DCCC00180108000938180100000B39180101006F
:10DCDC00143B1801000003A018013F000CE01801D0
:10DCEC0009000EEA1801080006FF180107000609D2
:10DCFC0019010000060C1901070006151901010095
:10DD0C000618190117000930190105000937190106
:10DD1C0001000B3B19010100093D190100000B3EEC
:10DD2C0019010000063F190100000940190100000B
:10DD3C000641190100000942190100000B431901A9
:10DD4C0000001444190102000C501901090006A02E
:10DD5C001901070006AA1901260009D119010200B0
:10DD6C000BD4190103000BDA1901010009DC1901AC
:10DD7C0003000BE01901000006E11901000014E298
:10DD8C001901000006E31901000009E41901000063
:10DD9C0006001A0100000B011A010900060B1A01FA
:10DDAC0027000B331A01050009391A010000063A45
:10DDBC001A0100000B3B1A010300143F1A01070063
:10DDCC000B471A01000006501A0100000B511A01F2
:10DDDC00050009571A0101000B591A010200065CD3
:10DDEC001A012D000B8A1A010C0009971A01000068
:10DDFC000B981A010100149A1A010200069D1A01CF
:10DE0C000000149E1A01040006B01A014800060016
:10DE1C001C010800060A1C012400092F1C0100002B
:10DE2C000B301C0106000B381C010500093E1C01BF
:10DE3C0000000B3F1C01000006401C0100001441B7
:10DE4C001C0104000C501C0109000E5A1C0112008C
:10DE5C0014701C01010006721C011D000B921C01A8
:10DE6C00150009A91C0100000BAA1C01060009B130
:10DE7C001C0100000BB21C01010009B41C010000C4
:10DE8C000BB51C01010006001D01060006081D0152
:10DE9C000100060B1D0125000B311D0105000B3A7D
:10DEAC001D0100000B3C1D0101000B3F1D01060074
:10DEBC0006461D0100000B471D0100000C501D0102
:10DECC00090006601D01050006671D010100066AB8
:10DEDC001D011F00098A1D0104000B901D0101008A
:10DEEC0009931D0101000B951D01000009961D01F0
:10DEFC0000000B971D01000006981D0100000CA0EE
:10DF0C001D01090006E01E0112000BF31E010100A9
:10DF1C0009F51E01010014F71E01010006B01F01D6
:10DF2C0000000EC01F01140019D51F01070016DDDB
:10DF3C001F01030019E11F01100014FF1F01000055
:10DF4C000600200199030D0024016E0014702401B9
:10DF5C00040006802401C30006902F01600014F118
:10DF6C002F010100060030012E040130340108009D
:10DF7C0006004401460206006801380206406A01A8
:10DF8C001E000C606A010900146E6A010100067023
:10DF9C006A014E000CC06A01090006D06A011D001E
:10DFAC000BF06A01040014F56A01000006006B0115
:10DFBC002F000B306B01060014376B010400193C69
:10DFCC006B01030005406B01030014446B0100005E
:10DFDC0019456B0100000C506B0109000E5B6B01C5
:10DFEC00060006636B011400067D6B0112000340F2
:10DFFC006E013F000E806E01160014976E01030037
:10E00C0006006F014A000B4F6F01000006506F01B4
:10E01C00000009516F0136000B8F6F01030005934F
:10E02C006F010C0005E06F01010014E26F010000AC
:10E03C0005E36F0100000BE46F01000009F06F01B4
:10E04C00010006007001F71706008801D5040600D0
:10E05C008D01080005F0AF01030005F5AF010600C6
:10E06C0005FDAF0101000600B00122010650B1010F
:10E07C0002000664B10103000670B1018B010600B9
:10E08C00BC016A000670BC010C000680BC010800D3
:10E09C000690BC010900199CBC0100000B9DBC0141
:10E0AC000100149FBC01000001A0BC0103000B0087
:10E0BC00CF012D000B30CF0116001950CF0173008A
:10E0CC001900D001F5001900D10126001929D10140
:10E0DC003B000965D10101000B67D1010200196AEF
:10E0EC00D1010200096DD10105000173D1010700B6
:10E0FC000B7BD10107001983D10101000B85D101E4
:10E10C000600198CD1011D000BAAD101030019AE18
:10E11C00D1013C001900D20141000B42D201020096
:10E12C001945D20100000EE0D20113001900D301F1
:10E13C0056000E60D30118000800D4011900041A0F
:10E14C00D40119000834D4011900044ED40106007E
:10E15C000456D40111000868D40119000482D401BA
:10E16C001900089CD4010000089ED401010008A2EB
:10E17C00D401000008A5D401010008A9D4010300B2
:10E18C0008AED401070004B6D401030004BBD401CB
:10E19C00000004BDD401060004C5D4010A0008D057
:10E1AC00D401190004EAD40119000804D5010100B6
:10E1BC000807D5010300080DD50107000816D50185
:10E1CC000600041ED50119000838D5010100083BD2
:10E1DC00D50103000840D50104000846D501000014
:10E1EC00084AD50106000452D5011900086CD50166
:10E1FC0019000486D501190008A0D501190004BA2C
:10E20C00D501190008D4D501190004EED501190067
:10E21C000808D60119000422D6011900083CD601C1
:10E22C0019000456D60119000870D6011900048A89
:10E23C00D6011B0008A8D601180018C1D601000091
:10E24C0004C2D601180018DBD601000004DCD6018C
:10E25C00050008E2D601180018FBD601000004FCEA
:10E26C00D60118001815D70100000416D7010500B7
:10E27C00081CD70118001835D70100000436D70147
:10E28C001800184FD70100000450D701050008569C
:10E29C00D7011800186FD70100000470D7011800BF
:10E2AC001889D7010000048AD70105000890D7010E
:10E2BC00180018A9D701000004AAD701180018C328
:10E2CC00D701000004C4D701050008CAD70100001B
:10E2DC0004CBD70100000CCED70131001900D801B6
:10E2EC00FF010B00DA0136001937DA0103000B3B92
:10E2FC00DA013100196DDA0107000B75DA01000043
:10E30C001976DA010D000B84DA0100001985DA01A7
:10E31C0001001487DA0104000B9BDA0104000BA145
:10E32C00DA010E000400DF010900060ADF0100001B
:10E33C00040BDF0113000B00E00106000B08E001E9
:10E34C0010000B1BE00106000B23E00101000B2663
:10E35C00E00104000600E1012C000B30E101060095
:10E36C000537E10106000C40E1010900064EE10110
:10E37C000000194FE10100000690E2011D000BAEF8
:10E38C00E201000006C0E2012B000BECE2010300ED
:10E39C000CF0E201090016FFE201000006E0E701C3
:10E3AC00060006E8E701030006EDE701010006F0B0
:10E3BC00E7010E000600E801C4000EC7E8010800E2
:10E3CC000BD0E80106000300E90143000B44E9010E
:10E3DC000600054BE90100000C50E9010900145E30
:10E3EC00E90101000E71EC013A0019ACEC010000DE
:10E3FC000EADEC01020016B0EC0100000EB1EC0108
:10E40C0003000E01ED012C00192EED0100000E2F62
:10E41C00ED010E000600EE0103000605EE011A00E8
:10E42C000621EE0101000624EE0100000627EE0194
:10E43C0000000629EE0109000634EE01030006393E
:10E44C00EE010000063BEE0100000642EE0100006A
:10E45C000647EE0100000649EE010000064BEE01F6
:10E46C000000064DEE0102000651EE0101000654BB
:10E47C00EE0100000657EE0100000659EE01000007
:10E48C00065BEE010000065DEE010000065FEE018A
:10E49C0000000661EE0101000664EE010000066753
:10E4AC00EE010300066CEE0106000674EE0103009B
:10E4BC000679EE010300067EEE0100000680EE01F7
:10E4CC000900068BEE01100006A1EE01020006A564
:10E4DC00EE01040006ABEE01100018F0EE01010095
:10E4EC001900F0012B001930F001630019A0F001A4
:10E4FC000E0019B1F0010E0019C1F0010E0019D176
:10E50C00F00124000E00F1010C00190DF101A00026
:10E51C0019E6F1011C001910F2012B001940F2014F
:10E52C0008001950F20101001960F20105001900F0
:10E53C00F301FA0017FBF30104001900F401D702F0
:10E54C0019DDF6010F0019F0F6010C001900F701A6
:10E55C0073001980F701580019E0F7010B0019F04E
:10E56C00F70100001900F8010B001910F801370031
:10E57C001950F80109001960F80127001990F801E9
:10E58C001D0019B0F80101001900F90153011960BF
:10E59C00FA010D001970FA0104001978FA0104004F
:10E5AC001980FA0106001990FA011C0019B0FA0141
:10E5BC000A0019C0FA01050019D0FA01090019E086
:10E5CC00FA01070019F0FA0106001900FB0192008C
:10E5DC001994FB0136000CF0FB0109000600000247
:10E5EC00DFA60600A70238100640B702DD000620A1
:10E5FC00B802811606B0CE02301D0600F8021D02CC
:10E60C00060000034A130101000E00000120000E59
:10E61C005F000B00010EEF000C5F104E154E2A4EE2
:10E62C00314E364E3C4E3F4E424E564E584E824E1A
:10E63C00854E6B8C8A4E12820D5F8E4E9E4E9F4E77
:10E64C00A04EA24EB04EB34EB64ECE4ECD4EC44E94
:10E65C00C64EC24ED74EDE4EED4EDF4EF74E094F34
:10E66C005A4F304F5B4F5D4F574F474F764F884F48
:10E67C008F4F984F7B4F694F704F914F6F4F864F15
:10E68C00964F1851D44FDF4FCE4FD84FDB4FD14F51
:10E69C00DA4FD04FE44FE54F1A50285014502A50FF
:10E6AC00255005501C4FF64F215029502C50FE4F31
:10E6BC00EF4F115006504350475003675550505080
:10E6CC0048505A5056506C50785080509A50855043
:10E6DC00B450B250C950CA50B350C250D650DE508C
:10E6EC00E550ED50E350EE50F950F5500951015101
:10E6FC0002511651155114511A5121513A51375199
:10E70C003C513B513F51405152514C51545162512B
:10E71C00F87A69516A516E5180518251D8568C5198
:10E72C0089518F519151935195519651A451A651A4
:10E73C00A251A951AA51AB51B351B151B251B051DF
:10E74C00B551BD51C551C951DB51E0515586E95107
:10E75C00ED51F051F551FE5104520B5214520E5220
:10E76C0027522A522E52335239524F5244524B5244
:10E77C004C525E5254526A527452695273527F52C6
:10E78C007D528D5294529252715288529152A88F4E
:10E79C00A78FAC52AD52BC52B552C152CD52D752CA
:10E7AC00DE52E352E652ED98E052F352F552F85233
:10E7BC00F9520653085338750D5310530F53155314
:10E7CC001A5323532F533153335338534053465317
:10E7DC004553174E49534D53D6515E5369536E539F
:10E7EC0018597B53775382539653A053A653A55372
:10E7FC00AE53B053B653C353127CD996DF53FC6659
:10E80C00EE71EE53E853ED53FA5301543D5440541A
:10E81C002C542D543C542E54365429541D544E54BF
:10E82C008F5475548E545F54715477547054925461
:10E83C007B5480547654845490548654C754A254B8
:10E84C00B854A554AC54C454C854A854AB54C25472
:10E85C00A454BE54BC54D854E554E6540F55145526
:10E86C00FD54EE54ED54FA54E25439554055635569
:10E87C004C552E555C5545555655575538553355B1
:10E88C005D5599558055AF548A559F557B557E558E
:10E89C0098559E55AE557C558355A9558755A85509
:10E8AC00DA55C555DF55C455DC55E455D4551456C9
:10E8BC00F7551656FE55FD551B56F9554E565056E6
:10E8CC00DF7134563656325638566B5664562F56C0
:10E8DC006C566A56865680568A56A05694568F5653
:10E8EC00A556AE56B656B456C256BC56C156C356AD
:10E8FC00C056C856CE56D156D356D756EE56F956A4
:10E90C000057FF560457095708570B570D57135705
:10E91C0018571657C7551C572657375738574E5741
:10E92C003B5740574F576957C057885761577F57C8
:10E93C0089579357A057B357A457AA57B057C357E3
:10E94C00C657D457D257D3570A58D657E3570B58F4
:10E95C0019581D587258215862584B587058C06B32
:10E96C0052583D5879588558B9589F58AB58BA5891
:10E97C00DE58BB58B858AE58C558D358D158D7588C
:10E98C00D958D858E558DC58E458DF58EF58FA589D
:10E99C00F958FB58FC58FD5802590A5910591B5983
:10E9AC00A66825592C592D59325938593E59D27AC5
:10E9BC00555950594E595A595859625960596759B5
:10E9CC006C596959785981599D595E4FAB4FA35970
:10E9DC00B259C659E859DC598D59D959DA59255AC1
:10E9EC001F5A115A1C5A095A1A5A405A6C5A495AE7
:10E9FC00355A365A625A6A5A9A5ABC5ABE5ACB5A25
:10EA0C00C25ABD5AE35AD75AE65AE95AD65AFA5A52
:10EA1C00FB5A0C5B0B5B165B325BD05A2A5B365B8A
:10EA2C003E5B435B455B405B515B555B5A5B5B5BA1
:10EA3C00655B695B705B735B755B785B88657A5B48
:10EA4C00805B835BA65BB85BC35BC75BC95BD45B5A
:10EA5C00D05BE45BE65BE25BDE5BE55BEB5BF05BB8
:10EA6C00F65BF35B055C075C085C0D5C135C205C7F
:10EA7C00225C285C385C395C415C465C4E5C535CC7
:10EA8C00505C4F5C715B6C5C6E5C624E765C795C6E
:10EA9C008C5C915C945C9B59AB5CBB5CB65CBC5C69
:10EAAC00B75CC55CBE5CC75CD95CE95CFD5CFA5CC0
:10EABC00ED5C8C5DEA5C0B5D155D175D5C5D1F5D4F
:10EACC001B5D115D145D225D1A5D195D185D4C5D59
:10EADC00525D4E5D4B5D6C5D735D765D875D845DF7
:10EAEC00825DA25D9D5DAC5DAE5DBD5D905DB75D13
:10EAFC00BC5DC95DCD5DD35DD25DD65DDB5DEB5D8F
:10EB0C00F25DF55D0B5E1A5E195E115E1B5E365E84
:10EB1C00375E445E435E405E4E5E575E545E5F5EA3
:10EB2C00625E645E475E755E765E7A5EBC9E7F5EFC
:10EB3C00A05EC15EC25EC85ED05ECF5ED65EE35E96
:10EB4C00DD5EDA5EDB5EE25EE15EE85EE95EEC5EB7
:10EB5C00F15EF35EF05EF45EF85EFE5E035F095FED
:10EB6C005D5F5C5F0B5F115F165F295F2D5F385F28
:10EB7C00415F485F4C5F4E5F2F5F515F565F575F41
:10EB8C00595F615F6D5F735F775F835F825F7F5FEC
:10EB9C008A5F885F915F875F9E5F995F985FA05FD8
:10EBAC00A85FAD5FBC5FD65FFB5FE45FF85FF15FB2
:10EBBC00DD5FB360FF5F21606060196010602960E9
:10EBCC000E6031601B6015602B6026600F603A6030
:10EBDC005A6041606A6077605F604A6046604D6071
:10EBEC0063604360646042606C606B60596081601C
:10EBFC008D60E76083609A6084609B60966097602C
:10EC0C009260A7608B60E160B860E060D360B46034
:10EC1C00F05FBD60C660B560D8604D61156106617E
:10EC2C00F660F7600061F460FA6003612161FB60DB
:10EC3C00F1600D610E6147613E61286127614A6197
:10EC4C003F613C612C6134613D614261446173619F
:10EC5C007761586159615A616B6174616F6165616B
:10EC6C0071615F615D6153617561996196618761E5
:10EC7C00AC6194619A618A619161AB61AE61CC6166
:10EC8C00CA61C961F761C861C361C661BA61CB6110
:10EC9C00797FCD61E661E361F661FA61F461FF6150
:10ECAC00FD61FC61FE610062086209620D620C622A
:10ECBC0014621B621E6221622A622E623062326210
:10ECCC00336241624E625E6263625B626062686282
:10ECDC007C62826289627E62926293629662D46284
:10ECEC0083629462D762D162BB62CF62FF62C662FA
:10ECFC00D464C862DC62CC62CA62C262C7629B62C4
:10ED0C00C9620C63EE62F162276302630863EF620F
:10ED1C00F56250633E634D631C644F6396638E6370
:10ED2C008063AB637663A3638F6389639F63B5630F
:10ED3C006B636963BE63E963C063C663E363C96302
:10ED4C00D263F663C4631664346406641364266485
:10ED5C0036641D65176428640F6467646F64766499
:10ED6C004E642A6595649364A564A9648864BC6444
:10ED7C00DA64D264C564C764BB64D864C264F164E9
:10ED8C00E7640982E064E164AC62E364EF642C65DF
:10ED9C00F664F464F264FA640065FD6418651C653D
:10EDAC000565246523652B653465356537653665E2
:10EDBC0038654B754865566555654D6558655E6596
:10EDCC005D6572657865826583658A8B9B659F65D9
:10EDDC00AB65B765C365C665C165C465CC65D265F1
:10EDEC00DB65D965E065E165F16572670A66036606
:10EDFC00FB6573673566366634661C664F6644661B
:10EE0C00496641665E665D666466676668665F66EF
:10EE1C0062667066836688668E66896684669866A6
:10EE2C009D66C166B966C966BE66BC66C466B866D0
:10EE3C00D666DA66E0663F66E666E966F066F56613
:10EE4C00F7660F6716671E672667276738972E6762
:10EE5C003F67366741673867376746675E67606745
:10EE6C0059676367646789677067A9677C676A67B6
:10EE7C008C678B67A667A1678567B767EF67B46711
:10EE8C00EC67B367E967B867E467DE67DD67E2677D
:10EE9C00EE67B967CE67C667E7679C6A1E68466807
:10EEAC00296840684D6832684E68B3682B685968A9
:10EEBC00636877687F689F688F68AD6894689D68A1
:10EECC009B688368AE6AB9687468B568A068BA68EC
:10EEDC000F698D687E680169CA680869D8682269FB
:10EEEC002669E1680C69CD68D468E768D56836692D
:10EEFC0012690469D768E3682569F968E068EF6806
:10EF0C0028692A691A6923692169C6687969776948
:10EF1C005C6978696B6954697E696E693969746971
:10EF2C003D695969306961695E695D6981696A69C0
:10EF3C00B269AE69D069BF69C169D369BE69CE696E
:10EF4C00E85BCA69DD69BB69C369A7692E6A916907
:10EF5C00A0699C699569B469DE69E869026A1B6AF3
:10EF6C00FF690A6BF969F269E769056AB1691E6A9A
:10EF7C00ED69146AEB690A6A126AC16A236A136A38
:10EF8C00446A0C6A726A366A786A476A626A596AB3
:10EF9C00666A486A386A226A906A8D6AA06A846ACC
:10EFAC00A26AA36A976A1786BB6AC36AC26AB86AFE
:10EFBC00B36AAC6ADE6AD16ADF6AAA6ADA6AEA6A9A
:10EFCC00FB6A056B1686FA6A126B166B319B1F6B0C
:10EFDC00386B376BDC76396BEE98476B436B496B50
:10EFEC00506B596B546B5B6B5F6B616B786B796BB4
:10EFFC007F6B806B846B836B8D6B986B956B9E6B4F
:10F00C00A46BAA6BAB6BAF6BB26BB16BB36BB76B27
:10F01C00BC6BC66BCB6BD36BDF6BEC6BEB6BF36BC3
:10F02C00EF6BBE9E086C136C146C1B6C246C236C05
:10F03C005E6C556C626C6A6C826C8D6C9A6C816CBB
:10F04C009B6C7E6C686C736C926C906CC46CF16C89
:10F05C00D36CBD6CD76CC56CDD6CAE6CB16CBE6C1E
:10F06C00BA6CDB6CEF6CD96CEA6C1F6D4D88366D2D
:10F07C002B6D3D6D386D196D356D336D126D0C6DDD
:10F08C00636D936D646D5A6D796D596D8E6D956D63
:10F09C00E46F856DF96D156E0A6EB56DC76DE66D15
:10F0AC00B86DC66DEC6DDE6DCC6DE86DD26DC56D59
:10F0BC00FA6DD96DE46DD56DEA6DEE6D2D6E6E6EDB
:10F0CC002E6E196E726E5F6E3E6E236E6B6E2B6EB5
:10F0DC00766E4D6E1F6E436E3A6E4E6E246EFF6EE4
:10F0EC001D6E386E826EAA6E986EC96EB76ED36E38
:10F0FC00BD6EAF6EC46EB26ED46ED56E8F6EA56ED5
:10F10C00C26E9F6E416F116F4C70EC6EF86EFE6E9E
:10F11C003F6FF26E316FEF6E326FCC6E3E6F136FCE
:10F12C00F76E866F7A6F786F816F806F6F6F5B6F22
:10F13C00F36F6D6F826F7C6F586F8E6F916FC26FB4
:10F14C00666FB36FA36FA16FA46FB96FC66FAA6F11
:10F15C00DF6FD56FEC6FD46FD86FF16FEE6FDB6F25
:10F16C0009700B70FA6F117001700F70FE6F1B70CD
:10F17C001A70746F1D7018701F7030703E70327082
:10F18C005170637099709270AF70F170AC70B87010
:10F19C00B370AE70DF70CB70DD70D9700971FD701B
:10F1AC001C711971657155718871667162714C7140
:10F1BC0056716C718F71FB7184719571A871AC7102
:10F1CC00D771B971BE71D271C971D471CE71E07140
:10F1DC00EC71E771F571FC71F971FF710D721072C0
:10F1EC001B7228722D722C72307232723B723C720E
:10F1FC003F72407246724B72587274727E72827297
:10F20C008172877292729672A272A772B972B2727E
:10F21C00C372C672C472CE72D272E272E072E172C2
:10F22C00F972F7720F5017730A731C7316731D73F0
:10F23C0034732F73297325733E734E734F73D89E9B
:10F24C0057736A7368737073787375737B737A739F
:10F25C00C873B373CE73BB73C073E573EE73DE7395
:10F26C00A27405746F742574F87332743A745574FF
:10F27C003F745F74597441745C7469747074637412
:10F28C006A7476747E748B749E74A774CA74CF740B
:10F29C00D474F173E074E374E774E974EE74F2748B
:10F2AC00F074F174F874F7740475037505750C75C6
:10F2BC000E750D75157513751E7526752C753C75AB
:10F2CC0044754D754A7549755B7546755A75697502
:10F2DC00647567756B756D757875767586758775DC
:10F2EC0074758A758975827594759A759D75A575F1
:10F2FC00A375C275B375C375B575BD75B875BC7599
:10F30C00B175CD75CA75D275D975E375DE75FE7597
:10F31C00FF75FC750176F075FA75F275F3750B7661
:10F32C000D7609761F76277620762176227624763E
:10F33C00347630763B764776487646765C765876E9
:10F34C0061766276687669766A7667766C767076C0
:10F35C007276767678767C768076837688768B76FF
:10F36C008E769676937699769A76B076B476B876DB
:10F37C00B976BA76C276CD76D676D276DE76E17668
:10F38C00E576E776EA762F86FB76087707770477BB
:10F39C00297724771E77257726771B773777387769
:10F3AC0047775A7768776B775B7765777F777E7768
:10F3BC0079778E778B779177A0779E77B077B677C2
:10F3CC00B977BF77BC77BD77BB77C777CD77D77762
:10F3DC00DA77DC77E377EE77FC770C78127826799E
:10F3EC0020782A7945788E78747886787C789A7823
:10F3FC008C78A378B578AA78AF78D178C678CB78A2
:10F40C00D478BE78BC78C578CA78EC78E778DA78A6
:10F41C00FD78F47807791279117919792C792B798F
:10F42C004079607957795F795A79557953797A7936
:10F43C007F798A799D79A7794B9FAA79AE79B3792F
:10F44C00B979BA79C979D579E779EC79E179E37940
:10F45C00087A0D7A187A197A207A1F7A8079317A9B
:10F46C003B7A3E7A377A437A577A497A617A627A6A
:10F47C00697A9D9F707A797A7D7A887A977A957A6B
:10F48C00987A967AA97AC87AB07AB67AC57AC47A12
:10F49C00BF7A8390C77ACA7ACD7ACF7AD57AD37A63
:10F4AC00D97ADA7ADD7AE17AE27AE67AED7AF07A6A
:10F4BC00027B0F7B0A7B067B337B187B197B1E7BC5
:10F4CC00357B287B367B507B7A7B047B4D7B0B7B9F
:10F4DC004C7B457B757B657B747B677B707B717B21
:10F4EC006C7B6E7B9D7B987B9F7B8D7B9C7B9A7BC7
:10F4FC008B7B927B8F7B5D7B997BCB7BC17BCC7B2E
:10F50C00CF7BB47BC67BDD7BE97B117C147CE67BFB
:10F51C00E57B607C007C077C137CF37BF77B177CA2
:10F52C000D7CF67B237C277C2A7C1F7C377C2B7CF8
:10F53C003D7C4C7C437C547C4F7C407C507C587C88
:10F54C005F7C647C567C657C6C7C757C837C907C5D
:10F55C00A47CAD7CA27CAB7CA17CA87CB37CB27C73
:10F56C00B17CAE7CB97CBD7CC07CC57CC27CD87CBB
:10F57C00D27CDC7CE27C3B9BEF7CF27CF47CF67CEA
:10F58C00FA7C067D027D1C7D157D0A7D457D4B7DBB
:10F59C002E7D327D3F7D357D467D737D567D4E7D46
:10F5AC00727D687D6E7D4F7D637D937D897D5B7DF6
:10F5BC008F7D7D7D9B7DBA7DAE7DA37DB57DC77D29
:10F5CC00BD7DAB7D3D7EA27DAF7DDC7DB87D9F7D1D
:10F5DC00B07DD87DDD7DE47DDE7DFB7DF27DE17D42
:10F5EC00057E0A7E237E217E127E317E1F7E097E61
:10F5FC000B7E227E467E667E3B7E357E397E437E4A
:10F60C00377E327E3A7E677E5D7E567E5E7E597E8A
:10F61C005A7E797E6A7E697E7C7E7B7E837ED57DFA
:10F62C007D7EAE8F7F7E887E897E8C7E927E907E64
:10F63C00937E947E967E8E7E9B7E9C7E387F3A7FD8
:10F64C00457F4C7F4D7F4E7F507F517F557F547F40
:10F65C00587F5F7F607F687F697F677F787F827F5D
:10F66C00867F837F887F877F8C7F947F9E7F9D7F23
:10F67C009A7FA37FAF7FB27FB97FAE7FB67FB87F13
:10F68C00718BC57FC67FCA7FD57FD47FE17FE67F34
:10F69C00E97FF37FF97FDC98068004800B80128071
:10F6AC00188019801C80218028803F803B804A80F4
:10F6BC004680528058805A805F8062806880738058
:10F6CC0072807080768079807D807F808480868057
:10F6DC0085809B8093809A80AD809051AC80DB803C
:10F6EC00E580D980DD80C480DA80D6800981EF8006
:10F6FC00F1801B81298123812F814B818B9646813F
:10F70C003E8153815181FC8071816E81658166815E
:10F71C007481838188818A8180818281A081958195
:10F72C00A481A3815F819381A981B081B581BE81C0
:10F73C00B881BD81C081C281BA81C981CD81D1819D
:10F74C00D981D881C881DA81DF81E081E781FA81B2
:10F75C00FB81FE8101820282058207820A820D8270
:10F76C001082168229822B823882338240825982FF
:10F77C0058825D825A825F826482628268826A8267
:10F78C006B822E827182778278827E828D829282C7
:10F79C00AB829F82BB82AC82E182E382DF82D28227
:10F7AC00F482F382FA8293830383FB82F982DE82F2
:10F7BC000683DC820983D9823583348316833283B2
:10F7CC00318340833983508345832F832B83178365
:10F7DC00188385839A83AA839F83A283968323832A
:10F7EC008E8387838A837C83B58373837583A0839D
:10F7FC008983A883F4831384EB83CE83FD830384F2
:10F80C00D8830B84C183F7830784E083F2830D8450
:10F81C0022842084BD8338840685FB836D842A84EE
:10F82C003C845A85848477846B84AD846E84828412
:10F83C00698446842C846F8479843584CA84628478
:10F84C00B984BF849F84D984CD84BB84DA84D0846A
:10F85C00C184C684D684A1842185FF84F484178551
:10F86C0018852C851F8515851485FC84408563853A
:10F87C0058854885418502864B8555858085A485AC
:10F88C00888591858A85A8856D8594859B85EA8573
:10F89C0087859C8577857E859085C985BA85CF853A
:10F8AC00B985D085D585DD85E585DC85F9850A8624
:10F8BC0013860B86FE85FA85068622861A86308686
:10F8CC003F864D86554E54865F8667867186938635
:10F8DC00A386A986AA868B868C86B686AF86C486B6
:10F8EC00C686B086C9862388AB86D486DE86E98632
:10F8FC00EC86DF86DB86EF86128706870887008713
:10F90C000387FB86118709870D87F9860A87348759
:10F91C003F8737873B87258729871A8760875F87CB
:10F92C0078874C874E877487578768876E87598787
:10F93C00538763876A870588A2879F878287AF87EB
:10F94C00CB87BD87C087D087D696AB87C487B38754
:10F95C00C787C687BB87EF87F287E0870F880D883C
:10F96C00FE87F687F7870E88D28711881688158848
:10F97C002288218831883688398827883B884488B2
:10F98C004288528859885E8862886B8881887E8814
:10F99C009E8875887D88B5887288828897889288B9
:10F9AC00AE889988A2888D88A488B088BF88B188D1
:10F9BC00C388C488D488D888D988DD88F988028916
:10F9CC00FC88F488E888F28804890C890A891389F0
:10F9DC0043891E8925892A892B89418944893B8938
:10F9EC00368938894C891D8960895E896689648964
:10F9FC006D896A896F89748977897E8983898889F9
:10FA0C008A8993899889A189A989A689AC89AF89A2
:10FA1C00B289BA89BD89BF89C089DA89DC89DD8957
:10FA2C00E789F489F889038A168A108A0C8A1B8A5A
:10FA3C001D8A258A368A418A5B8A528A468A488A76
:10FA4C007C8A6D8A6C8A628A858A828A848AA88A70
:10FA5C00A18A918AA58AA68A9A8AA38AC48ACD8AFF
:10FA6C00C28ADA8AEB8AF38AE78AE48AF18A148BEF
:10FA7C00E08AE28AF78ADE8ADB8A0C8B078B1A8B88
:10FA8C00E18A168B108B178B208B338BAB97268BC5
:10FA9C002B8B3E8B288B418B4C8B4F8B4E8B498BFE
:10FAAC00568B5B8B5A8B6B8B5F8B6C8B6F8B748BCE
:10FABC007D8B808B8C8B8E8B928B938B968B998B77
:10FACC009A8B3A8C418C3F8C488C4C8C4E8C508C45
:10FADC00558C628C6C8C788C7A8C828C898C858C15
:10FAEC008A8C8D8C8E8C948C7C8C988C1D62AD8CBD
:10FAFC00AA8CBD8CB28CB38CAE8CB68CC88CC18CE1
:10FB0C00E48CE38CDA8CFD8CFA8CFB8C048D058DEB
:10FB1C000A8D078D0F8D0D8D108D4E9F138DCD8CF5
:10FB2C00148D168D678D6D8D718D738D818D998D65
:10FB3C00C28DBE8DBA8DCF8DDA8DD68DCC8DDB8DF1
:10FB4C00CB8DEA8DEB8DDF8DE38DFC8D088E098ED0
:10FB5C00FF8D1D8E1E8E108E1F8E428E358E308E1A
:10FB6C00348E4A8E478E498E4C8E508E488E598ECE
:10FB7C00648E608E2A8E638E558E768E728E7C8EFF
:10FB8C00818E878E858E848E8B8E8A8E938E918EAF
:10FB9C00948E998EAA8EA18EAC8EB08EC68EB18E9E
:10FBAC00BE8EC58EC88ECB8EDB8EE38EFC8EFB8E0E
:10FBBC00EB8EFE8E0A8F058F158F128F198F138F78
:10FBCC001C8F1F8F1B8F0C8F268F338F3B8F398F82
:10FBDC00458F428F3E8F4C8F498F468F4E8F578F5C
:10FBEC005C8F628F638F648F9C8F9F8FA38FAD8F81
:10FBFC00AF8FB78FDA8FE58FE28FEA8FEF8F879019
:10FC0C00F48F0590F98FFA8F1190159021900D902B
:10FC1C001E9016900B902790369035903990F88F57
:10FC2C004F905090519052900E9049903E9056901B
:10FC3C0058905E9068906F907690A8967290829093
:10FC4C007D90819080908A9089908F90A890AF90B1
:10FC5C00B190B590E290E4904862DB9002911291E1
:10FC6C001991329130914A915691589163916591C5
:10FC7C006991739172918B9189918291A291AB91BF
:10FC8C00AF91AA91B591B491BA91C091C191C9911A
:10FC9C00CB91D091D691DF91E191DB91FC91F591D3
:10FCAC00F6911E92FF9114922C92159211925E92E3
:10FCBC005792459249926492489295923F924B92F8
:10FCCC0050929C92969293929B925A92CF92B99206
:10FCDC00B792E9920F93FA9244932E93199322932D
:10FCEC001A9323933A9335933B935C9360937C9351
:10FCFC006E935693B093AC93AD939493B993D69370
:10FD0C00D793E893E593D893C393DD93D093C8939B
:10FD1C00E4931A94149413940394079410943694C3
:10FD2C002B94359421943A944194529444945B943A
:10FD3C00609462945E946A9429927094759477940A
:10FD4C007D945A947C947E9481947F94829587952B
:10FD5C008A959495969598959995A095A895A7951B
:10FD6C00AD95BC95BB95B995BE95CA95F66FC395E7
:10FD7C00CD95CC95D595D495D695DC95E195E59515
:10FD8C00E295219628962E962F9642964C964F9653
:10FD9C004B9677965C965E965D965F966696729697
:10FDAC006C968D96989695969796AA96A796B196D8
:10FDBC00B296B096B496B696B896B996CE96CB96B1
:10FDCC00C996CD964D89DC960D97D596F9960497E4
:10FDDC000697089713970E9711970F9716971997E1
:10FDEC0024972A97309739973D973E974497469793
:10FDFC004897429749975C9760976497669768977E
:10FE0C00D2526B977197799785977C9781977A9750
:10FE1C0086978B978F9790979C97A897A697A39761
:10FE2C00B397B497C397C697C897CB97DC97ED97C2
:10FE3C004F9FF297DF7AF697F5970F980C983898B2
:10FE4C002498219837983D9846984F984B986B98E2
:10FE5C006F987098719874987398AA98AF98B19895
:10FE6C00B698C498C398C698E998EB9803990999E1
:10FE7C0012991499189921991D991E9924992099D0
:10FE8C002C992E993D993E994299499945995099A9
:10FE9C004B99519952994C99559997999899A5992B
:10FEAC00AD99AE99BC99DF99DB99DD99D899D19927
:10FEBC00ED99EE99F199F299FB99F899019A0F9AAB
:10FECC00059AE299199A2B9A379A459A429A409A2E
:10FEDC00439A3E9A559A4D9A5B9A579A5F9A629AB0
:10FEEC00659A649A699A6B9A6A9AAD9AB09ABC9A16
:10FEFC00C09ACF9AD19AD39AD49ADE9ADF9AE29A80
:10FF0C00E39AE69AEF9AEB9AEE9AF49AF19AF79AA8
:10FF1C00FB9A069B189B1A9B1F9B229B239B259B42
:10FF2C00279B289B299B2A9B2E9B2F9B329B449B78
:10FF3C00439B4F9B4D9B4E9B519B589B749B939B00
:10FF4C00839B919B969B979B9F9BA09BA89BB49BF1
:10FF5C00C09BCA9BB99BC69BCF9BD19BD29BE39B5F
:10FF6C00E29BE49BD49BE19B3A9CF29BF19BF09B24
:10FF7C00159C149C099C139C0C9C069C089C129C24
:10FF8C000A9C049C2E9C1B9C259C249C219C309C94
:10FF9C00479C329C469C3E9C5A9C609C679C769CE1
:10FFAC00789CE79CEC9CF09C099D089DEB9C039D28
:10FFBC00069D2A9D269DAF9D239D1F9D449D159DAD
:10FFCC00129D419D3F9D3E9D469D489D5D9D5E9D24
:10FFDC00649D519D509D599D729D899D879DAB9DA2
:10FFEC006F9D7A9D9A9DA49DA99DB29DC49DC19D16
:04FFFC00BB9DB89D54
:02000004600298
:10000000BA9DC69DCF9DC29DD99DD39DF89DE69D6D
:10001000ED9DEF9DFD9D1A9E1B9E1E9E759E799ED9
:100020007D9E819E889E8B9E8C9E929E959E919E8B
:100030009D9EA59EA99EB89EAA9EAD9E6197CC9EB0
:10004000CE9ECF9ED09ED49EDC9EDE9EDD9EE09E08
:10005000E59EE89EEF9EF49EF69EF79EF99EFB9E1F
:10006000FC9EFD9E079F089FB776159F219F2C9FA2
:100070003E9F4A9F529F549F639F5F9F609F619FD7
:10008000669F679F6C9F6A9F779F729F769F959FE1
:100090009C9FA09F2F58C76959906474DC51997137
:1000A00000000042C8801F40B8821F4008000000C6
:1000B00000000042C4801F40B4821F4004000000C2
:1000C00000C0004224801F4014821F401000000026
:1000D00000C0004228801F4018821F4020000000FE
:1000E00000C000422C801F401C821F4040000000C6
:1000F00000C0004234801F4024821F4000010000E5
:100100000040004264811F4054831F4000040000EF
:100110000040004280811F4070831F4000000200A9
:10012000004000427C811F406C831F4000000100A2
:100130000040004268811F4058831F4000080000B3
:10014000004000423C811F402C831F400100000002
:100150000040004244811F4034831F4004000000DF
:100160000040004240811F4030831F4002000000D9
:100170000040004248811F4038831F4008000000B3
:100180000000004204811F40F4821F400000040070
:100190000000004208811F40F8821F400000080054
:1001A0000000004218811F4008831F4000008000AB
:1001B0000000004214811F4004831F4000004000E3
:1001C0000000004200811F40F0821F40000002003A
:1001D00000000042FC801F40EC821F400000010034
:1001E0000000004224811F4014831F4000000004CF
:1001F0000000004228811F4018831F4000000008B3
:10020000000000421C811F400C831F4000000001C1
:100210000000004220811F4010831F4000000002A8
:1002200000000042EC801F40DC821F4000100000F4
:1002300000000042F0801F40E0821F4000200000CC
:100240000000004234811F4024831F400000004012
:100250000000004238811F4028831F4000000080BA
:100260000080004294801F4084821F4000000400F0
:1002700000C0004290801F4080821F40000000802C
:1002800000800042A8801F4098821F40000080002C
:1002900000800042A4801F4094821F400000400064
:1002A000004000426C811F405C831F400010000032
:1002B00000C0004230801F4020821F4080000000AC
:1002C00000400042B0811F40A0831F40000000207A
:1002D00000400042AC811F409C831F400000001082
:1002E0000040004284811F4074831F4000000400CE
:1002F0000040004288811F4078831F4000000800B2
:10030000000000422C811F401C831F400000001091
:100310000000004230811F4020831F400000002069
:10032000000000420C811F40FC821F4000001000B2
:100330000000004210811F4000831F400000200089
:1003400000800042C8811F40B8831F400080000029
:1003500000800042C4811F40B4831F400040000061
:1003600000800042C0811F40B0831F400020000079
:1003700000800042BC811F40AC831F400010000081
:1003800000800042D0811F40C0831F400000020057
:1003900000800042CC811F40BC831F400000010050
:1003A00000C0004274801F4064821F4000000001B2
:1003B00000C0004280801F4070821F400000000883
:1003C00000C0004284801F4074821F400000001063
:1003D00000C000426C801F405C821F400000400053
:1003E00000C000427C801F406C821F40000000045F
:1003F00000C0004278801F4068821F400000000259
:1004000000C0004288801F4078821F40000000200A
:1004100035000000CEFBFFFFCB0300000100000011
:100420000000000034000000CEFBFFFFCB03000003
:100430000100000000000000526563656976656494
:10044000205250555F53454E445F535441545553C9
:10045000000000005265636569766564205250555E
:100460005F53454E445F5245434F52445300000092
:1004700073656E645250555265636F7264733A20AF
:1004800073656E64696E67202575207265636F728F
:10049000642873290A000000526563656976656403
:1004A000205250555F5245534554202D20726562AD
:1004B0006F6F74696E67207669612057445400003D
:1004C0005250555F474F5F4D4541535552453A2075
:1004D0006475726174696F6E2028256C64732920BD
:1004E0006D7573742062652030206F7220677265AD
:1004F00061746572207468616E2072617465202871
:10050000256C6473293B2073657474696E6720647D
:1005100075726174696F6E20746F20256C64730A44
:10052000000000005265636569766564205250558D
:100530005F474F5F5354414E444259004241545427
:100540005F545F5345543D252E32660A000000007B
:100550006261745F765F6C6F773D252E32660A00AC
:100560006261745F765F637269743D252E32660A3C
:10057000000000005354415455535F524154453DCF
:10058000256C750A0000000041434B2F4E414B2063
:10059000666F72206D73673A2000000041434B0084
:1005A0004E414B005741524E494E473A20727075AA
:1005B0005F7265636F726473206275666665722030
:1005C00066756C6C20E28094207265636F726420A3
:1005D00064726F70706564004D45415355524520FB
:1005E0006475726174696F6E2072656163686564B9
:1005F000000000004552524F523A20756E6B6E6FEC
:10060000776E2052505520737461746520E2809497
:1006100020656E746572696E67204552524F5200B4
:100620005265636569766564205250555F474F5F38
:100630004D454153555245004D4541535552452076
:100640006475726174696F6E3D256C6473207261AC
:1006500074653D256C64730A00000000050000000D
:10066000190000007D00000007080C0B06050F00B4
:100670000D0E0102838407080C0B06050F000D0EFA
:1006800001028384FFFFFFFFFFFFFFFFFFFF818267
:10069000090A000001010004010000040132010107
:1006A00001320201011001010111010101120102D7
:1006B0000103020601030106011202020200000109
:1006C00002020001020100010210000102220001E9
:1006D00002230001000000000000000002210001D0
:1006E00002200001000000000000000001300101B4
:1006F00001310101010200040103000400000000B7
:1007000000000000012102010121010100000000A0
:1007100000000000000000000110020100000000C5
:100720000000000001130106011302060000000092
:1007300000000000000000000000000001010201B4
:100740000101010101000201010001010102020198
:100750000102010100000000000000000000000094
:10076000012302010000000000000000012001013F
:1007700052415443487554532050726F66696C69F6
:100780006E6720556E697420000000006334346386
:10079000333261005741524E494E473A20707265DC
:1007A00076696F75732072756E207761732072653C
:1007B000736574206279207468652077617463685A
:1007C000646F6720E2809420746865206C6F6F709E
:1007D000207374616C6C656420666F72203E2031FA
:1007E00030207320776974686F75742063616C6C56
:1007F000696E67207764742E6665656428292E000B
:1008000057445420726573657420636F756E743A33
:1008100020256C750A0000004D41433A20253032F6
:10082000583A253032583A253032583A2530325825
:100830003A253032583A253032580A004C6F52610E
:100840002049443A20253034580A0000537461721C
:1008500074696E67204C6F5261206661696C6564D3
:10086000210000004C6F526120696E697469616CEF
:10087000697A6174696F6E20636F6D706C65746501
:10088000000000005043422054656D702073656E77
:10089000736F72204352432062616420E28094208F
:1008A000636865636B2073656E736F7220636F6E30
:1008B0006E656374696F6E0050756D702054656D60
:1008C000702073656E736F722043524320626164BF
:1008D00020E2809420636865636B2073656E736F9C
:1008E0007220636F6E6E656374696F6E0000000046
:1008F000426174746572792054656D702073656E01
:10090000736F72204352432062616420E28094201E
:10091000636865636B2073656E736F7220636F6EBF
:100920006E656374696F6E0052533431206D657467
:100930006120646174613A20000000004552524F0A
:10094000520000004C435F434F4C4C415445000063
:100950004C435F4354595045000000004C435F4DE9
:100960004F4E4554415259004C435F4E554D4552F0
:10097000494300004C435F54494D45004C435F4D93
:100980004553534147455300000100002093002088
:100990001200000000060000941F00600A00000022
:1009A00000020000301F006062000000000700002D
:1009B000CC1E006062000000EE0300005C9300208B
:1009C00012000000000004EE349300202800000014
:1009D00000030000C81E00600000000001030904BD
:1009E000B01E00600000000002030904981E0060B1
:1009F00000000000030309047093002000000000C1
:100A00000000000000000000000000003030303026
:100A100030303030303030303030303030303030D6
:100A20003030303030303030303030300000000086
:100A3000000000000000000054EA0020BCEA002092
:100A400024EB002000000000000000000000000077
:100A50000000000000000000000000000000000096
:100A60000000000000000000000000000000000086
:100A70000000000000000000000000000000000076
:100A80000000000000000000000000000000000066
:100A90000000000000000000000000000000000056
:100AA0000000000000000000000000000000000046
:100AB0000000000000000000000000000000000036
:100AC0000000000000000000000000000100000025
:100AD000000000000E33CDAB34126DE6ECDE0500F5
:100AE0000B000000000000000000000000000000FB
:100AF00000000000000000000000000000000000F6
:100B000000000000000000000000000000000000E5
:100B100000000000000000000000000000000000D5
:100B200000000000000000000000000000000000C5
:100B300000000000000000000000000000000000B5
:100B400000000000000000000000000000000000A5
:100B5000000000000029DE07007B9A1700003A40E1
:100B6000000B00200000000000000000000000005A
:100B70000000000000000000000000000000000075
:100B80000000000000000000000000000000000065
:100B90000000000000000000000000000000000055
:100BA000000000000000000000000000380F0020DE
:100BB00000000000E803000000000000600F0020BB
:100BC00000000000E8030000000000000080194061
:100BD0004009002000000000649A0020E0980020F6
:100BE0000000000000000000400000004000000085
:100BF0004000000040000000000000000000000075
:100C000000000000000000000000000000000000E4
:100C1000000000000000000000000000600F002045
:100C200000000000E8030000000000000000194080
:100C3000A88C002000000000A49A00202099002029
:100C4000000000000000000028000000400000003C
:100C5000280000004000000000000000000000002C
:100C60000000000000000000000000000000000084
:100C7000000000000000000000000000600F0020E5
:100C800000000000E80300000000000000801840A1
:100C9000E88B002000000000CC9A00206099002022
:100CA00000000000000000002800000040000000DC
:100CB00028000000400000000000000000000000CC
:100CC0000000000000000000000000000000000024
:100CD000000000000000000000000000600F002085
:100CE00000000000E80300000000000000C0184001
:100CF000488C002000000000F49A0020A0990020F9
:100D0000000000000000000028000000400000007B
:100D1000280000004000000000000000000000006B
:100D200000000000000000000000000000000000C3
:100D3000000000000000000000000000600F002024
:100D400000000000E80300000000000000001A405E
:100D5000088D0020000000001C9B0020E09900206E
:100D6000000000000000000028000000400000001B
:100D7000280000004000000000000000000000000B
:100D80000000000000000000000000000000000063
:100D9000000000000000000000000000600F0020C4
:100DA00000000000E80300000000000000401840C0
:100DB000888B002000000000449B0020209A002027
:100DC00000000000000000002800000040000000BB
:100DD00028000000400000000000000000000000AB
:100DE0000000000000000000000000000000000003
:100DF0000000000000000000000000000000204192
:100E00000100000005140000817D000000000000CA
:100E10007CC00F4000000003190000000200000029
:100E20000000000000000000FF000000FF000000C4
:100E30000000000000000000180000000200000098
:100E40000000000000000000FF000000FF000000A4
:100E50000000000000000000FF0040002600180015
:100E600077000000021500005D7D0000000000001A
:100E700068C00F40000000300F00000002000000BA
:100E80002C851F4001000000FF000000FF00000053
:100E900000000000000000000E0000000200000042
:100EA00030851F4001000000FF000000FF0000002F
:100EB000000000000000000013024000260018009F
:100EC0007800000003160000697D000000000000AB
:100ED00068C00F4000300000100000000200000059
:100EE00038851F4000000000FF000000FF000000E8
:100EF00000000000000000001100000002000000DF
:100F00003C851F4000000000FF000000FF000000C3
:100F10000000000000000000FF0040002600180054
:100F20007900000001170000517D00000000000062
:100F30006CC00F400000000307000000020000002A
:100F400040851F4002000000FF000000FF0000007D
:100F50000000000000000000080000000200000087
:100F600044851F4002000000FF000000FF00000059
:100F70000000000000000000FF00400026001800F4
:100F80007A000000041B0000757D000000000000D6
:100F900080C00F4000C000001500000002000000EB
:100FA00060851F40010000002E00000002000000CC
:100FB00060851F40000000001400000002000000D7
:100FC00064851F40010000002F00000002000000A7
:100FD00064851F40000000002B024000260018001E
:100FE0007E0000000000A041080700000000000093
:100FF000000010410000F04100000000000000006F
:101000000000304114EA0020E01623200000000018
:10101000430000000000000000000000000000008D
:1010200000000000000000000000000000000000C0
:10103000430000000000000000000000000000006D
:1010400000000000000000000000000000000000A0
:10105000430000000000000000000000000000004D
:101060000000000000000000000000000000000080
:10107000430000000000000000000000000000002D
:101080000000000000000000000000000000000060
:10109000430000000000000000000000000000000D
:1010A0000000000000000000000000000000000040
:1010B00043000000000000000000000000000000ED
:1010C0000000000000000000000000000000000020
:1010D00043000000000000000000000000000000CD
:1010E0000000000000000000000000000000000000
:1010F0005D2C010011EB0000000000000412002034
:1011000090130020D0820020D0820020D0820020C6
:10111000D0820020D0820020D0820020D082002007
:10112000D0820020D0820020FFFFFFFFFFFFFFFFE3
:10113000FFFFFFFFFFFF000001004153434949004B
:10114000000000000000000000000000000000009F
:101150000000000000000000000041534349490026
:10116000000000000000000000000000000000007F
:10117000000000000000000000000000000000006F
:1011800000000000008F0020008F0020088F00204A
:10119000088F0020108F0020108F0020188F002053
:1011A000188F0020208F0020208F0020288F002003
:1011B000288F0020308F0020308F0020388F0020B3
:1011C000388F0020408F0020408F0020488F002063
:1011D000488F0020508F0020508F0020588F002013
:1011E000588F0020608F0020608F0020688F0020C3
:1011F000688F0020708F0020708F0020788F002073
:10120000788F0020808F0020808F0020888F002022
:10121000888F0020908F0020908F0020988F0020D2
:10122000988F0020A08F0020A08F0020A88F002082
:10123000A88F0020B08F0020B08F0020B88F002032
:10124000B88F0020C08F0020C08F0020C88F0020E2
:10125000C88F0020D08F0020D08F0020D88F002092
:10126000D88F0020E08F0020E08F0020E88F002042
:10127000E88F0020F08F0020F08F0020F88F0020F2
:10128000F88F00200090002000900020089000209F
:10129000089000201090002010900020189000204E
:1012A00018900020209000202090002028900020FE
:1012B00028900020309000203090002038900020AE
:1012C000389000204090002040900020489000205E
:1012D000489000205090002050900020589000200E
:1012E00058900020609000206090002068900020BE
:1012F000689000207090002070900020789000206E
:10130000789000208090002080900020889000201D
:1013100088900020909000209090002098900020CD
:1013200098900020A0900020A0900020A89000207D
:10133000A8900020B0900020B0900020B89000202D
:10134000B8900020C0900020C0900020C8900020DD
:10135000C8900020D0900020D0900020D89000208D
:10136000D8900020E0900020E0900020E89000203D
:10137000E8900020F0900020F0900020F8900020ED
:10138000F89000200091002000910020089100209A
:101390000891002010910020109100201891002049
:1013A00018910020209100202091002028910020F9
:1013B00028910020309100203091002038910020A9
:1013C0003891002040910020409100204891002059
:1013D0004891002050910020509100205891002009
:1013E00058910020609100206091002068910020B9
:1013F0006891002070910020709100207891002069
:101400007891002080910020809100208891002018
:1014100088910020909100209091002098910020C8
:1014200098910020A0910020A0910020A891002078
:10143000A8910020B0910020B0910020B891002028
:10144000B8910020C0910020C0910020C8910020D8
:10145000C8910020D0910020D0910020D891002088
:10146000D8910020E0910020E0910020E891002038
:10147000E8910020F0910020F0910020F8910020E8
:10148000F891002000920020009200200892002095
:101490000892002010920020109200201892002044
:1014A00018920020209200202092002028920020F4
:1014B00028920020309200203092002038920020A4
:1014C0003892002040920020409200204892002054
:1014D0004892002050920020509200205892002004
:1014E00058920020609200206092002068920020B4
:1014F0006892002070920020709200207892002064
:101500007892002080920020809200208892002013
:1015100088920020909200209092002098920020C3
:1015200098920020A0920020A0920020A892002073
:10153000A8920020B0920020B0920020B892002023
:10154000B8920020C0920020C0920020C8920020D3
:10155000C8920020D0920020D0920020D892002083
:10156000D8920020E0920020E0920020E892002033
:10157000E8920020F0920020F0920020F8920020E3
:10158000F8920020FFFFFFFF0000020000000000B3
:101590000300000054EA0020B88700201201000276
:1015A000EF020140C0168304800201020301000023
:1015B00028000000000104000100000000000000FD
:1015C000020157494E555342000000000000000040
:1015D000000000000000000012034D005300460010
:1015E0005400310030003000F80000000C0300000F
:1015F00000000000000000000000000000000000EB
:1016000000000101080000000000000000000000D0
:1016100000000000000000000000000000000000CA
:1016200000000000000000000000000000000000BA
:1016300000000000000000000000000000000000AA
:10164000000000000000000000000000000000009A
:10165000000000000000000000000000000000008A
:10166000000000000000000000000000000000007A
:10167000000000000000000000000000000000006A
:10168000000000000000000000000000000000005A
:10169000000000000000000000000000000000004A
:1016A000000000000000000000000000000000003A
:1016B000000000000000000000000000000000002A
:1016C000000000000000000000000000000000001A
:1016D000000000000000000000000000000000000A
:1016E00000000000000000000000000000000000FA
:1016F00000000000000000000000000000000000EA
:1017000000000000000000000000000000000000D9
:1017100000000000000000000000000000000000C9
:1017200000000000000000000000000000000000B9
:1017300000000000000000000000000000000000A9
:101740000000000000000000000000000000000099
:101750000000000000000000000000000000000089
:101760000000000000000000000000000000000079
:101770000000000000000000000000000000000069
:101780000000000000000000000000000000000059
:101790000000000000000000000000000000000049
:1017A0000000000000000000000000000000000039
:1017B0000000000000000000000000000000000029
:1017C0000000000000000000000000000000000019
:1017D0000000000000000000000000000000000009
:1017E00000000000000000000000000000000000F9
:1017F00000000000000000000000000000000000E9
:1018000000000000000000000000000000000000D8
:1018100000000000000000000000000000000000C8
:1018200000000000000000000000000000000000B8
:1018300000000000000000000000000000000000A8
:101840000000000000000000000000000000000098
:101850000000000000000000000000000000000088
:101860000000000000000000000000000000000078
:101870000000000000000000000000000000000068
:101880000000000000000000000000000000000058
:101890000000000000000000000000000000000048
:1018A0000000000000000000000000000000000038
:1018B0000000000000000000000000000000000028
:1018C0000000000000000000000000000000000018
:1018D0000000000000000000000000000000000008
:1018E00000000000000000000000000000000000F8
:1018F00000000000000000000000000000000000E8
:1019000000000000000000000000000000000000D7
:1019100000000000000000000000000000000000C7
:1019200000000000000000000000000000000000B7
:0C193000000000000000000000000000AB
:10193C00FFFFFFFFFFFFFFFFFFFFFFFFFFFFFFFFAB
:10194C00FFFFFFFFFFFFFFFFFFFFFFFFFFFFFFFF9B
:10195C00FFFFFFFFFFFFFFFFFFFFFFFFFFFFFFFF8B
:10196C00FFFFFFFFFFFFFFFFFFFFFFFFFFFFFFFF7B
:10197C00FFFFFFFFFFFFFFFFFFFFFFFFFFFFFFFF6B
:10198C00FFFFFFFFFFFFFFFFFFFFFFFFFFFFFFFF5B
:10199C00FFFFFFFFFFFFFFFFFFFFFFFFFFFFFFFF4B
:1019AC00FFFFFFFFFFFFFFFFFFFFFFFFFFFFFFFF3B
:1019BC00FFFFFFFFFFFFFFFFFFFFFFFFFFFFFFFF2B
:1019CC00FFFFFFFFFFFFFFFFFFFFFFFFFFFFFFFF1B
:1019DC00FFFFFFFFFFFFFFFFFFFFFFFFFFFFFFFF0B
:1019EC00FFFFFFFFFFFFFFFFFFFFFFFFFFFFFFFFFB
:1019FC00FFFFFFFFFFFFFFFFFFFFFFFFFFFFFFFFEB
:101A0C00FFFFFFFFFFFFFFFFFFFFFFFFFFFFFFFFDA
:101A1C00FFFFFFFFFFFFFFFFFFFFFFFFFFFFFFFFCA
:101A2C00FFFFFFFFFFFFFFFFFFFFFFFFFFFFFFFFBA
:101A3C00FFFFFFFFFFFFFFFFFFFFFFFFFFFFFFFFAA
:101A4C00FFFFFFFFFFFFFFFFFFFFFFFFFFFFFFFF9A
:101A5C00FFFFFFFFFFFFFFFFFFFFFFFFFFFFFFFF8A
:101A6C00FFFFFFFFFFFFFFFFFFFFFFFFFFFFFFFF7A
:101A7C00FFFFFFFFFFFFFFFFFFFFFFFFFFFFFFFF6A
:101A8C00FFFFFFFFFFFFFFFFFFFFFFFFFFFFFFFF5A
:101A9C00FFFFFFFFFFFFFFFFFFFFFFFFFFFFFFFF4A
:101AAC00FFFFFFFFFFFFFFFFFFFFFFFFFFFFFFFF3A
:101ABC00FFFFFFFFFFFFFFFFFFFFFFFFFFFFFFFF2A
:101ACC00FFFFFFFFFFFFFFFFFFFFFFFFFFFFFFFF1A
:101ADC00FFFFFFFFFFFFFFFFFFFFFFFFFFFFFFFF0A
:101AEC00FFFFFFFFFFFFFFFFFFFFFFFFFFFFFFFFFA
:101AFC00FFFFFFFFFFFFFFFFFFFFFFFFFFFFFFFFEA
:101B0C00FFFFFFFFFFFFFFFFFFFFFFFFFFFFFFFFD9
:101B1C00FFFFFFFFFFFFFFFFFFFFFFFFFFFFFFFFC9
:101B2C00FFFFFFFFFFFFFFFFFFFFFFFFFFFFFFFFB9
:101B3C00FFFFFFFFFFFFFFFFFFFFFFFFFFFFFFFFA9
:101B4C00FFFFFFFFFFFFFFFFFFFFFFFFFFFFFFFF99
:101B5C00FFFFFFFFFFFFFFFFFFFFFFFFFFFFFFFF89
:101B6C00FFFFFFFFFFFFFFFFFFFFFFFFFFFFFFFF79
:101B7C00FFFFFFFFFFFFFFFFFFFFFFFFFFFFFFFF69
:101B8C00FFFFFFFFFFFFFFFFFFFFFFFFFFFFFFFF59
:101B9C00FFFFFFFFFFFFFFFFFFFFFFFFFFFFFFFF49
:101BAC00FFFFFFFFFFFFFFFFFFFFFFFFFFFFFFFF39
:101BBC00FFFFFFFFFFFFFFFFFFFFFFFFFFFFFFFF29
:101BCC00FFFFFFFFFFFFFFFFFFFFFFFFFFFFFFFF19
:101BDC00FFFFFFFFFFFFFFFFFFFFFFFFFFFFFFFF09
:101BEC00FFFFFFFFFFFFFFFFFFFFFFFFFFFFFFFFF9
:101BFC00FFFFFFFF000000000000000000000000DD
:101C0C0000000000000000000000000000000000C8
:101C1C0000000000000000000000000000000000B8
:101C2C0000000000000000000000000000000000A8
:101C3C000000000000000000000000000000000098
:101C4C000000000000000000000000000000000088
:101C5C000000000000000000000000000000000078
:101C6C000000000000000000000000000000000068
:101C7C000000000000000000000000000000000058
:101C8C000000000000000000000000000000000048
:101C9C000000000000000000000000000000000038
:101CAC000000000000000000000000000000000028
:101CBC000000000000000000000000000000000018
:101CCC000000000000000000000000000000000008
:101CDC0000000000000000000000000000000000F8
:101CEC0000000000000000000000000000000000E8
:101CFC0000000000000000000000000000000000D8
:101D0C0000000000000000000000000000000000C7
:101D1C0000000000000000000000000000000000B7
:101D2C0000000000000000000000000000000000A7
:101D3C000000000000000000000000000000000097
:101D4C000000000000000000000000000000000087
:101D5C000000000000000000000000000000000077
:101D6C000000000000000000000000000000000067
:101D7C000000000000000000000000000000000057
:101D8C000000000000000000000000000000000047
:101D9C000000000000000000000000000000000037
:101DAC000000000000000000000000000000000027
:101DBC000000000000000000000000000000000017
:101DCC000000000000000000000000000000000007
:101DDC0000000000000000000000000000000000F7
:101DEC0000000000000000000000000000000000E7
:101DFC0000000000000000000000000000000000D7
:101E0C0000000000000000000000000000000000C6
:101E1C0000000000000000000000000000000000B6
:101E2C0000000000000000000000000000000000A6
:101E3C000000000000000000000000000000000096
:101E4C000000000000000000000000000000000086
:101E5C000000000000000000000000000000000076
:101E6C000000000000000000000000000000000066
:101E7C000000000000000000000000000000000056
:101E8C000000000000000000000000000000000046
:101E9C000000000000000000000000000000000036
:101EAC000000000000000000000000000000000026
:101EBC000000000000000000000000000000000016
:101ECC000000000000000000000000000000000006
:101EDC0000000000000000000000000000000000F6
:101EEC0000000000000000000000000000000000E6
:101EFC0000000000000000000000000000000000D6
:101F0C0000000000000000000000000000000000C5
:101F1C0000000000000000000000000000000000B5
:101F2C0000000000000000000000000000000000A5
:101F3C000000000000000000000000000000000095
:101F4C000000000000000000000000000000000085
:101F5C000000000000000000000000000000000075
:101F6C000000000000000000000000000000000065
:101F7C000000000000000000000000000000000055
:101F8C000000000000000000000000000000000045
:101F9C000000000000000000000000000000000035
:101FAC000000000000000000000000000000000025
:101FBC000000000000000000000000000000000015
:101FCC000000000000000000000000000000000005
:101FDC0000000000000000000000000000000000F5
:101FEC0000000000000000000000000000000000E5
:101FFC0000000000000000000000000000000000D5
:10200C0000000000000000000000000000000000C4
:10201C0000000000000000000000000000000000B4
:10202C0000000000000000000000000000000000A4
:10203C000000000000000000000000000000000094
:10204C000000000000000000000000000000000084
:10205C000000000000000000000000000000000074
:10206C000000000000000000000000000000000064
:10207C000000000000000000000000000000000054
:10208C000000000000000000000000000000000044
:10209C000000000000000000000000000000000034
:1020AC000000000000000000000000000000000024
:1020BC000000000000000000000000000000000014
:1020CC000000000000000000000000000000000004
:1020DC0000000000000000000000000000000000F4
:1020EC0000000000000000000000000000000000E4
:1020FC0000000000000000000000000000000000D4
:10210C0000000000000000000000000000000000C3
:10211C0000000000000000000000000000000000B3
:10212C0000000000000000000000000000000000A3
:10213C000000000000000000000000000000000093
:10214C000000000000000000000000000000000083
:10215C000000000000000000000000000000000073
:10216C000000000000000000000000000000000063
:10217C000000000000000000000000000000000053
:10218C000000000000000000000000000000000043
:10219C000000000000000000000000000000000033
:1021AC000000000000000000000000000000000023
:1021BC000000000000000000000000000000000013
:1021CC000000000000000000000000000000000003
:1021DC0000000000000000000000000000000000F3
:1021EC0000000000000000000000000000000000E3
:1021FC0000000000000000000000000000000000D3
:10220C0000000000000000000000000000000000C2
:10221C0000000000000000000000000000000000B2
:10222C0000000000000000000000000000000000A2
:10223C000000000000000000000000000000000092
:10224C000000000000000000000000000000000082
:10225C000000000000000000000000000000000072
:10226C000000000000000000000000000000000062
:10227C000000000000000000000000000000000052
:10228C000000000000000000000000000000000042
:10229C000000000000000000000000000000000032
:1022AC000000000000000000000000000000000022
:1022BC000000000000000000000000000000000012
:1022CC000000000000000000000000000000000002
:1022DC0000000000000000000000000000000000F2
:1022EC0000000000000000000000000000000000E2
:1022FC0000000000000000000000000000000000D2
:10230C0000000000000000000000000000000000C1
:10231C0000000000000000000000000000000000B1
:10232C0000000000000000000000000000000000A1
:10233C000000000000000000000000000000000091
:10234C000000000000000000000000000000000081
:10235C000000000000000000000000000000000071
:10236C000000000000000000000000000000000061
:10237C000000000000000000000000000000000051
:10238C000000000000000000000000000000000041
:10239C000000000000000000000000000000000031
:1023AC000000000000000000000000000000000021
:1023BC000000000000000000000000000000000011
:1023CC000000000000000000000000000000000001
:1023DC0000000000000000000000000000000000F1
:1023EC0000000000000000000000000000000000E1
:1023FC0000000000000000000000000000000000D1
:10240C0000000000000000000000000000000000C0
:10241C0000000000000000000000000000000000B0
:10242C0000000000000000000000000000000000A0
:10243C000000000000000000000000000000000090
:10244C000000000000000000000000000000000080
:10245C000000000000000000000000000000000070
:10246C000000000000000000000000000000000060
:10247C000000000000000000000000000000000050
:10248C000000000000000000000000000000000040
:10249C000000000000000000000000000000000030
:1024AC000000000000000000000000000000000020
:1024BC000000000000000000000000000000000010
:1024CC000000000000000000000000000000000000
:1024DC0000000000000000000000000000000000F0
:1024EC0000000000000000000000000000000000E0
:1024FC0000000000000000000000000000000000D0
:10250C0000000000000000000000000000000000BF
:10251C0000000000000000000000000000000000AF
:10252C00000000000000000000000000000000009F
:10253C00000000000000000000000000000000008F
:10254C00000000000000000000000000000000007F
:10255C00000000000000000000000000000000006F
:10256C00000000000000000000000000000000005F
:10257C00000000000000000000000000000000004F
:10258C00000000000000000000000000000000003F
:10259C00000000000000000000000000000000002F
:1025AC00000000000000000000000000000000001F
:1025BC00000000000000000000000000000000000F
:1025CC0000000000000000000000000000000000FF
:1025DC0000000000000000000000000000000000EF
:1025EC0000000000000000000000000000000000DF
:1025FC0000000000000000000000000000000000CF
:10260C0000000000000000000000000000000000BE
:10261C0000000000000000000000000000000000AE
:10262C00000000000000000000000000000000009E
:10263C00000000000000000000000000000000008E
:10264C00000000000000000000000000000000007E
:10265C00000000000000000000000000000000006E
:10266C00000000000000000000000000000000005E
:10267C00000000000000000000000000000000004E
:10268C00000000000000000000000000000000003E
:10269C00000000000000000000000000000000002E
:1026AC00000000000000000000000000000000001E
:1026BC00000000000000000000000000000000000E
:1026CC0000000000000000000000000000000000FE
:1026DC0000000000000000000000000000000000EE
:1026EC0000000000000000000000000000000000DE
:1026FC0000000000000000000000000000000000CE
:10270C0000000000000000000000000000000000BD
:10271C0000000000000000000000000000000000AD
:10272C00000000000000000000000000000000009D
:10273C00000000000000000000000000000000008D
:10274C00000000000000000000000000000000007D
:10275C00000000000000000000000000000000006D
:10276C00000000000000000000000000000000005D
:10277C00000000000000000000000000000000004D
:10278C00000000000000000000000000000000003D
:10279C00000000000000000000000000000000002D
:1027AC00000000000000000000000000000000001D
:1027BC00000000000000000000000000000000000D
:1027CC0000000000000000000000000000000000FD
:1027DC0000000000000000000000000000000000ED
:1027EC0000000000000000000000000000000000DD
:0427FC0000000000D9
:040000056000100087
:00000001FF
