:0200000460009A
:100000004643464200000156000000000103030081
:1000100000000000000000000000000000000000E0
:1000200000000000000000000000000000000000D0
:1000300000000000000000000000000000000000C0
:1000400000000000010408000000000000000000A3
:100050000000800000000000000000000000000020
:100060000000000000000000000000000000000090
:100070000000000000000000000000000000000080
:10008000EB04180A063204260000000000000000FD
:10009000050404240000000000000000000000002F
:1000A0000000000000000000000000000000000050
:1000B0000604000000000000000000000000000036
:1000C0000000000000000000000000000000000030
:1000D00020041808000000000000000000000000DC
:1000E0000000000000000000000000000000000010
:1000F0000000000000000000000000000000000000
:10010000D8041808000000000000000000000000F3
:100110000204180804200000000000000000000095
:1001200000000000000000000000000000000000CF
:10013000600400000000000000000000000000005B
:1001400000000000000000000000000000000000AF
:10015000000000000000000000000000000000009F
:10016000000000000000000000000000000000008F
:10017000000000000000000000000000000000007F
:10018000000000000000000000000000000000006F
:10019000000000000000000000000000000000005F
:1001A000000000000000000000000000000000004F
:1001B000000000000000000000000000000000003F
:1001C000000100000010000001000000000000001D
:1001D000000001000000000000000000000000001E
:1001E000000000000000000000000000000000000F
:1001F00000000000000000000000000000000000FF
:10020000FFFFFFFFFFFFFFFFFFFFFFFFFFFFFFFFFE
:10021000FFFFFFFFFFFFFFFFFFFFFFFFFFFFFFFFEE
:10022000FFFFFFFFFFFFFFFFFFFFFFFFFFFFFFFFDE
:10023000FFFFFFFFFFFFFFFFFFFFFFFFFFFFFFFFCE
:10024000FFFFFFFFFFFFFFFFFFFFFFFFFFFFFFFFBE
:10025000FFFFFFFFFFFFFFFFFFFFFFFFFFFFFFFFAE
:10026000FFFFFFFFFFFFFFFFFFFFFFFFFFFFFFFF9E
:10027000FFFFFFFFFFFFFFFFFFFFFFFFFFFFFFFF8E
:10028000FFFFFFFFFFFFFFFFFFFFFFFFFFFFFFFF7E
:10029000FFFFFFFFFFFFFFFFFFFFFFFFFFFFFFFF6E
:1002A000FFFFFFFFFFFFFFFFFFFFFFFFFFFFFFFF5E
:1002B000FFFFFFFFFFFFFFFFFFFFFFFFFFFFFFFF4E
:1002C000FFFFFFFFFFFFFFFFFFFFFFFFFFFFFFFF3E
:1002D000FFFFFFFFFFFFFFFFFFFFFFFFFFFFFFFF2E
:1002E000FFFFFFFFFFFFFFFFFFFFFFFFFFFFFFFF1E
:1002F000FFFFFFFFFFFFFFFFFFFFFFFFFFFFFFFF0E
:10030000FFFFFFFFFFFFFFFFFFFFFFFFFFFFFFFFFD
:10031000FFFFFFFFFFFFFFFFFFFFFFFFFFFFFFFFED
:10032000FFFFFFFFFFFFFFFFFFFFFFFFFFFFFFFFDD
:10033000FFFFFFFFFFFFFFFFFFFFFFFFFFFFFFFFCD
:10034000FFFFFFFFFFFFFFFFFFFFFFFFFFFFFFFFBD
:10035000FFFFFFFFFFFFFFFFFFFFFFFFFFFFFFFFAD
:10036000FFFFFFFFFFFFFFFFFFFFFFFFFFFFFFFF9D
:10037000FFFFFFFFFFFFFFFFFFFFFFFFFFFFFFFF8D
:10038000FFFFFFFFFFFFFFFFFFFFFFFFFFFFFFFF7D
:10039000FFFFFFFFFFFFFFFFFFFFFFFFFFFFFFFF6D
:1003A000FFFFFFFFFFFFFFFFFFFFFFFFFFFFFFFF5D
:1003B000FFFFFFFFFFFFFFFFFFFFFFFFFFFFFFFF4D
:1003C000FFFFFFFFFFFFFFFFFFFFFFFFFFFFFFFF3D
:1003D000FFFFFFFFFFFFFFFFFFFFFFFFFFFFFFFF2D
:1003E000FFFFFFFFFFFFFFFFFFFFFFFFFFFFFFFF1D
:1003F000FFFFFFFFFFFFFFFFFFFFFFFFFFFFFFFF0D
:10040000FFFFFFFFFFFFFFFFFFFFFFFFFFFFFFFFFC
:10041000FFFFFFFFFFFFFFFFFFFFFFFFFFFFFFFFEC
:10042000FFFFFFFFFFFFFFFFFFFFFFFFFFFFFFFFDC
:10043000FFFFFFFFFFFFFFFFFFFFFFFFFFFFFFFFCC
:10044000FFFFFFFFFFFFFFFFFFFFFFFFFFFFFFFFBC
:10045000FFFFFFFFFFFFFFFFFFFFFFFFFFFFFFFFAC
:10046000FFFFFFFFFFFFFFFFFFFFFFFFFFFFFFFF9C
:10047000FFFFFFFFFFFFFFFFFFFFFFFFFFFFFFFF8C
:10048000FFFFFFFFFFFFFFFFFFFFFFFFFFFFFFFF7C
:10049000FFFFFFFFFFFFFFFFFFFFFFFFFFFFFFFF6C
:1004A000FFFFFFFFFFFFFFFFFFFFFFFFFFFFFFFF5C
:1004B000FFFFFFFFFFFFFFFFFFFFFFFFFFFFFFFF4C
:1004C000FFFFFFFFFFFFFFFFFFFFFFFFFFFFFFFF3C
:1004D000FFFFFFFFFFFFFFFFFFFFFFFFFFFFFFFF2C
:1004E000FFFFFFFFFFFFFFFFFFFFFFFFFFFFFFFF1C
:1004F000FFFFFFFFFFFFFFFFFFFFFFFFFFFFFFFF0C
:10050000FFFFFFFFFFFFFFFFFFFFFFFFFFFFFFFFFB
:10051000FFFFFFFFFFFFFFFFFFFFFFFFFFFFFFFFEB
:10052000FFFFFFFFFFFFFFFFFFFFFFFFFFFFFFFFDB
:10053000FFFFFFFFFFFFFFFFFFFFFFFFFFFFFFFFCB
:10054000FFFFFFFFFFFFFFFFFFFFFFFFFFFFFFFFBB
:10055000FFFFFFFFFFFFFFFFFFFFFFFFFFFFFFFFAB
:10056000FFFFFFFFFFFFFFFFFFFFFFFFFFFFFFFF9B
:10057000FFFFFFFFFFFFFFFFFFFFFFFFFFFFFFFF8B
:10058000FFFFFFFFFFFFFFFFFFFFFFFFFFFFFFFF7B
:10059000FFFFFFFFFFFFFFFFFFFFFFFFFFFFFFFF6B
:1005A000FFFFFFFFFFFFFFFFFFFFFFFFFFFFFFFF5B
:1005B000FFFFFFFFFFFFFFFFFFFFFFFFFFFFFFFF4B
:1005C000FFFFFFFFFFFFFFFFFFFFFFFFFFFFFFFF3B
:1005D000FFFFFFFFFFFFFFFFFFFFFFFFFFFFFFFF2B
:1005E000FFFFFFFFFFFFFFFFFFFFFFFFFFFFFFFF1B
:1005F000FFFFFFFFFFFFFFFFFFFFFFFFFFFFFFFF0B
:10060000FFFFFFFFFFFFFFFFFFFFFFFFFFFFFFFFFA
:10061000FFFFFFFFFFFFFFFFFFFFFFFFFFFFFFFFEA
:10062000FFFFFFFFFFFFFFFFFFFFFFFFFFFFFFFFDA
:10063000FFFFFFFFFFFFFFFFFFFFFFFFFFFFFFFFCA
:10064000FFFFFFFFFFFFFFFFFFFFFFFFFFFFFFFFBA
:10065000FFFFFFFFFFFFFFFFFFFFFFFFFFFFFFFFAA
:10066000FFFFFFFFFFFFFFFFFFFFFFFFFFFFFFFF9A
:10067000FFFFFFFFFFFFFFFFFFFFFFFFFFFFFFFF8A
:10068000FFFFFFFFFFFFFFFFFFFFFFFFFFFFFFFF7A
:10069000FFFFFFFFFFFFFFFFFFFFFFFFFFFFFFFF6A
:1006A000FFFFFFFFFFFFFFFFFFFFFFFFFFFFFFFF5A
:1006B000FFFFFFFFFFFFFFFFFFFFFFFFFFFFFFFF4A
:1006C000FFFFFFFFFFFFFFFFFFFFFFFFFFFFFFFF3A
:1006D000FFFFFFFFFFFFFFFFFFFFFFFFFFFFFFFF2A
:1006E000FFFFFFFFFFFFFFFFFFFFFFFFFFFFFFFF1A
:1006F000FFFFFFFFFFFFFFFFFFFFFFFFFFFFFFFF0A
:10070000FFFFFFFFFFFFFFFFFFFFFFFFFFFFFFFFF9
:10071000FFFFFFFFFFFFFFFFFFFFFFFFFFFFFFFFE9
:10072000FFFFFFFFFFFFFFFFFFFFFFFFFFFFFFFFD9
:10073000FFFFFFFFFFFFFFFFFFFFFFFFFFFFFFFFC9
:10074000FFFFFFFFFFFFFFFFFFFFFFFFFFFFFFFFB9
:10075000FFFFFFFFFFFFFFFFFFFFFFFFFFFFFFFFA9
:10076000FFFFFFFFFFFFFFFFFFFFFFFFFFFFFFFF99
:10077000FFFFFFFFFFFFFFFFFFFFFFFFFFFFFFFF89
:10078000FFFFFFFFFFFFFFFFFFFFFFFFFFFFFFFF79
:10079000FFFFFFFFFFFFFFFFFFFFFFFFFFFFFFFF69
:1007A000FFFFFFFFFFFFFFFFFFFFFFFFFFFFFFFF59
:1007B000FFFFFFFFFFFFFFFFFFFFFFFFFFFFFFFF49
:1007C000FFFFFFFFFFFFFFFFFFFFFFFFFFFFFFFF39
:1007D000FFFFFFFFFFFFFFFFFFFFFFFFFFFFFFFF29
:1007E000FFFFFFFFFFFFFFFFFFFFFFFFFFFFFFFF19
:1007F000FFFFFFFFFFFFFFFFFFFFFFFFFFFFFFFF09
:10080000FFFFFFFFFFFFFFFFFFFFFFFFFFFFFFFFF8
:10081000FFFFFFFFFFFFFFFFFFFFFFFFFFFFFFFFE8
:10082000FFFFFFFFFFFFFFFFFFFFFFFFFFFFFFFFD8
:10083000FFFFFFFFFFFFFFFFFFFFFFFFFFFFFFFFC8
:10084000FFFFFFFFFFFFFFFFFFFFFFFFFFFFFFFFB8
:10085000FFFFFFFFFFFFFFFFFFFFFFFFFFFFFFFFA8
:10086000FFFFFFFFFFFFFFFFFFFFFFFFFFFFFFFF98
:10087000FFFFFFFFFFFFFFFFFFFFFFFFFFFFFFFF88
:10088000FFFFFFFFFFFFFFFFFFFFFFFFFFFFFFFF78
:10089000FFFFFFFFFFFFFFFFFFFFFFFFFFFFFFFF68
:1008A000FFFFFFFFFFFFFFFFFFFFFFFFFFFFFFFF58
:1008B000FFFFFFFFFFFFFFFFFFFFFFFFFFFFFFFF48
:1008C000FFFFFFFFFFFFFFFFFFFFFFFFFFFFFFFF38
:1008D000FFFFFFFFFFFFFFFFFFFFFFFFFFFFFFFF28
:1008E000FFFFFFFFFFFFFFFFFFFFFFFFFFFFFFFF18
:1008F000FFFFFFFFFFFFFFFFFFFFFFFFFFFFFFFF08
:10090000FFFFFFFFFFFFFFFFFFFFFFFFFFFFFFFFF7
:10091000FFFFFFFFFFFFFFFFFFFFFFFFFFFFFFFFE7
:10092000FFFFFFFFFFFFFFFFFFFFFFFFFFFFFFFFD7
:10093000FFFFFFFFFFFFFFFFFFFFFFFFFFFFFFFFC7
:10094000FFFFFFFFFFFFFFFFFFFFFFFFFFFFFFFFB7
:10095000FFFFFFFFFFFFFFFFFFFFFFFFFFFFFFFFA7
:10096000FFFFFFFFFFFFFFFFFFFFFFFFFFFFFFFF97
:10097000FFFFFFFFFFFFFFFFFFFFFFFFFFFFFFFF87
:10098000FFFFFFFFFFFFFFFFFFFFFFFFFFFFFFFF77
:10099000FFFFFFFFFFFFFFFFFFFFFFFFFFFFFFFF67
:1009A000FFFFFFFFFFFFFFFFFFFFFFFFFFFFFFFF57
:1009B000FFFFFFFFFFFFFFFFFFFFFFFFFFFFFFFF47
:1009C000FFFFFFFFFFFFFFFFFFFFFFFFFFFFFFFF37
:1009D000FFFFFFFFFFFFFFFFFFFFFFFFFFFFFFFF27
:1009E000FFFFFFFFFFFFFFFFFFFFFFFFFFFFFFFF17
:1009F000FFFFFFFFFFFFFFFFFFFFFFFFFFFFFFFF07
:100A0000FFFFFFFFFFFFFFFFFFFFFFFFFFFFFFFFF6
:100A1000FFFFFFFFFFFFFFFFFFFFFFFFFFFFFFFFE6
:100A2000FFFFFFFFFFFFFFFFFFFFFFFFFFFFFFFFD6
:100A3000FFFFFFFFFFFFFFFFFFFFFFFFFFFFFFFFC6
:100A4000FFFFFFFFFFFFFFFFFFFFFFFFFFFFFFFFB6
:100A5000FFFFFFFFFFFFFFFFFFFFFFFFFFFFFFFFA6
:100A6000FFFFFFFFFFFFFFFFFFFFFFFFFFFFFFFF96
:100A7000FFFFFFFFFFFFFFFFFFFFFFFFFFFFFFFF86
:100A8000FFFFFFFFFFFFFFFFFFFFFFFFFFFFFFFF76
:100A9000FFFFFFFFFFFFFFFFFFFFFFFFFFFFFFFF66
:100AA000FFFFFFFFFFFFFFFFFFFFFFFFFFFFFFFF56
:100AB000FFFFFFFFFFFFFFFFFFFFFFFFFFFFFFFF46
:100AC000FFFFFFFFFFFFFFFFFFFFFFFFFFFFFFFF36
:100AD000FFFFFFFFFFFFFFFFFFFFFFFFFFFFFFFF26
:100AE000FFFFFFFFFFFFFFFFFFFFFFFFFFFFFFFF16
:100AF000FFFFFFFFFFFFFFFFFFFFFFFFFFFFFFFF06
:100B0000FFFFFFFFFFFFFFFFFFFFFFFFFFFFFFFFF5
:100B1000FFFFFFFFFFFFFFFFFFFFFFFFFFFFFFFFE5
:100B2000FFFFFFFFFFFFFFFFFFFFFFFFFFFFFFFFD5
:100B3000FFFFFFFFFFFFFFFFFFFFFFFFFFFFFFFFC5
:100B4000FFFFFFFFFFFFFFFFFFFFFFFFFFFFFFFFB5
:100B5000FFFFFFFFFFFFFFFFFFFFFFFFFFFFFFFFA5
:100B6000FFFFFFFFFFFFFFFFFFFFFFFFFFFFFFFF95
:100B7000FFFFFFFFFFFFFFFFFFFFFFFFFFFFFFFF85
:100B8000FFFFFFFFFFFFFFFFFFFFFFFFFFFFFFFF75
:100B9000FFFFFFFFFFFFFFFFFFFFFFFFFFFFFFFF65
:100BA000FFFFFFFFFFFFFFFFFFFFFFFFFFFFFFFF55
:100BB000FFFFFFFFFFFFFFFFFFFFFFFFFFFFFFFF45
:100BC000FFFFFFFFFFFFFFFFFFFFFFFFFFFFFFFF35
:100BD000FFFFFFFFFFFFFFFFFFFFFFFFFFFFFFFF25
:100BE000FFFFFFFFFFFFFFFFFFFFFFFFFFFFFFFF15
:100BF000FFFFFFFFFFFFFFFFFFFFFFFFFFFFFFFF05
:100C0000FFFFFFFFFFFFFFFFFFFFFFFFFFFFFFFFF4
:100C1000FFFFFFFFFFFFFFFFFFFFFFFFFFFFFFFFE4
:100C2000FFFFFFFFFFFFFFFFFFFFFFFFFFFFFFFFD4
:100C3000FFFFFFFFFFFFFFFFFFFFFFFFFFFFFFFFC4
:100C4000FFFFFFFFFFFFFFFFFFFFFFFFFFFFFFFFB4
:100C5000FFFFFFFFFFFFFFFFFFFFFFFFFFFFFFFFA4
:100C6000FFFFFFFFFFFFFFFFFFFFFFFFFFFFFFFF94
:100C7000FFFFFFFFFFFFFFFFFFFFFFFFFFFFFFFF84
:100C8000FFFFFFFFFFFFFFFFFFFFFFFFFFFFFFFF74
:100C9000FFFFFFFFFFFFFFFFFFFFFFFFFFFFFFFF64
:100CA000FFFFFFFFFFFFFFFFFFFFFFFFFFFFFFFF54
:100CB000FFFFFFFFFFFFFFFFFFFFFFFFFFFFFFFF44
:100CC000FFFFFFFFFFFFFFFFFFFFFFFFFFFFFFFF34
:100CD000FFFFFFFFFFFFFFFFFFFFFFFFFFFFFFFF24
:100CE000FFFFFFFFFFFFFFFFFFFFFFFFFFFFFFFF14
:100CF000FFFFFFFFFFFFFFFFFFFFFFFFFFFFFFFF04
:100D0000FFFFFFFFFFFFFFFFFFFFFFFFFFFFFFFFF3
:100D1000FFFFFFFFFFFFFFFFFFFFFFFFFFFFFFFFE3
:100D2000FFFFFFFFFFFFFFFFFFFFFFFFFFFFFFFFD3
:100D3000FFFFFFFFFFFFFFFFFFFFFFFFFFFFFFFFC3
:100D4000FFFFFFFFFFFFFFFFFFFFFFFFFFFFFFFFB3
:100D5000FFFFFFFFFFFFFFFFFFFFFFFFFFFFFFFFA3
:100D6000FFFFFFFFFFFFFFFFFFFFFFFFFFFFFFFF93
:100D7000FFFFFFFFFFFFFFFFFFFFFFFFFFFFFFFF83
:100D8000FFFFFFFFFFFFFFFFFFFFFFFFFFFFFFFF73
:100D9000FFFFFFFFFFFFFFFFFFFFFFFFFFFFFFFF63
:100DA000FFFFFFFFFFFFFFFFFFFFFFFFFFFFFFFF53
:100DB000FFFFFFFFFFFFFFFFFFFFFFFFFFFFFFFF43
:100DC000FFFFFFFFFFFFFFFFFFFFFFFFFFFFFFFF33
:100DD000FFFFFFFFFFFFFFFFFFFFFFFFFFFFFFFF23
:100DE000FFFFFFFFFFFFFFFFFFFFFFFFFFFFFFFF13
:100DF000FFFFFFFFFFFFFFFFFFFFFFFFFFFFFFFF03
:100E0000FFFFFFFFFFFFFFFFFFFFFFFFFFFFFFFFF2
:100E1000FFFFFFFFFFFFFFFFFFFFFFFFFFFFFFFFE2
:100E2000FFFFFFFFFFFFFFFFFFFFFFFFFFFFFFFFD2
:100E3000FFFFFFFFFFFFFFFFFFFFFFFFFFFFFFFFC2
:100E4000FFFFFFFFFFFFFFFFFFFFFFFFFFFFFFFFB2
:100E5000FFFFFFFFFFFFFFFFFFFFFFFFFFFFFFFFA2
:100E6000FFFFFFFFFFFFFFFFFFFFFFFFFFFFFFFF92
:100E7000FFFFFFFFFFFFFFFFFFFFFFFFFFFFFFFF82
:100E8000FFFFFFFFFFFFFFFFFFFFFFFFFFFFFFFF72
:100E9000FFFFFFFFFFFFFFFFFFFFFFFFFFFFFFFF62
:100EA000FFFFFFFFFFFFFFFFFFFFFFFFFFFFFFFF52
:100EB000FFFFFFFFFFFFFFFFFFFFFFFFFFFFFFFF42
:100EC000FFFFFFFFFFFFFFFFFFFFFFFFFFFFFFFF32
:100ED000FFFFFFFFFFFFFFFFFFFFFFFFFFFFFFFF22
:100EE000FFFFFFFFFFFFFFFFFFFFFFFFFFFFFFFF12
:100EF000FFFFFFFFFFFFFFFFFFFFFFFFFFFFFFFF02
:100F0000FFFFFFFFFFFFFFFFFFFFFFFFFFFFFFFFF1
:100F1000FFFFFFFFFFFFFFFFFFFFFFFFFFFFFFFFE1
:100F2000FFFFFFFFFFFFFFFFFFFFFFFFFFFFFFFFD1
:100F3000FFFFFFFFFFFFFFFFFFFFFFFFFFFFFFFFC1
:100F4000FFFFFFFFFFFFFFFFFFFFFFFFFFFFFFFFB1
:100F5000FFFFFFFFFFFFFFFFFFFFFFFFFFFFFFFFA1
:100F6000FFFFFFFFFFFFFFFFFFFFFFFFFFFFFFFF91
:100F7000FFFFFFFFFFFFFFFFFFFFFFFFFFFFFFFF81
:100F8000FFFFFFFFFFFFFFFFFFFFFFFFFFFFFFFF71
:100F9000FFFFFFFFFFFFFFFFFFFFFFFFFFFFFFFF61
:100FA000FFFFFFFFFFFFFFFFFFFFFFFFFFFFFFFF51
:100FB000FFFFFFFFFFFFFFFFFFFFFFFFFFFFFFFF41
:100FC000FFFFFFFFFFFFFFFFFFFFFFFFFFFFFFFF31
:100FD000FFFFFFFFFFFFFFFFFFFFFFFFFFFFFFFF21
:100FE000FFFFFFFFFFFFFFFFFFFFFFFFFFFFFFFF11
:100FF000FFFFFFFFFFFFFFFFFFFFFFFFFFFFFFFF01
:10100000D10020434D1600600000000000000000E9
:10101000201000600010006000F00160000000007F
:101020000000006000FC010000000000FFFFFFFF67
:10103000FFFFFFFFFFFFFFFFFFFFFFFFFFFFFFFFC0
:10104000FFFFFFFFFFFFFFFFFFFFFFFFFFFFFFFFB0
:10105000FFFFFFFFFFFFFFFFFFFFFFFFFFFFFFFFA0
:10106000FFFFFFFFFFFFFFFFFFFFFFFFFFFFFFFF90
:10107000FFFFFFFFFFFFFFFFFFFFFFFFFFFFFFFF80
:10108000FFFFFFFFFFFFFFFFFFFFFFFFFFFFFFFF70
:10109000FFFFFFFFFFFFFFFFFFFFFFFFFFFFFFFF60
:1010A000FFFFFFFFFFFFFFFFFFFFFFFFFFFFFFFF50
:1010B000FFFFFFFFFFFFFFFFFFFFFFFFFFFFFFFF40
:1010C000FFFFFFFFFFFFFFFFFFFFFFFFFFFFFFFF30
:1010D000FFFFFFFFFFFFFFFFFFFFFFFFFFFFFFFF20
:1010E000FFFFFFFFFFFFFFFFFFFFFFFFFFFFFFFF10
:1010F000FFFFFFFFFFFFFFFFFFFFFFFFFFFFFFFF00
:10110000FFFFFFFFFFFFFFFFFFFFFFFFFFFFFFFFEF
:10111000FFFFFFFFFFFFFFFFFFFFFFFFFFFFFFFFDF
:10112000FFFFFFFFFFFFFFFFFFFFFFFFFFFFFFFFCF
:10113000FFFFFFFFFFFFFFFFFFFFFFFFFFFFFFFFBF
:10114000FFFFFFFFFFFFFFFFFFFFFFFFFFFFFFFFAF
:10115000FFFFFFFFFFFFFFFFFFFFFFFFFFFFFFFF9F
:10116000FFFFFFFFFFFFFFFFFFFFFFFFFFFFFFFF8F
:10117000FFFFFFFFFFFFFFFFFFFFFFFFFFFFFFFF7F
:10118000FFFFFFFFFFFFFFFFFFFFFFFFFFFFFFFF6F
:10119000FFFFFFFFFFFFFFFFFFFFFFFFFFFFFFFF5F
:1011A000FFFFFFFFFFFFFFFFFFFFFFFFFFFFFFFF4F
:1011B000FFFFFFFFFFFFFFFFFFFFFFFFFFFFFFFF3F
:1011C000FFFFFFFFFFFFFFFFFFFFFFFFFFFFFFFF2F
:1011D000FFFFFFFFFFFFFFFFFFFFFFFFFFFFFFFF1F
:1011E000FFFFFFFFFFFFFFFFFFFFFFFFFFFFFFFF0F
:1011F000FFFFFFFFFFFFFFFFFFFFFFFFFFFFFFFFFF
:10120000FFFFFFFFFFFFFFFFFFFFFFFFFFFFFFFFEE
:10121000FFFFFFFFFFFFFFFFFFFFFFFFFFFFFFFFDE
:10122000FFFFFFFFFFFFFFFFFFFFFFFFFFFFFFFFCE
:10123000FFFFFFFFFFFFFFFFFFFFFFFFFFFFFFFFBE
:10124000FFFFFFFFFFFFFFFFFFFFFFFFFFFFFFFFAE
:10125000FFFFFFFFFFFFFFFFFFFFFFFFFFFFFFFF9E
:10126000FFFFFFFFFFFFFFFFFFFFFFFFFFFFFFFF8E
:10127000FFFFFFFFFFFFFFFFFFFFFFFFFFFFFFFF7E
:10128000FFFFFFFFFFFFFFFFFFFFFFFFFFFFFFFF6E
:10129000FFFFFFFFFFFFFFFFFFFFFFFFFFFFFFFF5E
:1012A000FFFFFFFFFFFFFFFFFFFFFFFFFFFFFFFF4E
:1012B000FFFFFFFFFFFFFFFFFFFFFFFFFFFFFFFF3E
:1012C000FFFFFFFFFFFFFFFFFFFFFFFFFFFFFFFF2E
:1012D000FFFFFFFFFFFFFFFFFFFFFFFFFFFFFFFF1E
:1012E000FFFFFFFFFFFFFFFFFFFFFFFFFFFFFFFF0E
:1012F000FFFFFFFFFFFFFFFFFFFFFFFFFFFFFFFFFE
:10130000FFFFFFFFFFFFFFFFFFFFFFFFFFFFFFFFED
:10131000FFFFFFFFFFFFFFFFFFFFFFFFFFFFFFFFDD
:10132000FFFFFFFFFFFFFFFFFFFFFFFFFFFFFFFFCD
:10133000FFFFFFFFFFFFFFFFFFFFFFFFFFFFFFFFBD
:10134000FFFFFFFFFFFFFFFFFFFFFFFFFFFFFFFFAD
:10135000FFFFFFFFFFFFFFFFFFFFFFFFFFFFFFFF9D
:10136000FFFFFFFFFFFFFFFFFFFFFFFFFFFFFFFF8D
:10137000FFFFFFFFFFFFFFFFFFFFFFFFFFFFFFFF7D
:10138000FFFFFFFFFFFFFFFFFFFFFFFFFFFFFFFF6D
:10139000FFFFFFFFFFFFFFFFFFFFFFFFFFFFFFFF5D
:1013A000FFFFFFFFFFFFFFFFFFFFFFFFFFFFFFFF4D
:1013B000FFFFFFFFFFFFFFFFFFFFFFFFFFFFFFFF3D
:1013C000FFFFFFFFFFFFFFFFFFFFFFFFFFFFFFFF2D
:1013D000FFFFFFFFFFFFFFFFFFFFFFFFFFFFFFFF1D
:1013E000FFFFFFFFFFFFFFFFFFFFFFFFFFFFFFFF0D
:1013F000FFFFFFFFFFFFFFFFFFFFFFFFFFFFFFFFFD
:10140000814205D051F8043B40F8043B8242F9D8B0
:10141000704700BF044A05494FF0000342F8043BFF
:101420009142FBD8704700BFC096002040C9002001
:101430002DE98848BFF34F8F00BF00BF00BF00BF3A
:1014400000F042F9684B0822C3F8542100BF00BFE6
:1014500000BF00BF00BF00BF00BF00BF00BF00BF94
:1014600000BF00BF00BF00BF00BF00BF5F4A6049B0
:101470006048FFF7C5FF604A60496148FFF7C0FF59
:10148000604CFFF7C7FF4FF470004FF0E0210023DE
:101490005D4AC1F8880D44F823200133B02BFAD1FE
:1014A0005A4B80215A4A03F8011B9342FBD14FF05B
:1014B000E0254D4E4FF08039DFF884B1DFF884A18C
:1014C0004FF0FF31C5F8084D0027C6F80491C6F863
:1014D00000B1C6F8F490C6F8F0A0D5F8243DDFF8C6
:1014E000688143F4E0234B4AC5F8243DD8F81C300A
:1014F00023F07F0343F04003C8F81C30D8F82430B1
:1015000023F07F0343F04003C8F824309166D1668E
:101510001167516700F0E0F83F4B4049A363404B2F
:10152000E36363236B610323AF612B613D4BC5F81C
:10153000203DD5F8FC3D43F08073C5F8FC3D3A4BA7
:101540001A6842F001021A605B680B6000F00EFB43
:10155000C6F804913548C6F800B1C6F8F490C6F84C
:10156000F0A000F081FCD8F86C10314B314A41F406
:101570004051C8F86C101F60C3F80871C3F81871A7
:10158000C3F82871C3F83871936BDB0708D442F6AF
:101590001563294951651365936B43F00103936308
:1015A000244A264C936843F00113936000F01CF921
:1015B00000F060F800F044FC00F006FB00F086F854
:1015C0002368132BFCD900F097FB2368B3F5967FB3
:1015D000FBD300F07FF800F07BF800F035FC00F062
:1015E0003BFC30BFFDE700BF00800D4078370100B5
:1015F000BC1F006000000000C0960020385701604A
:1016000000000020009400207166000000E400E06B
:10161000A0E400E000C00A40297B0000D4C80020FC
:101620002D7B000000002020001000E080D1F00899
:101630000040084000400D400000C056D8C80020BF
:101640001B1018200C0D111300C00F40054B4FF458
:101650002A01054A05485A641864054A9963954663
:10166000FFF7E6FE00C00A40BFAAAAAA07002000B2
:1016700000800620104BA020104AD96E41F4403162
:1016800010B4D96640F23764D96E41F44071D9661E
:1016900054649064936C1B06FCD4094A40F2376191
:1016A000A02351649364936C13F08003FBD1054A2B
:1016B00013705DF8044B704700C00F4000400C40B1
:1016C00000800C400CC90020704700BF704700BF6D
:1016D000704700BF00BF704710B44FF0E0230021F7
:1016E00010243148C3F8941DC3F89C4D1124C3F84D
:1016F000A00D2E48C3F89C4D1224C3F8A00D2C4811
:10170000C3F89C4D2B4AC3F8A00D2B4C42F0150298
:101710002A48C3F89C4DC3F8A00D294C2948C3F8AA
:101720009C4DC3F8A00D284CC3F89C2D2748284A8F
:10173000C3F8A04DC3F89C0DC3F8A02D02F5A0225C
:10174000244C0C322448C3F89C4DC3F8A02D234AE6
:10175000C3F89C0D224CC3F8A02D02F14062C3F8DF
:101760009C4D2048C3F8A02D0C32C3F89C0DC3F843
:10177000A02D00BF00BF00BF00BF00BF0122C3F803
:10178000942DBFF34F8FBFF36F8FC3F8501FBFF37C
:101790004F8FBFF36F8FD3F8142D5DF8044B42F4D5
:1017A0004032C3F8142D70473F0000102500080791
:1017B0000900100040C9002013002000210002078A
:1017C0001400002025000813090000101600202036
:1017D00027000B1317000040180000602F000B07B4
:1017E000190000701A000080F0B5B84B1822B84EEE
:1017F0000120B84F83B0C3F85C62B749C3F8607288
:10180000B64DC3F86462A6F53046B54CC3F86862BD
:10181000C3F86C52C3F87052C3F87452C3F87852CC
:1018200048F20C75DA661A675A679A67DA67C3F87E
:101830008020C3F88420C3F88820C1F82C03A94A6B
:10184000C1F83003C1F83403C1F83803C1F83C03D0
:10185000C1F85003A169A44B0A40A448A44913430A
:10186000A44AA361D4F8843043F00C03C4F8843054
:101870004FF0FF34036843F00203036003682B401A
:101880004FF400551A439C4B026044608A689B4C9D
:1018900013409B4A43F000538360C36823F07803EE
:1018A000C360036A134023430362036A1340954AEB
:1018B0002343954C43628262C2620022D1F8B83061
:1018C00023F03F0343F00103C0F8B830D1F8BC3037
:1018D0008E4923F03F0343F00103C0F8BC3040F2CF
:1018E0000563026105660467C0F880304566446799
:1018F0000224C0F88430036823F00203036081618E
:10190000834B8449C46143F8042B8B42FBD1774A53
:10191000136843F001031360136813F00103FBD154
:101920007A48022140F2F564906140F29940D16119
:1019300040F26641C2F8004242F20144C2F810127D
:101940007549C2F82002C2F8301240F2354173489E
:10195000C2F83442C2F84012714CC2F8500242F24E
:1019600001207049C2F854120121C2F86042C2F845
:1019700064025E48C2F8A030C2F8A430C2F8B010C9
:101980004369DA07FCD5012300244FF4803257491C
:101990004361C0F8A040C0F8A420C0F8B0304B6943
:1019A000DB07FCD5012300244FF400304F4A4B6184
:1019B000C1F8A040C1F8A400C1F8B0305369DF07F6
:1019C000FCD501230024584848495361C2F8A0407F
:1019D000C2F8A400C2F8B0304B69DE07FCD5D1F8DC
:1019E000003145F60D5221209BB24861934265D1EA
:1019F00000244FF4802201233C48C1F8A040C1F8E4
:101A0000A420C1F8B0304369DD07FCD501234FF4B1
:101A100000040021354A4361C0F8A040C0F8A4107A
:101A2000C0F8B0305369DC07FCD501234FF4000443
:101A30004FF480302D495361C2F8A040C2F8A40091
:101A4000C2F8B0304B69D807FCD501234FF400042D
:101A50004FF40030254A4B61C1F8A040C1F8A40002
:101A6000C1F8B0305369D907FCD501234FF4000405
:101A70002D481E495361C2F8A040C2F8A400C2F824
:101A8000B0304B69DA07FCD5D1F8003145F60D527C
:101A900021209BB24861934250D008254FF40004A6
:101AA00022490020224B234A009015705A1A012324
:101AB0002148224400F0D4F903B0F0BD1E4B0022AF
:101AC000C3E90022C3E9022203B0F0BD00801F4039
:101AD000F9B00100F910010000841F40F970010005
:101AE00000C00F40FFFCFF1F000300A000402A4081
:101AF00000802A401200FFFFFF37F70040000080FF
:101B000000FFF07CFF000F8363000200F05AF05AE0
:101B100000422A4000432A409F041830EB06180A6E
:101B20003806180A0632012604000300000000707F
:101B3000000000700DC90020DCC700204FF4000435
:101B40004FF4802201230848C1F8A040C1F8A42026
:101B5000C1F8B0304369DB07FCD5012310254FF0F5
:101B6000807443619CE700BF00402A40F0B4154AEE
:101B700040274FF480314FF480564FF400554FF416
:101B8000404443F24200136913F0020F0ED113F4E4
:101B9000005F0FD013F4805F0ED0002BF3DA13F444
:101BA000803F0BD15B060BD5F0BC7047946151614F
:101BB0009061E8E75561E6E75661E4E79161E2E7A5
:101BC0005761E0E700800D403F4A03203F49F3EEB4
:101BD000095AD2F880304FF0000C9FED3D6A23F097
:101BE00001039FED3C5A30B4C2F88030C2F8900037
:101BF000D1F8E010384DCBB2384C39482B6007EEA5
:101C0000903A0B0DC1F30B21F8EEE77A06EE903A0D
:101C100007EE101A334BB8EEC77A2160F8EEE66A89
:101C2000314937EEC66A37EEC55A76EEC76A77EEA7
:101C3000E57A26EE266AC3ED006A25EE265AD2F82A
:101C4000803067EEA64AC0ED007AC6EE275A2748D4
:101C500085EE276AC4EEA76A75EE875AFCEEE55A50
:101C600036EE076A15EE904ABCEEC66A43EA0453A4
:101C700076EE877AC2F8803016EE103AD2F89041AC
:101C8000FCEEE77A01EA0341214317EE903AC2F8ED
:101C90009011C3F30B03D2F890110B431449C2F80F
:101CA0009031D2F8803043F00203C2F88030114BFB
:101CB00080F840C0C1F840314FF0E023012230BC31
:101CC000C3F80821704700BF00810D4000441F4049
:101CD0000000AA420000B44244C8002040C80020CE
:101CE00048C800204CC800200000FF0F00E400E0BE
:101CF0000094002059680000314B40F6617210B525
:101D0000C3F8202140F2044400F0A2F82D4A2E49E5
:101D1000D2F880302D4843F00303C2F880302C4BBA
:101D2000C1F8604102681A4203D1D1F8A8319A077C
:101D30001BD0254A4FF00041244B5963D2F8403163
:101D400043F00203C2F84031D2F840319B07FBD484
:101D50004FF400304FF0E0211C4B4FF00042C1F82F
:101D60008C0219209A6300F087F8184A4FF08040DF
:101D7000154C002190630A20164B11604FF420721D
:101D8000C4F8A801184600F073F84FF48002034627
:101D90004FF4810040F243111860C4F858311A64BE
:101DA0000D4B0E4AC4F84811C3F804224FF0E0224C
:101DB0004FF400310123C2F80C11C4F8403110BDBA
:101DC00000800D4000C00F4000002E4000900D40EC
:101DD000001C1E000000002000940020416A00004A
:101DE00008B50E4B1B6E9B0700D4FBBE72B60C4BA6
:101DF00000200C4AC3F8400103F160430A49A3F5EF
:101E00005F2311649D46BFF34F8F4FF400130748C3
:101E1000074ADB6902609B68984700BF00441F4087
:101E200000002E4000C00A40030020000080202057
:101E3000000012EBF8B500BFF8BC08BC9E46704726
:101E40005FF800F07D6500005FF800F0B9B10000B8
:101E50005FF800F0B17100005FF800F0D961000098
:101E60005FF800F0BD7B00005FF800F04159000012
:101E70005FF800F0C9A500005FF800F0315C0000D9
:101E80004500000095010000991C0000C91F0000DA
:041E9000BD49000048
:101E940016035500530042002000530065007200F1
:101EA400690061006C0000001803540065006500BF
:101EB4006E00730079006400750069006E006F00A5
:101EC4000403090409026200030100C032080B0084
:101ED40002020201000904000001020201000524BB
:101EE4000010010524010101042402060524060052
:101EF400010705820310001009040100020A000012
:101F040000070503024000000705840240000009A1
:101F140004020002FF6AFF00070581024000010776
:101F2400050102400001000009026200030100C033
:101F340032080B000202020100090400000102023F
:101F440001000524001001052401010104240206F6
:101F54000524060001070582031000050904010099
:101F6400020A0000000705030200020007058402BC
:101F74000002000904020002FF6AC700070581028B
:101F84000002010705010200020100000A06000226
:101F9400EF02014001000000005EBCE2613FDD830E
:101FA400C29C7E20A3FD1F41009D23BE46DB65F835
:081FB4008C11AF32CA57E97429
:101FBC000000000000000000000000000000000015
:101FCC000000000000000000000000000000000005
:101FDC000548064B1B1AD90F01EBA301491002D07F
:101FEC00034B03B118477047C0960020C0960020E1
:101FFC000000000008B5054B1BB105490548AFF3BF
:10200C000080BDE80840FFF7E3BF00BF0000000000
:10201C00F0C7002000FC0160704700BF08B5836862
:10202C0003B19847044AD3889BB243F48043D380CE
:10203C00BFF34F8F08BD00BF00800B4008B583680D
:10204C0003B19847034A137803F0F7031370BFF3F7
:10205C004F8F08BD00400B400B4B186888B10368CC
:10206C000A4A1B6893420DD1836810B503B1984797
:10207C00074AD3889BB243F48043D380BFF34F8F7E
:10208C0010BD7047184700BFC0C000206D00000095
:10209C0000800B4038B5094A0025094B04461560F1
:1020AC001D7001F0DFF925601021064807F0BAFB1E
:1020BC000548BDE8384005F049B900BF709C0020C8
:1020CC00B08A0020480600206886002038B5194CDC
:1020DC000546237883B96378C3B9A378EBB9E37861
:1020EC0013BB0123102114482B6007F09BFB1348F2
:1020FC00BDE8384005F02AB90121022005F0C4FDE5
:10210C000F4B01221A706378002BE6D001210420BA
:10211C0005F0BAFDA378002BE1D00121032005F0D6
:10212C00B3FDE378002BDCD00121292005F0ACFDB8
:10213C00D7E700BF709C0020340600206886002082
:10214C00B08A002070B505F041FE154803F076FD0D
:10215C002021144803F0D4F9134E2121134803F025
:10216C00CFF9134D2721134803F0CAF9124C292239
:10217C001249304603F0A4FA2A461149304607F0BA
:10218C0037FD1049204603F03FF92A460E492046F8
:10219C0007F02EFD0D4B00210D4AC3E9002170BD47
:1021AC00949B0020609B002090B0002068C300200E
:1021BC00D08A0020E0C0002028C1002058880020D0
:1021CC00413700007886002069000000F4C8002028
:1021DC00000E00202DE9F04301218BB02320C64DC9
:1021EC0005F08EFD00212220C44C05F089FD012153
:1021FC000220C34F05F084FD01210420DFF88893F1
:10220C0005F07EFD0121032040F2EE2805F078FD5B
:10221C000121052005F074FD0021162005F070FD4C
:10222C0001211E2005F06CFD01211D2005F068FD2B
:10223C000121242005F064FD0121252005F060FD1D
:10224C000021262005F05CFD0121092005F058FD38
:10225C000121022005F018FD0121042005F014FDD8
:10226C000021052005F010FD0121032005F00CFDD7
:10227C0001211E2005F008FD01211D2005F004FDA3
:10228C000121202005F000FD0021092005F0FCFCB7
:10229C002E6807F045FB2378002B00F090813B78EB
:1022AC00DA0740F18C812B68D9F800209B1A0E2B91
:1022BC0040F2858193490024934803F0B9F993497E
:1022CC00934803F0B5F99349934803F0B1F907A883
:1022DC009249054605F0B4F8914904A804F0CEFBE8
:1022EC0004A9284605F0B6F901468E4805F008F811
:1022FC008C4805F02BF804A805F0F0F8284605F0FA
:10230C00EDF8894B9E88079406F0020620460134AE
:10231C0005F080FD05F8010B042CF7D10798431C40
:10232C0000F06381002E40F0668101F0B7FD079A42
:10233C007E4900247B4805F025F87D4A7D49136CC5
:10234C007D4843F400138C607C4D1364426F764BD4
:10235C0042F4403242672960794A7A497A48C2F895
:10236C00B01146F2A0124FF416511A8041F21032FD
:10237C001A8044F20A02DA801A8892B242F06C0295
:10238C001A804FF0E0221C814FF08053C2F80831C4
:10239C00224604F07DFC4FF480526C496A4804F0EC
:1023AC00E5FD4FF416516A48302204F071FC2246C8
:1023BC004FF41651674804F06BFC22464FF4E131A0
:1023CC00654804F065FC6549634840F2044204F03A
:1023DC00CDFD22464FF4E131614804F059FC0C204C
:1023EC0005F012FA202005F03FFA07A804F02CFBA8
:1023FC009DF820309DF821100293BDF82030594CE7
:10240C005BBA9DF81F20039123809DF81E3056491E
:10241C004448CDE900329DF81D309DF81C2004F095
:10242C00B1FF524922883F4804F0ACFF504803F0FA
:10243C004BFB5049504804F0DDF9002840F0CD80AA
:10244C0015214E4807F0EEF9364804F07FFF0921BC
:10245C00494804F047F94A49474804F07BF94FF4DE
:10246C007A7005F0BDFB284803F066F8264803F0A7
:10247C0083F8002800F0DF80254803F05DF824483D
:10248C0003F07AF8002800F0CE80234803F054F8CB
:10249C00214803F071F8002800F0BD8007A83449EA
:1024AC0003F03AF907A91F48002404F029FF1D483E
:1024BC0004F04CFF07A805F011F8324907A804F006
:1024CC00BFFF04A82A4903F031F904A907A805F0B5
:1024DC00C1F80146134804F013FF124804F036FF0C
:1024EC0004A804F0FBFF07A804F0F8FF20490D48EE
:1024FC0004F006FF4AE000BFD8C8002016C900202F
:10250C0015C90020D0C00020E0C00020D8C0002099
:10251C0068C30020C4C00020609B002030820020D3
:10252C004C8200206886002000800B40C082002076
:10253C0000C00A40F4C8002000C00F40C0C00020FA
:10254C0000940020A900000038870020809C002007
:10255C00D8860020F88700209887002084AC0020C3
:10256C007886002000C90020D8820020FC82002040
:10257C0090B0002000A1BC33889800200C83002070
:10258C0090D00300E8830020E8C800202E4804F017
:10259C00DDFE2146092005F025FF2C4A2C4B14604A
:1025AC001C7000F05FFF2B4B10212B481C6007F0B8
:1025BC0039F925480BB0BDE8F04304F0C7BE2B68D1
:1025CC0022789B1B32B1B3F5FA6F3FF673AE07F06E
:1025DC00A7F95EE64345FAD96CE61C211F4807F0C3
:1025EC0021F9194804F0B2FE31E70023184607938D
:1025FC00002E3FF49AAE013004220021079007A868
:10260C0005F0B2FD6B21164807F00CF90E4804F0EA
:10261C009DFE079889E63721124807F003F90A480E
:10262C0004F094FE3AE734210F4807F0FBF8064813
:10263C0004F08CFE29E733210C4807F0F3F802482C
:10264C0004F084FE18E700BF68860020709C002010
:10265C00B08A0020A0C3002048060020248300205C
:10266C0054820020B0830020788300204483002013
:10267C00324B1A68D2072DE9F04F2DED108BADF2CD
:10268C00D46D0DD52E492F4E0A6833689B1AB3F5BD
:10269C007A7F10D20DF2D46DBDEC108BBDE8F08FAB
:1026AC00284E012026493268186033680A609B1A4C
:1026BC00B3F57A7FEED333680022AAA80B602249C7
:1026CC0003F078F8B69B9DF8A8528093DDF8ACB275
:1026DC00DDF8DCA2DDE9BC439DEDAC7BA493BE9B95
:1026EC00A893BF9BA593C09BA993C19BA693C29B88
:1026FC009DEDBA8B9DEDAEBB9DEDB0DB9DEDB2FBC0
:10270C009DEDB4CB9DEDB8EB8DED6A7BA793002DC1
:10271C0040F058820D4801F0F5FA06220C490D489C
:10272C0004F0C6FD0B4804F071FA0A2005F058FAC3
:10273C0006210948074F07F075F814E0D0980020DF
:10274C00B4C40020D8C8002090B0002010C10020D4
:10275C00440A0020F88700204C0A002004F00CFAF0
:10276C00C0B207F049F8384604F0B4F903463846CD
:10277C00002BF3DCDFF8C093DFF8C083DC4804F0F7
:10278C00E5FDDC4801F006FD98ED000A4846DA4FFD
:10279C0001F05CFAD94B97ED000AD3ED000A00F07A
:1027AC007DFED8ED007AD64BB7EEE77ADFF8908352
:1027BC0040468DED6C7BD3ED007AD24BB7EEE77AC9
:1027CC008DED6E7BD3ED007ACF4BB7EEE77A8DEDC6
:1027DC00707BD3ED007ACD4BB7EEE77A8DED727B43
:1027EC00D3ED007ACA4BB7EEE77A8DED747BD3ED5F
:1027FC00007AC84BB7EEE77A8DED767BD3ED007A95
:10280C00C54BB7EEE77AD3ED006AC44BB7EEE66A78
:10281C008DED787B93ED007AD9F80C30D9ED047AF4
:10282C008193BF4B1B888DED7A6BB7EEC76A86938D
:10283C00B7EEE77A33688DED7C6B8DED7E7B9D93E7
:10284C0003F036FD40468DED820B03F04DFDD8EDC7
:10285C00217AD8F894300022B8EEE77BA293D8F80E
:10286C00403088F87D2088F88D2088F83D2088F845
:10287C004D209F9398F80020D8F850309FED986B1E
:10288C009E93869B87EE067B8DED840B8DEDA07B56
:10289C00002A00F094813168D8F838208A1AA149AE
:1028AC00A1FB02218A09A3929F4A924992ED003A18
:1028BC009E4AB7EEC3AA97ED004AD2ED003AD1ED8D
:1028CC00004AB7EEE33A91ED015AD1ED025A91ED7F
:1028DC00036AD1ED046A91ED057AD1ED067A944A3A
:1028EC0091ED082A91ED091A91ED0A0AB7EEC22A68
:1028FC0091ED0B9AB7EEC11A91F91C10B7EEC00A04
:10290C009088B7EEC99A9C911168D6881789B2F84D
:10291C000AC08C918DED883BB7EEC43AB7EEE44A11
:10292C008DED86AB8DED8E4BB7EEC54AB7EEE55A05
:10293C008DED8A3B8DED925BB7EEC65AB7EEE66A2B
:10294C008DED904B8DED966BB7EEC76AB7EEE77ACF
:10295C008DED945B8DED986B8DED9A7BB2F80CE060
:10296C00518AB2F80E80B2F810908D91127D002D24
:10297C0040F000812C46AA46AB4680959FED5A7BD1
:10298C00B0EE478BB0EE475BB0EE47ABB0EE474BCB
:10299C00B0EE473BB0EE47EBB0EE47CBB0EE47FBAB
:1029AC00B0EE47DBB0EE47BBB0EE476B8DED6A7B0C
:1029BC008DED667B9DED6A7B8DED686B8DED645BBB
:1029CC008DED4C7B9DED9A7B8DED604B8DED5E3BE3
:1029DC008DED3E7B9DED987B8DED460B8DED441B77
:1029EC008DED3C7B9DED967B8DED422B8DED62ABA1
:1029FC008DED3A7B9DED947B8DED5A8B8DED58EBE7
:102A0C008DED387B9DED927B8DED54CB8DED52FB96
:102A1C008DED367B9DED907B8DED50DB8DED4EBBC2
:102A2C008DED347B9DED8E7B8DED489B8DED327B5A
:102A3C005C94809931928D9A56919C99CDF85CA1B9
:102A4C004091CDF828B1CDF8B8809DED707BCDE9E3
:102A5C002F929D9A8DED067B9DED6E7B00928DEDF8
:102A6C00047B9DED6C7BCDE92CCE8DED027B9DED39
:102A7C008A7B8DED267B9DED887B8DED247B9DEDFA
:102A8C00867B8DED227B9DEDA07B8DED1C7B9DEDE2
:102A9C00847B8DED1A7BCDE92A679DED827B8C9A28
:102AAC009F992892A39A1F912192A2999E9A819CF8
:102ABC0020921E914FF470711E4A2990C4A816944E
:102ACC008DED187B9DED7E7B8DED147B9DED7C7BE0
:102ADC008DED127B9DED7A7B8DED107B32E000BF8E
:102AEC000000000000005940000000000000000041
:102AFC0068860020A4C30020C4C00020A48A002043
:102B0C008CB0002098C30020BCC00020D4C0002092
:102B1C00CCC00020DCC0002064C300209CC300207B
:102B2C0000C90020D34D6210D0C00020D8C00020B6
:102B3C0010C10020540A0020B08A0020C8C0002018
:102B4C00949B00209DED787B8DED0E7B9DED767B2F
:102B5C008DED0C7B9DED747B8DED0A7B9DED727B79
:102B6C008DED087B08F068FA0DF2D46DBDEC108B7E
:102B7C00BDE8F08FDDEDA47AB8EEE73ADDEDA87A8A
:102B8C00B8EEE74ADDEDA57AB7EEC33AB8EEE7AAA0
:102B9C00DDEDA97AB7EEC44AB8EEE75ADDEDA67AB8
:102BAC00B7EECAAAB8EEE77ADDEDA77AB7EEC55A4A
:102BBC00B8EEE76AB7EEC77AB7EEC66AF8E6134A1C
:102BCC00A39271E616935A46A69B11491593A99B9D
:102BDC00CDF82CA01493A59B0E481393A89B12938D
:102BEC00A49BCDE91043809B8DED0E8B8DED0CEBF2
:102BFC000A938DED08CB8DED06FB8DED04DB8DED91
:102C0C0002BB8DED007B04F0BDFB83E537894100F1
:102C1C006809002068860020B44B45F255514AF6ED
:102C2C00AA222DE9F04FB24FB24EDFF84893DFF8ED
:102C3C004883DFF848A3B04CB04D2DED028B598082
:102C4C0089B05A8000F080FA87ED000A00F056FA3D
:102C5C0086ED000A00F09EFA89ED000A00F0B4FA45
:102C6C0088ED000A00F0CCFAA54BA64AA649A74865
:102C7C008AED000A00F0E4FA06E003F07DFF01465D
:102C8C002846C9B203F0AEFA204603F023FF0346F0
:102C9C002046002BF1DC9E4C204602F0A5F90128C1
:102CAC0000F08880022819D111219A4806F0BAFD4B
:102CBC00002394F82C120A22974804F071FB9648D2
:102CCC0004F044FB94F82D320321002B00F0A88073
:102CDC00924806F0A7FD904804F038FB904DDFF8C1
:102CEC006CB2904C904B0520D7ED000A93ED008A06
:102CFC0096ED001A2368CDED030A04938DED021AAC
:102D0C0004F0ECFFB8EE488A011E049B9FED870A85
:102D1C0018BF012118469DED021A88EE000ADDED60
:102D2C00030A01F0D9F8764BD8ED000A93ED005A5E
:102D3C00744BDFF84C82D3ED004A734BD5ED001A7F
:102D4C0093ED004A714B2268D3ED003A784B9AED23
:102D5C00003A1888694BDBED002A99ED002A97EDB3
:102D6C00001A96ED000A73490193CDF80080724B5E
:102D7C0001F012F9714A72496A4800F01DFC23688F
:102D8C00012B46D0022B3FD01BB32B216D4806F0F4
:102D9C0049FD614804F0DAFA02231B216A482360DA
:102DAC0006F040FD5C4809B0BDEC028BBDE8F04F6D
:102DBC0004F0CCBA21784B1E072B00F27481DFE8AB
:102DCC0013F0FA00290156003D015D01E1002C01D0
:102DDC003A005E4B5E495F48514A00F071FB5E4B16
:102DEC00D7ED001A414693ED002A5C4B96ED001A84
:102DFC005148D3ED000A95ED000A09B0BDEC028BE9
:102E0C00BDE8F04F00F068BB09B0BDEC028BBDE82B
:102E1C00F08F09B0BDEC028BBDE8F04FFFF728BC7A
:102E2C004F4806F0FFFC3C483D4DDFF820B13D4CCF
:102E3C0004F08CFA56E701F03DF807A907903448E6
:102E4C0002F054F90446002840F02981224608215A
:102E5C002F4801F0A3FB324D01F02CF841490246FA
:102E6C002D48DFF8E8B004F08DFA2E4C3AE707ABAA
:102E7C003D4A3E4901930DF11B0325480093002365
:102E8C008DF81A308DF81B308DF81C300DF11A03AB
:102E9C0002F0C0FA044603211D48224601F07EFBD5
:102EAC00002C3FF41BAF1721314806F0BBFC1A482D
:102EBC0004F04CFA9DF91A009DF91B1000389DF98D
:102ECC001C201F4B18BF01200039154D18BF0121C4
:102EDC00003A187018BF0122124859709A70FFF707
:102EEC00F5F8DFF868B00F4CFCE600BF00800B4033
:102EFC00C8C000208CB0002038870020949B002094
:102F0C009CC3002064C30020DCC00020CCC0002087
:102F1C0028C10020D480002068860020E880002092
:102F2C00C4C00020A0C30020D8C8002000007A44F0
:102F3C0000C900204C820020789C0020B08A002020
:102F4C00709C0020F0800020CC030020D0C000201A
:102F5C00E0C00020609B0020B8880020A48A0020DC
:102F6C00EC800020C0800020BC880020749C0020D5
:102F7C005880002098C30020BCC00020D4C0002082
:102F8C0080AC00204C4C4D4821464D4D02F08CF944
:102F9C0006210246494801F001FBDFF85CB1D4ED93
:102FAC00007A4849B7EEE77A4748484C53EC172B60
:102FBC0004F0E8F996E6424D03F0FCFCDFF838B17A
:102FCC00059000F0C1F8B0EE408A00F0E3F895ED02
:102FDC00001A0520DBED001A8DED040A8DED031AA5
:102FEC00CDED021A04F07AFEB0EE480A0246DDED91
:102FFC00021A9DED031ADDED040A05992F4802F023
:10300C0041FA1821324806F00DFC2F482F4C04F0E1
:10301C009DF967E619212F485BE62F4C274821467E
:10302C00274D02F041F907210246244801F0B6FA77
:10303C00DFF8C4B0D4ED007A2849B3E701220421AB
:10304C001E48002501F0AAFA1721254806F0EAFBD4
:10305C001D4804F07BF9234B1C4C1D60224BDFF800
:10306C0098B01D7000F0FEF910212048256006F084
:10307C00D9FB1548124D04F069F933E61C4C0F4886
:10308C0021460F4D02F010F9052102460B4801F0C4
:10309C0085FADFF864B0D4ED007A164982E7079818
:1030AC0000F002FFD2E600220448054D01F076FA4A
:1030BC00DFF844B0054C15E6C48A002028C1002076
:1030CC00C4C000209C80002068860020A0C3002083
:1030DC00208000203C800020B8880020AC8000209C
:1030EC0070800020709C0020B08A002048060020D0
:1030FC00A48A002088800020D0C0002038B5642429
:10310C000025172004F028FB013C0544F9D107EEFB
:10311C00905ADFED095A9FED096AF8EEE77ADFED78
:10312C00086A9FED080A87EEA57A67EE067A67EEC5
:10313C00A67A87EE800A38BD80F3C74833335340F4
:10314C0033333B41295CAF3F38B564240025132051
:10315C0004F002FB013C0544F9D107EE905ADFED77
:10316C00095A9FED096AF8EEE77ADFED086A9FEDE0
:10317C00080A87EEA57A67EE067A67EEA67A87EEDE
:10318C00800A38BD80F3C748333353400AD74741D0
:10319C00295C1F4038B564240025162004F0DCFAA5
:1031AC00013C0544F9D107EE905ADFED056A9FED1D
:1031BC00057AF8EEE77A87EEA60A20EE070A38BD04
:1031CC0080F3C7483333534038B5642400251B20A3
:1031DC0004F0C2FA013C0544F9D107EE905ADFED38
:1031EC00066A9FED067AF8EEE77A87EEA60A20EEDD
:1031FC00070A30EE000A38BD80F3C748333353401A
:10320C0038B564240025122004F0A6FA013C0544CC
:10321C00F9D107EE905A9FED076ADFED076AF8EED9
:10322C00E77A9FED060A87EE867A27EE267A27EE56
:10323C00000A38BD80F3C7483333534000007A444A
:10324C002DE9F047824C8946824F012182460620A7
:10325C0090461E4604F018FD7F4B61683A68A3FB4C
:10326C0002326423920C03FB02F263685B1A9A42EB
:10327C00FBD80021242004F007FD0021252004F0B8
:10328C0003FD754B60683A687149A3FB02324FF439
:10329C007A73920C03FB02F24B681B1A9A42FBD80E
:1032AC0064240025262004F057FA013C0544F9D18A
:1032BC0007EE905A9FED694ADFED694A2420F8EE3B
:1032CC00E77A01219FED5E6B87EE847A9FED5E5B62
:1032DC0027EE247AB7EEC77A27EE067B87EE056BCE
:1032EC00B7EEC66B8AED006A04F0CEFC21462520B1
:1032FC004FF47A7404F0C8FC5549574B48683A6847
:10330C00A3FB0232920C04FB02F24B681B1A9A428A
:10331C00FBD864240025262004F01EFA013C054449
:10332C00F9D107EE905A9FED4D4ADFED4D4A2146FB
:10333C00F8EEE77A24209FED426B87EE847A9FEDBE
:10334C00425B27EE247AB7EEC77A27EE067B87EE30
:10335C00056BB7EEC66B89ED006A04F095FC012194
:10336C00252004F091FC3A493B4B48683A68A3FB92
:10337C0002324FF47A73920C03FB02F24B681B1A65
:10338C009A42FBD864240025262004F0E5F9013C80
:10339C000544F9D107EE905A9FED304ADFED304AE3
:1033AC000121F8EEE77A24204FF47A7487EE847AC0
:1033BC009FED236B9FED245B27EE247AB7EEC77A43
:1033CC0027EE067B87EE056BB7EEC66B88ED006AC1
:1033DC0004F05AFC0121252004F056FC1C491E4B1C
:1033EC0048683A68A3FB0232920C04FB02F24B6869
:1033FC001B1A9A42FBD864240025262004F0ACF951
:10340C00013C0544F9D107EE905A9FED144ADFEDCB
:10341C00144AF8EEE77A9FED0A6B87EE847A9FEDFB
:10342C000A5B27EE247AB7EEC77A27EE067B87EE87
:10343C00056BB7EEC66B86ED006ABDE8F08700BF82
:10344C000000000000F084400000000000C092402A
:10345C00001000E01486002083DE1B4380F3C74875
:10346C0000404E4508B50021022004F00DFC00215F
:10347C00032004F009FC0021042004F005FC0021C9
:10348C00292004F001FC0021052004F0FDFB0021A3
:10349C000920BDE8084004F0A5BF00BFF6EE007A95
:1034AC00052010B570EEE70AF4EEC00AF1EE10FA42
:1034BC00CCBF01240024214604F0E6FB204610BDBD
:1034CC0038B50C461D46114602F0B2F82946204686
:1034DC00BDE8384002F0ACB8F2EE0A7A0B68013362
:1034EC00B4EEE71A0B60F1EE10FA23DDF4EEC21A1B
:1034FC00F1EE10FA1EDBF6EE007A10B52DED028B14
:10350C0030EEE78A0446F0EE408A0520B4EEC80A95
:10351C00F1EE10FA4CBF0121002104F0B5FBF4EEE2
:10352C00C88AF1EE10FA02D5236801332360BDEC92
:10353C00028B10BD704700BF037A9A0700D4704706
:10354C000021C36801601970037A23F001029B0704
:10355C000272F4D5C26830B4046845681319A542E8
:10356C0006D002EB050C1A46013363451170FAD1F3
:10357C0030BC704710B40B46046829B113F8012B0A
:10358C00002AFBD15B1A013B9C4203D000205DF862
:10359C00044B7047C26802EB040C944508D04B1ED8
:1035AC0012F8011B13F8010F8842EFD19445F7D1A3
:1035BC0001205DF8044B70472DE9F04FC04CADF580
:1035CC00017D2368039213F00103CDE9040100F09F
:1035DC006182DFF80CA306F0BBF8F8B106F0FCF83A
:1035EC00DAF80030C0B20A281CD0A0F10D02B2FAF1
:1035FC0082F25209B2B9DAF804108B42EBD0DAF845
:10360C000C105C1CCAF80040C854DAF80C10DAF83C
:10361C000030CA5406F09CF80028DFD10DF5017D6E
:10362C00BDE8F08F002BF9D0DAF80C4018AA0DF198
:10363C00200B0026234408214FF02008CBF8006013
:10364C009C4215918BF808608BF81060CBF80480C5
:10365C00CDE916220CAACBF80C2000F08780013C97
:10366C0003F1FF39354615E0DBF80430B3420ED0D8
:10367C0007F014F8DBF80C30721CCBF800209855CE
:10368C00DBF80C20DBF80030D754DBF80060A145E8
:10369C0000F0DB8014F8010F202806D0A0F12C07D5
:1036AC00B7FA87F77F09002FDED0002EEFD0179ED8
:1036BC0033465E4543F8105BC6F804803572F36000
:1036CC0021D09BF80820DBF80070029202F0020275
:1036DC001F2FDBF80C103574019240F21481184640
:1036EC00202208F0CDFE202FC6F8008086F830503E
:1036FC0000F00F810123019A002A40F0F38033720D
:10370C009B0700F1F280179BCBF8005034331793D2
:10371C00DBF80C301D709BF8083023F001029E077B
:10372C008BF80820B1D5DBF80C10DBE90062B24253
:10373C0001EB0603ABD011441D7001338B42FBD15E
:10374C00A3E743F002032372E168D4E9002090421E
:10375C0001EB020305D0014400201870013399429B
:10376C00FBD1179B34331793DAF80C300021CAF8CD
:10377C00001019709AF8083023F0010298078AF8A3
:10378C0008200DD5DAF80C00DAE90024944200EB9D
:10379C00020305D020441A46013398421170FAD125
:1037AC00DDE91645AC4200F0A78146492046FFF7FB
:1037BC00E1FE002840F0068143492046FFF7DAFE7F
:1037CC00002800F0B080039A40491378404883F0F9
:1037DC00010313703F4A002B18BF0A463E4903F001
:1037EC00D1FD9BF808309D0700F1CD80DDE9161660
:1037FC00B1423FF4F0AE343100240A4605E08E426B
:10380C0002F134023FF4E7AE343112F82C3C980745
:10381C00F5D552F8283C42F8344C1C7012F82C3C6C
:10382C0023F001009B0702F82C0CE8D552F8285C19
:10383C0052E90D07874205EB0003E0D03D441846E2
:10384C000133AB420470FAD1D9E7002E8CD0234A55
:10385C00DDE91634E31A9B1002FB03F3159A9A4226
:10386C0082D02346002520225C4543F8105B25724C
:10387C00E36062603FF475AF9BF80820DBF80C1036
:10388C0012F00108DBF8007002F00206257400F05B
:10389C00D980202F184628BF20273A4608F0F0FD83
:1038AC002760C555237A43F00103002E7FF449AFFE
:1038BC009D0723723FF548AF179B3433179353E79B
:1038CC00C4980020F003002010040020E80300201E
:1038DC0068860020EC03002028050020C54EECC4AF
:1038EC0008C4002043F002033372F168D6E90020CB
:1038FC00904201EB02033FF406AF01441D7001330B
:10390C008B42FBD1FFE63A46184608F0B9FD37600A
:10391C00C555029B13F0010F337A14BF43F001031A
:10392C0003F0FE03E7E6AE492046FFF723FE06460A
:10393C00002840F0A380AB492046FFF71BFE00286F
:10394C0040F0B880A8492046FFF714FE002840F04C
:10395C008B80A6492046FFF70DFE002840F00E8113
:10396C00A3492046FFF706FE002800F0B4802D1B6B
:10397C00342D00F2078100F0A9FA9E4902469E48B8
:10398C0003F000FD2DE70021DBF80C30CBF8001024
:10399C0019709BF8083023F001029C078BF8082063
:1039AC007FF524AFDBF80C00DBE90024944200EB3C
:1039BC0002033FF41BAF20441A46013398421170A6
:1039CC00FAD113E709218D4805F02CFF8A4803F042
:1039DC00BDFC11218A4805F025FF874803F0B6FC91
:1039EC001321884805F01EFF834803F0AFFC1F210C
:1039FC00854805F017FF804803F0A8FC2021834878
:103A0C0005F010FF7C4803F0A1FC2021804805F054
:103A1C0009FF794803F09AFC33217E4805F002FF38
:103A2C00754803F093FC32217B4805F0FBFE72488D
:103A3C0003F08CFC2F21794805F0F4FE6E4803F05E
:103A4C0085FCCEE6202F3D46184628BF20252A4669
:103A5C0008F016FD202F256000F805803FF622AFF8
:103A6C00237A03F0FE0320E70123059A0498D37010
:103A7C00937053701370FEF729FBB2E6112168485E
:103A8C0005F0D0FE5C4803F061FC42F2107004F0CB
:103A9C00A7F8A6E66348644A0360037203748023A4
:103AAC006249436000F11003C3600123236006F0F8
:103ABC009FF88EE50422314607A8079604F054FBC4
:103ACC00304600F0EBF91421594805F0ABFE4A489A
:103ADC0003F03CFC85E657492046FFF74BFD0028D8
:103AEC0077D02D1B342D59D800F0E4F952490246F9
:103AFC00414803F047FC74E69BF8083099077FF5C2
:103B0C008DAD0020DBF80C30CBF8000018709BF862
:103B1C00083023F001028BF808209A074AD4DDE91B
:103B2C0016168E423FF47AAD343100240A4605E075
:103B3C008E4202F134023FF471AD343112F82C3C58
:103B4C009B07F5D552F8283C42F8344C1C7012F8FF
:103B5C002C3C23F001009F0702F82C0CE8D552F8FE
:103B6C00285C52E90D07874205EB0003E0D03D4489
:103B7C0018460133AB420470FAD1D9E70498FEF72A
:103B8C0089FA2EE6206C06F085FD019000F098F97C
:103B9C00019A2A49184803F0F5FB22E6206C06F03E
:103BAC0079FD019000F080F9019A2549124803F043
:103BBC00E9FB16E6DBE90041DBF80C20A14202EB45
:103BCC000403ACD00A441946013393420870FAD16D
:103BDC00A5E7E2681B49084803F0D4FB01E600BFE7
:103BEC00340500204C050020680500206C050020E1
:103BFC005C1000207005002068860020F403002073
:103C0C000004002014040020280400204804002094
:103C1C006C04002090040020C4040020F804002050
:103C2C003805002008C40020D08A00208915000027
:103C3C0050050020B8050020BC0500209005002090
:103C4C00E00500200806002004F0C0B80178002927
:103C5C004DD0002170B5064609202DED028BB0EE3B
:103C6C00408A04F0BFFB2349234A244B486812685E
:103C7C00A3FB02326423920C03FB02F24B681B1A67
:103C8C009A42FBD864240025282003F065FD013CF2
:103C9C000544F9D107EE905A9FED195AB3EE026A1A
:103CAC0096ED017AF8EEE77AD6ED026AB0EE480AA4
:103CBC000920C7EE855AD6ED037AF8EEE77AA5EE21
:103CCC00C60A30EE477A86ED040AE6EEC77AFDEEB8
:103CDC00E77A17EE901A81F30801F16004F082FB89
:103CEC000A20BDEC028BBDE8704003F079BF0920BF
:103CFC0004F078BB001000E01486002083DE1B4328
:103D0C0080F3C7482DE9F041594CA2B0074623680F
:103D1C00DB0740F19980574D574E09E002F02CFF1C
:103D2C0004463046E4B2214603F084FC0A2C06D04B
:103D3C00284602F0CFFE03462846002BEED14D4814
:103D4C0002F064FF4C49886810B922B0BDE8F081DC
:103D5C0008460023402212A903F084FC474912A80C
:103D6C0008AD08F06BFD0124444E8046314600201E
:103D7C0008F064FD002873D0013445F8040F0A2CB8
:103D8C00F4D13E49002008F059FD70B120213C4887
:103D9C0005F048FD3B4803F0D9FA3B49364803F09F
:103DAC00F7FB002022B0BDE8F081404606F072FC23
:103DBC00034609983B6006F069FC03460A98BB80F1
:103DCC0006F064FC03460B98FB8006F05FFC034690
:103DDC000C983B8106F05AFC03460D987B8106F04B
:103DEC0055FC03460E98BB8106F050FC03460F9819
:103DFC00FB8106F04BFC034610983B8206F046FC18
:103E0C00034611987B8206F041FC7A8A3B8AF98939
:103E1C00CDE90532C2B2BB89387504910792039380
:103E2C0078893989FC88BB883A680094CDE90110FF
:103E3C001649144803F0A6FA13490F4803F0A8FBDF
:103E4C00012022B0BDE8F0810F490B4803F0F8FACD
:103E5C0001230F4A0F490848236005F0C9FE5AE7B1
:103E6C0023460A220C49074803F08CFA95E700BF59
:103E7C00C8980020D88600209CC40020A8060020EA
:103E8C00DC060020688600209880002000070020B7
:103E9C00D08A00202D550000AC060020014B186084
:103EAC00704700BFD4C30020014B1860704700BF9F
:103EBC00A88A0020014B1868704700BFA88A002010
:103ECC00014B1860704700BFAC8A0020014B18688A
:103EDC00704700BFAC8A0020F0B51C4DB0EE607A84
:103EEC0089B01B4C2B7813B31A4A23680228136031
:103EFC004FF000032B7027D8174B53F8202017488E
:103F0C00B7EEC00A164BB7EEC77AB7EEC11A002946
:103F1C0008BF03461349144806938DED041B8DED21
:103F2C00027B8DED000B03F02DFA09B0F0BD0F4EA6
:103F3C00084A3768236816689B1B0D4EA6FB036363
:103F4C00B7EB931FD1D9F0E70A4AD8E7C690002007
:103F5C00D8C8002088B0002098030020EC03002073
:103F6C00E80300206406002068860020AC8A00204C
:103F7C00D34D62105C060020034B04491868044AB8
:103F8C001B68086013607047D8C800207C9C002018
:103F9C0088B00020000000002DE9F0470E46704963
:103FAC008046DFF8EC9108786E4F2DED0E8BFCB04F
:103FBC00B0EE40CAF0EE60CAB0EE41DAB0EE61EAA3
:103FCC00F0EE42DAF0EE628AB0EE439AF0EE639ACB
:103FDC00F0EE44AAB0EE64AAB0EE458ADDE992E4B4
:103FEC0070B96148D9F80050D0F800A03868A5EB3A
:103FFC00000C5E48A0FB0C0CBAEB9C1F00F29A80E4
:10400C00D9F8000038600020DEF80070087037B175
:10401C001968642000FB01F1B1FBF7F1CFB2002568
:10402C00022A1D60CEF8005000F28980504B53F8E4
:10403C002250504B2046D3F8009002F039F920461C
:10404C00B0EE40BB02F050F9B7EEEC6AB7EEC85ACE
:10405C000A97B7EEED2ACDF80890B7EEE87A002073
:10406C00B7EEEA4A4346B7EECEEA434AB7EECDDAAC
:10407C004FF4AF71B7EECCCA8DED1A5B8DED066BBC
:10408C00B7EECA5AB7EEE96AB7EEC99A8DED185B6E
:10409C008DED146B8DED107B8DED1E0B8DED0EEB00
:1040AC008DED0C2B8DED08DB8DED04CBCDE9006592
:1040BC008DED1CBB8DED164B8DED129BD4ED217A45
:1040CC0084F87D00B8EEE77B84F88D00D4F894007A
:1040DC009FED215B229024A887EE056B8DED206B64
:1040EC0006F0AAFFB0F5AF7F2BDA24A809F080F810
:1040FC0024A90246214803F0DBF8204803F026F9F6
:10410C0000211F4802F0FAFB24A809F071F824A939
:10411C0002461B4802F036FA0021194802F0EEF96B
:10412C0024A809F065F8014624A805F07BFB154886
:10413C0003F00CF97CB0BDEC0E8BBDE8F087124D92
:10414C0077E72221114805F06DFB0E4803F0FEF8CD
:10415C00CBE700BFAFF30080000000000000594027
:10416C00C79000207C9C0020A88A0020D34D6210B0
:10417C0098030020D4C30020440800207886002037
:10418C0088980020688600205C06002044090020E6
:10419C00D8C800202DE9F041864C05462368DB0782
:1041AC002DED068BC2B040F1F180834C834E08E0BC
:1041BC0002F0E2FC01463046C9B20A2908D003F0ED
:1041CC0039FA204602F086FC03462046002BEFDC31
:1041DC007A49886820B942B0BDEC068BBDE8F08105
:1041EC0008460023802222A903F03CFA744922A835
:1041FC0016AE08F023FB0124714F8046394600208F
:10420C0008F01CFB002800F0CD80013446F8040FA8
:10421C000C2CF3D16A49002008F010FB80B122214C
:10422C00684805F0FFFA684803F090F8674963485E
:10423C0003F0AEF9002042B0BDEC068BBDE8F08176
:10424C00404606F01FFAB7EEC00B179885ED000A32
:10425C0006F018FAB7EEC00B189885ED010A06F0B7
:10426C0011FAB7EEC00B199885ED020A06F00AFA9E
:10427C00B7EEC00B1A9885ED030A06F003FAB7EEF9
:10428C00C00B1B9885ED040A06F0FCF9B7EEC00BC9
:10429C001C9885ED050A06F0F5F9B7EEC00B1D98D4
:1042AC0085ED060A06F0EEF9FDEEC07B1E9817EEC2
:1042BC00903A2B7706F0E6F9B7EEC00B1F9885ED18
:1042CC00080A06F0DFF9B7EEC00B209885ED090A55
:1042DC0006F0D8F9B7EEC00B219885ED0A0A06F066
:1042EC00D1F9B7EEC00B95ED099A95ED088A95EDCD
:1042FC000A1AB7EEC0AAB7EEC99A95ED062AB7EE20
:10430C00C11A95ED053AB7EEC88A95ED044A95EDBC
:10431C00035AB7EEC22A95ED026AB7EEC33A95ED91
:10432C00017AB7EEC44AB7EEC55A2949B7EEC66A48
:10433C002548B7EEC77A8DED121B8DED109B8DEDD8
:10434C0014AB8DED0E8BD5ED001A95F91C40B7EE24
:10435C00E11A85ED0B0A0C9453EC112B8DED0A2B05
:10436C008DED083B8DED064B8DED045B8DED026BF9
:10437C008DED007B03F006F81449104803F008F9A2
:10438C00012042B0BDEC068BBDE8F0810F490B4813
:10439C0003F056F801230F4A0F490848236005F033
:1043AC0027FC02E723460C220C49074802F0EAFFDF
:1043BC003CE700BFCC98002098870020A8C40020C0
:1043CC00A806002090070020688600209880002016
:1043DC00B4070020D08A00202D5500006007002073
:1043EC0005F0B6B905F0F8B905F090B9084605F036
:1043FC0003BA00BF70B584220E460021044608F0B3
:10440C00BBF8842200250021A01808F0B5F8294635
:10441C00862204F59070C4E94255C4E94455C4E9B8
:10442C00465508F0A9F88622294604F5D37008F001
:10443C00A3F82046C4F82C5284F83052C4F83462E5
:10444C0070BD00BF2DE9F0411C4E04460D46904650
:10445C001B4F33689D4209D9D4F8340203681B6999
:10446C00BB4221D105F074F90028F2D0D4F8340203
:10447C00144A03685B6993421DD105F0ADF9431CE6
:10448C0016D094F82F32C0B294F830220344A8EB23
:10449C000000DBB2B0FA80F01A44400984F82F32E5
:1044AC0084F83022BDE8F08198470028D1D0DDE7B0
:1044BC000020BDE8F0819847E1E700BFD8C8002094
:1044CC0031240000352400002DE9F04182B00B4668
:1044DC000421002401AE144A05460DEB01000194A1
:1044EC0006F0AAFDDFF844803718D5F8342216F808
:1044FC00014B136820461B68434511D105F07CF92C
:10450C0095F82F22B74295F830321444E4B2234484
:10451C0085F82F4285F83032E7D102B0BDE8F08142
:10452C00104621469847EBE7C80B00203D240000BD
:10453C002DE9F04182B000240B46164A6E46054622
:10454C00062168460094ADF8044006F075FDDFF8CE
:10455C0048803718D5F8342216F8014B13682046DA
:10456C001B68434511D105F047F995F82F22B74246
:10457C0095F830321444E4B2234485F82F4285F880
:10458C003032E7D102B0BDE8F081104621469847A1
:10459C00EBE700BFC80B00203D2400002DE9F041E3
:1045AC0000230446D0F834020F4684F82F32164606
:1045BC0084F830320368504D1B68AB4240F0858064
:1045CC003F2005F019F994F82F32204694F8302248
:1045DC0039463F33DBB284F82F32134484F830323F
:1045EC00FFF772FFD4F8340203681B68AB426FD13B
:1045FC002C2005F001F994F82F3294F830222C334A
:10460C00D4F83402DBB21A4484F82F3284F8302206
:10461C0003681B687EB1AB4267D1312005F0ECF822
:10462C0094F82F2294F830323132D2B2134484F8F9
:10463C002F22DBB20EE0AB425AD1302005F0DCF871
:10464C0094F82F2294F830323032D2B2134484F8DA
:10465C002F22DBB2D4F8340284F8303203681B68A2
:10466C00AB423FD13B2005F0C7F894F82F122046FF
:10467C0094F830323B31C9B20B4484F82F12DBB2C0
:10468C0043EA012184F83032FFF752FFD4F83402A8
:10469C0003681B68AB4222D13B2005F0ADF894F8BF
:1046AC002F3294F830223B33D4F83402DBB21A4464
:1046BC0084F82F3284F8302203681B68AB420AD18D
:1046CC000A20BDE8F04105F097B83F2198477AE7FA
:1046DC002C2198478FE70A21BDE8F04118473B2170
:1046EC009847DCE73B219847BFE73121984797E78C
:1046FC0030219847A4E700BF3D2400002DE9F0418C
:10470C0000230446D0F834020D4684F82F3284F886
:10471C0030320368444F1B68BB4278D1232005F02C
:10472C006BF894F82F32294694F830222046233324
:10473C00DBB21A4484F82F3284F83022FFF7C4FE1F
:10474C0094F886301BB304F1870812E005F054F896
:10475C0094F82F12863E94F830320D4494F886204B
:10476C00361BEDB2B2422B4484F82F5284F830320F
:10477C000DDDD4F83422464618F8015F136828463C
:10478C001B68BB42E2D0294610469847E0E7D4F8B4
:10479C00340203681B68BB4242D13B2005F02CF865
:1047AC0094F82F12204694F830323B31C9B20B44A6
:1047BC0084F82F12DBB243EA012184F83032FFF780
:1047CC00B7FED4F8340203681B68BB4225D13B20EA
:1047DC0005F012F894F82F3294F830223B33D4F8C9
:1047EC003402DBB21A4484F82F3284F83022036886
:1047FC001B68BB420ED10A2004F0FEFF0023A4F874
:10480C00843084F8863084F88830BDE8F081232128
:10481C00984786E70A219847F0E73B219847D9E764
:10482C003B219847BCE700BF3D2400002DE9F04137
:10483C00002384B0DFF8BC8004462B4E0D462B4F72
:10484C00ADF80C30CDE9013333689D4221D9019B81
:10485C00042B1ED8D4F8340203689B69BB4226D1C2
:10486C0004F054FF431CEFD0C3B23B2B11D0D4F84F
:10487C00340203685B6943451BD104F0ADFF019B17
:10488C005A1C10336B44019203F8080C33689D4298
:10489C00DDD8D4F8340203685B69434521D104F0B8
:1048AC009BFF3B2807D0002004B0BDE8F08198475F
:1048BC00D8E79847E3E701AA0D4902A807F054FC92
:1048CC000128F0D1019BB3F5803FECD2B4F82F0254
:1048DC0040BA80B2C01AB0FA80F0400904B0BDE80A
:1048EC00F0819847DDE700BFD8C8002039240000CC
:1048FC00C80B0020352400002DE9F041002382B0C4
:10490C00524D8046524E0C46524FCDE900332B6827
:10491C009C4233D9019B022B30D8D8F8340203685F
:10492C009B69B3423BD104F0F1FE431CEFD0C3B200
:10493C002C2B23D03B2B21D0D8F8340203685B6995
:10494C00BB422ED104F048FF421CE0D0019AC0B209
:10495C0098F82F3202F1010C0832034498F8301207
:10496C006A44CDF804C0DBB202F8080C88F82F3288
:10497C005A182B6888F830229C42CBD8D8F83402CD
:10498C0003689B69B3424FD104F0C0FEC0B22C281F
:10499C0009D03B2807D0002002B0BDE8F081984731
:1049AC00C3E79847D0E701AA2B49684607F0DCFB20
:1049BC000128F0D1019BFF2BEDD8264E88F8003052
:1049CC002B689C42E7D9D8F8340203685B69B34280
:1049DC0028D104F001FFC2B20130F1D098F82F3287
:1049EC003B2A98F830121344DBB2194488F82F3262
:1049FC0088F830121AD02C2A04D198F801300133DF
:104A0C0088F8013098F80230591C434488F8021099
:104A1C001A712B689C42BED9D8F8340203685B69C2
:104A2C00B342D6D09847D6E79847AFE798F802300C
:104A3C0000222146404643441A7188F80220FFF7B1
:104A4C00F5FE0346012088F80330A5E7D8C80020FE
:104A5C003924000035240000C80B002000232DE968
:104A6C00F043474F83B004461D460E46DFF81881CD
:104A7C00DFF81891CDE900333B689E422FD9019B9A
:104A8C00022B2CD8D4F8340203689B69434532D1ED
:104A9C0004F03CFE421CEFD0C5B22C2D1FD0D4F834
:104AAC00340203685B694B4527D104F095FE411C29
:104ABC00E2D0C5B2019A94F82F32501C08322B4424
:104ACC0094F830126A440190DBB202F8085C84F866
:104ADC002F325A183B6884F830229E42CFD82C22B1
:104AEC0031462046FFF7AEFC804640B900252846EB
:104AFC0003B0BDE8F0839847CCE79847D7E701AA05
:104B0C002049684607F030FB0128EFD1019BFF2BB1
:104B1C00ECD8DFF8789084F82C323B689E4215D99B
:104B2C00D4F8340203685B694B4524D104F054FE7D
:104B3C00431CF2D094F82F32C5B294F830222B4497
:104B4C00DBB21A4484F82F3284F83022302D14D082
:104B5C00312DCBD13B223146204684F82D82FFF7F4
:104B6C0071FC05460028C1D031462046FFF75EFE99
:104B7C0084F82E02BBE79847DAE74FF00008E9E724
:104B8C00D8C80020C80B00203924000035240000B0
:104B9C002DE9F041002384B0D0F81021009302934A
:104BAC00ADF80C300193A0F80A3180F80831002AD6
:104BBC0050D080460C467D4D7D4E7E4F2B689C42DE
:104BCC0031D9019B022B2ED8D8F8340203689B698B
:104BDC00B34235D104F09AFD411CEFD0C3B22C2B5B
:104BEC0021D0D8F8340203685B69BB422AD104F0A7
:104BFC00F3FD431CE2D0019AC0B298F82F3202F1B7
:104C0C00010C1032034498F830126A44CDF804C0F9
:104C1C00DBB202F8100C88F82F325A182B6888F87F
:104C2C0030229C42CDD82B689C420DD8D8F8340247
:104C3C0000250368DB689847284604B0BDE8F0817E
:104C4C009847C9E79847D4E72C2221464046FFF7FE
:104C5C00F9FB20B90025284604B0BDE8F08101AA73
:104C6C005549684607F080FA0128F3D1019BFF2BC8
:104C7C00F0D888F8083100234D4E4E4F01932B6825
:104C8C009C4232D9019B042B2FD8D8F834020368EC
:104C9C009B69B34240F0838004F038FD431CEED096
:104CAC00C0B23B2821D0D8F8340203685B69BB4200
:104CBC0077D104F091FD421CE1D0C0B298F82F32AC
:104CCC0098F830120344019ADBB288F82F320B4467
:104CDC0088F83032531C019302F110030DEB0302E0
:104CEC002B689C4202F8080CCCD82B689C429DD9AE
:104CFC003B2221464046FFF7A5FB0028AAD001AA7B
:104D0C002D4902A807F030FA0128A3D1019BB3F575
:104D1C00803F9FD29BB2B8F80C219A42A8F80A3176
:104D2C0084D30023234E01932B689C4223D9B8F8DB
:104D3C000A21019B9A421ED9D8F8340203685B6998
:104D4C00B34230D104F048FDC2B20130ECD098F837
:104D5C002F3298F830121344DBB288F82F320B4400
:104D6C00D8F8101188F83032019B581C0190CA54A5
:104D7C002B689C42DBD82B689C427FF657AF3B22BA
:104D8C0021464046FFF75EFB054600283FF462AF24
:104D9C0021464046FFF74AFD88F80E015BE798472D
:104DAC007CE7984787E79847CEE700BFD8C8002034
:104DBC003924000035240000C80B00202DE9F041F7
:104DCC00002384B0844D8046844E0C46844F00935F
:104DDC000293ADF80C300193A0F8223180F8203109
:104DEC002B689C4231D9019B022B2ED8D8F8340267
:104DFC0003689B69B34235D104F088FC411CEFD0A9
:104E0C00C3B22C2B21D0D8F8340203685B69BB42A7
:104E1C002AD104F0E1FC431CE2D0019AC0B298F80C
:104E2C002F3202F1010C1032034498F830126A440C
:104E3C00CDF804C0DBB202F8100C88F82F325A18E7
:104E4C002B6888F830229C42CDD82B689C420DD818
:104E5C00D8F8340200250368DB689847284604B06C
:104E6C00BDE8F0819847C9E79847D4E72C22214642
:104E7C004046FFF7E7FA002800F0A38001AA594941
:104E8C00684607F071F9012840F09B80019BFF2BCD
:104E9C0000F2978088F820310023504E504F019338
:104EAC002B689C4232D9019B042B2FD8D8F83402A2
:104EBC0003689B69B34240F0898004F027FC431CD3
:104ECC00EED0C0B23B2821D0D8F8340203685B691D
:104EDC00BB427DD104F080FC421CE1D0C0B298F8FA
:104EEC002F3298F830120344019ADBB288F82F3233
:104EFC000B4488F83032531C019302F110030DEB74
:104F0C0003022B689C4202F8080CCCD82B689C42FC
:104F1C009ED93B2221464046FFF794FA002850D0F8
:104F2C0001AA304902A807F01FF9012849D1019BB9
:104F3C004FF6FE72934244D80022294EA8F8223133
:104F4C0001922B689C4225D9019BB8F822219A42E8
:104F5C0020D97E2B1ED8D8F8340203685B69B34283
:104F6C0038D104F039FCC2B20130EAD098F82F32B3
:104F7C0098F830121344DBB288F82F320B4488F8BF
:104F8C003032019B591C434483F825212B68019135
:104F9C009C42D9D82B689C427FF65AAF019B0021CA
:104FAC003B224046434483F825112146FFF74AFA39
:104FBC00054630B121464046FFF738FC88F82401FD
:104FCC004CE70025284604B0BDE8F081984776E709
:104FDC00984781E79847C6E7D8C8002039240000D5
:104FEC0035240000C80B00202DE9F84300230446AB
:104FFC00D0F834022380A37023710368384A1B69EC
:10500C00934249D104F0A4FB002842D0DFF8D880A9
:10501C000027D8F80050D8F8003005F1640984F85E
:10502C002F7284F83072994533D92E4ED4F834024D
:10503C0003685B69B34250D104F0CEFBC2B20130BD
:10504C0027D094F82F3294F830121344213ADBB263
:10505C0084F82F320B4484F830321E2A11D8DFE842
:10506C0002F01D262E101010101010101010101021
:10507C001010101010101010101010101010101024
:10508C003400D8F8003084F82F72994584F83072C7
:10509C00CCD80020BDE8F8839847B5E705F57A71C0
:1050AC002046FFF775FD0028F3D00320F2E74946B0
:1050BC002046FFF783FE8000C0B2BDE8F883494666
:1050CC002046BDE8F843FFF717BC49462046FFF7DA
:1050DC00C5FC4000C0B2BDE8F8839847AEE700BFFE
:1050EC003124000035240000D8C8002030B590F8D9
:1050FC0002C00C4685B000220CF1010300EB0C0140
:10510C000092DBB2837009792C29CDE90122CDF80C
:10511C000B201FD10CF10A0C5FFA8CFC63452BD8C9
:10512C0011460DF1040E1546C21801331279DBB28B
:10513C002C2A1DD0E2B1634505F101054FF00101A8
:10514C0083700EF8012BEFD91844009502792C2AA4
:10515C0003D012B1002005B030BD6A46084901A841
:10516C0007F002F80128F5D1009B236005B030BD93
:10517C000029ECD00095EAE718440279E7E700BF74
:10518C00C80B002070B582780D4684B00024531CE7
:10519C0081180294DBB28DF80C400194837009796C
:1051AC002C291CD1111DC9B28B422DD80DF1080C24
:1051BC002646C21801331279DBB22C2A20D0FAB160
:1051CC008B4206F101064FF0010483700CF8012BA1
:1051DC00EFD91844019602792C2A03D012B1002081
:1051EC0004B070BD01AA0A4902A806F0BDFF01284F
:1051FC00F5D1019B03F18002FF2AF0D82B70EFE769
:10520C00002CE9D00196E7E718440279E4E700BFE7
:10521C00CC0B002030B590F802C00C4685B00022B3
:10522C000CF1010300EB0C010092DBB203928370D2
:10523C0009792C29CDE901221FD10CF10B0C5FFA55
:10524C008CFC63452BD811460DF1040E1546C21883
:10525C0001331279DBB22C2A1DD0E2B1634505F182
:10526C0001054FF0010183700EF8012BEFD91844A2
:10527C00009502792C2A03D012B1002005B030BD64
:10528C006A46084901A806F06FFF0128F5D1009B7A
:10529C00236005B030BD0029ECD00095EAE7184436
:1052AC000279E7E7CC0B002010B5002386B090F80C
:1052BC0002C0002204930593019200EB0C02CDE98D
:1052CC0002330CF10103DBB2837012792C2A18D152
:1052DC000CF10F0C0C465FFA8CFC63450CD802A940
:1052EC00C21801331279DBB22C2A0DD032B16345CE
:1052FC00837001F8012BF3D9184402792C2A03D0BE
:10530C0012B1002006B010BD01AA054902A806F092
:10531C002BFF0128F5D1019B236006B010BD00BF07
:10532C00D80B002038B50B4690F886100446883010
:10533C00C1F180050C4A0844EDB2294605F07CFE0B
:10534C00A84207DA94F8862003460120134484F817
:10535C00863038BD00231846A4F8843084F8863093
:10536C0084F8883038BD00BFD40B002038B50B460C
:10537C0090F8861004468830C1F180050C4A084428
:10538C00EDB2294605F058FE854207DD94F88620DB
:10539C0003460120134484F8863038BD0023184698
:1053AC00A4F8843084F8863084F8883038BD00BF87
:1053BC00D40B002030B590F88630B7EEC00A83B01D
:1053CC000446C3F1800588300E4AEDB218442946D4
:1053DC008DED000B05F030FE854208DD94F886203B
:1053EC0003460120134484F8863003B030BD0023FB
:1053FC001846A4F8843084F8863084F8883003B0DA
:10540C0030BD00BFD00B002010B50446FEF7F2FFF4
:10541C00204610BDF0B585B00E460746154602A9CC
:10542C001C46FFF7F7FE10B9002005B0F0BD03A92C
:10543C003846FFF7EFFE0028F6D00DF1050138468F
:10544C00FFF7A0FE0028EFD00DF106013846FFF75C
:10545C0099FE0028E8D00DF107013846FFF792FEBF
:10546C000028E1D0029B9DF805103360039B9DF84A
:10547C0006202B6021700A999DF807300A700B9A50
:10548C001370D2E738B52DED048B0546B0EE408A8B
:10549C00F0EE608A1446B0EE419AF0EE619AFFF796
:1054AC0065FF20B900242046BDEC048B38BDB0EE5E
:1054BC00480A2846FFF77EFF0028F3D0B0EE680AB2
:1054CC002846FFF777FF0028ECD0B0EE490A2846B3
:1054DC00FFF770FF0028E5D0B0EE690A2846FFF709
:1054EC0069FF0028DED021462846FFF71BFF044643
:1054FC000028D7D00A212846FFF700F9D3E700BFD0
:10550C00002340F2EE22C9B210B50446037580F8B0
:10551C002730C0E90A3204F071FB012204F11F01AB
:10552C00204604F0EFFC204604F0E4FCFA2002F0E4
:10553C0057FB204610BD00BF70B505460C4E102120
:10554C000C4805F11E04263504F06CF9202004F0FB
:10555C0053F914F8011F00231022304601F020FFEC
:10556C00A542F3D10248BDE8704001F0EFBE00BF88
:10557C0068860020F00B002010B5044607211F3070
:10558C0004F064FD94F82630834201D1012010BD53
:10559C001121044804F046F9034801F0D7FE00201D
:1055AC0010BD00BFDC0B00206886002010B504463F
:1055BC000821163004F04AFDA37F834201D101205B
:1055CC0010BD1C21034804F02DF9034801F0BEFE68
:1055DC00002010BD040C00206886002070B5054624
:1055EC0004F026FB284605F1150404F065FC0022A6
:1055FC00BE21284605F11E0604F02AFC284604F0BC
:10560C004BFC04F8010FB442F8D12846FFF7CEFF4B
:10561C0048B195F91720AB7D43EA022300EE103A0E
:10562C00BAEECE0A70BD9FED010A70BD00C079C400
:10563C0070B590F827300446012B06D0022B25D0EC
:10564C0073B1002380F8273070BD1C4BD0E90A12CF
:10565C001B685B1A9342F7D3022380F8273070BD86
:10566C00012580F8275004F0E3FA204604F024FCCE
:10567C0020462A46442104F0EBFB104B40F2EE206E
:10568C001B68A362BDE8704002F0AABA0D46012661
:10569C00FFF7A4FF204685ED000A84F8276004F08C
:1056AC00C7FA204604F008FC32464421204604F098
:1056BC00CFFB024B1B68A36270BD00BFD8C8002093
:1056CC0070B50E4609490446154601F0B9FE41F283
:1056DC00140000212044C4E9036501F0B1FE00214F
:1056EC0004F5815001F0ACFE204670BD480C002042
:1056FC0010B504460021007C02F0C6FA04F5815076
:10570C0001F0ECFE41F21400204401F0E7FE2046CB
:10571C0001F0E4FE204610BD0B4641F2140110B519
:10572C000446194401F0AAFE204610BD10B50446EB
:10573C0001F5815101F0A2FE204610BD30B50546A1
:10574C0085B00C46FAB9E16801A800230D2201F0DE
:10575C003BFEE0680322154903685B689847E068E4
:10576C000122134903685B68984701A9284601F098
:10577C00A1FE01A801F0B2FE284605B030BDE068DC
:10578C0003685B699847E06803681B6998470028C1
:10579C00F5D1E0680322054903685B689847E06827
:1057AC000122034903685B689847CCE7380C00205A
:1057BC003C0C00202DE9F04F1546BBB00C4668227E
:1057CC000021064606F0D8FE2A46214601A8FFF71E
:1057DC00B5FF039B002B00F03F8107AD0DF1E809ED
:1057EC002C4620460C34002101F02AFE4C45F8D101
:1057FC002C2101A801F01EFF00222C2101A801F090
:10580C004DFF421C034600F0838004AC002200F1E3
:10581C00010801A920460DF1280B01F063FF214678
:10582C0028460DF1C40A01F09DFE204601F056FEFB
:10583C0042462C2101A801F031FF5F460346B3F12B
:10584C00FF3F424601A9204603F1010860D001F058
:10585C0049FF214638460C3701F084FE204601F002
:10586C003DFE42462C2101A801F018FF5745034686
:10587C00E5D101232846337001F05EFF7060584675
:10588C0001F060FFB7EEC00A0DA886ED020B01F027
:10589C0059FFB7EEC00A10A886ED040B01F052FFB9
:1058AC00B7EEC00A13A886ED060B01F04BFFB7EE5E
:1058BC00C00A16A886ED080B01F044FFB7EEC00A2B
:1058CC0019A886ED0A0B01F037FF30631CA801F014
:1058DC0033FF70631FA801F035FFB7EEC00A22A892
:1058EC0086ED0E0B01F02EFFB7EEC00A25A886ED53
:1058FC00100B01F021FFB06428A801F01DFFF0642B
:10590C002BA801F019FF30652EA801F015FF70656A
:10591C0000222C2101A801F0C1FE421C034600F01C
:10592C00A28004AC002200F1010801A920460DF16F
:10593C00280B01F0D7FE214628465F4601F012FEE7
:10594C00204601F0CBFD42462C2101A801F0A6FE19
:10595C000346B3F1FF3F424601A9204603F101087B
:10596C0000F0818001F0BEFE214638460C3701F074
:10597C00F9FD204601F0B2FD42462C2101A801F0B0
:10598C008DFE4F450346E4D10123284637AC3370D6
:10599C0001F0D2FE03465846736001F0D3FEB7EE19
:1059AC00C00A0DA886ED020B01F0CCFEB7EEC00AC2
:1059BC0010A886ED040B01F0C5FEB7EEC00A13A8C3
:1059CC0086ED060B01F0BEFEB7EEC00A16A886EDFA
:1059DC00080B01F0B7FEB7EEC00A19A886ED0A0B4A
:1059EC0001F0AAFE03461CA8336301F0A5FE706308
:1059FC001FA801F0A7FEB7EEC00A22A886ED0E0B79
:105A0C0001F0A0FEB7EEC00A25A886ED100B01F040
:105A1C0093FE034628A8B36401F08EFEF0642BA815
:105A2C0001F08AFE03462EA8336501F085FE7065F1
:105A3C0031A801F081FE034634A8B36501F07CFE69
:105A4C00F065204601F078FE3066204601F046FDF8
:105A5C00AC42A4F10C0407D101A801F03FFD304683
:105A6C003BB0BDE8F08F37AC204601F037FDAC42BF
:105A7C00A4F10C04F8D1EFE7F8B516680C4605460E
:105A8C00CF68D6B1304607F0B3FB3B6802463146CF
:105A9C0038465B689847E0680122094903685B68EF
:105AAC009847E0680368DB689847284600230D2276
:105ABC00E16801F089FC2846F8BD024EE2E700BF20
:105ACC003C0C0020EC8400202DE9F0430446C06817
:105ADC0087B0002203684DF67C510226524FDB69D9
:105AEC0098474FF49673E0684FF4006204F1140188
:105AFC00836001F03BFA4FF4006204F61401E06895
:105B0C0001F04EFA0121207C02F0FAF80021207CF1
:105B1C0002F0BAF8642002F063F80121207C02F054
:105B2C00B3F84FF47A7002F05BF800230D22E168B1
:105B3C00684601F049FC394603A801F081FC03A931
:105B4C00684601F0BDFD054603A801F0C7FC013510
:105B5C0068465ED101F0C2FC012E04D055E0E0682D
:105B6C0003685B699847E06803681B6998470028DD
:105B7C00F5D104F581560227DFF8B8904FF47A700E
:105B8C00DFF8B48002F02CF8494603A801F058FC69
:105B9C0003AA21466846FFF76FFF03A801F09EFC9D
:105BAC006946304601F0DEFC684601F097FC414640
:105BBC0003A801F045FC03A9304601F081FD054620
:105BCC0003A801F08BFC013506D1012F04D01EE097
:105BDC00E06803685B699847E06803681B6998474D
:105BEC000028F5D1E0680322104903685B689847E8
:105BFC00E06801220E4903685B689847E068036817
:105C0C00DB6807B0BDE8F043184701268DE7012794
:105C1C00BAE741F214006946204401F09BFC684647
:105C2C0001F05CFC9FE700BF400C0020380C00200A
:105C3C003C0C0020340C0020A80600204E21002231
:105C4C004FF0300C80F83610022102808280826086
:105C5C0002730282426102768283026280F82420FF
:105C6C000285C26280F8302080F834C082870264DA
:105C7C00A0F84C200265A0F85C204266A0F86C20CD
:105C8C004267A0F87C20C0F88420A0F88C20C0F8D3
:105C9C009420A0F89C20C0F8A42080F8BD10A0F897
:105CAC00BE2080F8C020C0E93122C0E93322C0E90F
:105CBC003522A0F8AC2080F8AE20704738B50578B6
:105CCC0004462D2D08BF0134204604F0E3FC642269
:105CDC00237802FB00F0A3F13002092A05D814F84E
:105CEC00013FA3F13002092AF9D92E2B03D02D2D17
:105CFC0008BF404238BD6378303B092BF7D8A278F7
:105D0C0003EB8303303A00EB4300092A98BF801859
:105D1C002D2D08BF404238BD70B50D46044604F029
:105D2C00B9FC1B4B6422A3FB00135B0902FB1300A1
:105D3C002B802278174BA2F1300100FB03F30929C9
:105D4C0005D814F8012FA2F130010929F9D92E2A0E
:105D5C000AD003EB8303104A002101332972A2FB02
:105D6C0003235B086B6070BD60780134A0F13001D7
:105D7C000929EED8074A094EA6FB020214F8010FB6
:105D8C00D20802FB0133A0F130010929F4D9E0E774
:105D9C001F85EB5180969800ABAAAAAACDCCCCCC8F
:105DAC002DE9F04190F8AD60044656B390F8AE3052
:105DBC00A3F14102052A6FD9A3F16102052A94BF10
:105DCC00573B303B94F8AF201B01A2F14101DBB2F1
:105DDC00052940F2F980A2F16101052994BF573AD7
:105DEC00303A134494F8AC20DBB29A4200F0B680FF
:105DFC00D4F8D43000260133C4F8D4303046BDE892
:105E0C00F08190F8BE3033B390F8BD20022A03D055
:105E1C0090F8AE10002941D1D4F8C850002DEDD027
:105E2C002B4604F1AE0704E02D6B002DE6D0D4F820
:105E3C00C830996AA86A06F0CFFF0028DED1EA6A5A
:105E4C0094F8BE309A42D9DCEED10F22394628465E
:105E5C0006F090FCE8E790F8AE30472B00F0CB80D2
:105E6C000223D4F8C45084F8BD30C4F8C850002DB7
:105E7C00C4D004F1AE0704E02D6BC4F8C850002D5B
:105E8C00BCD0A86A394606F0A7FF0028F4DBB5D0D1
:105E9C000023C4F8C830B1E7373B93E743EA421319
:105EAC00013B2B2BB8D801A252F823F0454100003E
:105EBC0039410000294100001D4100000D41000046
:105ECC005B4100004F410000AD410000A1410000CA
:105EDC00693E0000693E0000693E0000693E00001A
:105EEC00693E0000693E0000693E0000693E00000A
:105EFC00693E0000693E0000693E0000693E0000FA
:105F0C00693E0000693E0000693E0000693E0000E9
:105F1C00693E0000693E0000693E0000693E0000D9
:105F2C00693E0000693E0000693E000045410000EA
:105F3C009141000039410000294100001D41000041
:105F4C000D410000874100007D41000073410000BD
:105F5C00693E0000693E00006D410000D4F8D83065
:105F6C0094F8C0200133C4F8D8307AB3D4F8D030C8
:105F7C0094F8BD200133C4F8D030002A00F0FD8025
:105F8C00012A4BD0D4F8C850002D3FF437AF2B4624
:105F9C00DFF8408240F201170BE007F087F8D8F8E1
:105FAC000030AF842B622D6B002D3FF427AFD4F85B
:105FBC00C830996AA86A06F00FFF0346294605F116
:105FCC001000002BE9D019E7373A0AE794F8BD30F6
:105FDC00002B57D0012BD5D140F201127D4B616CB7
:105FEC00A287A4F84C202164626D19681B68A16417
:105FFC002265A365C6E790F8AF10774806F00EFB54
:10600C0000283FF42DAF04F1B0057449284606F082
:10601C00E3FE002840F0A880012322E76D4A40F2FD
:10602C000113616C206A21641168A060A164616D28
:10603C00E06A21651168A387A165E169A4F84C3079
:10604C00616094F8241060612173A16A216194F855
:10605C003010217694F8351084F8341094F83710F9
:10606C0084F8361011682380A163A16E61661168F3
:10607C002166A16F1268A4F85C30A4F86C30C4E9F6
:10608C001C217FE7534B40F20110626D1968A4F894
:10609C004C00A1652265186840F201121B68D4F807
:1060AC009810C4F8A030D4F8A830A4F88C20A4F828
:1060BC009C20C4F8A430C4E9240163E7A1F1570182
:1060CC00B1FA81F1490980F83010A5E600F12801F8
:1060DC00AE30FFF721FE9FE6A1F15301B1FA81F139
:1060EC00490980F8241097E600F11C01AE30FFF747
:1060FC0013FE91E6AE30FFF7E1FD60658CE6AE3045
:10610C0004F0C8FAC4F8980086E6302980F83510F7
:10611C0094BF0023012380F8C0307DE680F837104F
:10612C007AE6AE3004F0B6FA606475E6AE30FFF78E
:10613C00C5FDA06770E6AE30FFF7C0FDA0666BE64C
:10614C00A1F14101B1FA81F1490980F8C01063E66F
:10615C00AE30FFF7B3FDC4F888005DE6AE30FFF754
:10616C00ADFDC4F8A80057E61D49284606F034FEDC
:10617C00003818BF0120430073E6164B40F20112A1
:10618C00616DA4F84C2021651968A4F87C20A165E8
:10619C00E169616094F824102173A16A216194F87B
:1061AC003010217694F8351084F8341094F83710A8
:1061BC0084F8361019682280D4F88820A163C4F8BA
:1061CC0084201A68C4F88020226AA260E26A6261A4
:1061DC0061E700BFD8C80020240C00202C0C002044
:1061EC00300C002038B5D0F8CC30A1F10A020446AE
:1061FC000D460133C0F8CC30222A2ED8DFE802F04D
:10620C00182D2D182D2D2D2D2D2D2D2D2D2D2D2DDC
:10621C002D2D2D2D2D2D2D2D2D2D412D2D2D2D2D8E
:10622C00182D120090F8AC3083F02C0380F8AC30B1
:10623C0094F8BF300E2B30D90020A5F12A0194F828
:10624C00BE300022B1FA81F1013384F8BF20490934
:10625C0084F8BE3084F8AD1038BD90F8BF300D2BEB
:10626C0005D85A1C034480F8BF2083F8AE1094F86C
:10627C00AD00D0B994F8AC3085EA030184F8AC10C9
:10628C0038BD002302221846A4F8AC3084F8BD2097
:10629C00A4F8BE3084F8C03038BD23440022204618
:1062AC0083F8AE20FFF77CFDC7E7002038BD00BFA8
:1062BC0090ED026A00228388B8EE466B427007EEBE
:1062CC00103A037B9FED065BB8EEC77B86EE050BA1
:1062DC0030EE070B0BB1B1EE400B7047AFF3008003
:1062EC000000000065CDCD4190ED056A0022038AC7
:1062FC00B8EE466B427007EE103A037E9FED065BDC
:10630C00B8EEC77B86EE050B30EE070B0BB1B1EE8A
:10631C00400B7047AFF300800000000065CDCD410D
:10632C000020704700B5036883B08C4601220DF144
:10633C0007015B688DF807C0984703B05DF804FB54
:10634C00704700BF30B482B00C4602AB03E90600C4
:10635C00C37C002B30D072B6C37CDA0708D54FF063
:10636C00E0214569D1F880212A408262C1F8802160
:10637C009D0708D54FF0E0218569D1F884212A408A
:10638C00C262C1F88421590708D54FF0E021C569D4
:10639C00D1F888212A400263C1F888211A0708D550
:1063AC004FF0E021056AD1F88C212A404263C1F8F4
:1063BC008C21DB062FD462B683689C4235D0224BED
:1063CC0084609B69214AC3F30111C3F3826352F8C1
:1063DC0021100133B1FBF3F2CCB1944227D8B2FBBC
:1063EC00F4F3B2FBF3F294422CD3B3F5817F20D3B8
:1063FC00174CC460036803220020019918615A628B
:10640C0001221C6419661A6102B030BC70479942B3
:10641C00EFD3531CE9E74FF0E022416AD2F89031F8
:10642C000B408363C2F89031C5E7C468E2E70024EF
:10643C00DFE7022BFBD9023B5A08140244EA024460
:10644C001C43D6E71A46E4E700C00F402C0E002090
:10645C00FF7F7F00F8B504460F46007F00211646EB
:10646C0001F012FC04F11003A06993E80600FFF799
:10647C0069FFA5692B685F66D96D11F4F81FFBD015
:10648C005A6F5E66DA6D12F4F81FFBD05E6FEB7C10
:10649C00F6B213B3DF0704D5A96A4FF0E022C2F8B5
:1064AC000011980704D5E96A4FF0E022C2F80411F4
:1064BC00590704D5296B4FF0E022C2F808111A07CE
:1064CC0004D5696B4FF0E022C2F80C11DB0604D541
:1064DC00AA6B4FF0E023C3F81021207F012101F0BB
:1064EC00D3FB3046F8BD00BF10B504460022132183
:1064FC00FFF7B0FFE36AC01A10BD00BF10B5044629
:10650C0061B1836B1BB14022C021FFF7A3FF832233
:10651C0081212046FFF79EFF012010BD832281219F
:10652C00FFF798FF01E003F0FBF90022122120464F
:10653C00FFF790FF0307F6D5082292212046FFF7BC
:10654C0089FF012010BD00BF10B5002201210446B7
:10655C00FFF780FF00F00303032B10D00022122161
:10656C002046FFF777FF10F0080301D1184610BD45
:10657C00082292212046FFF76DFF002010BD01205C
:10658C0010BD00BF2DE9F04117460C460022222118
:10659C000546FFF75FFF00EB0708B8F1FF0F03D9C3
:1065AC00C0F1FF074FF0FF084FB1013CE61914F89A
:1065BC00012F80212846FFF74DFFB442F7D15FFA37
:1065CC0088F2A2212846FFF745FF3846BDE8F08146
:1065DC0003680D4A1B69934210B504460FD1002283
:1065EC001321FFF737FFE36AC01A50B1E36A0022A8
:1065FC00204601331146E362FFF72CFF10BD98478C
:10660C00F3E74FF0FF3010BD3945000038B5036893
:10661C000446114A1B69934219D100221321FFF73A
:10662C0019FFE36AC01AA0B100220D212046FFF722
:10663C0011FF0022054620461146FFF70BFF2A46A4
:10664C0005468D212046FFF705FF284638BD9847A3
:10665C00E9E74FF0FF3038BD3945000070B5002236
:10666C001D210446FFF7F6FEC0F30710092823D8B6
:10667C001B4B00221E2153F820602046FFF7EAFE38
:10668C000546002226212046C5F30715FFF7E2FE3A
:10669C0001230246AB4096FBF3F64FF47A7393FB5F
:1066AC00F6F3102B13DD40F00800A621C2B22046F1
:1066BC00BDE87040FFF7CEBE00221E212046FFF73A
:1066CC00C9FE002226212046FFF7C4FE02462046C2
:1066DC0002F0F702A621BDE87040FFF7BBBE00BF79
:1066EC00A4030020052938B5054626DD0C2921DC3C
:1066FC00062922D009014CB2C322B1212846FFF74A
:10670C00A9FE0A22B7212846FFF7A4FE00221E216B
:10671C002846FFF79FFE03469E21284603F00F03F1
:10672C0044EA0302D2B2FFF795FE2846BDE8384092
:10673C00FFF794BF6FF03F04DEE7C522B121284676
:10674C006024FFF787FE0C22B7212846FFF782FE54
:10675C00DCE700BF38B541F678630446994205DDA5
:10676C0042F6A003994216DC102500E00025002219
:10677C001D212046FFF76EFE03469D21204603F0A7
:10678C000F0345EA0302D2B2FFF764FE2046BDE8D0
:10679C003840FFF763BF43F6F04399421ADD45F2E8
:1067AC004013994218DD47F61223994216DD4AF23E
:1067BC00E423994214DD4FF22443994212DD0B4B32
:1067CC00994211DD0A4B9942D4BF6FF07F056FF0EF
:1067DC006F05CCE72025CAE73025C8E74025C6E77A
:1067EC005025C4E76025C2E77025C0E748E80100E2
:1067FC0090D0030038B504460D46007F012101F00E
:10680C007FFA207F012101F03FFA206A431C13D04C
:10681C000121C0B201F074FA002194F8200001F0BB
:10682C0033FA0A2001F0DCF994F82000012101F080
:10683C002BFA0A2001F0D4F9A06903F08BFC00229A
:10684C0042212046FFF706FE122801D0002038BD59
:10685C00802281212046FFF7FDFD0023E917A56268
:10686C00254AE804C90441EA553103F08DFD05467B
:10687C0086212046C5F30742FFF7ECFDC5F307223E
:10688C0087212046FFF7E6FD8821EAB22046FFF774
:10689C00E1FD00228E212046FFF7DCFD00228F2136
:1068AC002046FFF7D7FD00220C212046FFF7D2FD32
:1068BC0002468C21204642F00302D2B2FFF7CAFDF9
:1068CC000422A6212046FFF7C5FD8422CD212046B7
:1068DC00FFF7C0FD2B228B212046FFF7BBFD8F223B
:1068EC0089212046FFF7B6FD812220461146FFF78D
:1068FC00B1FD012038BD00BF0048E80170B5044669
:10690C000E46FFF721FE08B1002070BD812205461E
:10691C0020461146FFF79EFDD6B101232A461D21C4
:10692C0020462363FFF796FD02469D21204642F048
:10693C000102D2B2FFF78EFD00228D212046FFF717
:10694C0089FD0022A2212046FFF784FD012070BDA5
:10695C0032461D2120462663FFF77CFD02469D2111
:10696C00204602F0FE02FFF775FDE5E70D4B072010
:10697C000D49002210B40D4C19610D491C600A24FC
:10698C001A735A609A60C3E9050109200221C3E910
:10699C000740C3E909125DF8044BC3E90B22C3E9B4
:1069AC000D2270478898002000127A00100E0020EB
:1069BC0018860020F8B51D4C1D4D23682A681D4E05
:1069CC009B1AB3F57A7F2FD331680131236802F516
:1069DC007A72084601319B1AB3F57A7FF6D2306091
:1069EC002A60154F3B6883420FD8144B1B6863B168
:1069FC00984701430BD0124B22681B682A60022275
:106A0C00034430603B600F4B1A700021F8BD0D49F8
:106A1C000B4B0A783068003A1B6818BF01220344FC
:106A2C000A7000213B60F8BD3068DAE7D8C8002056
:106A3C00D498002060C30020909B0020ECC700205D
:106A4C00C088002008C900200B4BD3F83022120A52
:106A5C000270D3F830224270D3F82022120E8270CA
:106A6C00D3F82022120CC270D3F82022120A027121
:106A7C00D3F820324371704700441F4010B590B0DA
:106A8C00044602A8FFF7E0FFBDF80C30074A04A843
:106A9C005BBA009130219BB204F0CEFA04A92046D7
:106AAC0000F0CEFC204610B010BD00BFA0060020A8
:106ABC0001207047B0F84630B0F848209BB292B233
:106ACC00934202D2013AD01A7047416B01390A4401
:106ADC00D01A7047016972B6B0F84A20B0F84C3041
:106AEC0092B29BB29A423CBF806B1218C86AD31AFE
:106AFC0062B6C0F302601844704700BFB0F84A1089
:106B0C000246B0F84C3089B29BB2994210B4046979
:106B1C0014D00133906B116B984298BF00239942AB
:106B2C0006D85B1A526AD05CC0B25DF8044B704751
:106B3C00126A5DF8044BD05CC0B2704772B6B0F804
:106B4C004A0080B2814201D062B6E2E7E36A13F0F8
:106B5C00E06F03D14FF0FF3062B6E6E7E369012046
:106B6C000024116AA2F84A00C3F30900DBB2A2F8B0
:106B7C004C404B70F0E700BFB0F84A100246B0F83A
:106B8C004C3089B29BB2994230B4046925D00133A0
:106B9C00946B9C4216D9106B1FFA83FC984217D940
:106BAC00106AC05CC0B2956DA2F84CC045B1994258
:106BBC001CD3CB1AD16B994202D3D36DC5F8883054
:106BCC0030BC70474FF0000C106B63469842E7D80E
:106BDC00181A556A285CC0B2E5E7084672B6B2F8D6
:106BEC004A1089B2884204D062B6D0E70C44E31A4A
:106BFC00E0E7E36A13F0E06F03D14FF0FF3062B6C9
:106C0C00DEE7E069C0F30900F9E700BF90F8443013
:106C1C0043B110B5044602F083FE94F84430002BC7
:106C2C00F9D110BD704700BF38B5D0E90453D3E992
:106C3C0003120968114228D090F84420044632B15E
:106C4C0002F06EFE94F84430002BF9D163690021F8
:106C5C000E4AA961207E03EB0010007D02EB0010B0
:106C6C00456805202860657E03EB051393F83430E6
:106C7C0002EB0312A36D52681060A4F84A10A4F83A
:106C8C004C1013B1E26DC3F8842038BD887C002011
:106C9C0007EE901A9FED9A7A0421B6EE005AF8EEA0
:106CAC00677A9FED986A41F6FF7CC7EE275A2DE96B
:106CBC00F0478E460569012407EE901AF8EEE77A44
:106CCC0085EEA77A77EE057AFDEEE77A17EE903A25
:106CDC006345A8BF6346012BB8BF012307EE903A6A
:106CEC00F8EEE76A76EEC76AC6EE877AF5EEC07AFA
:106CFC00F1EE10FA48BFF1EE677AF4EEC67AF1EED7
:106D0C0010FA03D8B0EE676A8E461C460131212971
:106D1C00D2D10021436902F40076A0F84A10B3F8EE
:106D2C005AC08E42A0F84C10B3F85860A0F8461028
:106D3C00A0F8481080F84410816BDF68A1EB0606C0
:106D4C00A1EB0C01C0E90F6139681E6941EA06012B
:106D5C00396014BF01210021817640F0AC80017EA6
:106D6C00694E03EB0118DFF8C09198F81470D8F84D
:106D7C001CA006EB0717B968C1F800907968D8F821
:106D8C0018700F60BAF1000F03D0D8F82010CAF8B1
:106D9C000010477ED92103EB071898F834C006EB96
:106DAC000C1CDCF808703960DCF80410D8F838706A
:106DBC000F60417E03EB0111CF6B0FB1096C396091
:106DCC000EF1FF31BEF1080F4FEA0161CCBF4FF05D
:106DDC00000E4FF0010E01F0F85144EA4E442143ED
:106DEC005C682961597801F110030021E960474979
:106DFC0041F8234041694FF0010E454C02F0030C61
:106E0C004F7891F85610434B39554FF0021744699F
:106E1C00617803EB511301F01F019B000EFA01F195
:106E2C001960EF62AB6A43F08803AB6253073ED440
:106E3C004CF4701302F00F01042908BF43F0804397
:106E4C0097062ED5817E43F0805300293AD1160740
:106E5C00AB6103D52B6943F000532B616B69D106F1
:106E6C0023F0805348BF43F080536B61D30503D5A7
:106E7C002B6943F400532B61A36883B1264E3478FD
:106E8C00002C3AD0611E254DC9B22B1F05EB810198
:106E9C0001E0994225D053F8042F9042F9D1BDE876
:106EAC00F087817E0029D2D043F0A003CFE71C4BA2
:106EBC004CEA0303BEE7477E4FF2D901124E03EBB7
:106ECC0007186AE7417E43F0A00304EB011191F827
:106EDC00341006EB0116B668316821F4404131607C
:106EEC00B5E7631CDBB20F4A3370137845F8240006
:106EFC0043F002031370BDE8F0870123074DF2E75E
:106F0C00001BB74BEC78AD60887C0020009400200F
:106F1C0000E400E0403800380AC90020E8C3002033
:106F2C0010003C0019C9002038F00100EFF3138069
:106F3C00B8B9EFF310834BB9EFF305823AB94FF4BC
:106F4C008073EFF3118050B1984208D270470F2A2A
:106F5C00F7D9054B9B5CEFF311800028F4D1184650
:106F6C0070474FF0FF30F1E7F0E300E010B44162FE
:106F7C0099B1036B1A44446900218263B4F8583008
:106F8C00B4F85A40D31AA0F84A10121BA0F84C10AF
:106F9C005DF8044BC0E90F327047026BEBE700BFA2
:106FAC00816241B1C36A1A4400234263A0F846309F
:106FBC00A0F848307047C26AF6E700BF036D2DE9B0
:106FCC00F04104460F46066913B1426DC3F88420A4
:106FDC00A37E2BB172B6B36943F00053B36162B6B2
:106FEC00B4F84650636BADB20135AB424CD84FF0A0
:106FFC0000084546B4F848309BB29D4219D028E0B1
:10700C0073691B0210D5B4F84830626B9BB2013324
:10701C009A4236D99AB2E16A99422DD9E169CB5C90
:10702C00DBB2F361A4F84820B4F848309BB2AB4211
:10703C000FD1FFF77BFF6369B3F856308342DFDA79
:10704C00FF28F1DD02F06CFCB4F848309BB2AB4287
:10705C00EFD0E36AAB421AD9FFB2E3695F5572B65F
:10706C00012084F84400A4F84680B36943F400037B
:10707C00B36162B6BDE8F0815B1AA16ACB5CDBB28E
:10708C00CFE700221346C6E71FFA85F8B2E7ED1AE0
:10709C00FFB2A36A5F55E2E7FFF790BF026953693D
:1070AC0013F4401F70B543D0D36A13F0E06FC3F3F1
:1070BC00026E3AD0B0F84A50B0F84C60ADB2B6B2ED
:1070CC0007E0016A01F803C00EF1FF3313F0FF0E65
:1070DC001DD0D1696B1C846BB0F84CC0C1F3090195
:1070EC009C4298BF00231FFA8CFC9C45ECD0046B8F
:1070FC005FFA81FC1D469C42A3EB0404E1D8436A71
:10710C0003F804C00EF1FF3313F0FF0EE1D1ABB264
:10711C00A0F84A30836D43B1B54254D3AD1B016C1A
:10712C00A94202D8C16DC3F884105369D90245D461
:10713C009669330228D553691D0225D5B0F84650FF
:10714C00B0F84830ADB29BB206E0C169C95CC9B2B7
:10715C00D161D16A4C0512D4AB4238D0446B0133A7
:10716C00C16A9C4298BF00239942A3EB0104ECD85E
:10717C00816A095DC9B2D161D16A4C05ECD599B26D
:10718C00AB42A0F8481025D0710216D553695B02AA
:10719C0013D50021036D80F8441013B1416DC3F871
:1071AC008810837E2BB172B6936923F000539361E0
:1071BC0062B6936923F48003936170BD536943F401
:1071CC0080135361B4E7816B891B0D44A7E79BB215
:1071DC00A0F84830936923F400039361936943F456
:1071EC0080039361D0E700BF0148FFF757BF00BF92
:1071FC00788600200148FFF751BF00BFD8860020D9
:10720C000148FFF74BBF00BF388700200148FFF74C
:10721C0045BF00BF988700200148FFF73FBF00BF64
:10722C00F88700200148FFF739BF00BF58880020BD
:10723C00012A70B508BF0A228AB091B34FF0210E13
:10724C0001E05FFA86FE0EF1FF36B1FBF2F502FBB0
:10725C0015145FFA84FC092C0CF137040CF1300C7A
:10726C0098BF5FFA8CF40EF1280C88BFE4B29142FF
:10727C00EC4429460CF8244CE3D24BB10EF1FF3E02
:10728C002D225FFA8EFE0EF128036B4403F8242C9A
:10729C00036801A9CEF122025B68714498470AB0D9
:1072AC0070BD30224FF0210E8DF82520E5E700BF90
:1072BC002DE9F0410C46D1B1EAB180468E1800257B
:1072CC000E4F04E002F098FAB44205440CD0D8F802
:1072DC00003014F8010B1B68BB42F3D0014640464A
:1072EC009847B4420544F2D12846BDE8F0810D46DA
:1072FC002846BDE8F0811546F6E700BF3D240000A6
:10730C002DE9F0418C688AB0DCB100258846064630
:10731C002F462B46212201A9404600F0A3F9202C30
:10732C002246336828BF202201A930465B68A41A84
:10733C00154498470744002CEBD138460AB0BDE8F9
:10734C00F081274638460AB0BDE8F08100B50368E5
:10735C0083B040F60D2C022201A95B68ADF804C085
:10736C00984703B05DF804FB054B022888BF034621
:10737C0010B41C68184663685DF8044B184700BFCE
:10738C00688600200EB400B582B003AA52F8041B24
:10739C00019205F043F802B05DF804EB03B07047BE
:1073AC005AB90368C9B2074A1B68934200B506D1A3
:1073BC0008465DF804EB02F01FBAFFF739BF5DF821
:1073CC0004EB18473D2400002DE9F84F00278B46AD
:1073DC0081469246394603F1FF38174C174E00F0A0
:1073EC002FF825680BE002F0F7F9002810DA02F00C
:1073FC0097FA2368DBF808205B1B934215D2DBF865
:10740C0000305B69B342EED0584698470028EEDB5B
:10741C0008D0824506D00137C1B2484600F00AF9BF
:10742C004745DED94846BDE8F88F012348468BF81E
:10743C000C30BDE8F88F00BFD8C800203524000000
:10744C00F8B500260446C0E90066866029B10846F6
:10745C000D4605F0CDFE074608B92046F8BD0130B3
:10746C0003F026F90028F8D0294606702060C4E9FC
:10747C00017705F01BFE2046F8BD00BFF8B5884229
:10748C004FF0000504468560C0E9005502D08E68B7
:10749C000F680EB92046F8BD701C03F009F90028DE
:1074AC00F8D0394605702060C4E9016605F0FEFD90
:1074BC002046F8BD00238842C0E9003383600CD01D
:1074CC0010B4D1E90042C1E90033C0E900428A6836
:1074DC005DF8044B8B6082607047704710B50446B2
:1074EC00006803F0EDF8204610BD00BFF8B5044667
:1074FC00154632B9036803B11A7000232046A36005
:10750C00F8BD43680E469A421CD9511C006803F022
:10751C009BFB074660B1A368C4E900050BB9037077
:10752C00276831463846A56005F0C0FD2046F8BDF9
:10753C00206810B103F0C4F8276000232046C4E98A
:10754C000133F8BD07683146A560384605F0AEFD3D
:10755C00ECE700BF814203D08A680968FFF7C6BF19
:10756C00704700BF884238B505460ED000680C46FF
:10757C0008B103F0A5F8A0680023D4E90012A860B4
:10758C00C5E90012C4E90033A360284638BD00BF2A
:10759C0038B505460C4649B1084605F029FE21468A
:1075AC0002462846FFF7A2FF284638BD2846A960A8
:1075BC0038BD00BF2DE9F843044600680D46164659
:1075CC008842A36809D8C218914206D20F1A4FF00C
:1075DC00010936B92046BDE8F8834FF00009002EAA
:1075EC00F8D003EB0608626890450CD908F101014C
:1075FC0003F02AFB0028EDD0A368C4E9000813B9F6
:10760C0003702068A368B9F1000F08D1294618440B
:10761C0005F04CFD2046C4F80880BDE8F8833246DE
:10762C00C119184400F0B8FD2368002203F80820A3
:10763C00F0E700BF10B582B00023044601228DF89C
:10764C00041001A98DF80530FFF7B4FF204602B0F5
:10765C0010BD00BF10B504468A680968FFF7AAFF81
:10766C00204610BDC2B170B5B1FA81F60C46760950
:10767C0019B185689D4201D80E7070BDED1A02F1EA
:10768C00FF3C016820466545194428BF65462A46DB
:10769C0005F070F8665570BD704700BF8368934263
:1076AC0007D910B50468A01804F0B8FF20B1001B6E
:1076BC0010BD4FF0FF3070474FF0FF3010BD00BFD2
:1076CC00836843B1096810B50468204605F050FA88
:1076DC0020B1001B10BD4FF0FF3070474FF0FF3052
:1076EC0010BD00BF9A422DE9F04105460E4602D965
:1076FC0011461A460B460021A960B7689742C5E9A6
:10770C00001114D39F4228BF1F46336813F807801B
:10771C00D95533689C180DD0204605F069FD2146DB
:10772C0002462846FFF7E2FE336803F80780284636
:10773C00BDE8F081AC60F8E7006808B102F0AABFC0
:10774C00704700BF006810B1002104F009BC9FED28
:10775C00010A7047000000002A2849D8F8B5254FC7
:10776C0004463B78E3B9244B1B5DFF2B29D0234AFD
:10777C0002EB041291680A6802F44050B0F5805F85
:10778C0030D01C061FD41E4C2360236AD80704D4A7
:10779C0002F0C6F8236AD907FAD5194B586AF8BD16
:1077AC00174D184E01E002F0BBF8AB6C1B06FAD477
:1077BC00B36C13F08003F6D13B700F4B1B5DFF2BAA
:1077CC00D5D10020F8BD0F4C03F07F032360236A52
:1077DC00DA0704D402F0A4F8236ADB07FAD5094BC4
:1077EC00586AF8BD22F480521C060A60EBD4CAE732
:1077FC00002070470CC9002028810020887C0020C4
:10780C0000400C4000800C40082830B422D00A28DC
:10781C000CBF4FF405714FF44671104C104D636C56
:10782C00626C2B400F4802F003021A43636C03F0A6
:10783C00E00313430B436364436C426C2B4002F034
:10784C0003021A43436C03F0E0031343194330BCA7
:10785C00416470474FF44071DFE700BF00400C40BB
:10786C0000FCFFFF00800C4010B41F4C1F281F4968
:10787C00A36C23F02003A364626C8B6C22F4404253
:10788C0023F020038B644B6C23F4404312D942F455
:10789C00404243F4404362644B641349134A8B6C7B
:1078AC005DF8044B43F020038B64936C43F020038E
:1078BC00936470470F2808D942F4004243F4004304
:1078CC0009480A4942644B64E7E7072804D942F4A3
:1078DC00804243F48043F3E7032862644B64DCD8B2
:1078EC005DF8044B704700BF00400C4000800C401A
:1078FC00A249A34B88422DE9F047A24C5E699A69D4
:10790C00D4F80C801BD9A04B984240F20281C31AC8
:10791C009E491B0AA1FB031340F22761DB0903EB11
:10792C00830303EB830303F2E2438B4228BF0B4632
:10793C00A3F54877964BA3FB0737FF0804E0954F58
:10794C00B8428CBF0E2706278D4908F01F09D1F8C5
:10795C008030B94543F0C003C1F880300CD228F018
:10796C001F08A1F5F82148EA0708C1F80C800B683C
:10797C00002BFCDA08F01F0916F0007324D186499D
:10798C000C698649A14300F0EA8082F480513446A8
:10799C004FF4805514F0605F04D026F060561E43FF
:1079AC00774B5E6111F4405F07D022F4405274496A
:1079BC002A438A618B6C1A07FCD446F00076704A15
:1079CC005661936C9B06FCD4754CA04200F2CE80A1
:1079DC004FF0010C0146634603FB011203F1010E4B
:1079EC000CF10105A24218D8BEF1080F4FF00103AB
:1079FC0040F08D80BCF1040F00F291800A18A24275
:107A0C0000F2A48005FB00F1AC4603F1010E03FB70
:107A1C0001120CF10105A242E6D90CF1FF318C02E6
:107A2C0086EA81215F4810445F4A90427FD9DFF893
:107A3C00A4A16C225D48584DB0FBFEF0D5F800E0D7
:107A4C00B0FBFCF0DFF890C10EEA0C0CD44509D069
:107A5C0042F400524FF4805CC5F800C02A602A68DA
:107A6C00002AFCDA464A156905F007059D4203D049
:107A7C001361936CDD03FCD411F4E05F09D026F4A0
:107A8C00E05604F4E0543E4A26435661936C990741
:107A9C00FCD44749474A014491423CD8464BC9095A
:107AAC00A3FB0131090B4B1E1B0286EA030212F4E5
:107ABC00407F06D026F4407603F44073304A3343BB
:107ACC0053612F4A536923F000735361936C9B06E7
:107ADC00FCD43A4B4F45A3FB00234FF0FF324FEA47
:107AEC009343B0FBF1F1B2FBF3F3354A1060354A26
:107AFC001160354A136008D228F01F08214A48EA61
:107B0C000707D7601368002BFCDABDE8F0877346D3
:107B1C0062E7122718E74FF440730421C5E70CF114
:107B2C00FF31204807238C02104486EA8121274A22
:107B3C00DFF8A8A0A2FB0020020D2548362A38BF8A
:107B4C00362202FB00F042EA0A0A74E74FEA8C2460
:107B5C00002386EA8C214FF0010EAC4662E71D46ED
:107B6C0086F0C05411464FF0C05313E700244FF079
:107B7C00010C024631462346E64653E700A4781F23
:107B8C0000C00F40000008400046C32323B24C0045
:107B9C001F85EB5100366E0100800D404030008097
:107BAC00FFB19F26808D5B00FF7EF64D00643F4D3C
:107BBC007FD1F0087F17B42C9F10E50083DE1B43A8
:107BCC00148600201086002050C80020819F5E166D
:107BDC00001BB7006C2000807F30018000200080EB
:107BEC0000B970472DE9F84F01218146214C224DF7
:107BFC00224E54E8003F2A68306844E80013002BFA
:107C0C00F7D11F494B684FF47A7BDFF878A01B1A29
:107C1C0001270BFB02F8DAF80020A3FB02325A45CD
:107C2C0094BF9044D84454E8003F2A68306844E834
:107C3C000073002BF7D14B68DAF800C01B1A0BFB52
:107C4C0002F2A3FB0C3CBCF57A7F94BF624402F5B4
:107C5C007A72A2EB0802B2F57A7F06D3B9F1010968
:107C6C0008F57A78DFD1BDE8F88F01F059FE0449A8
:107C7C00D9E700BFDCC80020D8C80020D4C8002039
:107C8C00001000E050C80020362816D80201104B16
:107C9C0003EB00109B5810B4C2685C68144205D00A
:107CAC0061B95DF8044BC3F888207047836851B103
:107CBC00084A5DF8044B1A60704770475DF8044B36
:107CCC00C3F884207047044A5DF8044B1A6070476F
:107CDC00887C002038F001003830010036280BD8A1
:107CEC00064B020103EB00109A58C36892681A42C3
:107CFC0014BF01200020704700207047887C0020B2
:107D0C00362829D8164B0201012903EB00109A588A
:107D1C0010B45368C4680ED004290CD023EA0403B1
:107D2C0053608368A9B1022917D003290CBF0D4AEF
:107D3C000D4A1A6007E0234301295360836808D079
:107D4C0040F638021A60436815225DF8044B1A603D
:107D5C00704738221A60F6E77047044A1A60F2E757
:107D6C00887C0020383001003800010038F0010018
:107D7C0030B4124A0020124B0121124D124CC2F8A1
:107D8C00F032C2F8F402C2F8B810C2F8A000C2F87F
:107D9C00A450C2F8B0105369DB07FCD551612378AD
:107DAC00DB07F0D41368054943F0010313600B683B
:107DBC00DB07FCD462B630BC704700BF00802A40A1
:107DCC000504012401000F0000812A4070B50E4CFF
:107DDC004FF6FF7E0D4E04F17E05A6F58053002173
:107DEC0002E0B34281B204D21A88481C02337245B5
:107DFC00F7D124F8021FAC4206F58056EDD1044BA6
:107E0C0001221A7070BD00BF52C8002000107C60A7
:107E1C000EC9002041F2BB0398422FD8184B10B565
:107E2C001B7804463BB3A008164B04F00301164C18
:107E3C00A3FB0023C21A03EB5203144A5B09C3EBE6
:107E4C00831E9C46A0EB0E0341EA8C01FF2034F804
:107E5C0013C01A444FEA4C0C13030CEB023CBCEB62
:107E6C00023F07D91A880233D4B28C4208BF100AD9
:107E7C009C45F7D810BDFFF7A9FFD4E7FF2070474A
:107E8C000EC900200541100454C80020C00706008C
:107E9C00F8B50F46164672B6344B40F20641344ADA
:107EAC009A610222DA610022C3F8A020C3F8F01212
:107EBC00C3F8F422C3F8F822C3F8FC224FF4702262
:107ECC00C3F8A4200122C3F8B02020F01F038219AC
:107EDC00BFF34F8F4FF0E024C4F85C3F20339A423D
:107EEC00FAD8BFF34F8FBFF36F8F204D6B69DA0752
:107EFC00FCD501231F49B2B220F07F406B6142F4E4
:107F0C007022C5F8F01242F20121184CC5F8F41297
:107F1C00C5F8BC30C5F8A000C5F8A420C5F8B03031
:107F2C00154D01E05B0609D4636913F00100F9D02B
:107F3C0041236361BDE8F840FFF71ABF082E0AD849
:107F4C0036B13246394637440646284600F024F905
:107F5C0040236361E8E7A6F108000826394632465B
:107F6C0037440646284600F017F9F1E700802A400E
:107F7C00F05AF05A3204180880812A4010B472B6B4
:107F8C00284B0221284C00229C614FF47024D961AB
:107F9C0040F20641C3F8F0120121C3F8F422C3F8F1
:107FAC00F822C3F8FC22C3F8A020A2F58052C3F833
:107FBC00A4400240C3F8B010BFF34F8F02F58051BC
:107FCC0002F120034FF0E02C994234BF01218021B3
:107FDC0002EB41118B42CCF85C2F1A4603F12003C3
:107FEC00F8D1BFF34F8FBFF36F8F0E4A5369D90788
:107FFC00FCD501240D490E4B54610340C2F8F0121C
:10800C004FF470200749C2F8A030C2F8A400C2F89F
:10801C00B0404B69DB07FCD501235DF8044B4B6189
:10802C00FFF7A6BE00802A40F05AF05A2004180828
:10803C0000F0FF0041F2BB03984200F28980464BEE
:10804C002DE9F0471B78C2B005468946002B7CD041
:10805C00AB08424E05F00305414FA6FB03269A1BC5
:10806C0006EB5206760945EA8605C6EB86169E1B7C
:10807C003C4B37F81640334460004FEA033800EBB2
:10808C000330B0EB033F64D943464FF0FF0C1A8822
:10809C000233D1B2A94208BF4FEA122C9842F6D84B
:1080AC00E14541D0B4F5006F41D302AC4FF480727E
:1080BC00FF21204604F060FA08F5805008F1020315
:1080CC004246984234BF01204FF4006008EB400058
:1080DC00134602321B888242D9B24FEA13236354EF
:1080EC00F6D104F805900DF107090DF2071A0025D9
:1080FC004C464046FFF742FF14F801CF08EB450011
:10810C0002220DF10601631EBCF1FF0FA3EB090364
:10811C0006D043EA0C230135ADF80630FFF7B8FE64
:10812C00A245E9D127F8165042B0BDE8F08745EAE0
:10813C00092502A902220134ADF80850FFF7A8FE68
:10814C0027F8164042B0BDE8F087FFF73FFE7FE707
:10815C0070474FF0FF0CA3E70EC900200541100437
:10816C0054C80020C007060062B170B505460C4625
:10817C008E182046013415F8011BFFF75BFFB44243
:10818C00F7D170BD704700BF08B5FAF723F8FAF7BE
:10819C0043FD01F0C5FBFAE7844641EA000313F006
:1081AC0003036DD1403A41D351F8043B40F8043BF2
:1081BC0051F8043B40F8043B51F8043B40F8043BB5
:1081CC0051F8043B40F8043B51F8043B40F8043BA5
:1081DC0051F8043B40F8043B51F8043B40F8043B95
:1081EC0051F8043B40F8043B51F8043B40F8043B85
:1081FC0051F8043B40F8043B51F8043B40F8043B75
:10820C0051F8043B40F8043B51F8043B40F8043B64
:10821C0051F8043B40F8043B51F8043B40F8043B54
:10822C0051F8043B40F8043B403ABDD2303211D3F4
:10823C0051F8043B40F8043B51F8043B40F8043B34
:10824C0051F8043B40F8043B51F8043B40F8043B24
:10825C00103AEDD20C3205D351F8043B40F8043BF4
:10826C00043AF9D2043208D0D2071CBF11F8013BF2
:10827C0000F8013B01D30B8803806046704700BFB8
:10828C00082A13D38B078DD010F003038AD0C3F1C7
:10829C000403D21ADB071CBF11F8013B00F8013BA9
:1082AC0080D331F8023B20F8023B7BE7043AD9D368
:1082BC00013A11F8013B00F8013BF9D20B7803703D
:1082CC004B7843708B7883706046704701F1FF3CAC
:1082DC0070B56646002400E00134B0FBF2F502FBF9
:1082EC001503092B03F1370E03F130035FFA8EFEF1
:1082FC0098BF5FFA83FE9042284606F801EFEBD256
:10830C00631C0022C818CA547CB162461CF8015F79
:10831C0010F8016DA1EB0C0302328CF80060013BEC
:10832C00521A057023449A42EFDB084670BD00BF19
:10833C004FF0010C0CFA01FC01EB410100EB411177
:10834C0070B5B1F80EE01FFA8CF5254C1FFA8EFEB5
:10835C0024782E010EFB033306F0F006E340B0F850
:10836C0088417345A4B228BF73463443012AA0F850
:10837C0088410DD0022A28D0C2B10CF00F02B0F8FF
:10838C0088C11FFA8CFC4CEA020CA0F888C170BDA5
:10839C009BB20CF00F022D02CB82B0F8803105F4A9
:1083AC0070659BB22B43A0F88031E8E7AEEB030E6F
:1083BC000CF00F021FFA8EFEA1F80AE0B0F8803123
:1083CC009BB21343A0F88031D9E79BB20CF00F029B
:1083DC00CB83B0F880319BB21E43A0F88061CEE70E
:1083EC00C890002036284BD8F8B52A4D044615F80D
:1083FC00202005EB8005012A2DD0022A3FD16B7875
:10840C00C3F3011003283ED0234A02EB803203F061
:10841C00030C224889B2634602EB4C1C0678BCF86C
:10842C0006E05801BCF810301FFA8EFECEF1011E8A
:10843C001EFA83F303F1FF3E0EFB01F1F1408E4572
:10844C0023D95B1AC3F101039BB289B20244ACF885
:10845C00063011820DE06A78C2F30113032B10D0A1
:10846C000F4800EB83308BB202F00301AA78FFF7C0
:10847C005FFF0C4BEA7803EB04135B681A60F8BDE2
:10848C0070470948EFE7094AC1E7991E4FF6FF7399
:10849C00DBE700BF5481002000C01D40C8900020C5
:1084AC0000C03D40887C002000803E4000801E4083
:1084BC0000230F2248F2B82C194610B54FF4704423
:1084CC004FF4806EA0F88C414FF46044A0F88E21DC
:1084DC000A46A0F89031B0F888319BB243F0F00313
:1084EC00A0F8883101EB4103013100EB431304295F
:1084FC009C80A3F806E05A841A865A805A81A3F805
:10850C000EC05A82DA825A83DA83EBD1B0F8883102
:10851C009BB243F00F03A0F88831B0F888319BB2BE
:10852C0043F47063A0F8883110BD00BF374B384A54
:10853C00996F384841F47F0170B5996741F2010693
:10854C00D3F8801045F6C05543F226040A43C3F80D
:10855C008020FFF7ADFF00F58040FFF7A9FF00F585
:10856C008040FFF7A5FF00F58040FFF7A1FF002238
:10857C00A0F503104FF00F0E114600EB42134FEA1B
:10858C00421C01329981042A5981A3F80EE09E8283
:10859C00DD8020F80C1019829C81EED100221E483F
:1085AC004FF00F0E41F20106114645F6C05543F24D
:1085BC00260400EB42134FEA421C01329981042A33
:1085CC005981A3F80EE09E82DD8020F80C101982F0
:1085DC009C81EED1002211480F2641F20105114673
:1085EC0045F6C05443F2260E00EB42134FEA421CF0
:1085FC0001329981042A5981DE819D82DC8020F828
:10860C000C101982A3F80CE0EED170BD00C00F4025
:10861C00000003FC00C03D4000001E4000401E4016
:10862C0072B6EFF30583524CC4F884301EF0040F7D
:10863C000CBFEFF30882EFF309824FF0E0234D4EAD
:10864C004D4DD3F8280DD3F82C1DC4E92201D3F8D5
:10865C00341DD3F8383DC4E924139369C4F8983019
:10866C00D369C4F89C3000F0D1F884ED280A01F0ED
:10867C0045FA0B214FF0FF32C4F8A4000B46C4F8A6
:10868C0080103E49301D5A40202402F00103013C69
:10869C0001FB03F383EA5202F7D1A84202D07368BC
:1086AC000646EFE7324BC3F8A820BFF34F8F4FF0CD
:1086BC00E0233049324AC3F8701FC3F8702FBFF360
:1086CC004F8FBFF36F8F2F4A02252F48D36E2F4940
:1086DC0043F44053D3660560D3692D4823F07F03E0
:1086EC0043F04003D3610B6883423DD8264D0021F3
:1086FC004FF0E0234FF0FF3229600126C5F8081136
:10870C002449C5F80011C5F80861C3F88021C3F8E5
:10871C008421C3F88821C3F88C21C3F8902101E08F
:10872C0000F066F9D5F80C31002BF9D00134C5F8FE
:10873C000C614F2CF4D9184B022018494FF0004211
:10874C00C1F840015A63D5F80C313BB914481549AE
:10875C000D4A0163D2F80C31002BFAD04FF0E02314
:10876C00114AC3F80C2DFEE7FFF7C2F8BEE700BFB5
:10877C0000FF272080FF2720A8FF27202083B8EDAB
:10878C00A0FF272000C00F400040084014860020A6
:10879C00803DCD0B009F240000900D4000002E402A
:1087AC0000800F40F100AD0B0400FA050A490A687D
:1087BC0038B108B513180948834204D810460B6029
:1087CC0008BD1046704704F0F9FA0C234FF0FF3245
:1087DC000360104608BD00BFCC8A00200000282092
:1087EC00002070474FF0FF30704700BF4FF400532C
:1087FC0000204B60704700BF012070474FF0FF30E6
:10880C00704700BF30BFFDE7FFF70ABF124AD2F82E
:10881C0080305B07FBD5D2F880301048C3F30B23B4
:10882C000F4990ED007A07EE903A91ED006AB8EEA0
:10883C00477A0C4AF8EEE77A0B4BD2ED006A77EEEA
:10884C00C77A93ED007AB8EE477A67EE867A87EEB0
:10885C00A60A37EE400A704700810D4040C8002040
:10886C0048C800204CC8002044C80020836BF0B4DA
:10887C001BB1536843F40043536072B6446B3CB372
:10888C001A4B2260D3F8B0410C421DD1184E7768B8
:10889C0004E07468E41BB4F5166F0BD2D3F84041B6
:1088AC0044F48044C3F84041D3F8B851D3F8404164
:1088BC006404EED50D4007D10C4CC0E90225D4F868
:1088CC00B0310B43C4F8B031426362B6F0BC7047B0
:1088DC00064DC0E90224D5F8B0310B43C5F8B031D0
:1088EC000263426362B6F0BC704700BF00002E40CA
:1088FC00001000E070B5056B9DB106462A460024B9
:10890C0003E012680134012A0CD0536813F0800381
:10891C00F7D032632CB12846B36B2D689847013CD5
:10892C00F9D170BDC6E90C33F4E700BF30B4D9B946
:10893C001F4C204B0021204A01254FF0011099605B
:10894C001D60C4E9023180245C60C2F8BC01D2F81D
:10895C00B0311A482B43C2F8B0310160D2F8B031B3
:10896C00002BFBD130BC70470904154B104C012572
:10897C0041F080019860104A596000F580511D60EB
:10898C00D96000F50051A364196100F5405100F560
:10899C008040596100219861E164D2F8B03143F410
:1089AC008033C2F8B031D2F8B031002BFBD1C0E724
:1089BC0000000020C096002000002E40D0C70020F0
:1089CC00E0960020084901220B7802FA00F023EA15
:1089DC000000087030B9054AD2F8483123F0800302
:1089EC00C2F84831704700BF11C9002000002E406A
:1089FC002DE9F04F974C83B0D4F84471FB07C4F8C1
:108A0C00447153D5D4F8AC21002A4AD0924EDFF8E9
:108A1C0060A2DFF87492DFF874B2DFF87482C4F8E5
:108A2C00AC21D6E90A20D4F8403143F40053C4F801
:108A3C004031D4F840319D04F5D5D4F8403123F4BD
:108A4C000053C4F840314FF00113C4F8B431D4F8DA
:108A5C00B45115F00115FAD193B28446CAF80050FE
:108A6C00B3F5086F00F0CF8100F2DB8040F20231E9
:108A7C008B4200F0E78100F29A80822B00F0CB81D0
:108A8C00B3F5817F40F08A8010F0780F83B200F04C
:108A9C0003824FF00113C4F8C031D4F8AC21002A82
:108AAC00BDD16C4AD2F8BC31002B42D17E0616D512
:108ABC00684BD3F8AC21C3F8AC21D3F8BC21C3F874
:108ACC00BC21D3F8B041002CFBD14FF0FF32C3F8DE
:108ADC00B421D3F8843100F027FD604B1C60FC01FD
:108AEC0003D55F4B1B6803B19847B80103D55D4BA9
:108AFC001B6803B19847790708D5564BD3F88431D6
:108B0C0013F4007347D0584B01221A70514BD3F811
:108B1C0048311A060AD53B0608D5544A13782BB1AE
:108B2C00013BDBB21370002B00F0728203B0BDE886
:108B3C00F08F4F49C2F8BC310868034240F0D18134
:108B4C00464A14681C40B1D05FEA144810D0424E1B
:108B5C004FF0010998FAA8F5B5FA85F506EBC510A2
:108B6C0009FA05F54030FFF7C5FE38EA0508F1D1E2
:108B7C00A4B2002C9AD0384E4FF0010894FAA4F508
:108B8C00B5FA85F506EBC51008FA05F5FFF7B2FE48
:108B9C00AC43F3D18AE7344A1370B7E7802B7FF4E8
:108BAC0078AF344802210580FFF7C0FE75E7B3F5B6
:108BBC00A06F00F00B81A3F5D063012B3FF669AFDA
:108BCC002D4B5D68002D3FF464AF1FFA8CFC4FEA0F
:108BDC00124E04E01D690C33002D3FF45AAF1A8875
:108BEC007245F7D15A886245F4D14FEA1E22032A06
:108BFC0000F0A5811A89000C824228BF0246BEF5FE
:108C0C00007F40F0A181184B1C4918781C4B019235
:108C1C00002818BF19461B48FFF7BEFA194D019AD8
:108C2C00E1E142F221218B427CD033D942F2213155
:108C3C008B4200F081804FF6C0018B427FF429AF4C
:108C4C0010F47F4F83B27FF424AF43F46E4363F38D
:108C5C000F0CB5E700002E4000000020D4C7002008
:108C6C00ECC80020F0C8002017C9002018C900204B
:108C7C00D0C7002008C8002048840020C81E00600F
:108C8C002C1F006000002020C8C700205DCFC6B894
:108C9C00C0012E40B3F5106F66D042F221018B4219
:108CAC007FF4F7AE030C072B7FF4F3AEB24BB34952
:108CBC00F560D960B249B360C3F80890C1E90020EF
:108CCC0001221A60AF4A5A60AF4A1A61D4F8B01147
:108CDC0041F00101C4F8B01102F5805102F50052C7
:108CEC0059619A61D4F8B031002BFBD1A74AF364D7
:108CFC0093600123B264136048F2800353604FF019
:108D0C000113C4F8BC31D4F8B03143F48033C4F847
:108D1C00B0314FF48033CAF80030D4F8B031002BA6
:108D2C00FBD1BAE680B238B9994BC2F30742196845
:108D3C00984B1960984B1A70944B00229A60F2640D
:108D4C000122B3641A6080225A604FF00113C4F8F8
:108D5C00BC31D4F8B03143F48033C4F8B031D4F81A
:108D6C00B031002BFBD198E6C2F307428B4B1A7043
:108D7C008B4BC4F8C8318B4BC4F8CC318A4BC4F83C
:108D8C00D03100F0D3FB80222946884803F0F4FB55
:108D9C00874B8022C6F8A0B0C6F8E0307B4BF56458
:108DAC005A600122B3649D601A604FF00113C4F83D
:108DBC00BC31D4F8B03143F48033C4F8B031CAF8C4
:108DCC000050D4F8B031002BFBD166E66F4B01217B
:108DDC00F564196080219D60B36459604FF00113F4
:108DEC00C4F8BC31D4F8B03143F48033C4F8B0319A
:108DFC00D4F8B031002BFBD1130C5B0643F080731D
:108E0C00C4F8543149E6654B01216A481B7803705C
:108E1C00FFF78CFD41E683B210F078007FF439AE99
:108E2C0003F07F0258F82210624A1080180600F1F5
:108E3C009E80CB0701D50123137002215D48FFF7FB
:108E4C0075FD2AE610F0780F83B27FF422AE03F0A2
:108E5C007F0213F0800F58F8223014BF43F4803394
:108E6C0043F0010348F822300022484BF2649A6028
:108E7C000122B3641A6080225A604FF00113C4F8C7
:108E8C00BC31D4F8B03143F48033C4F8B031D4F8E9
:108E9C00B031002BFBD100E603F07F0213F0800F02
:108EAC0058F8223014BF23F4803323F0010348F820
:108EBC0022300022354BF2649A600122B3641A60AE
:108ECC0080225A604FF00113C4F8BC31D4F8B03191
:108EDC0043F48033C4F8B031D4F8B031002BFBD15B
:108EEC00DBE50020086026490C88486842F2210125
:108EFC008C427FF425AE80B200287FF421AE2E493F
:108F0C002E4C03C9A18086284FEA11412060A17123
:108F1C007FF416AE72B62A48017841F00801017050
:108F2C00D2F848110D0605D480200143C2F8440143
:108F3C00C2F8481162B6234A5021117000E6000CA9
:108F4C002A78824228BF0246BEF5E06F44D11E4B00
:108F5C001E4D18781E491F4B0192002818BF194648
:108F6C002846FFF719F907236B70019A3BE0C903F8
:108F7C003FF561AF61E700BFE0960020C8D7002045
:108F8C008098002080000700C8E70020C0960020D1
:108F9C00D8C80020E8C8002015C9002016C9002038
:108FAC000200CC00C80002000200C80080000020B3
:108FBC001993D57408C80020C8C70020E0C8002049
:108FCC0011C9002018C9002017C90020000020205A
:108FDC002C1F0060C81E00602946104D01922846C7
:108FEC00FFF7DAF8019A25F01F031544BFF34F8FF2
:108FFC004FF0E021C1F8703F20339D42FAD8BFF307
:10900C004F8FBFF36F8F05481146FFF78FFC44E578
:10901C000320FFF7D7FC0CF07BFB00BF00002020E7
:10902C002DE9F0471F46831E022B01D9BDE8F087BE
:10903C00DFF84C9015460C463C2209EBC01806464E
:10904C004FEAC01A002108F10400240403F094FA3A
:10905C00B5FA85F20123520944EA427449F80A40F0
:10906C00C8F83870C8F80830002FDFD0034AB34076
:10907C0011680B431360BDE8F08700BFD4C7002014
:10908C00000000202DE9F0470D46811E022901D970
:10909C00BDE8F087C701DFF84C9092460446403794
:1090AC003C2200211E4609EB07082D0408F10400A0
:1090BC0003F062FABAFA8AF2520945EA427249F8A6
:1090CC0007200122C8F83860C8F80820002EDFD02D
:1090DC00034B10341968A2400A431A60BDE8F087AC
:1090EC00D4C700200000002012048160C36101F588
:1090FC00405342F0800210B40124426001F500524A
:10910C00046001F5805401F58041C46081615DF813
:10911C00044BC0E904237047831E0A46022B00D976
:10912C007047064B00F110014FF0010C03EBC0101F
:10913C000CFA01F14030FFF799BB00BF0000002092
:10914C00831E0A46022B00D970470121024B814035
:10915C0003EBC010FFF78ABB00000020406870478B
:10916C00124A134BD2F8200220F07F40984210B5DF
:10917C0084B002D200EB800040000E4C01A90A2200
:10918C00FFF7A4F801A90023204611F8012B0133A5
:10919C003AB10A2B20F8022FF7D11623237004B012
:1091AC0010BD5B00DBB2237004B010BD00441F4047
:1091BC0080969800B090002000F0D6BA00F066BB04
:1091CC0000F03CBB0846114600F02CBBF8B5144C23
:1091DC004FF0E025134E4FF4003204EB4024124FB5
:1091EC0006EB40160346C5F88C2121463A883046DA
:1091FC00FFF77AFF3B882344BFF34F8FC5F85C4FD2
:10920C002034A342FAD8BFF34F8FBFF36F8F0320E4
:10921C003146FFF795FF4FF40033C5F80C31F8BD1C
:10922C00800020200097002002C90020244B2DE94B
:10923C00F0411C884368C569C3F30E43E41A002C43
:10924C0024DD204920480A780078D3B21F4E824290
:10925C001F4807D010F8038036F81870C7F5007255
:10926C00944218D90133002226F81540082B194EC8
:10927C0088BF134626F8152098BFDAB2C554164B92
:10928C000A701A6814441C60BDE8F0812846BDE8D9
:10929C00F041FFF79BBF07EB4820104922462744BB
:1092AC00084401EB4521FEF777FF0B4A284626F8C8
:1092BC00187013682344BDE8F0411360FFF786BFB4
:1092CC0002C900200FC9002010C9002014C80020BA
:1092DC0034C8002024C8002010C8002080002020A2
:1092EC001D4B1A78002A36D102F0FF031B4A127864
:1092FC008AB32DE9F0411A4D2A8852B3194EC2F5A2
:10930C000068194F3278194C07EB421704EBC22452
:10931C00424638462146FFF7E7FE04EB0802BFF34E
:10932C004F8F4FF0E023C3F8704F2034A242FAD88D
:10933C00BFF34F8FBFF36F8F04203946FFF7ECFE5E
:10934C0033780133DBB2032B88BF00233370002347
:10935C002B80BDE8F081704714C9002016C900208D
:10936C0004C9002013C90020009800208010202080
:10937C002DE9F04F85B0CDE90110002900F0BF8038
:10938C000023604CDFF89881DFF898A15E4F0093C2
:10939C0001235E4A23705E4B1978B8F8003002EB5B
:1093AC004119002B40F0A7801E461D469B4648469F
:1093BC00FFF7D4FE10F0800000F08C80BFF34F8FCD
:1093CC009AF8003084F800B005B93E68002B7DD1C6
:1093DC003B689B1B782B00F287804E4B1B78002B35
:1093EC0074D000F09DFA0122B8F8003015462270B6
:1093FC00002BDCD0464AC3F5006011781A4600EB0E
:10940C00C120454DC9022844019D954217D20393B2
:10941C00DDE901512A46FEF7BFFE039B4FF04042A7
:10942C005B1BA8F800303D4BC3F88420BFF34F8F73
:10943C00009800232844237005B0BDE8F08F364B0C
:10944C00CD180299FEF7A8FE00234FF400622946BE
:10945C004846FFF749FEBFF34F8F05F1200205F593
:10946C000063934234BF012340234FF0E02205EB0D
:10947C004313C2F8705F2035AB42FAD1BFF34F8F64
:10948C00BFF36F8F04204946FFF746FE204A13783E
:10949C000133DBB2032B84BF00231D4A1370B8F8D1
:1094AC000030019AD11A009A1A4401910092029A42
:1094BC001A4400230292194AA8F80030C2F88430EA
:1094CC00BFF34F8F237000297FF462AF009805B073
:1094DC00BDE8F08F4FF400620D4B8AF8000019784C
:1094EC001346A8F800208AE7012300988AF8003078
:1094FC0005B0BDE8F08F1A46C3F500607FE7019810
:10950C00E5E700BF14C90020D8C80020009800204F
:10951C0013C9002016C900208010202000002E4006
:10952C0004C9002012C90020704700BF2D4B002138
:10953C0080222D4870B51B7800242C4D8B422C4E6C
:10954C000CBF40234FF400732B80338003F014F8CE
:10955C00284A2146284B14704FF4807227481C80EF
:10956C0003F00AF8264A1021264B0220C2E90044D7
:10957C00C2E90244244AC3E900441470234AC3E9F3
:10958C000244234B1C70234614602246FFF77AFDDD
:10959C002246318803201F4BFFF742FD2346012250
:1095AC0029880420FFF76EFD20460134FFF70EFEDC
:1095BC00082CF9D1184B00214A221848184C046089
:1095CC00C3F88410C3F88020D3F84821154942F021
:1095DC008072C3F8482121B1134A137843F0010378
:1095EC00137070BD17C900200098002006C9002018
:1095FC0002C9002013C9002004C9002000970020D4
:10960C0014C8002024C800200FC9002010C8002056
:10961C0010C900207D72000000002E40ECC8002014
:10962C00317300000000000019C900202DE9F04F33
:10963C004FF0E0234FF40032DFF8C8A083B0C3F83A
:10964C008C218B469AF8004000294FD08046E4B21A
:10965C000027DFF8B490264BABEB070225491B78AB
:10966C00A34204F101043FD0092C234B404628BFF0
:10967C0000241E5D39F816C00CEB462319441F4B11
:10968C0033F81650A5EB0C05AA421CD20CEB462C59
:10969C0018491B4C61440192FEF77EFD216839F894
:1096AC0016505846019AA1EB0B012A44394429F86B
:1096BC00162021604FF0E0234FF40032C3F80C2148
:1096CC0003B0BDE8F08F2A462F44FEF765FD0C4928
:1096DC00E3B230460A68A844521B0A608AF800308C
:1096EC00FFF774FDBB45B6D83846E3E70846E1E71B
:1096FC000FC900208000202034C8002014C800208E
:10970C0010C8002010C9002024C800200B4B0C4AA4
:10971C0012781978D3B28A420DD0013309480A4A1B
:10972C00092B0A4928BF0023C35C31F8131002EB44
:10973C004323585C70474FF0FF3070470FC900202F
:10974C0010C9002034C800208000202024C800202C
:10975C00044B10B51C680CB1204610BD00F0E0F8AD
:10976C00204610BD10C800202DE9F84F144E154DA1
:10977C0033782A78934221D0DCB2DFF85090DFF8AE
:10978C0050B0DFF85080104F0134082C5FFA84FA87
:10979C0001D90024A24619F80400DBF8003038F88F
:1097AC00102037F81010521A9B1ACBF80030FFF724
:1097BC000DFD86F800A02B78A342E5D1BDE8F88F0B
:1097CC0010C900200FC9002024C8002034C8002074
:1097DC0010C8002014C8002000B583B001210DF181
:1097EC000700FFF723FF20B19DF8070003B05DF8D9
:1097FC0004FB4FF0FF30F9E7094B00B583B01B7841
:10980C008DF807003BB101210DF10700FFF7B0FD0A
:10981C0003B05DF804FB03F0FF0003B05DF804FB3C
:10982C0016C90020044B1B7803F0FF020BB1FFF7A5
:10983C009FBD1046704700BF16C900202DE9F041AE
:10984C000024DFF8448001230D4D27460D4E88F887
:10985C000030337828462035A34204F1010405D0AA
:10986C00FFF77CFC030658BF07F50067042CF0D10A
:10987C00BFF34F8F0023384688F80030BDE8F081E5
:10988C000098002013C9002014C900202DE9F843CA
:10989C001D4B1B7813B11D4D2A880AB9BDE8F883FE
:1098AC001B4EC2F500691B4933784A461A4C01EB32
:1098BC0043181A4F04EBC324012340463B70214646
:1098CC000023FFF711FC04EB0902BFF34F8F4FF09D
:1098DC00E023C3F8704F2034A242FAD8BFF34F8F65
:1098EC00BFF36F8F04204146FFF716FC337801332A
:1098FC00DBB2032B88BF0023337000232B80BFF314
:10990C004F8F3B70BDE8F88316C9002004C90020B6
:10991C0013C90020009800208010202014C90020BA
:10992C002DE9F8432D4B1E7866B12D4F3B784BB982
:10993C000123F1073B7043D4B20726D400233B70BC
:10994C00730701D4BDE8F883264B1A68002AF9D0B6
:10995C00EFF30582002AF5D1EFF3108572B6186883
:10996C00002834D0204C2178002930D101222270DB
:10997C0042691A60002A2ED0916105B962B60025A1
:10998C008368457798472570DCE7DFF8648098F8A2
:10999C000030002BD2D00025DFF858902B4659F818
:1099AC0023400135236820461B69984710B1636931
:1099BC009B68984798F80020EBB29A42EFD8BDE725
:1099CC00FFF7C6FE0028B7D0AFF30080B4E7002D38
:1099DC00B8D162B6B6E7054B1A60CEE719C90020BC
:1099EC000BC90020D8C3002009C90020E4C3002003
:1099FC000AC90020E8C30020EFF3108272B6437F3F
:109A0C005BB9017F012930B40BD0032913D001239A
:109A1C00437702B962B630BC70470AB962B6704778
:109A2C007047124C2168B1B1114943610B68086051
:109A3C0083615861EBE70F4D0F492C688CB1436182
:109A4C000B68836158614FF0E0234FF0805408603D
:109A5C00C3F8044DDBE7064B20601860C0E9051124
:109A6C00D5E7C0E905442860EDE700BFD8C3002066
:109A7C00E4C30020E0C30020DCC3002090F81CC02D
:109A8C004160BCF1020FC26001D183681847FFF737
:109A9C00B3BF00BF70B5EFF3108272B60C4C2068E8
:109AAC0080B10C4E00254369236073B19D6102B9EE
:109ABC0062B6836845779847EFF3108272B62068D8
:109ACC000028F0D102B962B670BD3360EFE700BF79
:109ADC00E0C30020DCC30020FFF7DCBF0449054ACB
:109AEC004968054B1960136801331360704700BF58
:109AFC00001000E0D8C80020D4C80020074A506AE3
:109B0C00936A19468446506A936A9942F9D18445FE
:109B1C00F7D1DB0B43EA4040704700BF00400D40DB
:109B2C0008B5D0E900325BB1BAB10F4BA3FB0213FD
:109B3C00DB0803EB4303B2EB83030AD1012008BD1E
:109B4C00094BA3FB0213DB0803EB4303B2EB8303C8
:109B5C0001D0D21A4260F02AF0D803F02FF91C225F
:109B6C00034600201A6008BDABAAAAAA70B5044629
:109B7C0038B319B1B2FA82F67609A2B9206800B3EB
:109B8C006268F2B1184B194902FB03F3B1EBB30F46
:109B9C0017D3A368E3B90022012322606260A2609C
:109BAC00E260184670BD1D46049BC0E90012C360FC
:109BBC00FFF7B6FF03460028F3D06DB90123184612
:109BCC0070BD03F0FBF8162200230260184670BD2E
:109BDC00002102F0D1FCDEE7626831462068A56006
:109BEC0002F0CAFC0123DCE7ABAAAAAA555555150D
:109BFC0003460846194603F09DB800BF38B50D461C
:109C0C00044600212846FEF77BF8084B2A0103EB9B
:109C1C00051599580023EA68A360E3732382A374A3
:109C2C00C4F80B30C4E9002138BD00BF887C00208B
:109C3C00F0B5D0E9005C72B6DCF80430EF4323EAEF
:109C4C000503CCF8043062B67C20DFF8C0E02D4967
:109C5C002D4E4C68DEF80020A6FB0232920C52000E
:109C6C004B681B1B9A42FBD8DCF808302B4204D102
:109C7C00431E13F0FF00ECD1F0BD72B6CCF8885047
:109C8C00DCF804302B43CCF8043062B61E4B486829
:109C9C00DEF800201B49A3FB0232920CC2EB02122D
:109CAC0052014B681B1A9A42FBD872B6DCF804308E
:109CBC001F40154BCCF804704868DEF800201149A1
:109CCC00A3FB02324623920C03FB02F24B681B1AD5
:109CDC009A42FBD8DCF808302B420CBF0120002044
:109CEC0062B6094B4C684FF4CD71DEF80020A3FB33
:109CFC000232920C01FB02F202494B681B1B9A4286
:109D0C00FBD8F0BD001000E083DE1B43148600205E
:109D1C00CB0770B4D0E9004028D572B6C0F88840A3
:109D2C004368254D234325494360254B6E680A68DB
:109D3C00A3FB0232920C02EB820252006B689B1B5B
:109D4C009A42FBD8C0F8844062B61D4B68680A681A
:109D5C001949A3FB0232920CC2EBC203C2EBC30241
:109D6C004B681B1A9A42FBD870BC704772B6C0F88D
:109D7C0088404368104D234310494360104B6E6874
:109D8C000A68A3FB0232920C02EB82126B689B1BDB
:109D9C009A42FBD8C0F8844062B6094B68680A68DE
:109DAC000549A3FB0232920C02EB82024B681B1A90
:109DBC009A42FBD870BC7047001000E0148600205B
:109DCC0083DE1B4370B4D0E9004172B64B681D486A
:109DDC0023431D4D4B60C1F888401C4B46682A68D4
:109DEC00A3FB0232920C02EB420243689B1B9A4289
:109DFC00FBD84B68134E23EA04034B60134B4068AB
:109E0C002A68A3FB0232920C02EB820252007368A6
:109E1C001B1A9A42FBD88B68234214BF01200020E6
:109E2C0062B60A4B352174682A68A3FB0232920C85
:109E3C0001FB02F203494B681B1B9A42FBD870BC16
:109E4C00704700BF001000E01486002083DE1B4327
:109E5C002DE9F041082506460F469046012427427D
:109E6C0030464FEA440414BF01210021FFF750FF94
:109E7C00013DE4B2F3D1B8F1000F0AD172B6D6E9C4
:109E8C0000135A6822EA01025A603268C3F888202B
:109E9C0062B6BDE8F08100BFF8B5082400270125A3
:109EAC0006463046FFF78EFF6B0000B12F43013C96
:109EBC00DDB2F6D13846F8BD70B50825012406464A
:109ECC0014F0CC0F30464FEA440414BF012100219A
:109EDC00FFF71EFF013DE4B2F2D172B6D6E90013D2
:109EEC005A6822EA01025A603268C3F8882062B6C6
:109EFC0070BD00BF00238360C37303828374C0F8FA
:109F0C000B307047837C2DE9F04704462BB10023BE
:109F1C0018462382A374BDE8F08789461546FFF7DF
:109F2C0087FE0028F3D00826002D45D0012515F01A
:109F3C00F00F20464FEA450514BF01210021FFF721
:109F4C00E7FE013EEDB2F2D172B6D4E900135A68C5
:109F5C0022EA01025A602268C3F8882062B6012600
:109F6C004FF000083746C2462046FFF72BFF054648
:109F7C002046FFF727FF012D01D1012847D085424C
:109F8C002ED0012D04EB080325D01A7A22EA060202
:109F9C001A727600294620460137FFF7B9FE16F0F3
:109FAC00FF06FFB2E0D108F101085FFA88F8B8F1BA
:109FBC00080F2CD00126D7E7012515F0EC0F204611
:109FCC004FEA450514BF01210021FFF7A1FE013E18
:109FDC00EDB2F2D1B8E71A7A012532431A72D8E7FA
:109FEC00237CBB420DD904EB08031A7A164214BF2A
:109FFC0001250025002DEED1082F24D8BA46677410
:10A00C00C3E70CBF0125002504EB0803F2E7402F42
:10A01C007FF67DAF84F810A0BAF1000F01D10123B7
:10A02C00A374227A002A3FF472AF09F1FF3308348B
:10A03C0009F1070901E014F8012F03F8012F4B4532
:10A04C00F9D1012067E7BA469FE700BF81B100EB69
:10A05C00010C084B002110F8012B5140604501F018
:10A06C000F0203EB11119A5C097C81EA0201F2D117
:10A07C00084670479C1F0060324B334930B5D3E91A
:10A08C0011542079C8771A6C95F804C081F81CC05B
:10A09C00087752B1B2F5004F23D32C4911442A4A08
:10A0AC001964D07682F81BC030BD19680F24D86CA7
:10A0BC008C6540F20134CA610C614FF47C544C61E4
:10A0CC0003210468246883F83D10214B9C4226D15F
:10A0DC00037F4260022BC26026D18368BDE830400A
:10A0EC0018472D68E98B090422D492B2EA832168BF
:10A0FC00EC8BA4B2EC82CC8B240405D5CC8BC2F3B4
:10A10C00080204F47E442243CA83CA8B92B2CA82E8
:10A11C0000210D4A1964D07682F81BC030BD23464D
:10A12C001146BDE830401847BDE83040FFF764BC2D
:10A13C00E98BC2F3080E92B201F47E4141EA0E01A2
:10A14C00E983D4E71886002000800E400180FFFFD1
:10A15C00CD7A000043682DE9F04FD3E90041814DE1
:10A16C004FF0B80A22684FF0020822EA01027E4939
:10A17C002260AA6911407D4A0A43AA6190F810E056
:10A18C007B4A03EB0E0603EB8E0E317C02EB0111C6
:10A19C008968C1F800A090F811C003EB0C050CF114
:10A1AC000A0C95F8241002EB01118968C1F800A083
:10A1BC00817C03EB010903EB810199F838B002EBC8
:10A1CC000B1BDBF808B0CBF800A0D4F800A05F683C
:10A1DC004AEA070AC4F800A0347CDEF814E002EB6B
:10A1EC0004146468C4F800E095F8244053F82CC0BB
:10A1FC0002EB04146468C4F800C0C96B99F83840C9
:10A20C0002EB0412526811609A6C99F844101160B8
:10A21C001A6A317F5B6B116095F830201A600F223F
:10A22C000368C3F810809A65C27C002A31D072B6DC
:10A23C00C37CDC0708D54FF0E0214469D1F88021BC
:10A24C0022408262C1F88021990708D54FF0E021A5
:10A25C008469D1F884212240C262C1F884215A0752
:10A26C0008D54FF0E021C469D1F88821224002635F
:10A27C00C1F888211F0708D54FF0E021046AD1F8F6
:10A28C008C2122404263C1F88C21DE0655D462B683
:10A29C000368384C8268A24259D0324A8460926971
:10A2AC003549C2F30116C2F38262344D51F82610BF
:10A2BC000132B1FBF2F2AA4231D80022C260002472
:10A2CC0003211C610724596201211A641C6619615F
:10A2DC00C37C13B3DD0704D5816A4FF0E022C2F8CA
:10A2EC0000119C0704D5C16A4FF0E022C2F804119A
:10A2FC00590704D5016B4FF0E022C2F808111A0778
:10A30C0004D5416B4FF0E022C2F80C11DB0604D5EA
:10A31C00826B4FF0E023C3F81021BDE8F08F184991
:10A32C00A1FB0251090DB2FBF1F2A24288BF01312F
:10A33C00B1F5817F0DD3134AC0E74FF0E022416A9B
:10A34C00D2F890310B408363C2F890319FE7C2681A
:10A35C00B5E70229B1D902394C08220242EA04427B
:10A36C000A43ABE700C00F40CFFFFFE3100000082B
:10A37C00887C002000093D002C0E0020FF083D00C9
:10A38C0083DE1B43FF7F7F0053B94AB9002908BF06
:10A39C0000281CBF4FF0FF314FF0FF3000F070B9B8
:10A3AC00ADF1080C6DE904CE00F006F8DDF804E020
:10A3BC00DDE9022304B070472DE9F047089E0D46F5
:10A3CC0004460F46002B4AD18A42944665D9B2FA0C
:10A3DC0082F343B102FA03FCC3F120029F4020FA3E
:10A3EC0002F217439C404FEA1C4E1FFA8CF5B7FB48
:10A3FC00FEF1220C0EFB117742EA074201FB05F03D
:10A40C0090420AD91CEB020201F1FF3780F01C814B
:10A41C00904240F2198102396244121AA4B2B2FB82
:10A42C00FEF00EFB102244EA024400FB05F5A542A7
:10A43C000AD91CEB040400F1FF3280F00781A5421D
:10A44C0040F204816444023840EA0140641B00215C
:10A45C001EB1DC400023C6E90043BDE8F0878B4207
:10A46C0008D9002E00F0ED800021C6E90005084651
:10A47C00BDE8F087B3FA83F1002949D1AB4202D38E
:10A48C00824200F2F880841A65EB03020120174621
:10A49C00002EE2D0C6E90047DFE702B9FFDEB2FAD0
:10A4AC0082F3002B40F090808A1A4FEA1C471FFA67
:10A4BC008CFE0121B2FBF7F507FB1520220C42EABA
:10A4CC0000420EFB05F0904208D91CEB020205F18C
:10A4DC00FF3802D2904200F2CB804546121AA4B249
:10A4EC00B2FBF7F007FB102244EA02440EFB00FE1D
:10A4FC00A64508D91CEB040400F1FF3202D2A64594
:10A50C0000F2BB801046A4EB0E0440EA05409FE726
:10A51C00C1F120078B4022FA07FC4CEA030C05FA28
:10A52C0001F420FA07F3FD404FEA1C492343B5FB25
:10A53C00F9F81FFA8CFE09FB18551C0C44EA05446B
:10A54C0008FB0EF5A54202FA01F200FA01F00BD954
:10A55C001CEB040408F1FF3A80F08880A54240F21D
:10A56C008580A8F102086444641B9DB2B4FBF9F326
:10A57C0009FB134445EA044403FB0EFEA64508D927
:10A58C001CEB040403F1FF356CD2A6456AD9023BDF
:10A59C00644443EA0843A3FB0295A4EB0E04AC42CB
:10A5AC00C846AE4656D353D056B1B0EB080264EB56
:10A5BC000E0404FA07F7CA40CC401743C6E90074EE
:10A5CC0018460021BDE8F087C3F1200102FA03FC14
:10A5DC0020FA01F225FA01F19D402A434FEA1C476B
:10A5EC001FFA8CFEB1FBF7F007FB1015110C41EABA
:10A5FC00054100FB0EF58D4204FA03F408D91CEB5F
:10A60C00010100F1FF382FD28D422DD9023861445F
:10A61C00491B92B2B1FBF7F507FB151142EA014257
:10A62C0005FB0EF1914208D91CEB020205F1FF3833
:10A63C0016D2914214D9023D6244521A45EA0041A5
:10A64C0038E73146304608E73946E6E61046FBE681
:10A65C004845A9D2B9EB020865EB0C0E013BA3E708
:10A66C004546EAE72B4694E74046D1E7D0467BE7E0
:10A67C00023D624432E708460AE76444023842E786
:10A68C00704700BF002101F059BC00BF0A22002115
:10A69C0001F05CBD0A22002101F058BD034B1B5C8C
:10A6AC0003F00303012B08BF203070476910002012
:10A6BC00024B0146186800F00BB800BF5C900020FC
:10A6CC00024B0146186802F0A5BE00BF5C9000204A
:10A6DC002DE9F04F01F10B06162E83B0044624D859
:10A6EC00102900F2BA8000F0A3FA102618220220DA
:10A6FC00B54F3A44A2F1080153688B4200F0BA807E
:10A70C005A68D96822F003021A449D68E9608D608A
:10A71C00516841F001012046516003F1080500F039
:10A72C008DFA284603B0BDE8F08F36F0070600F12D
:10A73C009480B14200F2918000F07AFAB6F5FC7F79
:10A74C00C0F09A81730A00F08F80042B00F26F81A5
:10A75C00B30903F1390003F1380CC3009A4F3B44A1
:10A76C00A3F108055B689D4206D10CE0002980F23C
:10A77C002781DB689D4206D05A6822F00302911BA8
:10A78C000F29F3DD60463D69DFF850C265457CD08A
:10A79C006A6822F00302931B0F2B00F37B81002BC2
:10A7AC00C7E904CC80F26C81B2F5007F80F01A818D
:10A7BC00D308796801334FEA521E012202FA0EF2D5
:10A7CC000A4357F833E0C5F808E007EBC301083932
:10A7DC00E9607A6047F83350CEF80C5083100121B1
:10A7EC009940914257D8114206D120F003004900FC
:10A7FC00114200F10400FAD007EBC0094D46864621
:10A80C00D5F80C80454508D11DE1002B80F2248140
:10A81C00D8F80C80454500F01681D8F8042022F0B9
:10A82C000302931B0F2BF0DD2046D8E9025408EBF2
:10A83C00060146F00106C8F80460EC60A56043F020
:10A84C000104C7E90411C1E902CC4C6048F802309C
:10A85C0000F0F4F908F1080502E00C232360002550
:10A86C00284603B0BDE8F08F4FF4007340204FF042
:10A87C003F0C73E7D3689A4208BF02307FF440AFB5
:10A88C003D69DFF858C1654582D17A688310012192
:10A89C0099409142A7D9BD686B6823F003094E45D6
:10A8AC0003D8A9EB06030F2B7ADCDFF834B1474B46
:10A8BC00DBF800201B680132334405EB090A00F079
:10A8CC00338103F580530F3323F47F6828F00F088E
:10A8DC004146204602F04AFA411C024600F0F38041
:10A8EC00824500F2EE803A4B1968414419600846E3
:10A8FC0000F04E81DBF80010019301311BBFA2EB7D
:10A90C000A010918CBF80020196012F0070B00F0AF
:10A91C001781CBF108010A44CBF5805190440831E2
:10A92C00A1EB0801C1F30B0A51462046009202F03C
:10A93C001DFA421CDDE9002300F04F81801A00EB68
:10A94C000A081968BA6048F001005144BD425060D1
:10A95C00196000F02981B9F10F0F40F22781686866
:10A96C00A9F10C0C2CF0070C00F0010040EA0C00D3
:10A97C0068604FF0050E05EB0C00BCF10F0FC0E941
:10A98C0001EE00F2328150681546124B1A688A4269
:10A99C0038BF1960104B1A688A4238BF196094E0AE
:10A9AC00AA1943F0010346F001066E602046BA6016
:10A9BC00536000F043F90835284603B0BDE8F08F2A
:10A9CC00D9681A44A1E600BF408C002088C600203C
:10A9DC0058C6002080C6002084C60020488C002069
:10A9EC0048900020B2F5206F4FEA522363D3142B0A
:10A9FC0000F2B78003F15C01C9005B3307EB010E79
:10AA0C007958AEF1080E8E4500F091804B6823F01A
:10AA1C000303934202D989688E45F7D1D1F80CE033
:10AA2C007A68C5E9021ECEF80850CD60D6E6142B24
:10AA3C0059D9542B00F29D80330B03F16F0003F1B5
:10AA4C006E0CC3008AE60EF1010E1EF0030F05F129
:10AA5C0008057FF4D5AE51E0424445465368D8F81A
:10AA6C000C1043F00103536055F8083F2046D960A1
:10AA7C008B6000F0E3F8F3E6F00806F1080237E625
:10AA8C002A442046536843F001035360083500F014
:10AA9C00D5F8E5E6A919204646F0010643F0010475
:10AAAC006E60C7E90411C1E902CC4C60AB5000F0F8
:10AABC00C5F80835D4E6930903F13901C9003833D8
:10AACC009CE7BD425FD0BD68686820F0030846452E
:10AADC00A8EB060302D80F2B3FF762AF204600F01D
:10AAEC00ADF80025BCE603F15C0003F15B0CC30080
:10AAFC0034E659F808394B4540F0968010F0030FB6
:10AB0C0000F1FF30F5D17B6823EA01037B6049003B
:10AB1C0099423FF6C0AE19B9BDE649000EF1040EDC
:10AB2C001942FAD0704667E603F11008D0E69A1085
:10AB3C004FF001087B6808FA02F21A437A6070E75A
:10AB4C0002EB08014942C1F30B0A51462046009220
:10AB5C0002F00CF9431CDDE900237FF4EFAEDA467A
:10AB6C00EFE6542B25D8130B03F16F01C9006E339C
:10AB7C0044E7B3F5AA7F25D8F30B03F1780003F172
:10AB8C00770CC300EAE5294B186840441860B1E61D
:10AB9C00CAF30B0CBCF1000F7FF4ACAEBD68C8441B
:10ABAC0048F001006860F0E61546EEE601235360BC
:10ABBC0094E7B3F5AA7F23D8D30B03F17801C9002E
:10ABCC0077331BE740F25452934223D8B30C03F172
:10ABDC007D0003F17C0CC300C0E5ABF1080BD8443D
:10ABEC00A8EB02084FF0000AABE605F1080120467D
:10ABFC00009302F00FFCBD68009B68681968C4E6FE
:10AC0C0040F254518B420BD8930C03F17D01C900D7
:10AC1C007C33F3E64FF47E737F204FF07E0C9DE582
:10AC2C004FF47E717E23E9E67B6870E758C60020FE
:10AC3C00014802F0C1BA00BF50C60020014802F022
:10AC4C00BDBA00BF50C6002010B4044C03460A46DF
:10AC5C0020685DF8044B194600F002B85C900020A7
:10AC6C002DE9F84F1746002900F098800C4607F1A3
:10AC7C000B058046FFF7DCFF162D54F8041C5BD83F
:10AC8C0010252A46AF425CD821F003069642A4F167
:10AC9C00080962DABC4BD3F808C009EB06008445FE
:10ACAC0000F09780D0F804C02CF0010303445B68DB
:10ACBC00DB0768D42CF0030C06EB0C03934247DA49
:10ACCC00CB0710D454F8083CA9EB030ADAF804308B
:10ACDC0023F003018C44B444944580F21181731821
:10ACEC00934280F2E88039464046FFF7F1FC074674
:10ACFC00E0B154F8043C23F001034B44A0F10802EA
:10AD0C00934200F0D280321F242A00F2F580132ADD
:10AD1C0000F2AC80034622461168196051685960F4
:10AD2C0092689A602146404602F074FB4046FFF759
:10AD3C0085FF3846BDE8F88F25F00705002D2A461B
:10AD4C00A0DA0C23C8F8003000273846BDE8F88F8D
:10AD5C001E46D0E90223D3609A60731B0F2B22D8B6
:10AD6C00D9F8043003F0010333434E44C9F80430DE
:10AD7C00736843F00103736040462746FFF75EFF9C
:10AD8C003846BDE8F88FC907ADD454F8083CA9EB98
:10AD9C00030ADAF8041021F00301A0E7BDE8F84F2C
:10ADAC001146FFF795BCD9F8042009EB050102F018
:10ADBC0001024E4443F001032A43C9F804204B60BE
:10ADCC00736843F0010308317360404602F022FBC4
:10ADDC00D2E7DCF8040020F0030B06EB0B0C05F1BA
:10ADEC00100084454DDAC9073FF57DAF54F8081CB7
:10ADFC00A9EB010ADAF8041021F003018B44B344E7
:10AE0C0058453FF76CAF5746DAF80C1057F8080F57
:10AE1C00321F242AC160886000F2DB80132A40F2C2
:10AE2C00D6802168CAF808106168CAF80C101B2A71
:10AE3C0000F2DF8008340AF11002216811606168A9
:10AE4C005160A16891600AEB0501ABEB050242F081
:10AE5C00010299604A60DAF8043003F001032B43D5
:10AE6C004046CAF80430FFF7E9FE6EE7236803603A
:10AE7C00636843601B2A68D804F1080200F10803D8
:10AE8C004AE709EB05029A60ACEB050343F00103BA
:10AE9C00536054F8043C03F001032B43404644F840
:10AEAC00043CFFF7CBFE27464FE750F8043C23F059
:10AEBC0003031E4451E75746DAF80C1057F8080FF5
:10AECC00321F242AC16088604CD8132A48D92168C3
:10AEDC00CAF808106168CAF80C101B2A56D8083436
:10AEEC000AF110021E462368136063685360A3685E
:10AEFC009360D1463C4630E7214601F0C1FA11E798
:10AF0C00D0E902135746CB60996057F8081FDAF85E
:10AF1C000C30CB60321F242A99602DD8132A29D9E2
:10AF2C002368CAF808306368CAF80C301B2A42D868
:10AF3C0008340AF1100322681A6062685A60A26829
:10AF4C009A606646D1463C4607E7A3688360E3688F
:10AF5C00C360242A26D004F1100200F11003DBE6B2
:10AF6C003A46BFE7214638461E46D14601F088FADC
:10AF7C003C46F2E63B46DEE7214638466646D1467D
:10AF8C0001F07EFA3C46E8E6408C0020A168CAF845
:10AF9C001010E168CAF81410242A20D010340AF1D9
:10AFAC0018029FE7236903616169416104F118028A
:10AFBC0000F11803B0E6A368CAF81030E368CAF8C9
:10AFCC001430242A21D010340AF11803B3E73A467E
:10AFDC0033E72146384601F053FA164B33E7226922
:10AFEC00CAF818206269CAF81C2018340AF1200229
:10AFFC0078E7A168CAF81010E168CAF81410242A7E
:10B00C000DD010340AF1180217E72369CAF818306A
:10B01C006369CAF81C3018340AF120038BE72269E3
:10B02C00CAF818206269CAF81C2018340AF12002E8
:10B03C0003E700BF408C00200CB410B51F4B002957
:10B04C001C689CB035DB4FF40273ADF814300290E1
:10B05C0006901FAB18D001394FF6FF72049107917F
:10B06C00ADF8162002A91E9A0193204602F000FFAB
:10B07C00421C01DA8B232360029B00221A701CB045
:10B08C00BDE8104002B070474FF6FF720491079173
:10B09C00ADF8162002A91E9A0193204602F0E8FE94
:10B0AC00431C01DA8B2323601CB0BDE8104002B0B6
:10B0BC0070478B2323604FF0FF30F5E75C90002046
:10B0CC002DE9F04F2DED108B97B08A460021079299
:10B0DC00129100220021CDE90412804651461191B3
:10B0EC000F4611F8012B2D2A5ED801A050F822F042
:10B0FC00E1920000F9910000F9910000F991000033
:10B10C00F9910000F9910000F9910000F99100000B
:10B11C00F99100002F9100002F9100002F91000059
:10B12C002F9100002F910000F9910000F99100007F
:10B13C00F9910000F9910000F9910000F9910000DB
:10B14C00F9910000F9910000F9910000F9910000CB
:10B15C00F9910000F9910000F9910000F9910000BB
:10B16C00F9910000F9910000F9910000F9910000AB
:10B17C002F910000F9910000F9910000F991000065
:10B18C00F9910000F9910000F9910000F99100008B
:10B19C00F9910000F9910000F99100001B99000051
:10B1AC00F99100000799000000210991302A7DD007
:10B1BC00002308932F2A144640F2CD844FF0000947
:10B1CC0038464E464D4612E00130082D1190C8BF4E
:10B1DC0009EB89090478C6BF02EB4902A2F13009D8
:10B1EC00A3F130062F2C05F1010522466FDD06EB8D
:10B1FC008603392C02EB4303E6DD9F49012201F063
:10B20C0073FA002837D1119B1A46013311935478E5
:10B21C00002D40F04385302C40F02485C3F1010211
:10B22C009818013311931C78302CF9D0A4F1310308
:10B23C00082B00F20183119F431CA4F1300B0B93DC
:10B24C000125BC464FF0000E06EB86060BEB4606BE
:10B25C0000200CF1010311939CF80140A4F1300182
:10B26C00092900F2BB8201308B46002940F04F8443
:10B27C00DDF844C0EDE70020652CAE460B9084460B
:10B28C0001D0452C30D1002D6BD1089B034367D1E5
:10B29C00079B9FED778B13B1079BC3F800A0B0EE13
:10B2AC00480B17B0BDEC108BBDE8F08F7A7802F02C
:10B2BC00DF02582A00F00C84013711973A78302AB3
:10B2CC00FAD0002A00F0B7800123089372E76A498C
:10B2DC00012201F009FA002800F0C080AE464FF0C0
:10B2EC00000CCDF82CC060464FF0000B002D7ED02A
:10B2FC0007EE906A0B9BB8EE677BABEB0303BEF1DA
:10B30C00000F08BFAE46102D0A932B46A8BF102382
:10B31C00092D8DED047B0CDD584A02EBC30212EDB6
:10B32C00125B06EE909AB8EE666BA7EE056B8DED90
:10B33C00046B0F2D00F3A8800A9A002A00F0E48316
:10B34C000A9A40F33C83162A40F398840A99C5F173
:10B35C0025028A4280F2A6840A9AEB1A134499E0D9
:10B36C000025DDF844A00AF1010311939AF801407D
:10B37C002B2C00F05E822D2C00F0F78100230A9319
:10B38C00A4F13003092B00F2EB81302C05D1119B79
:10B39C00013311931C78302CFAD0A4F13103082B13
:10B3AC00A2D8119A0C92531C1193A4F1300B54781F
:10B3BC002F2C07DCDEE3013311934C782F2CA2F1F8
:10B3CC00300B06DD0BEB8B02392C194604EB4202D9
:10B3DC00F1DD0C9A9B1A082B40F3CC8344F61F6BBF
:10B3EC000A9B002B82D0CBF1000B002D80D1089B47
:10B3FC00034320D1BCF1000F7FF44AAF692C00F05D
:10B40C00CF8300F3F382492C00F0CA834E2C7FF4D7
:10B41C003FAF1B4911A802F01FFC00283FF438AFC6
:10B42C00119B1B78282B00F0F284164801F094FF36
:10B43C00B0EE408B01E09FED0E8B079A0AB1119B89
:10B44C001360099B002B3FF42AAFB1EE488BB0EE92
:10B45C00480B17B0BDEC108BBDE8F08F119B0B9017
:10B46C005A1C11925C78AE46F8E600BFAFF3008030
:10B47C000000000000000000F4110020A8020020D1
:10B48C0004120020988000200A9AEB1A1344002B17
:10B49C0040F3B08213F00F010AD0C34A02EBC10291
:10B4AC009DED046B92ED007B27EE067B8DED047B0E
:10B4BC0033F00F0240F038820023089300962B469D
:10B4CC0072463946404605F01FFF8146002800F0C1
:10B4DC00E1820B9BA3EB0B0B0A9B9FEDA9EB002BC3
:10B4EC009FEDA9CB9FEDAADB9FEDABBBB4BF5A463A
:10B4FC0000224FF0000A23EAE3730B920C9354469C
:10B50C00D9F80410404605F07DFE0646002800F0F0
:10B51C000E81D9F810209DED048B0232920009F1B6
:10B52C000C010C30FCF738FEB0EE480B14AA13A932
:10B53C00404606F0A5FA1290002800F0E4800121A4
:10B54C00404605F089FF0446002800F0F080139A6D
:10B55C00002AC0F2DE800B9B0C9F02EB030B089BB6
:10B56C00149DD21A2A44914B013A9A42C5F13605E0
:10B57C0080F29880991A1F29A5EB010500F3E3804E
:10B58C00012202FA01F30D9300230E932F44089B22
:10B59C005D44AB455A461F44A8BF2A46BA42A8BFD1
:10B5AC003A46002A03DDAD1ABF1AABEB020B0B9B1C
:10B5BC00002B00F38880002D00F39C800A9B002B4D
:10B5CC0000F3B780002F00F3A980BBF1000F08DD5A
:10B5DC0021465A46404606F07BF80446002800F007
:10B5EC00A68012993246404606F00CF98246002895
:10B5FC0000F09D800023C568C360214606F0E0F88A
:10B60C000028C0F2C78300F061832146504606F043
:10B61C00A1FAB0EE007BB4EEC70BF1EE10FA46D8EF
:10B62C00002D00F0CB80B7EE009B0598604B0022FC
:10B63C006049DFF884C100EA0107674500F0D48057
:10B64C00089959B1B7F1D46F08D8B4EECB9BF1EE91
:10B65C0010FA40F2568103F1D661CB1BB0EE480BC9
:10B66C0043EC1A2B06F078F9AAEE008B8DED048BC7
:10B67C0018EE903A089A22B94E4A1A40974200F0B6
:10B68C00E4801299404605F0E3FD3146404605F052
:10B69C00DFFD2146404605F0DBFD5146404605F0F6
:10B6AC00D7FD2DE701230021CDE90D316EE7B6EE74
:10B6BC00009B20EE099B002D5FD1B1EE497B0598D4
:10B6CC0053EC172BB4E721461A46404605F0A0FF71
:10B6DC00044660B30146129A404605F0EBFE30B3C7
:10B6EC000F901299404605F0B3FD0F9A1292002D5F
:10B6FC007FF764AF12992A46404605F0E9FF129095
:10B70C0000287FF45BAF22239FED258BC8F8003017
:10B71C00BCE00C9BDDF82CB09F1A20E731463A4672
:10B72C00404605F0D5FF064600287FF44EAF129830
:10B73C00E9E731460C9A404605F06AFF06460028B8
:10B74C007FF440AFF3E7C2F17F4202F57F0202F5CE
:10B75C007B420121E23201FA02F3CDE90D1315E728
:10B76C00CDF844A04FF0000BC0E501230A930AF179
:10B77C00020311939AF8024002E6B0EE497B9EE771
:10B78C009535A094FFFFCF3F9535A094FFFFDF3F89
:10B79C0035E5AF350000E03F0000C0FFFFFFDF41A3
:10B7AC00000000000000F07FA802002002FCFFFF58
:10B7BC000000F03F0000F07F0000E07FDDE90412A4
:10B7CC00002900F08580DDE90412012900F0D88100
:10B7DC001046B74BB7EE009B002229E7652C4FF0C3
:10B7EC00010C3FF4BEAD4CE543EC1A2BA0F15473A5
:10B7FC0005939DED04FBB0EE4F0B06F0ADF8AD4993
:10B80C00AAEE00FB1FEE903AAB4A194091428DED27
:10B81C0004FB72D9A94B18EE902A9A4203D118EE68
:10B82C00103A013383D0A54A4FF0FF33CDE90432EF
:10B83C0027E700230A939AE7652C00F0D080452C6B
:10B84C0000F0CD804FF0010CD1E551EC190B0D93AC
:10B85C0009F022FF09F0F2FE049B1D430D9B41EC05
:10B86C00170BC3F313031D4339EE479B00F0A08065
:10B87C00B4EECC9BF1EE10FA05D4B4EECD9BF1EE08
:10B88C0010FA7FF7FEAE9DED048B129801464046F0
:10B89C0005F0DEFC3146404605F0DAFC2146404618
:10B8AC0005F0D6FC4946404605F0D2FC51464046D0
:10B8BC0005F0CEFCC1E501220992791C11917A7830
:10B8CC00002A3FF4E5AC0F4670E400220992F4E73D
:10B8DC00C2F313031046002B7FF47BAFB7EE007B53
:10B8EC00B4EEC70BF1EE10FA00F1D381B6EE009B6B
:10B8FC0020EE099BB1EE497BE2E603F1547305930C
:10B90C00B8E6BCEEC99B19EE103A012B38BF0123E7
:10B91C0009EE103AB8EE499B002D40F03E81B1EE95
:10B92C00497B53EC172B96E6B2F59A7F00F3B28065
:10B93C00102A4FEA221340F38682614C9DED047B62
:10B94C0000202246014613F0010F01F101014FEADC
:10B95C00630304D092ED006B012027EE067B012BD4
:10B96C0002F10802EFD108B18DED047B059BA3F128
:10B97C005473059304EBC1049DED046B94ED007BB3
:10B98C004C4B27EE067B17EE902A4E4913408B4208
:10B99C008DED047B7ED8A1F580118B4240F2D681CF
:10B9AC00464C4FF0FF33CDE904340023089385E572
:10B9BC00B4EECE9BF1EE10FA7FF563AE63E7163270
:10B9CC00FFF662AD0B9BA3EB0B0B3F4B03EBCB03D7
:10B9DC0093ED007B9DED046B86EE078B2DE54FF010
:10B9EC00000ECDF82CE04FF0010C4EE46E2C3FF421
:10B9FC0010AD4DE43FF460AD5B4213F00F010AD083
:10BA0C00314A02EBC1029DED046B92ED007B86EE98
:10BA1C00077B8DED047B1B113FF44EAD1F2B33DCEC
:10BA2C0013F0100218BF6A229DED047B0892274A7E
:10BA3C000021D80704D592ED006B012127EE067B7F
:10BA4C005B1002F10802F4D109B18DED047B089B67
:10BA5C0093B1DDE90401C1F30A52C2F16B03002B6F
:10BA6C000ADD1F2B40F32F820020342B049040F36F
:10BA7C0040824FF05C7305939DED047BB5EE407BEB
:10BA8C00F1EE10FA7FF41AAD22239FED058BC8F866
:10BA9C000030D2E422239FED048BC8F80030CCE4B4
:10BAAC000000000000000000000000000000F07F1B
:10BABC000000F0BF0000F07FFFFF9F7CFFFFEF7FD7
:10BACC00800200200000A07CA8020020700300204F
:10BADC000293099B019312AB0093A74A13AB11A9D4
:10BAEC00404601F0EFFD10F00F0504463FF4A3AC07
:10BAFC00062D74D1079B9FED9A8B0137002B3FF4D9
:10BB0C00CEAB1F60FFF7CBBB9DED048B95E40B9B7D
:10BB1C00DDF844C003440B93012805F101031A46D8
:10BB2C0014D02844441E03E046009C420DD001333F
:10BB3C002A46082A1D4606EB8600F5D9102BDCBFD9
:10BB4C0009EB89094FEA4909EFE70232082D3CDC81
:10BB5C001546FFF779BB89490122384600F0C4FD30
:10BB6C00002800F082804FF0000EF14676467546B4
:10BB7C00FFF7B5BB44F61F639B45A8BF9B462FE45C
:10BB8C00DDE904231846002B7FF423AE22239FED1E
:10BB9C00748B1298C8F8003078E6B0EE497BC0E69A
:10BBAC00774911A802F058F800283FF471AB119BAB
:10BBBC007449013B11A8119302F04EF810B9119B76
:10BBCC00013311939FED688B37E4102ADCBF09EB2E
:10BBDC00890901EB490915460020FFF73ABB129A77
:10BBEC003AB1352114A805F0E7FF1299404605F04B
:10BBFC002FFB013D139B042D00F28F81DFE805F034
:10BC0C00032D2A1F0300149A049203F23342159B4E
:10BC1C0023F4801343EA02530593E50502D543F060
:10BC2C0000430593584A1A409DED048B002A7FF47B
:10BC3C0004AC01F0C3F822230360FFF7FEBB4FF006
:10BC4C00FF336FF00046CDE90436E3057FF55CAFBA
:10BC5C00059BE4E74C4B0593F7E7149B0493159B6A
:10BC6C000593DAE70020FFF7E1BA119B1A4601337E
:10BC7C001193547806468146FFF7CDBA434B03EB3C
:10BC8C00C20393ED008B9DED047B28EE078BFFF731
:10BC9C00D4BBBEEE007BB6EE009B11E5AE460B901E
:10BCAC00FFF7DCBA394BC5F10F054A1B03EBC50591
:10BCBC0003EBC20395ED008B93ED007B9DED046BC4
:10BCCC0028EE068B28EE078BFFF7B7BB002D00F094
:10BCDC009580DDE904BC2E4BCCF3130199426246EE
:10BCEC0000F0D2800E9B002B00F0A580DDE9041241
:10BCFC00134217461AD0B0EE480B002D00F0A68068
:10BD0C0005F02AFE089B7BB1C7F30A53C3F16B0302
:10BD1C00002B09DD1B0503F17F51002001F54011BB
:10BD2C0041EC170B20EE070B38EE008B089B5BB138
:10BD3C009FED0F7B144B28EE078B18EE902A1340C7
:10BD4C0013B92223C8F8003012989FE502F15473FE
:10BD5C00059300230893FFF7B1BB00BFAFF300803E
:10BD6C000000000000000000000000000000F07F58
:10BD7C000000000000005039F87F0020F411002072
:10BD8C00F8110020FC1100200000F07FA802002018
:10BD9C00FFFF0F00DDE904120D43C7D1C2F31303FB
:10BDAC001746002BC2D122F000431B0D1B05B3F12B
:10BDBC00D66FBBD9DAF814301BB9DAF81030012B76
:10BDCC00B4DD51460122404605F082FC21468246F4
:10BDDC0005F0F6FC0028A9DD089B002B7ED1504B0A
:10BDEC003B40A3F580136FEA13536FEA035305939B
:10BDFC004FF0FF3304939DED048B97E7DDE90412BC
:10BE0C00C2F313030B4317467FF46CAFE4E74549C9
:10BE1C0011A814AA01F03CFF05287FF406AB159B72
:10BE2C0043F0FF4343F4E0030593149B04939DED0F
:10BE3C00048BFFF702BBDDE904010D9B03423FF4C9
:10BE4C0075AF0F4657E7384C00218FE505F084FDA0
:10BE5C00089B002B55D0C7F30A53C3F16B03002B7F
:10BE6C0009DD1B0503F17F5101F54011284641EC1A
:10BE7C00170B20EE070B38EE408BB5EE408BF1EE36
:10BE8C0010FA7FF455AF81E6089B04991BB3244B41
:10BE9C001340B3F1D46F1ED81B0DC3F16B034FF0DD
:10BEAC00FF3000FA03F399427FF41CAF1F4B9A4208
:10BEBC0030D01B4B134003F58013059300230493E0
:10BECC009DED048B32E74FF0FF3202FA03F3049A34
:10BEDC001A400492D0E54FF0FF33E4E7104B3B409F
:10BEEC00B3F1D66F3FF77DAFB3F15C7F3FF720AF77
:10BEFC004CE6C2F14B024FF0FF3393400B400593DD
:10BF0C00BAE538EE408BB5EE408BF1EE10FA7FF4CB
:10BF1C001BAF3BE60131CCD109E400237DE600BF29
:10BF2C000000F07F0C80002080020020FFFFEF7FDC
:10BF3C00014BFFF7C5B800BFD48A002010B4054CE4
:10BF4C00054B84460A4620685DF8044B6146FFF7B2
:10BF5C00B7B800BF5C900020D48A0020000000001D
:10BF6C0010B5234C234B84460A4620686146FFF7E4
:10BF7C00A7F8B4EE400BF1EE10FA27D6F7EEC07B23
:10BF8C009FED1D7AF0EEE76AF4EE476AF1EE10FAD7
:10BF9C000EDDB0EEC05B9FED146BB4EE465BF1EEC4
:10BFAC0010FA05DC236822221A60B0EE670A10BD75
:10BFBC0017EE903A13F0FF4FF7D1104B10EE902A7A
:10BFCC001340002BEED1B0EE670A10BD10EE903A84
:10BFDC00002B0B4804DA01F0C7F9F1EE407AE4E7E4
:10BFEC00BDE8104001F0C0B9FFFFFFFFFFFFEF7F7E
:10BFFC005C900020D48A0020FFFF7F7F0000F07F40
:10C00C0098800020012B2DE9F84F40D0242B984626
:10C01C003DD84C4D8E4676461EF801BB15F80B40AC
:10C02C0014F00804F7D1BBF12D0F72D0BBF12B0F1C
:10C03C0008BF9EF800B06FF0004908BF06F1020E71
:10C04C00002B42D0102B57D0B9FBF8F700252E4609
:10C05C0008FB179A05E033D008FB06C601251EF82D
:10C06C0001BBABF1300CBCF1090F06D9ABF1410CA3
:10C07C00BCF1190F12D8ABF1370C634517DDB5F1D4
:10C08C00FF3FECD0B742E6D24FF0FF35E7E700F0C8
:10C09C0095FE162303600020BDE8F88FABF1610C10
:10C0AC00BCF1190F03D8ABF1570C6345E7DC6B1CE3
:10C0BC0027D08CB90AB1A5BB11603046BDE8F88F0A
:10C0CC00E245C9DA4FF0FF35C9E7BBF1300F05D0B7
:10C0DC004FF00A084346B7E77642EBE79EF800308C
:10C0EC0003F0DF03582B21D14FF010089EF801B05C
:10C0FC0043460EF1020EA7E7BBF1300F1AD098465B
:10C10C00A2E72223036072B10EF1FF314E4611609B
:10C11C00D3E79EF800B04FF0004906F1020E01245F
:10C12C008EE7B146F0E74E463046C7E74FF00808B9
:10C13C00434689E79EF8005005F0DF05582DD3D013
:10C14C00984681E769100020FFF75CBF10B4054CDE
:10C15C008446134620685DF8044B0A466146FFF797
:10C16C0051BF00BF5C9000200EB410B59FB021AC45
:10C17C004FF4017154F8042B0192ADF81C1004908B
:10C18C00089001F035F8059009900B480B490C917B
:10C19C0000234FF6FF7C10931593019A0068ADF8BD
:10C1AC001EC0234604A9039403F004FC1FB0BDE891
:10C1BC00104003B0704700BF5C90002035A2000017
:10C1CC0010B50C46B1F90E1000F0BAFD002803DBD7
:10C1DC00236D0344236510BDA38923F48053A381ED
:10C1EC0010BD00BF002070472DE9F0410C46B1F99D
:10C1FC000C101F46CB05054616460BD421F4805176
:10C20C00A1813B46B4F90E1032462846BDE8F041F8
:10C21C0000F0BEBDB4F90E100223002200F074FD34
:10C22C00B4F90C10EAE700BF10B50C46B1F90E10CA
:10C23C0000F06AFDA389421C0EBF23F4805343F423
:10C24C0080532065A38110BDB1F90E1000F04ABDDA
:10C25C00024A0349034800F0EFB800BF5090002099
:10C26C00C9FC0000F08400200C4B4168994210B5C9
:10C27C00044601D005F000FDA168094B994202D09B
:10C28C00204605F0F9FCE168064B994204D02046A3
:10C29C00BDE8104005F0F0BC10BD00BF8CC60020FE
:10C2AC00F4C600205CC700202DE9F8432A4C2B4B28
:10C2BC002B48DFF8C090DFF8C0802A4F18600025AB
:10C2CC0004230822294604F15C00274E6566C4E964
:10C2DC000253C4E90055C4E90455A56100F04CF9BA
:10C2EC00224B63670822294604F1C400C4E90749BC
:10C2FC00C4E90987C4E91A55C4E91E55C4F8CC50E1
:10C30C002567C4F88050E66200F036F9184BC4F883
:10C31C00DC30294604F16803082204F59670C4F851
:10C32C008430C4E92298C4E92476C4E93455C4E9BC
:10C33C003855C4F83451C4F8D850C4F8E85000F05B
:10C34C001BF904F1D003C4E93C98C4E93E76C4F867
:10C35C00EC30BDE8F88300BF8CC60020C4C70020B9
:10C36C00A1A2000079A2000099A20000090001001E
:10C37C001200020011A2000039A2000010B5044600
:10C38C000A4800F019FF636B23B9094B094A1B6873
:10C39C00626323B1BDE81040044800F00FBFFFF703
:10C3AC0083FFBDE81040014800F008BF54C60020D0
:10C3BC00C4C70020B9A20000014800F0FDBE00BFB8
:10C3CC0054C60020014800F0F9BE00BF54C600203E
:10C3DC00F0B5ADF5057D04AF009313464FF4007234
:10C3EC000E460392394603AA054600F0F5F988B1CA
:10C3FC0004460246039B3146284600F0C9FCBC4269
:10C40C00039004D02846214601F004F803980DF55A
:10C41C00057DF0BD4FF0FF30F9E700BF10B4054CBF
:10C42C008446134620685DF8044B0A466146FFF7C4
:10C43C00CFBF00BF5C9000202DE9F84380460F462B
:10C44C0016464FF00009D6E90154013D11D4A389D9
:10C45C00012B05F1FF3508D9B4F90E300133214613
:10C46C0003D04046B84749EA00096B1C04F1680444
:10C47C00EDD13668002EE6D14846BDE8F88300BF02
:10C48C0088420DD98B1883420AD900EB020CBAB141
:10C49C00624613F801CD02F801CD9942F9D17047EB
:10C4AC000F2A0ED8034602F1FF3C4AB10CF1010CE5
:10C4BC00013B8C4411F8012B03F8012F6145F9D194
:10C4CC00704740EA01039B0750D1A2F1100370B5ED
:10C4DC0001F1200C23F00F0501F1100E00F11004F6
:10C4EC00AC441B095EF8105C44F8105C5EF80C5C04
:10C4FC0044F80C5C5EF8085C44F8085C5EF8045C7C
:10C50C0044F8045C0EF1100EE64504F11004E9D178
:10C51C00013312F00C0F01EB031102F00F0400EBCE
:10C52C00031327D0043C24F003064FEA940C1E445A
:10C53C001C1F8E465EF8045B44F8045FB442F9D1CC
:10C54C000CF1010402F0030203EB840301EB840100
:10C55C0002F1FF3C4AB10CF1010C013B8C4411F887
:10C56C00012B03F8012F6145F9D170BD02F1FF3C9D
:10C57C0003469BE72246EBE7830730B548D0541EB1
:10C58C00002A3FD0CAB2034601E0013C3AD303F87B
:10C59C00012B9D07F9D1032C2DD9CDB245EA0525E8
:10C5AC000F2C45EA054536D9A4F1100222F00F0CE8
:10C5BC0003F1200EE6444FEA121C03F1100242E98B
:10C5CC00045542E9025510327245F8D10CF10102C2
:10C5DC0014F00C0F03EB021204F00F0C13D0ACF19F
:10C5EC00040323F003030433134442F8045B934223
:10C5FC00FBD10CF003042CB1C9B21C4403F8011B91
:10C60C009C42FBD130BD64461346002CF4D1F9E7B3
:10C61C0003461446BFE71A46A446E0E711F0FF01B3
:10C62C00034644D0820732D110B5046841EA012E8A
:10C63C004EEA0E4E8EEA0402A2F1013323EA020303
:10C64C00A4F1013222EA0402134313F0803F0FD10C
:10C65C0050F8044F84EA0E0CA4F10133ACF1013212
:10C66C0023EA040322EA0C02134313F0803FEFD0B9
:10C67C00037823B936E010F8013F002B32D09942F1
:10C68C00F9D110BD8A4211D09A071846CCD0184661
:10C69C0013F8012B002AF5D110467047990718465C
:10C6AC0007D0184601330278002AF7D17047820769
:10C6BC00F7D10268A2F1013323EA020313F0803FA1
:10C6CC0008D150F8042FA2F1013323EA020313F02E
:10C6DC00803FF6D00378002BE8D010F8013F002BF8
:10C6EC00FBD17047184610BD002A3ED040EA01032A
:10C6FC009B0730B584462FD1032A2DD90B4608E071
:10C70C00043A8446194625D01EF0803F22D1032AD4
:10C71C0022D90468194653F8045BA4F1013EAC42DB
:10C72C0084462EEA040E00F10400E9D09CF80000C7
:10C73C000C78A0421BD1E64668B11EF8010F11F827
:10C74C00014FA2EB0E03A04203F1FF330FD11CEB00
:10C75C000303F1D1002030BD9CF800000C7884421A
:10C76C0005D1012AF6D0E646E6E710467047001BD5
:10C77C0030BD00BF40EA01039B0730B501D1032A4D
:10C78C000FD8844601F1FF3E07E01EF8011F03F8A5
:10C79C00011B541EC1B19C4622466346002AF4D1AB
:10C7AC0030BD0B468446194653F8045BA5F10134A1
:10C7BC0024EA050414F0803FE4D1043A032A4CF82F
:10C7CC00045B1946EFD8DDE79444002CE8D003F85D
:10C7DC00011B6345FBD130BD30B5146815469BB0C9
:10C7EC001A4609B1002C19D100214FF42273ADF86F
:10C7FC000C30009104914FF6FF7302910591ADF846
:10C80C000E3069461E9B01F033FB002813DB009BA6
:10C81C00286000221A7004981BB030BD4FF4C1631D
:10C82C0000910491ADF80C302146E4DA8B230360BF
:10C83C0000201BB030BD0020EEE700BF024A12689A
:10C84C000123503200F002B85C900020F0B407468F
:10C85C0010B33E468C4616F8010B01E0A04216D0F0
:10C86C001CF8014B002CF9D1D8B116F8015B0C4621
:10C87C0001E0002BF9D014F8013B9D42F9D14DB1E8
:10C88C00002306F8013C16603846F0BC70475BB1DB
:10C89C003746DEE72E46F6E71768002FD9D1384623
:10C8AC00F3E7F0BC10607047166038463B70ECE75D
:10C8BC0001292DE9F0415BD94FF00108C64600244F
:10C8CC004FF0FF35434608E0A3EB05081C464FF03C
:10C8DC00010E04EB0E038B4210D200EB0E0CC75C66
:10C8EC001CF80560B742EFD332D04FF00108254653
:10C8FC00C646444404EB0E038B42EED30127C2F828
:10C90C000080BE4600244FF0FF363B4607E09F1BDD
:10C91C001C464FF0010E04EB0E038B4210D200EBC1
:10C92C00060C10F803801CF80EC0E045EFD817D0A9
:10C93C0001272646BE463C4404EB0E038B42EED345
:10C94C000136681C864201D317603046BDE8F08181
:10C95C00C6450ABF74440EF1010E4FF0010EB8E744
:10C96C00BE450ABF74440EF1010E4FF0010ED2E722
:10C97C0001270026E8E700BF2DE9F04F9246ADF203
:10C98C001C4D05AA81460F46504619461D46FFF719
:10C99C008FFF134683460DF2144243F8045F934213
:10C9AC00FBD1002D00F0DF806C1E06AE0AF1FF32C9
:10C9BC000AEB0400009612F8011FAB1A013B53441A
:10C9CC00824246F82130F6D105995A4651445046D8
:10C9DC0005F08CFB00286FD10BF1FF330393CBF1E7
:10C9EC00010380460646019309EB060E009A1EF8D9
:10C9FC00043052F82330DBB1B8F1000F03D0059AA4
:10CA0C009A4200D9AB1A1E444FF000087B1B9E4281
:10CA1C00EAD909EB070045F4006105F097FB0744E0
:10CA2C007B1B9E42E0D900200DF21C4DBDE8F08F1F
:10CA3C00C3455B4638BF4346A34210D2591EF21879
:10CA4C0051444A4402E00133A34208D212F8010BCC
:10CA5C0011F801CF8445F6D0019A1644D3E7C345AB
:10CA6C00039B7ED906EB0B024A440AEB0B010296A0
:10CA7C0002E0434515D0034612F8010D11F8016D83
:10CA8C00864203F1010C03F1FF30F2D0029E6346A3
:10CA9C0008F1010898450AD8059B1E44A5EB03082C
:10CAAC00B4E7434608F101089845029EF4D9704654
:10CABC000DF21C4DBDE8F08FA5EB0B035B4538BFA9
:10CACC005B46013305930BF1FF330193CBF101036B
:10CADC000026029345F4006809EB0601009A0B5DF1
:10CAEC0052F823306BB11E447B1BB342F4D209EBDA
:10CAFC000700414605F02AFB07447B1BB342EBD2EF
:10CB0C0091E7A34514D2019B0BEB06020AEB030C35
:10CB1C004A445B4602E00133A34209D212F8010BEE
:10CB2C001CF801EF8645F6D0029A16441E44DBE74A
:10CB3C00BBF1000F10D00BEB060048440AEB0B02C4
:10CB4C0001E0534508D012F801ED10F801CDE6458F
:10CB5C001346F6D0059BC6E708460DF21C4DBDE802
:10CB6C00F08F5B4694E706AB4FF0FF3400932BE756
:10CB7C002DE9F0410D46097890B00446002954D0B7
:10CB8C006A78002A00F08380AB78002B51D0E878CB
:10CB9C002E68002800F082802B79002B57D0284675
:10CBAC0000F026FB064640F40071204605F0CEFA54
:10CBBC0086425BD8FE2E00F28680801B271840220E
:10CBCC00711C6846FFF7D8FC7EB16A1E5FFA86FCC2
:10CBDC00901912F8013F03F03F0340336B44A91A3C
:10CBEC006144824203F8401CF3D1013CA35D03F085
:10CBFC003F0340336B4413F8403C1C44A74203D220
:10CC0C0039E04444A74236D314F806C00CF03F0C6C
:10CC1C000CF140030DEB030C2046324629461CF860
:10CC2C00408C05F063FA0028EBD1204610B0BDE82B
:10CC3C00F081007842EA014200E00C4640EA0343EE
:10CC4C00611C98B19A426078F7D1013CEDE72278EB
:10CC5C0062B131BA01E099421ED042EA0323204668
:10CC6C0014F8012F002AF6D1994215D00024204641
:10CC7C0010B0BDE8F081BB5DB819002BF6D04FF4B5
:10CC8C00006105F063FA0744BC42AED9EEE710B080
:10CC9C00BDE8F041FFF7C2BCC41EC6E7120442EA6D
:10CCAC00016242EA03232178024600E02C4641EA65
:10CCBC000200651C02020029D8D0B3EB002F61786A
:10CCCC00F4D1023CB1E7014633462A46204610B067
:10CCDC00BDE8F041FFF750BE014B93F828017047B7
:10CCEC00D48A002038B5074D0022044608462A6035
:10CCFC00FBF778FD431C00D038BD2B68002BFBD014
:10CD0C00236038BDD8C7002038B50C46084D844682
:10CD1C00114620461A4600232B606446FBF76EFD35
:10CD2C00431C00D038BD2B68002BFBD0236038BDD2
:10CD3C00D8C7002013460A460146022000F0C6BAA6
:10CD4C0038B50C46084D8446114620461A46002339
:10CD5C002B606446FBF744FD431C00D038BD2B68A8
:10CD6C00002BFBD0236038BDD8C7002038B5074D49
:10CD7C000022044608462A60FBF718FD431C00D02D
:10CD8C0038BD2B68002BFBD0236038BDD8C70020E2
:10CD9C0038B50C46084D8446114620461A460023E9
:10CDAC002B606446FAF7E0FA431C00D038BD2B68C0
:10CDBC00002BFBD0236038BDD8C70020014B18686E
:10CDCC00704700BF5C9000200000000000000000D5
:10CDDC00A2EB0300704700BF02780B78012A28BF32
:10CDEC009A42F5D16DE9044540EA0104CDE90267A8
:10CDFC006FF0000C4FEA447212B380EA010414F095
:10CE0C00070F6AD100F0070420F0070004F00305B7
:10CE1C0021F007014FEAC505F0E8042314F0040FD4
:10CE2C00F1E804670CFA05F462EA040266EA040607
:10CE3C000AD063EA0403624667EA0407664603E025
:10CE4C00F0E80423F1E8046782FA4CF582EA060460
:10CE5C00A4FA8CF46CBB83FA4CF583EA0705A5FAAB
:10CE6C008CF595B950E9022351E9026782FA4CF529
:10CE7C0082EA0604A4FA8CF483FA4CF583EA0705DB
:10CE8C00A5FA8CF52543DBD09CB92DBAB5FA85F4FF
:10CE9C0024F0070427FA04F1DDE9026723FA04F30E
:10CEAC0003F0FF0001F0FF01FDE80445A0EB0100D9
:10CEBC00704724BAB4FA84F424F0070426FA04F177
:10CECC00DDE9026722FA04F202F0FF0001F0FF0133
:10CEDC00FDE80445A0EB0100704714F0030F3CD1B2
:10CEEC0010F0030428D150F8082B51F8083B82FAB3
:10CEFC004CF582EA0305A5FA8CF55DB950F8042CC3
:10CF0C0051F8043C82FA4CF582EA0305A5FA8CF53B
:10CF1C00002DE8D02DBAB5FA85F424F0070423FAD5
:10CF2C0004F122FA04F202F0FF0001F0FF01FDE827
:10CF3C000445A0EB010070474FEAC40420F0030045
:10CF4C0050F8082B21F0030151F8083B0CFA04F4BB
:10CF5C0062EA040263EA0403C9E710F003041AD07E
:10CF6C00A1EB040120F00300E40750F8042B06D0D9
:10CF7C000FD28B785FFAA2F4E41A06D12BB1CB78DE
:10CF8C005FFAB2F4E41A00D11BB920465DF8104BDD
:10CF9C00704701F1040150F8042BCC0721F0030178
:10CFAC0051F8043B48D824D222F07F4482FA4CF545
:10CFBC0094EA1325A5FA8CF50AD165B951F8043B0E
:10CFCC0084EA0204B4EB036F0ED150F8042BEBE7A8
:10CFDC004FEA132355E035F07F454DD10878FDE835
:10CFEC000445C0F1000070474FEA126203F0FF03E2
:10CFFC0047E002EA1C4482FA4CF594EA1345A5FA80
:10D00C008CF50AD165B951F8043B84EA0204B4EBFF
:10D01C00034F0CD150F8042BEBE74FEA134330E0ED
:10D02C0015EA1C4528D10B884FEA124229E04FEA39
:10D03C00124203EA1C4324E002F0FF0482FA4CF58E
:10D04C0094EA1365A5FA8CF50AD165B951F8043B3D
:10D05C0084EA0204B4EB032F09D150F8042BEBE75C
:10D06C004FEA13630DE015F0FF0F05D10B684FEA83
:10D07C00122223F07F4304E04FF00000FDE804454A
:10D08C00704712BA1BBA82FA4CF482EA0304A4FA6F
:10D09C008CF5B5FA85F402FA04F203FA04F34FEABC
:10D0AC001260FDE80445A0EB1360704780EA0102B2
:10D0BC00844612F0030F4FD111F0030F32D14DF80B
:10D0CC00044D11F0040F51F8043B0BD0A3F10132C5
:10D0DC009A4312F0803F04BF4CF8043B51F8043BD8
:10D0EC0016D100BF51F8044BA3F101329A4312F050
:10D0FC00803FA4F101320BD14CF8043BA24312F057
:10D10C00803F04BF51F8043B4CF8044BEAD0234653
:10D11C000CF8013B13F0FF0F4FEA3323F8D15DF805
:10D12C00044B704711F0010F06D011F8012B0CF8CD
:10D13C00012B002A08BF704711F0020FBFD031F845
:10D14C00022B12F0FF0F16BF2CF8022B8CF80020CC
:10D15C0012F47F4FB3D1704711F8012B0CF8012B4F
:10D16C00002AF9D1704700BF70B50D4E0D4D761BDE
:10D17C00B61006D0002455F8043B01349847A6425B
:10D18C00F9D1094E094D761B08F0BEFAB61006D03F
:10D19C00002455F8043B01349847A642F9D170BDE0
:10D1AC00801E0060801E0060941E0060801E006067
:10D1BC00704700BF704700BF704700BF704700BF8B
:10D1CC000000000000000000000000000000000053
:10D1DC000000000000000000000000000000000043
:10D1EC000000000000000000000000000000000033
:10D1FC0090F800F06DE9024520F007016FF0000C8B
:10D20C0010F0070491F820F040F049804FF0000432
:10D21C006FF00700D1E9002391F840F000F108000D
:10D22C0082FA4CF2A4FA8CF283FA4CF3A2FA8CF345
:10D23C004BBBD1E9022382FA4CF200F10800A4FAAC
:10D24C008CF283FA4CF3A2FA8CF3E3B9D1E9042300
:10D25C0082FA4CF200F10800A4FA8CF283FA4CF337
:10D26C00A2FA8CF37BB9D1E9062301F1200182FAF1
:10D27C004CF200F10800A4FA8CF283FA4CF3A2FAF7
:10D28C008CF3002BC6D0002A04BF04301A4612BA05
:10D29C00B2FA82F2FDE8024500EBD2007047D1E908
:10D2AC00002304F00305C4F100004FEAC50514F097
:10D2BC00040F91F840F00CFA05F562EA05021CBF68
:10D2CC0063EA050362464FF00004A9E72DE9F04735
:10D2DC00DFF87CA00646DAF8000098460F46914627
:10D2EC00FFF76AFF184B1C6824B365681F2D24DCFC
:10D2FC005EB96B1C0235DAF80000636044F82570E7
:10D30C00FFF75CFF0020BDE8F08704EB85010123EB
:10D31C00C1F88890D4F88821AB401A43022EC4F887
:10D32C008821C1F80881E4D1D4F88C211A43C4F8BF
:10D33C008C21DEE7054C1C60D7E7DAF80000FFF71C
:10D34C003DFF4FF0FF30DEE7B8C40020BCC4002026
:10D35C00C88A0020000000009FED010B704700BF41
:10D36C00000000000000F87F9FED010A704700BF2D
:10D37C000000C07FF8B5244F0C460646FDF758FC5C
:10D38C00BB685D68C4F57E610F3125F003054B1950
:10D39C0023F47F6323F00F03A3F58054B4F5805F6F
:10D3AC0007DB00213046FFF7E1FCBB682B449842B9
:10D3BC0004D03046FDF742FC0020F8BD61423046F7
:10D3CC00FFF7D4FC01300DD0104ABB682D1B45F083
:10D3DC0001055D60136830461B1B1360FDF72EFCC6
:10D3EC000120F8BD00213046FFF7C0FCBA68831A53
:10D3FC000F2BDEDD43F001035360054B03491B6823
:10D40C00C01A0860D5E700BF408C002058C6002029
:10D41C0048900020002961D0F8B50C460646FDF76F
:10D42C0007FC54F8042C7B4FA4F1080522F00101F1
:10D43C0005EB010CB868DCF80430604523F00303FD
:10D44C0000F08B80D207CCF8043032D454F8082C7E
:10D45C00AD1A1144AA6807F1080082426AD00CEB9D
:10D46C000304D4F804E0EC68D4601EF0010FA26051
:10D47C0000F0978041F001036B60CCF80010B1F51F
:10D48C00007F35D27868CB080122490901338A40E4
:10D49C00024357F833107A6007EBC302083AC5E928
:10D4AC00021247F83350CD603046BDE8F840FDF726
:10D4BC00C5BB0CEB03025268D00710D4194407F11A
:10D4CC000800DCF80830834273D0DCF80C20DA60FA
:10D4DC00936041F001036B606950D0E7704741F0F5
:10D4EC000103B1F5007F44F8043CCCF80010C9D31B
:10D4FC00B1F5206F4FEA512348D28B0903F1390063
:10D50C0003F13802C300F818FB580838984259D078
:10D51C005A6822F003028A4202D99B689842F7D1DA
:10D52C00D868C5E902308560DD603046BDE8F8405A
:10D53C00FDF784BB0CEB03025268D20763D40B4497
:10D54C00DCE90212CA60916043F001026A60304665
:10D55C00EB50BDE8F840FDF771BB0B44D10707D485
:10D56C0054F8082CAD1A1344D5E90212CA60916024
:10D57C0043F001026A60284ABD6012689A4293D84F
:10D58C00264B30461968FFF7F5FE8DE7142B0AD9A8
:10D59C00542B1FD80B0B03F16F0003F16E02C30069
:10D5AC00B1E719448DE703F15C0003F15B02C300A2
:10D5BC00A9E741F00103C7E90455C5E902006B6016
:10D5CC00695071E779689210012404FA02F20A4357
:10D5DC007A60A6E7B3F5AA7F06D8CB0B03F17800E7
:10D5EC0003F17702C3008EE740F25452934206D8FF
:10D5FC008B0C03F17D0003F17C02C30083E74FF435
:10D60C007E737E227FE741F001036B60CCF8001043
:10D61C004AE700BF408C00204C90002088C60020B8
:10D62C002DE9F0410469B4EB611F2FDD00F1140EFC
:10D63C004E1111F01F0C0EEB84050EEB86032BD054
:10D64C005EF8261004339D4221FA0CF1CCF120082F
:10D65C0018D977461A6802FA08F20A4347F8042BDD
:10D66C0053F8041B9D4221FA0CF1F3D8A31B9B0029
:10D67C00053B9B0801330EEB83044EF82310C9B114
:10D68C00043417E0416174460029F9D10023036189
:10D69C0000234361BDE8F0819D4288BF00F1100278
:10D6AC00F4D953F8041B42F8041F9D42F9D8A41B6B
:10D6BC000EEB8404A4EB0E039B1074450361E7D0BE
:10D6CC00BDE8F0812DE9F04F2DED028B0C688B46F7
:10D6DC00A17885B0302908EE100A9246029340F0EA
:10D6EC00CE816FF00100001BE21C8318144612F867
:10D6FC00011B3029F9D0DFF8008318F80120002A2B
:10D70C0000F0E5802278002718F802203D462646D6
:10D71C002AB116F8012F18F80220002AF9D1B549C0
:10D72C00019301223046FEF7DFFF019B8146002862
:10D73C004DD0002D4ED13278A94602F0DF02502A8E
:10D74C00354650D0CBF80060002F69D12B1B013B24
:10D75C00072B394604DD5B10072B01F10101FADCC4
:10D76C0018EE100A03F04EFD8346002800F0668286
:10D77C0000F11406AC42019680F0D2810027CDF85E
:10D78C000C909C49A1463C460CE0202F19D0384601
:10D79C0004372A7818F8022002F00F028240144352
:10D7AC004D4547D015F8012D2E2AEED14D45ECD321
:10D7BC0001222846FEF798FF8E490028F0D0202F32
:10D7CC00E5D1002046F8044B04270446E1E7002D80
:10D7DC0000F04281327802F0DF02AD1B502A4FEA92
:10D7EC0085093546AED16A782B2A00F025812D2A81
:10D7FC0000F0A5806E1C002018F802104A1E182A92
:10D80C0000F29B80727818F8022010390136002A39
:10D81C005AD100B149428944CBF80060002F95D011
:10D82C00002B14BF00250625284605B0BDEC028B45
:10D83C00BDE8F08FDDF80C90234646F8043B184603
:10D84C00019BF61AB610CBF8106003F0B5FD76010B
:10D85C00DAF80040301AA04275DCC0F2EF800027E5
:10D86C00DAF808304B45C0F25181DAF804304B45F8
:10D87C004ADDA3EB09094C4500F38280DAF80C2051
:10D88C00022A00F06581032A00F08181012A00F050
:10D89C006F8118EE100A594603F0DAFC5025109AE5
:10D8AC0000232846136005B0BDEC028BBDE8F08F59
:10D8BC0001EB810102EB4102A2F1100116F8012FDC
:10D8CC0018F80220002AA4D0192AF1DDA1E7494951
:10D8DC00019301222046FEF707FF019B00286DD122
:10D8EC00617818F80120651C002A69D030292C4673
:10D8FC0005D114F8013F302BFBD018F80320B2FAF5
:10D90C0082F77F09012302E7012557B1DAF80C30C1
:10D91C00022B5DD0032B5FD0012B00F0848045F0EF
:10D92C001005109BC3F800B0029B2846C3F800906A
:10D93C0005B0BDEC028BBDE8F08F2E4602E701204E
:10D94C00AA78AE1C58E7061B3146584604F062F91B
:10D95C00074678B1721E53110199012751F8231013
:10D96C0002F01F0307FA03F30B4203D0BA4200F391
:10D97C00E280022731465846B144FFF751FE6FE76B
:10D98C0009F1FF35002F40F0CE80002D40F0CD8006
:10D99C006B11019A05F01F0552F823200123AB40AF
:10D9AC0013424946584618BF47F00207A4EB090436
:10D9BC00FFF736FE0225DAF80490A6E72178254613
:10D9CC0001F0DF01502900F0BF80CBF8005027E7B1
:10D9DC00119BC3F101031193119B002B9FD0DBF81A
:10D9EC001070DDF80480BA004346019208EB870002
:10D9FC00002107E0F4110020FC0E0020984243F8AF
:10DA0C00041C3FD91E4653F8042BB2F1FF3FF5D04E
:10DA1C000132022D326000F0BF8014F01F0440F080
:10DA2C00E78021257DE7BA077FF579AF019B1B685D
:10DA3C001F43FB07D3D472E7002081E7221A594613
:10DA4C0018EE100AA9EB020903F042FE00F11403D0
:10DA5C0083460193002703E7727818F80200711CC3
:10DA6C00002800F0A0800D4611F8012F18F80200D4
:10DA7C000028F8D1751B4FEA85090E465DE6023485
:10DA8C00002338E6DBF808309F4280F28E803B465C
:10DA9C000BEB830201210133022DCBF810305161C5
:10DAAC007AD09F42B9DA002B40F39B80DBF814202C
:10DABC0008EB83030BF1180083424FEA520240F249
:10DACC00B1804446016842EAC17244F8042B50F814
:10DADC00042B83424FEA5202F4D8A3EB0B03193BFD
:10DAEC009B08013348F8232008EB8303002A40F0FD
:10DAFC009D80A3EB080292104345CBF8102073D005
:10DB0C00DAF8083009F101094B458ADA18EE100AE7
:10DB1C00594603F09DFB109A00231360A32583E65E
:10DB2C00019E002389E6012732E72946584604F076
:10DB3C0071F807462CE7B11E584604F06BF8002824
:10DB4C003FF417AF032715E74FF0000901274AE60A
:10DB5C00119A002A7FF49DAE02990B60019B012261
:10DB6C00CBF810201A60109B6225C3F800B05BE65E
:10DB7C004C457FF48EAE012CEED0611E584604F05D
:10DB8C0049F800283FF485AEDAF80430E4E7119A3E
:10DB9C00002A3FF47EAEDFE7DAF80030013BA34207
:10DBAC0034D02225BDE60E46C7E5DBF8041018EE8E
:10DBBC00100A013103F026FB0646C8B3DBF810301F
:10DBCC0002339A000BF10C010C30FAF7E5FA5946C6
:10DBDC0018EE100A03F03CFB06F114083369B34647
:10DBEC0056E70023CBF810300023CBF8143087E72E
:10DBFC00019B4344C4F1200453F8040C03F0DCFBF8
:10DC0C00A042BFF60EAFDBF810304CE7631104F006
:10DC1C001F0458F823200123A34013420CBF2225D4
:10DC2C0021257EE6C8F8002043466AB1043360E73C
:10DC3C00074B08483246842104F05AFD044B054832
:10DC4C005A46E42104F054FDCBF81020CCE700BF79
:10DC5C007C0E0020900E002010B4046809E014F82B
:10DC6C00013FA3F1410CBCF1190F98BF2033934233
:10DC7C0009D111F8012B002AF1D1013404600120E3
:10DC8C005DF8044B704700205DF8044B704700BFF3
:10DC9C002DE9F04F096885B04B1111F01F0102906E
:10DCAC0002EB8303039140F08F801D1F0193029BB5
:10DCBC0001991C68002341F8043C61780134002967
:10DCCC0000F09880DFF87491A846AC469A461E4640
:10DCDC000EE0202900F28C80564506DDC44501D2A9
:10DCEC00072B5BDD624551D3082314F8011FA1B14A
:10DCFC0019F801000028ECD00133082B06F10106BD
:10DD0C003ADCDCF80010090100F00F000843CCF8F5
:10DD1C00000014F8011F0029EAD1002E6AD0C44576
:10DD2C0001D2072B74DD624552D2111F634653F8A2
:10DD3C00040B41F8040FAB42F9D9A5EB0C0323F00B
:10DD4C000303691C04330CF1010C614538BF042337
:10DD5C001344002143F8041BAB42FBD9019B53F83D
:10DD6C00043C2BB9AA4249D055F8043D002BF9D0FC
:10DD7C00052005B0BDE8F08F6245B6D200234CF803
:10DD8C00043C1946ACF1040C0123BDE70023ACF1B3
:10DD9C0004084CF8043CB246C446A6E7C3F108019B
:10DDAC00DCF800308900C1F1200E60469B464768C4
:10DDBC0007FA0EF343EA0B0327FA01FB036040F862
:10DDCC0004BF4045F3D38DE7191D01911D466EE745
:10DDDC00039B002BC2D0039B0198C3F120014FF091
:10DDEC00FF33CB4050F8041C0B4040F8043CB8E720
:10DDFC00292909D0042005B0BDE8F08F01230520A6
:10DE0C002B6005B0BDE8F08F029901340C6084E7FB
:10DE1C00DCF80010C3F108039B00C3F12007644633
:10DE2C000846666806FA07F1014326FA03F02160FA
:10DE3C0044F8040F4445F4D375E700BFFC0E0020F2
:10DE4C0082B049B15AB16BB113780B601278101EC5
:10DE5C0018BF012002B0704701A9002AF3D1104667
:10DE6C0002B070476FF00100F4E700BF0000000043
:10DE7C002DE9F04F2DED088BD1B00C460BEE101A9E
:10DE8C0090460893834604F0A5F90368129318464C
:10DE9C00FFF7AEF920AF1090082200213846FEF7AC
:10DEAC006BFBA3891B0603D52369002B00F0558758
:10DEBC0000239FED838B9FED849BCDE92533CDE92A
:10DECC001333CDE9153327AA0E932492924611935E
:10DEDC0004934446A1467E4BD3F8E450FEF7FCFE77
:10DEEC004A4603461CA900975846A847002800F04C
:10DEFC00B080C0F2A6801C9A252A034601D0994412
:10DF0C00E9E7B9EB0405064640F0A78000234FF083
:10DF1C00FF328DF867309846069309F1010999F89C
:10DF2C00003003922B25202609F10109A3F12002D0
:10DF3C005A2A00F2CF80DFE812F0E802CD00CD00C3
:10DF4C00E302CD00CD00CD006A00CD00CD0005026E
:10DF5C008402CD001002C902CD00BD025B005B0043
:10DF6C005B005B005B005B005B005B005B00CD005B
:10DF7C00CD00CD00CD00CD00CD00CD005301CD00A6
:10DF8C0083011A02530153015301CD00CD00CD0082
:10DF9C00CD001502CD00CD009602CD00CD00CD00F8
:10DFAC00AB01CD00AA02CD00CD00E306CD00CD0023
:10DFBC00CD00CD00CD00CD00CD00CD005301CD0066
:10DFCC008301DE015301530153017702DE017F000F
:10DFDC00CD008902CD005F02E0062F027F00CD004C
:10DFEC00AB017C00B806CD00CD00BD06CD007C0099
:10DFFC00A3F13002002119F8013B01EB810102EB86
:10E00C004101A3F13002092AF5D906918EE7584651
:10E01C0004F0E0F8436815931846FFF7E9F81690FA
:10E02C00584604F0D7F883681393169B002B40F0E6
:10E03C002D8699F8003077E799F8003048F02008E1
:10E04C0072E7082200213846FEF796FA012399441C
:10E05C0041E7B9EB0405064611D0269B2B442693C9
:10E06C00259B0133072BCAE9004525931CDC0AF1DB
:10E07C00080A049B2B440493002E7FF447AF269B85
:10E08C00002B41F00B821BEE103AB3F90C3013F05D
:10E09C00400F049B18BF4FF0FF330493049851B00A
:10E0AC00BDEC088BBDE8F08F1BEE101A24AA584665
:10E0BC0005F094FB0028E6D10DF19C0AD9E700BFCE
:10E0CC000000000000000000FFFFFFFFFFFFEF7FDC
:10E0DC00D48A00200B93002BD1D00021CDE90C1158
:10E0EC008DF8DC3001238DF86710029307910593AE
:10E0FC0003910F9137AC18F00203099302D0029BE5
:10E10C000233029318F084030A9305D1069B029AFA
:10E11C009D1A002D00F36983269A89B125990DF17A
:10E12C00670001310132CAF8000007294FF00100E5
:10E13C0026922591CAF8040000F3A2830AF1080A7A
:10E14C00099B83B1259B1AA901330232CAF800102E
:10E15C00072B4FF0020126922593CAF8041000F306
:10E16C00A3830AF1080A0A9B802B00F06C82039BA4
:10E17C0005995D1A002D00F3A58218F4807F40F0FC
:10E18C000D82059BCAF804301A44259BCAF800403E
:10E19C000133072B2692259300F31B830AF1080AFF
:10E1AC0018F0040F05D0069B02995C1A002C00F3A2
:10E1BC008883049B069902988142ACBF5B181B189C
:10E1CC000493002A40F0B08200232593079B1BB1D7
:10E1DC0007995846FFF71EF90DF19C0A4C4679E653
:10E1EC000B93089B073323F00703B3EC028BB0EEC1
:10E1FC00C87BB4EE497BF1EE10FA089340F3E98446
:10E20C00B5EEC08BF1EE10FA01F159809DF8671054
:10E21C00AB4CAC4B28F080080B9A472AC8BF1C4665
:10E22C000023CDE90C33032207930292059203934A
:10E23C000F9300293FF45FAF029B013302935AE71F
:10E24C00432B0B9303D018F0100F00F05D85089D45
:10E25C000822002122A837ACFEF78EF922AB55F824
:10E26C00042B2146584604F0BDF9034601330590B2
:10E27C0001F0EE82059B089523EAE37302930021DB
:10E28C00CDE90C118DF86710079103910F9132E7CE
:10E29C000B93089B1A4600238DF86730134653F8EE
:10E2AC00044B0893002C00F048850B9B532B00F07B
:10E2BC00EC8618F010030C9340F0E786039B5D1C72
:10E2CC0001F0E5800C991A46204604F011F90790EC
:10E2DC00002801F02883079B1A1B05920C9B0393C3
:10E2EC0022EAE2720F930D93079373239DF8671044
:10E2FC0002920B939DE718F0200F0B93089B3DD0D7
:10E30C00073323F007031A4611465B6851F8082BB4
:10E31C0008911946002BC0F20C84039B013300F0CA
:10E32C009E8228F0800052EA0103029040F099820C
:10E33C00039B002B40F09A828046002303930593A5
:10E34C0050AC06E1089B53F8042B0692002A80F28D
:10E35C001984069A08935242069299F8003048F0B4
:10E36C000408E1E599F8003048F00808DCE548F0CD
:10E37C00100818F0200F0B93089BC1D118F0100F48
:10E38C0040F00B8418F0400F00F0038433F9042B99
:10E39C000893D1170B46BDE7089B48F00202029286
:10E3AC0053F8042B089347F63003ADF86830782007
:10E3BC00454B1193002102230B900020039C8DF8F8
:10E3CC006700601C00F0AD80029820F0800852EAD3
:10E3DC00010040F0A480002C40F0AE86002BACD1A4
:10E3EC00029B13F00103059300F0D18330238DF8C9
:10E3FC003F310DF23F14ACE018F0200F40F0D48305
:10E40C0018F0100F40F09F8618F0400F40F09787DF
:10E41C0018F4007F00F09786089B049953F8042B9E
:10E42C00089311704C4655E599F80030682B03BFE2
:10E43C0099F8013048F4007809F1010948F04008D6
:10E44C0072E599F800308DF867506DE599F8003059
:10E45C006C2B03BF99F8013048F0200809F1010931
:10E46C0048F0100860E50B9348F0100818F02001F4
:10E47C0000F05183089B073323F00703596853F8C6
:10E48C00082B089328F480630293002395E70B93E1
:10E49C0048F010030293029B13F0200100F0298333
:10E4AC00089B073323F00703596853F8082B08938C
:10E4BC00012382E799F8003048F0800834E500BF6A
:10E4CC00081200200C12002018120020494611F8E6
:10E4DC00013B2A2B01F04982A3F13002092A89461B
:10E4EC0098BF002101F2448119F8013B01EB810135
:10E4FC0002EB4101A3F13002092AF5D9039115E58C
:10E50C0099F8003048F001080EE59DF86730002BB3
:10E51C007FF48FAD99F800308DF8676004E5CDF885
:10E52C000880012B00F09D81022B50AC20D111985A
:10E53C0002F00F031209C35C04F8013D42EA0172B8
:10E54C00090952EA0103F3D150AB1B1BDDF808801B
:10E55C000593059A03989DF8671082424FF00003CB
:10E56C00B8BF0246CDE90C33079302920F9360E6D5
:10E57C0002F00703D20842EA4172C908303352EA6A
:10E58C000105204604F8013DF2D1029AD10700F1B1
:10E59C004D8250AB1B1B90460593DAE70B9B652B0A
:10E5AC0040F3D480B5EE408BF1EE10FA40F0C1810F
:10E5BC00259BBA49CAF80010013301320121072BFF
:10E5CC0026922593CAF8041000F351850AF1080A23
:10E5DC001B9B0E998B4280F2D082109B12991A448D
:10E5EC00CAE90013259B26920133072B259300F3D0
:10E5FC0097830AF1080A0E9B5C1E002C7FF7D0ADA6
:10E60C00102C259B40F36E851BEE106A102505E03F
:10E61C000AF1080A103C102C40F364850133A04920
:10E62C001032072BCAE90015CDE92532F0DD24AAFA
:10E63C003146584605F0D2F800287ED1DDE9253266
:10E64C000DF19C0AE6E7069B02995D1A002D7FF7F7
:10E65C008EAD102D259B21DD099410261BEE104A42
:10E66C0004E0103D102D0AF1080A16DD01338C4927
:10E67C001032072BCAE90016CDE92532F1DD24AAA8
:10E68C00214658460DF19C0A05F0A8F8002854D1F3
:10E69C00103D102DDDE92532E8DC099C8049CAF8D3
:10E6AC00045001332A44072BCDE92532CAF8001057
:10E6BC0000F32685039B05995D1A002D0AF1080AC3
:10E6CC007FF75BAD102D259B1FDD514610261BEEF1
:10E6DC0010AA04E0103D102D01F1080114DD0133E6
:10E6EC006F481032072BC1E90006CDE92532F1DD68
:10E6FC0024AA5146584605F071F8F0B9103D102D7A
:10E70C00DDE9253227A9EADC8A4601336449CAF8D7
:10E71C0004502A44072BCDE92532CAF8001000F327
:10E72C00DA810AF1080A28E51BEE101A24AA5846C9
:10E73C0005F054F800283FF447AD079B002B3FF43D
:10E74C00A2AC07995846FEF765FE9CE40E9B012B84
:10E75C0040F37A81259BCAF8004001330132012134
:10E76C00072B26922593CAF8041000F3F8810AF1BE
:10E77C00080A1099129801330A44072BCAE90001C0
:10E78C00CDE9253200F3DD810AF1080AB5EE408BA4
:10E79C00F1EE10FA00F077810E9901330139013452
:10E7AC000A44072BCAF800402593CAF80410269295
:10E7BC0000F35B810AF1080A1499CAF804100133BA
:10E7CC000A44072B1EA9CDE92532CAF800107FF7A1
:10E7DC00E5AC1BEE101A24AA584604F0FFFF0028E3
:10E7EC00ABD1269A0DF19C0ADAE4102DDDE9251245
:10E7FC002C4E24DD179410231BEE104A084604E01F
:10E80C00103D102D0AF1080A17DD013010320728CF
:10E81C00CAE90063CDE92502F2DD24AA2146584657
:10E82C000DF19C0A04F0DAFF002886D1103D102D62
:10E83C00DDE925024FF01003E7DC179C014601319E
:10E84C002A440729CDE92512CAF80060CAF80450F9
:10E85C0000F3BD839DF867100AF1080A5DE4CDF85A
:10E86C0008800A2A71F1000380F0458330320123BD
:10E87C00DDF808808DF83F2105930DF23F1468E612
:10E88C001BEE101A24AA584604F0A8FF00287FF4A7
:10E89C0054AF269A0DF19C0A52E400BF4812002096
:10E8AC00CC840020C42C00201BEE101A24AA58463D
:10E8BC0004F094FF00287FF440AF269A0DF19C0AD7
:10E8CC0051E4102C259BBE4E1FDD1BEE108A10252B
:10E8DC0004E0103C102C0AF1080A16DD013310324A
:10E8EC00072BCAE90065CDE92532F2DD24AA4146A1
:10E8FC0058460DF19C0A04F071FF00287FF41DAFFF
:10E90C00103C102CDDE92532E8DC01332244072BC6
:10E91C00CAE90064CDE925327FF74BAC1BEE101A27
:10E92C0024AA584604F05AFF00287FF406AF269A12
:10E93C003FE41B99002940F35A830C9E0E9B9E4288
:10E94C00A8BF1E46002E0BDD259B01333244072B3E
:10E95C00CAE900462692259300F389860AF1080A33
:10E96C000C9D002EA8BFAD1B002D00F303820C9B49
:10E97C0018F4806F2344059340F01F821B9B0E9963
:10E98C008B4203DB18F0010F00F0CF841099129822
:10E99C000A44CAE9000125992692013107292591DB
:10E9AC0000F3A5860AF1080A0E996518CC1A059B86
:10E9BC00ED1AA542A8BF2546002D0DDDCAF8003082
:10E9CC00259BCAF8045001332A44072B2692259321
:10E9DC0000F3BB860AF1080A002DA8BF641B002CAB
:10E9EC007FF7DEAB102C259B40F37C831BEE106A6B
:10E9FC00102505E00AF1080A103C102C40F3728334
:10EA0C00013370491032072BCAE90015CDE92532C4
:10EA1C00F0DD24AA3146584604F0E0FE00287FF4CD
:10EA2C008CAEDDE925320DF19C0AE5E7302B3FF485
:10EA3C008BAD3023023804F8013C50AB1B1ADDF8C7
:10EA4C0008800593044684E518F0010F7FF482AE2C
:10EA5C00259BCAF80040013301320121072B269275
:10EA6C002593CAF804107FF7A5AE1BEE101A24AA42
:10EA7C00584604F0B3FE00287FF45FAEDDE9253282
:10EA8C000DF19C0A98E60E994C1E002C7FF794AE63
:10EA9C00102C40F361831BEE106A102505E00AF17F
:10EAAC00080A103C102C40F35783013345491032AF
:10EABC00072BCAE90015CDE92532F0DD24AA314631
:10EACC00584604F08BFE00287FF437AEDDE9253282
:10EADC000DF19C0AE5E71BEE101A24AA584604F027
:10EAEC007DFE00287FF429AE269A0DF19C0AFFF7D3
:10EAFC0044BB029B13F0100340F0C180029A12F049
:10EB0C00400200F07A83089850F8042B08901946BC
:10EB1C0092B2012351E418F0100355D118F04002C1
:10EB2C0000F05D83089850F8042B0890194692B2B7
:10EB3C00A8E4524261EB4101CDF808802D2001235D
:10EB4C003CE41BEE101A24AA584604F047FE002899
:10EB5C007FF4F3ADDDE925320DF19C0A16E61BEED0
:10EB6C00101A24AA584604F039FE00287FF4E5ADAB
:10EB7C00DDE925320DF19C0AFBE518F0010F3FF49D
:10EB8C000FAB2AE5089399F80030FFF7CDB950ACDC
:10EB9C00DFE418F4007F40F0DB8353F8042B089378
:10EBAC00D1170B46FFF7B6BB089B049853F8041B10
:10EBBC000893C217C1E900024C46FFF78BB900BF9E
:10EBCC00C42C0020CC840020089B53F8042B089301
:10EBDC0058E4B4EE488BF1EE10FA80F194860B9B5E
:10EBEC00612B00F05285412B00F0C085039B013353
:10EBFC000B9B23F0200500F08084472D04D1039B50
:10EC0C00002B08BF0123039318EE903A002B48F415
:10EC1C0080724646C0F21886B0EE48AB0023904690
:10EC2C00099307930B9B413B252B00F29883DFE85C
:10EC3C0013F06F0496039603960368046C04960312
:10EC4C0096039603960396039603960396039603F0
:10EC5C0096039603960396039603960396039603E0
:10EC6C0096039603960396039603960396039603D0
:10EC7C009603960396039603960368046C04089B0C
:10EC8C0053F8042B08930123FFF797BB139B002B1E
:10EC9C003FF4CFA9139B1B78002B3FF4CAA999F81A
:10ECAC00003048F48068FFF73FB90B93CDF808802B
:10ECBC00FFF7F1BB0B939A4B119318F0200100F066
:10ECCC000581089B073323F00703596853F8082B79
:10ECDC00089318F0010F0AD052EA010307D00B9BDE
:10ECEC008DF86930302348F002088DF8683028F42C
:10ECFC00806302930223FFF760BB0B93FFF7B6BB55
:10ED0C000B93884B1193D8E7089B012153F8042BE4
:10ED1C0002918DF8DC200893059137ACFFF7AFBA60
:10ED2C001BEE101A24AA584604F058FD00287FF454
:10ED3C0004AD269A0DF19C0A5DE4039B0794062B07
:10ED4C00224628BF062303942146CDE90C22764C9B
:10ED5C00029305930F92FFF76CBA40215846FBF7CC
:10ED6C00B7FC20602061002800F00F86402363610F
:10ED7C00FFF79EB8102D259B40F35D82514610265F
:10ED8C001BEE10AA04E00831103D102D40F3528206
:10ED9C00013366481032072BC1E90006CDE9253254
:10EDAC00F1DD24AA5146584604F018FD00287FF4E2
:10EDBC00C4ACDDE9253227A9E6E70E9BCDF82490FB
:10EDCC00E31803930D9BCDF82880139E059DDDF869
:10EDDC005890DDF83C800B941BEE101A5046002B1B
:10EDEC0034D0B8F1000F35D10D9B013B013E0D9392
:10EDFC00159BC0E90039259B01334A44072B269209
:10EE0C0025936CDC0830039B96F800C05B1B6345B4
:10EE1C00A8BF6346002B9A460CDD259C01341A448E
:10EE2C00072CC0E900532692259400F3778196F8BD
:10EE3C0000C00830BAF1000FACBFACEB0A0464465A
:10EE4C00002C0ADC65440D9B002BCAD1B8F1000FD5
:10EE5C0000F0AC8308F1FF38CAE7102CDDF894C041
:10EE6C0024DD05954FF0100A63460D4604E0103C76
:10EE7C00102C00F1080016DD01332C491032072B41
:10EE8C00C0E9001ACDE92532F1DD24AA29465846FD
:10EE9C0004F0A4FC00287FF450AC103C102CDDE9ED
:10EEAC00253227A8E8DC2946059D9C460CF1010378
:10EEBC0022444460072B1D4C0460CDE9253200F33D
:10EECC00C68396F800C008306544BCE718F0100300
:10EEDC0000F0C280089B53F8042B0893F9E624AA8F
:10EEEC005846059104F07AFC00287FF426AC269A4B
:10EEFC00059927A887E70298CDF81CA050AC00F420
:10EF0C00806000250AEE10BA094BDDF84CA0CDF854
:10EF1C001490A3464FF00508AC46044610E000BF21
:10EF2C00181200202C12002040120020CC8400204B
:10EF3C00CDCCCCCC0A2A71F1000136D34A463146ED
:10EF4C00501840F10000A3FB005626F0030505EB1A
:10EF5C009605401B151A4FF0CC3661F1000E06FBDE
:10EF6C0005F6A5FB039503FB0E6609F0010E2E4476
:10EF7C00AEFB085E2D184FEA590930350BF8015CD1
:10EF8C0049EAC6790CF1010C0BF1FF3B7608002C19
:10EF9C00D0D09AF800008445CCD1BCF1FF0FC9D079
:10EFAC000A2A71F1000180F08F815C4650AB1B1B6B
:10EFBC00DDF81490CDF84CA01AEE10BADDF81CA0B8
:10EFCC00DDF80880CDF838C00593FFF7C2BA1BEE08
:10EFDC00101A24AA584604F001FC00287FF4ADABAB
:10EFEC009DF86710269A0DF19C0AFFF796B8259BA1
:10EFFC00BE48CAF80000013301320120072B2692CB
:10F00C002593CAF8040000F377810AF1080A002955
:10F01C0040F0AF800E9908F001030B433FF4C0A8F9
:10F02C00109B12991A44CAE90013259B26920133AE
:10F03C00072B259300F352820AF1080A0E99CAF89D
:10F04C00004001330A44072BCDE92532CAF80410DD
:10F05C007FF7A4A8FFF7BDBB18F0400200F0DD80DD
:10F06C00089850F8042B0890194692B231E61BEE22
:10F07C00101A24AA584604F0B1FB00287FF45DABAB
:10F08C00269A0DF19C0AFFF7A3BA22AE08220021A2
:10F09C0030461D94FDF770FA039B5A1C00F0DB8080
:10F0AC000025CDF80890CDF81C809946A8460CE0B8
:10F0BC0037A9584603F096FA431C404400F0C88325
:10F0CC00484508DC00F0188480461D9A5259334696
:10F0DC000435002AECD1CDF81480DDF80890DDF869
:10F0EC001C80C5E001338249CAF804402244072B36
:10F0FC00CAF80010CDE925327FF750A8FFF769BB9D
:10F10C001BEE101A24AA584604F068FB00287FF462
:10F11C0014AB269A0DF19C0AFFF729B824AA58467D
:10F12C00059104F05BFB00287FF407AB96F800C058
:10F13C00269A059927A87DE6012BCDF808807FF447
:10F14C00F3A9FFF793BB089B049953F8042B4C4687
:10F15C0011600893FEF7BEBE01336549CAF804403E
:10F16C002244072BCDE92532CAF800107FF722ABD9
:10F17C007BE4109B12981A44CAE90003259B269243
:10F18C000133072B259300F3A9810AF1080A002902
:10F19C00BFF654AF4D42103180F20F831BEE101AA4
:10F1AC00102605E00AF1080A103D102D40F30583E6
:10F1BC0001334F481032072BCAE90006CDE925323E
:10F1CC00F0DD24AA5846039104F008FB00287FF4D4
:10F1DC00B4AADDE9253203990DF19C0AE4E7089BFA
:10F1EC0018F400711ABF114653F8042B53F8042B72
:10F1FC00089318BFD2B2FFF745B9029B13F4007104
:10F20C00089B1ABF114653F8042B53F8042B089390
:10F21C0018BFD2B20123FFF7D0B8089B18F40071C5
:10F22C001ABF114653F8042B53F8042B089318BF3C
:10F23C00D2B24EE58A4601332D49CAF804502A440D
:10F24C00072BCDE92532CAF8001000F339810AF1F9
:10F25C00080AFFF78CBB0023194600961DAA5846D6
:10F26C0003F0E6F903460133059000F0F1821D949A
:10F27C00059B002B4ED0632B00F3188100230793C2
:10F28C0037AC082200213046FDF776F9059D009633
:10F29C002B461DAA2146584603F0CAF9854240F078
:10F2AC007C83059A0023A35422EAE272CDE90C3345
:10F2BC009DF86710039302920F93FEF7BABF2D21AE
:10F2CC008DF86710FEF7A4BF169B1599ABEB030BDB
:10F2DC001A465846FDF74EFA9AF80120054B0AB12A
:10F2EC000AF1010A4FF0000C28E600BF481200207A
:10F2FC00CC840020CDCCCCCC1BEE101A24AA5846C2
:10F30C0004F06CFA00287FF418AA1B99269A0DF1C8
:10F31C009C0A7CE6059B9DF867100F93CDE90233A0
:10F32C00CDE90C330793FEF784BF0E990598651849
:10F33C002D1ACC1AA542A8BF2546FFF74DBB089B3A
:10F34C00049953F8042B089311804C46FEF7C2BD68
:10F35C0013F9042B0893D1170B46FEF7DBBF039A66
:10F36C00022122AB01931DAB009358461BABB0EEB0
:10F37C004A0B029203F078FB472D029A044600F0E8
:10F38C006181462D104405D12378302B00F06F821B
:10F39C001B9A1044B5EE40ABF1EE10FA40F04681EA
:10F3AC0003461B1B0E93472D00F01081462D00F0D9
:10F3BC00B5811B9B0C930C9B412D03F1FF331B93CD
:10F3CC0000F0E5819DF82C200021002BB8BF0C9B90
:10F3DC008DF87820BABFC3F101032D222B22092B03
:10F3EC008DF8792040F3DA810DF18F05DFF81CC41C
:10F3FC002A4610468CFB0321DA17C2EBA10202EB62
:10F40C008201A3EB4101303100F8011C194663293C
:10F41C00134600F1FF32ECDC3033D9B2831E9D422F
:10F42C0002F8011C40F28B8213460DF17A0201E0C6
:10F43C0013F8011B02F8011B9D42F9D10DF1910348
:10F44C000DF17A021B1A13441EAA9B1A14930E9BDD
:10F45C00149A012B1A44059240F30382059B109ACF
:10F46C001344059326F48063059A43F480780023B3
:10F47C00CDE90C3322EAE2720F930292099B002B26
:10F48C0040F0B1809DF867100393FEF7D2BE204682
:10F49C00FDF7AEFE02460590FEF720BF1BEE101ADC
:10F4AC0024AA584604F09AF9FEF7EDBD591C5846AB
:10F4BC00FBF70EF90446002800F0CA810790E0E63D
:10F4CC001BEE101A24AA584604F088F900287FF481
:10F4DC0034A9269A0DF19C0AFFF749BA1BEE101AB3
:10F4EC0024AA584604F07AF900287FF426A9DDE90D
:10F4FC0025321B990DF19C0A49E606230393FFF76D
:10F50C0083BB039B02215A1C2BE7039A032128E798
:10F51C001BA8B0EE4A0B03F0AFF8B4EE007B20EE64
:10F52C00070BB5EE400BF1EE10FA01D101231B9342
:10F53C00B348039BB3EE005B013B224604E0B5EEFF
:10F54C00400BF1EE10FA13D020EE050BFDEEC07B54
:10F55C00B3F1FF3F17EE901A415CB8EEE76B94469F
:10F56C0030EE460B02F8011B194603F1FF33E6D1CE
:10F57C00B6EE006BB4EEC60BF1EE10FA00F3488158
:10F58C00B4EE460BF1EE10FA04D117EE903ADB070D
:10F59C0000F13E81002906DB4B1C1344302102F89C
:10F5AC00011B9342FBD1131B0E93FCE60B9C0E9B91
:10F5BC00DDF82490DDF828801396E3189D42294647
:10F5CC0028BF194682460591FFF7D8B91B9B0C93AF
:10F5DC00DA1C02DB039A93420CDD0B9B023B0B9370
:10F5EC0023F02005E7E62D2100238DF86710039307
:10F5FC00FEF722BE0C9B0E9A9342C0F2BD80F00720
:10F60C000C9B40F13281109A13440593710503D57C
:10F61C000C9B002B00F33581059B23EAE3730293CB
:10F62C0067230B9300230F930D9327E7229B8342B1
:10F63C00BFF4B7AE30215A1C22921970229B98420B
:10F64C00F9D8AEE6F30700F1A780229BA9E624AA1D
:10F65C005846059104F0C2F800287FF46EA896F87D
:10F66C0000C0269A059927A86544FFF7ECBB1BEE52
:10F67C00101A24AA584604F0B1F800287FF45DA8AB
:10F68C00269A0DF19C0AFFF76BB978238DF8693037
:10F69C0030238DF86830039B632B48F0020600F38F
:10F6AC00A6800023079337AC18EE903A002B48F451
:10F6BC0081782BDBB0EE48AB0B9B23F020050023AD
:10F6CC0009930B9B612B7FF4ADAAB0EE4A0B1BA8E0
:10F6DC0002F0D2FFB4EE007B20EE070BB5EE400B30
:10F6EC00F1EE10FA01D101231B93464821E71BEEE2
:10F6FC00101A24AA584604F071F800287FF41DA8AB
:10F70C001B9B269A0DF19C0AFFF74EB90B9B23F01D
:10F71C0020052D230993B1EE48ABD2E71B9A0C922E
:10F72C00002A06F0010340F30D8103990B4340F0CE
:10F73C00CF800C9B059366230B93720500F1A3807D
:10F74C00059B23EAE37302936CE71BEE101A24AAC1
:10F75C00584604F043F800287EF4EFAF1B9C0E9B38
:10F76C00269A1C1B0DF19C0AFFF736B958238DE71E
:10F77C0000220392FEF7DABB0E9B109A9A180C9B90
:10F78C000592002B40F3AB8067230B93D5E70B9AC4
:10F79C000F32D2B2012118E6A018FBE5002940F087
:10F7AC00A88030228DF87A200DF17B02303302F8DC
:10F7BC00013B1EABD31A149349E601331249CAF824
:10F7CC0004502A44072BCDE92532CAF800107FF7E4
:10F7DC0033AC1BEE101A24AA584603F0FFFF002886
:10F7EC007EF4ABAFDDE925320DF19C0A26E4591C01
:10F7FC005846FAF76DFF044650B3079054E700BF24
:10F80C002C12002018120020CC840020676666663B
:10F81C00CDF888C012F8011C90F80FC06145134652
:10F82C000AD14FF0300E03F801EC229B591E2291A5
:10F83C0013F8011C8C45F6D0392916BF0131817A99
:10F84C00C9B203F8011CAEE600239046079360E7AB
:10F85C001BEE102AB2F90C3043F040039381FEF7F3
:10F86C0016BCF5077FF5FEADF8E50593CEE6B5EED3
:10F87C0040ABF1EE10FA3FF48BADC2F101021B92DA
:10F88C0087E567230B9313990B78FF2B79D0002511
:10F89C000C9A284603E001300131FF2B08D093422B
:10F8AC0006DAD21A4B78002BF5D10B780135F4E738
:10F8BC000C9213910D900F950F9A0D9B1699134462
:10F8CC00059A01FB0323059323EAE3730293D5E521
:10F8DC00109BD3181944662305910B932DE7C3F1A4
:10F8EC0001031A4422EAE2730293672305920B93F5
:10F8FC0098E60DF17A0259E7039BDDF80890DDF8E4
:10F90C001C800593B4E418EE903A002BB4BF2D2163
:10F91C009DF86710254C264BB8BF8DF8671028F062
:10F92C008008FEF779BC039B0293059373239DF823
:10F93C00671003900F900D900B93FEF77ABC022387
:10F94C00149384E5039A134305D101236622029391
:10F95C000B92059366E6109B01331A4422EAE2737C
:10F96C000293662305920B935CE6089A99F8013092
:10F97C00894652F8041B089241EAE1710391FEF7A3
:10F98C00D3BA00230F930D9396E70C23CBF80030DA
:10F99C004FF0FF330493FEF781BB1BEE102A9389C3
:10F9AC0043F040039381FEF7C8BE00BF1012002045
:10F9BC00141200202DE9F04F2DED028BADF5377DA3
:10F9CC008B46B1F90C1002AF8C048146FA643B6390
:10F9DC0009D4DBF8643041F4005123F40053ABF844
:10F9EC000C10CBF8643000231C460822194607F192
:10F9FC005800FB62A246FCF7BFFD3C647C62BC6312
:10FA0C007C64834BD3F8E440FDF766F907F15802A8
:10FA1C000346009207F15401FA6C4846A047051EB4
:10FA2C00FB6C33DB2B44FB647B6D2E46002B00F010
:10FA3C00B680012D38D0252B40D0002DE1D0FB6CA9
:10FA4C009E1BDBF80430741E002B40F39880DBF80F
:10FA5C00001094F801C091F800E0A31C0AEB03001D
:10FA6C00E64501F10101A3EB060204F10104A0EB50
:10FA7C00060040F09480DBF80430CBF80010013B1A
:10FA8C00AA42CBF80430DFDB8246BAE70133FB64D1
:10FA9C0008224FF6FD73002107F158007B65FCF737
:10FAAC006BFD7B6D002B7AD05A4EF25C100700F187
:10FABC001C85252B40F0868001252E46F86C0024F1
:10FACC000278A046A2F12503411C552B67D8DFE82C
:10FADC0013F00A0766006600660066000107660000
:10FAEC0066006600660066000C060C060C060C062A
:10FAFC000C060C060C060C060C060C0666006600C2
:10FB0C0066006600660066006600180666008E04D5
:10FB1C00C90418061806180666006600660066001A
:10FB2C00820066006600BF046600660066008900FD
:10FB3C0066006600660066006B0666006600DD0601
:10FB4C006600660066006600660018066600900493
:10FB5C00CB04180618061806BE06D20682006600EC
:10FB6C00E706F306AC06C104DA06660066008B00F5
:10FB7C007D00CA06660066006B0666007D0059466D
:10FB8C00484603F0EBFE00283FF461AF7B6C002B82
:10FB9C0001F05280BBF80C305A0601F14D803B6CE1
:10FBAC0043B13B6CD3F80080B8F1000F02D0404653
:10FBBC00FAF786FD786C07F53577BD46BDEC028B00
:10FBCC00BDE8F08FFB6C01255E1E3AE72307E6D1FA
:10FBDC004278084676E72207E1D1427844F00204E5
:10FBEC0008466FE744F00104F9640225DBF80430A1
:10FBFC00002B40F30884600640F10F846B1E032B2E
:10FC0C0001F2EB80DFE813F07B02F1014B010800FD
:10FC1C00D48A002069100020484602F0DBFA036801
:10FC2C003B6208F1FF33B3F5AE7F40F25A856FF4B7
:10FC3C00AE7508EB05033B6140F25D18002607F535
:10FC4C00B87308EE109AC7E90566FE637E63FE6121
:10FC5C00BE6444F4F064BB621D464646DBF80010FB
:10FC6C000A78A2F12B034E2B50D8DFE813F07E0359
:10FC7C004F007E034F004F00A300A600A600A60075
:10FC8C00A600A600A600A600A600A6004F004F00E6
:10FC9C004F004F004F004F004F0074030B030B033A
:10FCAC000B039E0394034F004F0084034F004F003F
:10FCBC004F004F005D034F003A034F004F004F00C1
:10FCCC0033034F004F004F001E036D034F004F00D6
:10FCDC004F004F004F004F004F0074030B030B03FA
:10FCEC000B039E0394034F004F0084034F004F00FF
:10FCFC004F004F005D034F003A034F004F004F0081
:10FD0C0033034F004F004F001E036D03A0056FD54A
:10FD1C00386A037893426BD1C7E902457E6081460D
:10FD2C0018EE106A4FF000085C4607E0216091F86D
:10FD3C0000E099F8000086451CD1DA4619F8010F4D
:10FD4C0045460AF1010B013108F10108002800F0C9
:10FD5C0064866068013800286060E7DC2146304624
:10FD6C0003F0FCFD30B9216899F8000091F800E02F
:10FD7C008645E2D0A3463A6ABC683D612B46B14643
:10FD8C00BE6CFD68BD6401335D4602EB0308B346EF
:10FD9C002646144618F8011D2A46484603F09EFDD7
:10FDAC004445F7D13B693446AAEB030A5E46AB46A1
:10FDBC00BD6C20E0E00500F10185BB6CF96BD9420C
:10FDCC0016D124F4C07405F8012B013EDBF8043085
:10FDDC00013B002B0AF1010ACBF8043040F36F838E
:10FDEC00DBF800300133CBF80030002E7FF436AF57
:10FDFC00BE6C18EE109A7B6B002B40F0DC82FB6B18
:10FE0C00013B012B41F21680731E062B40F2278614
:10FE1C00E3051BD5660501F1B58015F8011C6529B4
:10FE2C0005F1FF330AF1FF360AD0452908D05A46AE
:10FE3C00484603F053FD15F8021CAAF10206AB1E4E
:10FE4C005A464846B2461D4603F048FD14F01002CF
:10FE5C007FF4D7AD04F4C063B3F5806F2A7000F063
:10FE6C00D284BB69002B40F02C874846B96A00222B
:10FE7C00FCF75EF8E0073B6B00F1C985A10700F1C8
:10FE8C00C685B4EE400BF1EE10FA53F8044B80F13A
:10FE9C00F486B7EEC00B3B6384ED000AA2E308F1D5
:10FEAC00FF33B3F5AE7F40F2A2836FF4AE7208EB72
:10FEBC000203FB6340F25D1807F5B8730022BE6BBA
:10FECC00BB62594644F45864D3461D4692460A68B0
:10FEDC001078A0F12B034D2B60D8DFE813F08202D1
:10FEEC005F0082025F005F00CD02E001E001E001F3
:10FEFC00E001E001E001E0016F026F025F005F00D2
:10FF0C005F005F005F005F005F004E004E004E0020
:10FF1C004E004E004E005F005F005F005F005F0010
:10FF2C005F005F005F005F005F005F005F005F00CD
:10FF3C005F005F005F005F0076025F005F005F00A4
:10FF4C005F005F005F005F005F004E004E004E00E0
:10FF5C004E004E004E005F005F005F005F005F00D0
:10FF6C005F005F005F005F005F005F005F005F008D
:10FF7C005F005F005F005F0076020A2E0EDD24F446
:10FF8C0038644B6805F8010B013B002B4B6040F3C8
:10FF9C008D8201320A60B8F1010898D1E005D04693
:10FFAC00BE63DA468B4607D5BB6A9D4200F22284BB
:10FFBC00BB6A9D423FF4F3AD14F0100210D1B96A44
:10FFCC00BB6BFE6A2A704846B047A10640F1088414
:10FFDC003B6B53F8042B10603B637B6C01337B64ED
:10FFEC00BB6AED1A4544AA440BE5B8F1000F08BFF3
:04FFFC004FF0FF388B
:02000004600199
:10000000E00740F1958214F010037B6340F07484A4
:10001000210640F166863C6B54F8043BFB63002BE1
:100020003FF4C3AD8020FAF749FBB864002800F024
:100030007887FB6BBA6C1A603A6CD58893889D42BE
:1000400080F052851068FB6B40F825303B6C3C63B8
:100050000135DD80BB6CBB6220233B62DBF80030E6
:10006000B14E1B78F35C13F0080340F0BB847C6A4C
:100070007E621D46FCF736FEA8423FF48DADDBE9FB
:10008000003207F5B87013F8011B4155013A032CF3
:10009000CBE9003205F1010507F1680602D13368AA
:1000A000042B04D0082200213046FCF76BFA07F538
:1000B000B872B96C00962B46484602F06FFA421CA3
:1000C00004463FF469AD002840F07884BB6C1860AA
:1000D00002F0C0FA002840F05C86AA4408F1FF381C
:1000E0007B6B002B40F03386BB6CFA6B0433BB6434
:1000F000002A00F02C86BA6A9D1A3B6AB3EBA50F62
:1001000040F256877D6B00F05CBCB8F1000F08BF71
:100110004FF0FF38E00740F17B8214F01003BB6220
:1001200040F0F383210640F1ED853E6B56F8043B29
:100130003B62002B3FF439AD8020FAF7BFFA04464A
:10014000002800F0EE863B6A3A6C1860D5889388E8
:100150009D4280F0DD8410683B6A40F825303B6C9E
:100160003E630135DD802023FC61BB617E6AC7F8F8
:100170003CA00025C246A046FCF7B4FDA8423FF4CF
:100180000BADDBE9003213F8011B013A07F5B8703B
:10019000CBE90032032E05F101034155BB6407F1A1
:1001A000600402D12368042B04D0082200212046D9
:1001B000FCF7E8F907F5B872BB6C00944146484675
:1001C00002F0ECF9421C06463FF4E6AC002840F091
:1001D000CA82C8F80000054607F16803082200211A
:1001E00018467B63FCF7CEF950497B6BD1F8E010E1
:1001F0002A4648460D4607F15001A847012800F05D
:10020000D583002207F170039B5C002B00F0A185D1
:10021000FB6BBA6C032E1344FB6300F0CA830AF134
:10022000FF3ABB6A5BB93B6A08F104083BB1FB6962
:10023000A8EB0304BB69B3EBA40F40F20584DBF821
:100240000430002B4FF0000540F39682BAF1000F06
:1002500092D1D7F83CA07E624446BB6A002B7FF463
:10026000D6AB23603B6A002B00F0C281FB69BA6900
:10027000E11A8B1001339A4240F2BA813C6A043190
:100280002068FAF7E7FC002800F0B2812060AFE1B7
:1002900021057FF5B3ADFB6BB96C5B187FF4AEAD98
:1002A000BB6424F4C074FB6393E5214B24F43864ED
:1002B00033F916606BE604F41863B3F5807F7FF4BE
:1002C0009DAD7B6B012B7FF499AD302305F8013B8D
:1002D00024F48074002344F40064013E7B6378E5D9
:1002E000BB6C062B40F074850723BB6471E52305C6
:1002F0007FF584AD04F4A063B3F5806F05D061058C
:100300007FF57CAD7B6B002B47D0A30504D47B6BC2
:10031000F9695B1AC7E9055324F47864002344F4AF
:10032000C0747B6355E500BF69100020D48A0020AB
:10033000A02C0020FB6B002B00F0FF81FB6B022B3D
:1003400000F0B083BB6C012B00F0F181042B00F0B6
:10035000EE8153E5BB6C072B40F03A850823BB6464
:1003600037E5200500F1F981FB6B012B7FF446ADE9
:100370000223FB632DE523067FF540AD24F08004C6
:1003800027E5BB6C002B40F0CC817B6BB3B904F448
:10039000E063B3F5E06F00F02085BE6C18EE109AB4
:1003A00033E5210500F1B781BB6C022B40F01085CD
:1003B0000323BB640DE520059CD56CE7BE6C18EEED
:1003C000109A24F4807420E58D4B33F91660082EC2
:1003D0003FF7DBADE8E504F4C063B3F5007F7FF4DD
:1003E000E3AD24F4007444F4A0641026CFE52306A2
:1003F0007FF5DAAD24F08004C9E544F00104DBF8B0
:100400000430F964002B44F040044FF000053FF73E
:10041000F8AB5946484603F0A7FA00287FF4BCAB76
:1004200060063FF5F1ABDBF80020764E1378F35C05
:1004300019077FF5E9ABDBF80430013B002B0AF12B
:10044000010ACBF8043002F101024ADDCBF80020AA
:100450001378F35C19077FF5D7ABECE744F00104A0
:10046000694BFB620823F964BB630325FFF7C4BB38
:1004700044F00104654BFB620A23F964BB63032566
:10048000FFF7BABB23057FF582AD16B944F40074BB
:100490000826630500F1A681FB6B24F460741BB190
:1004A000013BFB6308F101084B68013B002B0AF19B
:1004B000010A4B603FF773AD4846B96403F054FA44
:1004C000B96C00283FF46DAD6EE518EE100A594680
:1004D00003F04AFA00287FF491AC002E7FF4C4ABFD
:1004E0008CE45946484603F03FFA00287FF454ABA9
:1004F000DBF800209AE7DBF804200FE0DBF800309F
:100500001A78B25C110703F101037FF580AADBF8CA
:100510000420013ACBE900320AF1010A002AEDDC9D
:100520005946484603F020FA0028E7D0FFF76FBA93
:10053000E10600F1498314F0800400F0AB833C6BCA
:1005400054F8046BBE64002E3FF42FAB2020FAF762
:10055000B5F80546002800F062843A6C3060938854
:10056000D6889E4280F0A8821068BB6C40F8263086
:100570003B6C3C630136DE802023FB63DBF800200C
:10058000204E1178715C080700F1AC8233462C468E
:1005900010462E46DBF80410BA6C0139CBF8041073
:1005A000411CCBF800103546017805F8011B22B13B
:1005B000FA6B2E1B964280F07A83B8F101080BD0BB
:1005C000DBF8041000292E4640F3AE83DBF8000070
:1005D0000178595C0907DDD5291B8A4401314FF0A8
:1005E00000032B70BB6C1BB1FB6B8B4200F294833E
:1005F0007B6C01337B64FFF70ABA0023FB6361E481
:10060000A02C00206910002059FF000099A10000D3
:10061000E60600F1818114F0800400F06D833C6BEC
:1006200054F8046BBE64002E3FF4BFAA2020FAF7F2
:1006300045F80546002800F0F2833A6C3060938854
:10064000D6889E4280F07A821068BB6C40F82630D3
:100650003B6C3C630136DE802024DBF8002007F190
:10066000700319461378CB5C002B3FF49EAA08EE6A
:10067000109AD7F84890C7F83CA02E46A2461046DC
:100680000C46DBF80410431C0139CBE90031294644
:10069000007801F8010BB9F1000F02D08D1B554510
:1006A0007AD20D46B8F101080AD0DBF8041000290F
:1006B00040F36A81DBF800000178615C0029E0D139
:1006C000544618EE109AD7F83CA0AE1B3FF46DAA22
:1006D0004FF000032B70BB6C1BB1711C8C4200F2FD
:1006E0002D837B6C0133B2447B64FFF790B9002308
:1006F0003B61FFF7A9BA14F08F0F7FF456AA08EBFD
:10070000880802EB4808A8F13008FFF767BAF964D7
:100710000425FFF771BAFB6BB96C5B187FF444AE2C
:10072000BEE5BB6C032B02D0052B7FF467ABBB6C23
:100730000133DBB2BB64FFF74CBB7B6B002B7FF458
:1007400001AE04F4E063B3F5E06F7FF4FBAD012389
:1007500024F4F064FB63FFF73CBBFB6BB96C5B18E4
:100760007FF402AE9CE5831C40F05B84DBF8043030
:10077000BD6C002B3FF700AD5946484603F0F4F836
:1007800000283FF463ADD7F83CA07E624446002DBC
:100790003FF463ADFFF700BA4FEA4A0A30465146CC
:1007A000FAF758FA0646002800F039830544C9F8DC
:1007B000000077E744F40074BC4BFB621023F9643B
:1007C000BB630325FFF718BA7B6B01337B633B697F
:1007D00024F08004002B3FF4FEAA3B69013B3B61FF
:1007E000FFF7FABA24F4B064FFF7D1BB220740F157
:1007F000C7813B6B53F8042B3B631070FFF7F3BBCF
:1008000015F8011C5A464846013D03F06DF8FFF704
:10081000D5BBFB697A6B93423FF42DAB9A1A07F272
:10082000C3239D4228BF07F2C225A149284601F0F3
:1008300035FCFFF720BBE20600F13181230700F110
:10084000BA81660740F1B4823B6BF96453F8042B1C
:100850003B63A2F800A0FFF7DAB823077FF4A5A94D
:100860004278682A00F0868144F004040846FFF7C5
:100870002FB98E4BFB620A23F964BB630325FFF794
:10088000BBB98C4BFB620023F964BB630325FFF704
:10089000B3B944F408748FE707F1700001F056FA19
:1008A00044F04004F8640125FFF7A6B922077FF45D
:1008B0007CA942786C2A00F0578144F00104084674
:1008C000FFF706B914F08F037FF46FA93A6C002A82
:1008D00000F0E781427844F080040846FFF7F8B85A
:1008E00058EA04087FF461A9427810240846FFF70B
:1008F000EFB8F964FFF7A7B800233B62BB62FB6364
:1009000007F15403BB64FFF7A9BB0023C7E9063313
:100910003B6207F1540429E4DBF8003007F1700270
:1009200011461A788A5C002A3FF43FA90133CBF8BC
:100930000030DBF80430B8F1010F03F1FF33CBF8DE
:10094000043018BF0C4614D1FFF753BBDBF800305E
:100950001A78A25C0133002A3FF44BABCBF800308D
:10096000DBF804300135013B4545CBF804303FF45A
:1009700040AB002BEADC5946484602F0F5FF002860
:10098000E4D0AA44FFF743B818EE100A594602F023
:10099000EBFF00283FF48EAEB542544618EE109A95
:1009A000D7F83CA07FF491AEFFF7F6B897F8502047
:1009B00028E42368042B7FF432AC32E4831C40F03B
:1009C0003983DBF80430002B40F3D781DBF80030AB
:1009D0007A6A1B78D35C180703D4B8F1000F7FF450
:1009E00049AB7C627B6B002B7FF411A8BA6C13605F
:1009F000FB6B002B3FF4FCADBB6AD11A8B103A6A3B
:100A000001339A427FF6F4ADFC6B04312068FAF7AB
:100A100021F900287FF43AACEAE553F8042B82ED83
:100A2000000B3B63E4E5FD68396A7E682846424670
:100A3000A346BC6801F0A2FB7B6BFB6124F420742D
:100A4000013E0546FFF7C8B9F869D9001D46FAF717
:100A500001F9F861002800F064823A6A6B0000EB4B
:100A600004081060BB61FFF7EABB022E40F2C482AB
:100A7000032E3FF4D3A9043E5FFA86F86FEA080319
:100A8000EE1815F8011D5A46484602F02DFFAE42F9
:100A9000F7D10AF1FF3AAAEB080AFFF7BFB9F964E8
:100AA000FEF7B5BF0323FB63FFF793B959FF0000BF
:100AB0006010002099A100004FF6F672934200F2F8
:100AC00097823A6C08339BB21068F86399007B6395
:100AD000FAF7C0F8002800F07B823A6C7B6B9380B9
:100AE000106042E501217AE54FF6F672934200F27A
:100AF000938208339EB23B6CB1001868FAF7AAF8EB
:100B00003B6C002800F03E829E801860FFF79BBA85
:100B10004FF6F672934200F27F823A6C08339BB232
:100B200099001068BB64FAF795F8BB6C002800F0D8
:100B300028823A6C93801060FFF70EBB4FF6F67276
:100B4000934200F255823A6C08339BB21068F86306
:100B500099007B63FAF77EF8002800F039823A6C3E
:100B60007B6B9380106070E5827844F00204023061
:100B7000FEF7AEBF827844F008040230FEF7A8BF4B
:100B8000630758D414F001027FF428AAA6077FF562
:100B900025AAB34BF96A99424846BB6BB96A00F083
:100BA0003D8201F0D7FB3B6B53F8042B3B63C2E95A
:100BB0000001FFF718BA3B6BF96453F8042B3B6351
:100BC00082F800A0FEF723BFDBF80030A54E1A78AC
:100BD000B25C12073EF51BAF0133CBF80030DBF8F7
:100BE0000430B8F1010F03F1FF33CBF8043008BF34
:100BF0000AF1010A3EF40BAF012411E0DBF80030EA
:100C00001A78B25C150703F1010311D4CBF8003058
:100C1000DBF804300134013B4445CBF8043007D005
:100C2000002BEBDC5946484602F09EFE0028E5D03A
:100C3000A244FEF7ECBE3B6B53F8042B3B631080E1
:100C4000FFF7D1B93B6C002B00F06E813B6CD3F801
:100C50000080DE8876B10024A8F10405A14655F88D
:100C6000043F1868F9F732FD01342B68A642C3F837
:100C70000090F4D14FF0FF337B64B8F1000F7EF4A5
:100C80009CAFFEF79DBF78483B63FCF773FB84ED98
:100C9000000AADE43A6BFC6352F8045B3A63BC644F
:100CA0006CE482B0CDE9023302AB3B6412E67B63B5
:100CB000530020461946FB63F9F7CCFF0446002891
:100CC00000F0AD80BB6C851918607B6B75E47D69A5
:100CD00029460A2301314846FBF73CFABB69C21A90
:100CE0009DE5D7E90C3253F8041B3A62B9643B63C3
:100CF000BA62FA63FFF7B2B93B6BBC6453F8045BAA
:100D00003B63AAE43B6BBA6A53F8044BBA61C7E988
:100D100007223B63FFF72ABABC6C2068F9F79AFFF9
:100D200000287FF4B3AA63E4594648467B6302F087
:100D30001BFE7B6B00283FF449AC4DE418681C4651
:100D4000F9F788FF00283FF4CCAC2060C9E4002507
:100D500037E6BD6CD7F83CA07E624446002D3FF4D8
:100D60007CAA013D07F5B8735A46595D484602F022
:100D7000BBFD002DF5D1FFF770BA5946484602F089
:100D8000F3FD00283FF422AE7C62002D7EF404AF18
:100D900028E67C62002D3FF425AE013D07F5B873CF
:100DA0005A46595D484602F09FFD002DF5D119E6DF
:100DB000E5073CD4A4073AD53B6BF96453F8042B00
:100DC0003B634FEAEA73C2F800A05360FEF71FBE10
:100DD00018EE109A1E46FFF714B8012324F4F064AD
:100DE000BB64FEF7F6BFB8F1010F38BF4FF0010842
:100DF00014F001033AD1E50600F13681240640F1F2
:100E00004C813B6B53F8045BBB64002D3EF4CDAECC
:100E10004046F9F753FC0346002840F0DC803B6C69
:100E2000002B00F08180D3F80080DE8812E73B6B56
:100E3000F96453F8042BC2F800A03B63FEF7E7BD4A
:100E40002B46BD6AAB427EF6B0AE1C4614F8011DBF
:100E50005A46484602F048FDAC42F7D1FEF7A5BE1F
:100E600059FF0000691000209880002014F0100342
:100E70007B635ED00025FD63BD642E4600244B4697
:100E8000C146A84625461C46FBF72CFFA8423EF467
:100E900083AEDBE9003213F8011B013ACBE90032E3
:100EA0007A6A07F5B870032A415505F1010307F185
:100EB000680502D12A68042A06D0082200212846A3
:100EC000BB62FBF75FFBBB6A009507F5B872314662
:100ED0002046BB6201F062FB431C78623EF45CAECC
:100EE000BB6A002840F047817A6B02B932609A44AD
:100EF00009F1FF397B6B002B40F07581BB6C002B37
:100F000000F07081FB6BF51AB8EBA50F00F26A8157
:100F100018464FEAC801F9F79DFEF863002840F033
:100F20005C813B6C002B2DD14FF0FF337B64FEF7CF
:100F300047BE220640F18F803C6B54F8043BBB64F3
:100F4000002B3EF432AE8020F9F7B8FB06460028AD
:100F5000E7D0BB6C18603B6CDD889A889542C0F086
:100F6000B3804FF6F6718A4256D8083293B23A6C83
:100F7000FB6399001068F9F76DFEFB6B002840F0E9
:100F8000AE803B6CDB883A6C1E46D2F8008061E68E
:100F90002B46BD6AAB427EF608AE1C4614F8011D16
:100FA0005A46484602F0A0FCAC42F7D1FEF7FDBD20
:100FB0001046D9001E46F9F74DFEB8620028B0D0A1
:100FC0004219BA64FA6B7D6B106073003B62F8E4FF
:100FD000D7F83C803EE6396C2860CE888A889642F5
:100FE000C0F08E804FF6F6718A42386340F2A580D9
:100FF0003B6CD3F800802DE6BA6A95427EF6D5ADFB
:101000002C46BD6A14F8011D5A46484602F06CFC95
:10101000AC42F7D1FEF7C9BD2B46B4E701F06AFA3E
:10102000C1E5D8F800301D4601337FF4D5A82A4623
:10103000FFF7E8B8BB6C186801F00CFB00287FF4E0
:10104000A8AE032CAA447FF449A83368042B7FF48C
:1010500045A8FFF745B8D7E90C3253F8046B3B635A
:101060001546FA63BA6409E71C46DBF80430984574
:1010700039DDDBF800201A44CBF8002059464846F9
:101080001C44A8EB030802F06FFC0028EDD0002CF4
:101090003EF482ADA244FEF7BABC3D6B43462968DC
:1010A000CDF800B00122484602F07CFC044600283E
:1010B0003EF472AD0435BD647B6C01337B64BB6C64
:1010C0003B63A244FEF7A3BC1868BB6C40F8253014
:1010D0003B6C3C630135DD80FE632025CEE63A6C37
:1010E00093801060F1E7A3EB0803CBF80430DBF842
:1010F000003044444344CBF80030A244FEF787BCA0
:101100000A68FA63FA6B42F826503A6C0136B6B2B6
:10111000D6801946CDF800B043460122484602F079
:1011200041FC0446D8B18045C6D928682146F9F764
:1011300091FD0028C0D02860BEE73B6C083294B215
:101140001A687A631046A100F9F784FD7A6BF86398
:1011500000285BD03B6C9C8018603B6BD2E77B6CBB
:10116000D7F83C80002B3FF475ADBBF80C305B0624
:101170007EF51DAD6AE57A6A02321DD1DBF80420E6
:10118000002A1D463FF780AE5946204602F0ECFB90
:10119000E0B9B9F1000F7FF477AE4546A146BB6CCC
:1011A00023B1FB6BF11AB5EBA10F27D87B6B002B9A
:1011B0007EF42DACFFF71CBA9A447B6A032B7FF4B4
:1011C00097AE2B68042B7FF493AE93E6A1462C4692
:1011D0004546002CE3D0FEF7DFBCBA6C4619106020
:1011E0004FEA48080436DBF80430002B4FF00005C6
:1011F000CADDB9F1000F7FF447AECEE7BC6C2068C2
:10120000F9F728FD0028D1D02060CFE7904621E5EE
:10121000436C70B505460C464BB153F8240080B1C1
:10122000026843F824200023C0E9033370BD212263
:10123000042101F04FFB034668640028EDD1002033
:1012400070BD012101FA04F6721D9200284601F0DA
:1012500041FB0028F3D0C0E90146E4E731B1436C1B
:101260004A6853F82200086043F82210704700BF14
:101270002DE9F0410E6980460F461D4601F1140E1E
:101280000020DEF800108CB202FB0453090C4FEA78
:10129000134C02FB01CC01309CB204EB0C4486429F
:1012A0004EF8044B4FEA1C45EBDC3DB1BB68B34242
:1012B00007DD07EB860301365D613E613846BDE818
:1012C000F081796840460131FFF7A2FF0446B0B1D2
:1012D0003A69023207F10C0192000C30F6F762FF16
:1012E000D8F844307A6853F82210396043F82270F5
:1012F000274607EB860301365D613E61DEE7034B5F
:1013000003482246BA2101F0F9F900BF7C0E002003
:10131000FC0F00202DE9F8431746274A1E460833E4
:101320000C46092E82FB03124FEAE3730546C3EB1A
:10133000620339DD4FF0010C00214FEA4C0C63458C
:1013400001F10101F9DC2846FFF762FF014668B3AD
:10135000089B4361092F4FF00103036112DC0A343B
:101360000927BE420BDDF21BA61814F8013B0A2226
:10137000303B2846FFF77CFFA6420146F5D10846E0
:10138000BDE8F88304F10909C8463C4418F8013B5C
:101390000A22303B2846FFF76BFFA0450146F5D1F6
:1013A000A7F108044C44DCE70021CCE70A46034BD4
:1013B0000348D32101F0A2F9398EE3387C0E0020D6
:1013C000FC0F0020030C1B04D3B90004102310F001
:1013D0007F4F04BF0002083310F0704F04BF0001BC
:1013E000043310F0404F04BF80000233002805DBB7
:1013F00010F0804F03F1010308BF20231846704707
:101400000023E4E7036813F0070208D0D9071FD4CC
:101410009A0722D55B08036001221046704799B2F3
:1014200009B91B0C1022D9B209B908321B0A1907D5
:1014300004BF1B090432990704BF9B080232D90775
:1014400003D45B0802F1010205D003601046704727
:101450000022104670472022DFE79B08022203602B
:101460001046704738B5436C04460D464BB158687A
:10147000B0B102685A6000220123C0E90435C2609D
:1014800038BD2122042101F025FA034660640028BA
:10149000EDD1094B0948002240F2451101F02EF927
:1014A0001C220121204601F015FA0028F1D001226A
:1014B0000223C0E90123DEE77C0E0020FC0F0020A0
:1014C0002DE9F04F0E691569AE4285B08846144685
:1014D00005DB2A46234635460C4616469846A36841
:1014E0006168AF19BB42B8BF0131FFF791FE0190AF
:1014F000002800F08780019B03F1140909EB870A9B
:10150000D14505D24B46002243F8042B9A45FBD81F
:1015100008F1140808EB860B04F11403D8451A46A9
:1015200003EB85055FD22B1B153B23F0030304332C
:101530001534A54238BF0423CDE902A7AC461F46A7
:10154000924605E0090C29D1C34509F1040948D99F
:1015500058F8041B8DB2002DF4D056464C4600239B
:1015600056F8041B22681FFA81FE90B2090C05FB95
:101570000E00120C034405FB012202EB13429BB246
:1015800043EA0243B44544F8043B4FEA1243E7D828
:1015900049F8073058F8041C090CD5D0D9F80030A8
:1015A00050461A464C4600260588120C01FB0522BF
:1015B00016449BB243EA064344F8043B50F8045BEC
:1015C00022682D0C93B201FB053303EB16438445CF
:1015D0004FEA1346E8D8C34549F8073009F1040932
:1015E000B6D8DDE902A7002F02DC05E0013F03D0F9
:1015F0005AF8043D002BF9D0019B18461F6105B035
:10160000BDE8F08F034B0448019A4FF4B17101F02B
:1016100075F800BF7C0E0020FC0F002012F00303C1
:101620002DE9F0411446064632D10D46A41020D0D3
:10163000D6F84080B8F1000F33D0E3074FF0000731
:1016400007D4641015D0D8F80000A8B18046E3078D
:10165000F7D5424629463046FFF732FFB5B16968F3
:10166000736C641053F821202A6043F8215005461A
:10167000E9D12846BDE8F081424641463046FFF7B1
:101680001FFFC8F8000007608046E0E70546D8E77E
:10169000013B0F4A52F823200023FFF7E9FD0546DE
:1016A000C4E701213046FFF7B3FD804640B1012376
:1016B00040F27122C0E90432002330640360BCE7C9
:1016C000044B0548424640F2451101F017F800BFAF
:1016D0001C8100207C0E0020FC0F00202DE9F0472B
:1016E0000D4614462F69AB68496807EB62177E1CEC
:1016F0009E4280464FEA621904DD5B009E4201F182
:101700000101FADC4046FFF783FD8446002852D0F1
:10171000B9F1000F00F114020EDD09F105014FEAE5
:10172000810E134600EB8101002043F8040B8B422D
:10173000FBD1AEF114031A44296905F1140314F026
:101740001F0E03EB81012ED0CEF1200910464FF081
:10175000000A1C6804FA0EF444EA0A0440F8044B38
:1017600053F8044B994224FA09FAF2D84B1B153B63
:1017700023F00303043305F11500814238BF04232D
:10178000BAF1000F18BF374642F803A0D8F844302A
:101790006A68CCF8107053F822102960604643F84C
:1017A0002250BDE8F087043A53F8040B42F8040FC6
:1017B0009942F9D8EAE7034B034862464FF4EF71C8
:1017C00000F09CFF7C0E0020FC0F00200B6984467B
:1017D0000069C01A16D10CF1140C14310CEB830201
:1017E00010B401EB830301E0944508D252F8044D94
:1017F00053F8041D8C42F7D005D24FF0FF305DF84E
:10180000044B7047704701205DF8044B704700BFE0
:101810002DE9F84F0F691369FF1A002F0E46904605
:101820007FD101F11405143202EB830205EB83032F
:1018300001E09D4278D253F8041D52F8044DA142B4
:10184000F7D069D37168FFF7E3FC8146002877D0B1
:101850003569D8F81020C76008F1140E06F114009D
:1018600009F1140A06F110010EEB820200EB850764
:1018700056464FF0000C5EF8044B51F804BFA3B27B
:101880001CFA8BFCACEB03034FEA144CCCEB1B4C67
:101890000CEB234C9BB243EA0C43724546F8043BE5
:1018A0004FEA2C4CE7D8A2EB0801153908F11508CE
:1018B000424521F0030404F1040438BF0424204409
:1018C00021F0030238BF002287425244544418D901
:1018D0002646014651F8043B1CFA83FC4FEA2C4291
:1018E00002EB13421FFA8CFC4CEA02438F4246F88B
:1018F000043B4FEA224CEDD8013F3F1A27F0030783
:10190000E21923B952F8043D013D002BFAD0C9F881
:1019100010504846BDE8F88F3346012746469846A2
:1019200090E7F9DB00278DE70021FFF771FC814686
:1019300068B101220023C9E904234846BDE8F88FB5
:10194000064B07484A4640F2452100F0D7FE034BBC
:1019500003484A4640F2372100F0D0FE7C0E0020BA
:10196000FC0F002082B08DED000B164B019A134046
:10197000A3F15073002B06DD00221946104641ECFE
:10198000100B02B070475B42B3F1A07F4FEA2352C5
:1019900009DA4FF40023134100221946104641ECA6
:1019A000100B02B07047A2F114031E2BDABF4FF0E8
:1019B0000042DA40012200231946104641EC100B88
:1019C00002B070470000F07FF8B5046900F114061A
:1019D00006EB8404271F54F8045C2846FFF7F2FC4A
:1019E000C0F120030A280B601BDDBE420BD20B386E
:1019F00054F8081C2ED145F07F5343F440130A4697
:101A000043EC102BF8BDB0F10B01F4D005FA01F155
:101A100041F07F53002143F440130A4643EC102B5E
:101A2000F8BDC0F10B0C25FA0CF1BE4241F07F531A
:101A300038BF54F8081C00F1150034BF21FA0CF12E
:101A4000002105FA00F0014343F440130A4643EC39
:101A5000102BF8BDC0F1200C854021FA0CF345EAAB
:101A60000307A4F10805AE4201FA00F13CBF54F8A7
:101A70000C0C20FA0CF047F07F5338BF014343F4BD
:101A800040130A4643EC102BF8BD00BF2DE9F0438C
:101A9000884683B0012157EC106B1546FFF7B8FB61
:101AA0000446002851D0C7F30A59C7F31303B9F10C
:101AB000000F01D043F48013002E019318D101A828
:101AC000FFF7A0FC019A6261012200F1200322616C
:101AD000B9F1000F25D0A9F2334909EB03022046E2
:101AE000C3F13503C8F800202B6003B0BDE8F083D4
:101AF00068460096FFF786FC034610B3DDE9000256
:101B0000C3F1200102FA01F10143DA40616101925F
:101B1000002AA26114BF022201222261B9F1000F42
:101B2000D9D1A3F23243C8F8003004EB820318691C
:101B3000FFF748FCC0EB421320462B6003B0BDE822
:101B4000F083009A6261019AE2E7034B0348224660
:101B500040F20F3100F0D2FD7C0E0020FC0F00207F
:101B6000F0B583B00E4669460746FFF72DFF01A981
:101B7000304655EC104BB0EE407BFFF725FF336944
:101B80003A69D21ADDE900315B1A03EB4213002BEC
:101B900009DD17EE902A02EB035545EC174B87EE53
:101BA000000B03B0F0BD10EE902A51EC100BC3EB0C
:101BB000033302EB035141EC100B87EE000B03B033
:101BC000F0BD00BF0139491101F1010C116902F1A9
:101BD000140303EB81018B4200EB8C0C17D210B580
:101BE000A0F1040E53F8044B4EF8044F9942F9D873
:101BF0008A1AA2F1150323F0030304331844844521
:101C000004D9002340F8043B8445FBD810BD84452B
:101C100005D9002340F8043B8445FBD87047704742
:101C200003694A11934200F1140009DA00EB8303BF
:101C300002E053F8042DC2B98342FAD8002070475D
:101C400010DD11F01F010DD010B450F8224000EB50
:101C5000820324FA01F28A4094420CD001205DF8FC
:101C6000044B704700EB8203E6E70120704753F80E
:101C7000042D002AF2D18342F9D800205DF8044BEC
:101C8000704700BF70B500294BD006460C4610B116
:101C9000436B002B48D0636ED80734D5B4F90C30B1
:101CA000002B3ED02146304600F036F9E36A054667
:101CB00033B1E169304698470028B8BF4FF0FF358F
:101CC000A3891A063CD4216B41B104F14003994227
:101CD00002D03046FBF7A4FB00232363616C21B1E3
:101CE0003046FBF79DFB00236364FAF76BFB636EE2
:101CF0000022DB07A2811FD5A06DFBF761FAFAF77E
:101D000067FB284670BDA3899905CBD4A06DFBF76E
:101D100059FAB4F90C30002BC4D1656E15F00105E9
:101D200005D00025284670BDFAF72EFBB3E7A06D5D
:101D3000FBF74AFA284670BDA06DFBF745FADBE7D2
:101D400021693046FBF76CFBBDE700BF70B50C782E
:101D50005E2C86461ED00022481C94460EF1FF33AE
:101D60000EF1FF0103F8012F8B42FBD184B18CF0FF
:101D700001010EF80410451C15F8013C2D2B0ED066
:101D80005D2B03D01BB11C462846F2E7284670BDE8
:101D9000013870BD01224C78881C9446DEE790F82B
:101DA00001C0BCF15D0FEED06445ECDC661C023076
:101DB0000EEB060202F8011BA2EB0E03013B9C4551
:101DC000F8DCACEB0403013B6445A8BF00230235FB
:101DD0009C19D1E72DE9F04707464C480E46354699
:101DE00016F801EB10F80EC01CF0080CF7D1BEF18C
:101DF0002D0F5AD0BEF12B0F03BF96F800E06446BA
:101E0000AE1C64465BB1102B54D04FF0FF38B8FBCA
:101E1000F3F803FB08FA6FEA0A0A994608E0BEF1F4
:101E2000300F5AD00A23DFF8E8804FF0050A9946B0
:101E30000025284605E02CD009FB00C0012516F836
:101E400001EBAEF1300CBCF1090F06D9AEF1410C3B
:101E5000BCF1190F0BD8AEF1370C634510DDB5F1AD
:101E6000FF3FECD04045E6D94FF0FF35E7E7AEF154
:101E7000610CBCF1190F03D8AEF1570C6345EEDCD1
:101E80006B1C0BD004B140420AB165B91160BDE8CA
:101E9000F087D445D0DD4FF0FF35D0E722233B60FB
:101EA0002846002AF3D0711EF0E796F800E00124DE
:101EB000AE1CA7E7BEF1300F21D1307800F0DF0073
:101EC000582816D14FF0100996F801E04FF00F0A8C
:101ED00002366FF070484B46AAE7337803F0DF0311
:101EE000582BEFD008234FF0070A6FF0604899464F
:101EF0009EE799466FF070484FF00F0A98E74FF051
:101F00000F0A6FF07048994692E700BF69100020F1
:101F100099999919FFF75EBFB1F90C202DE9F041AD
:101F20000C461107804647D4636842F40062002BD8
:101F3000A2815EDDA56A002D58D00023D8F800608C
:101F4000C8F8003093B212F4805256D10123E169EF
:101F50004046A847431C67D0A389A56A5F0705D5FB
:101F60006368C01A236B0BB1E36BC01AE1690246C8
:101F700000234046A847411C41D1D8F80030002B2F
:101F80003DD01D2B01D0162B56D1A389226922608A
:101F900023F4006300216160A381216BC8F8006015
:101FA00021B304F14003994202D04046FBF738FACE
:101FB00000202063BDE8F0812669BEB193B2256898
:101FC00026609A070CBF63690023AD1BA3600BE07A
:101FD0002B463246E169676A4046B847B0F1000CCB
:101FE000A5EB0C05664417DD002DF1DC0020BDE8F3
:101FF000F081E36B002B9DDCF8E7206DAEE7B4F9D0
:102000000C302269226023F40063A3810022DB04E8
:102010006260C2D52065C0E7A38943F040034FF05A
:10202000FF30A381BDE8F081D8F80030002B93D0B9
:102030001D2B06D0162B04D0A38943F04003A381A7
:10204000D5E7C8F80060D1E738B50C46054608B1B9
:10205000436B03B3B4F90C0088B1636EDB0701D4A2
:1020600081050FD528462146FFF756FF636EDA0734
:10207000054602D4A3899B0508D5284638BD0546E8
:10208000284638BDA06DFBF79DF8EBE7A06DFBF788
:102090009BF8284638BDFAF777F9DBE70EB410B5A0
:1020A0009DB06FF000411FABCDE9060104910949D5
:1020B00053F8042B0290084C0868019302A9059478
:1020C000FBF7DCFE029B00221A701DB0BDE8104039
:1020D00003B070475C9000200802FFFF49B1FF2A5F
:1020E00002D80A70012070478A2303604FF0FF3046
:1020F00070470846704700BF032A70B514D940EAFC
:1021000001039B0722D104460B46194620460E6860
:102110000568B54204F1040403F1040316D1043A3E
:10212000032A20461946F0D8541E9AB1421E01399E
:1021300001E0C3180CD012F801EF11F801CFE64509
:10214000A4EB0203F5D0AEEB0C0070BD541EEDE71E
:10215000184670BD104670BD71B1034600EB010C0E
:1021600001E0634506D01A46013311780029F8D101
:10217000101A7047181A70470846704741EA000362
:102180009B0730B401D1032A0FD801F1FF3C07E0CF
:102190001CF8011F03F8011B541EC1B1224618464A
:1021A0000346002AF4D130BC70470B46194653F859
:1021B000045BA5F1013424EA050414F0803FE4D166
:1021C000043A032A40F8045B1946EFD8DDE70244DD
:1021D000002CE8D003F8011B9342FBD130BC7047C0
:1021E00000487047C48B00202DE9F04F85B01F4692
:1021F000574B03908A4600920D462A4615F8014B2C
:102200001E5D16F00806F8D12D2C75D02B2C05BFBD
:102210002C7802960296951C4FF0FF366FF0004B1B
:102220002FB1102F6FD0B8464FEAE77905E0302C78
:1022300074D04FF00A08B946474642464B463046EE
:102240005946F8F7A7F80023019284460A46184633
:10225000194611E08A4208BF84453DD000FB09F3CE
:1022600008FB0133A0FB08010B441EEB000043EB0D
:10227000EE71012315F8014BA4F1300EBEF1090FE8
:1022800006D9A4F1410EBEF1190F0CD8A4F1370EF6
:10229000774511DD5C1CEDD0844572EB0103D9D28A
:1022A0004FF0FF33E6E7A4F1610EBEF1190F03D83A
:1022B000A4F1570E7745EDDC5A1C13D0029A12B1E7
:1022C000404261EB4101009A1AB1A3BB009BC3F8E5
:1022D00000A005B0BDE8F08F019B7345BEDA4FF05A
:1022E000FF33C7E7039A22231360009B33B305F142
:1022F000FF3A30465946E9E701232C780293951CB2
:102300004FF0004B8CE7302C04D12B7803F0DF0327
:10231000582B08D0B8464FF000098EE72B7803F011
:10232000DF03582B0FD14FF010086C784FF00009E5
:102330000235474681E706468B46D8E73046594680
:1023400005B0BDE8F08F4FF00808B946474674E77E
:1023500069100020FFF748BF2DE9F04F85B08B468C
:102360000192624A03901E460D46294615F8014B1C
:10237000135D13F00803F8D12D2C00F082802B2C74
:1023800003BF2C7802938D1C0293BEB1102E7DD01A
:102390004FEAE67A324653464FF0FF304FF0FF31B6
:1023A000F7F7F8FF32460746884653464FF0FF30AE
:1023B0004FF0FF31B146F7F7EDFF0AE0302C79D04E
:1023C0004FF00A09DFF82881B24605224FF099370D
:1023D0004E464FF0000C6046614611E0414508BF93
:1023E000B8423ED000FB0AF409FB0141A0FB0904FE
:1023F0002144181841EBE3714FF0010C15F8014B23
:10240000A4F13003092B05D9A4F14103192B0DD8F0
:10241000A4F137039E4211DDBCF1FF3FEED08742AD
:1024200078EB0104DAD24FF0FF3CE7E7A4F1610357
:10243000192B03D8A4F157039E42EDDCBCF1FF3FFA
:1024400014D0029B13B1404261EB4101019B2BB1BF
:10245000BCF1000F12D1019BC3F800B005B0BDE87C
:10246000F08F9342BEDD4FF0FF3CC7E7039A222373
:102470001360019B60466146002BEFD005F1FF3BE6
:10248000E9E701232C7802938D1C7EE7302C23D1C1
:102490002B7803F0DF03582B1BD14FF010096C7819
:1024A0000F2202354FF0FF376FF070484FF0000AEF
:1024B0004E468EE72B7803F0DF03582BEDD04FF01C
:1024C0000809B24607224FF0FF376FF060484E46CA
:1024D0007FE74FF0000A5DE70F224FF0FF376FF004
:1024E0007048B1464FF0000A73E700BF6910002042
:1024F00099999919FFF730BF0000000001F0FF0122
:10250000102A2BDB10F0070F08D010F8013B013A1E
:102510008B422DD010F0070F42B3F6D1F0B441EA50
:10252000012141EA014122F007047FF00007002366
:10253000F0E80256083C85EA010586EA010685FABC
:1025400047F5A3FA87F586FA47F6A5FA87F68EB916
:10255000EED1F0BC01F0FF0102F0070232B110F839
:10256000013B013A83EA010313B1F8D1002070471F
:1025700001387047002D06BF35460338073815F07F
:10258000010F07D1013015F4807F02BF013015F42F
:10259000C03F0130F0BC0138704700BF70B582B059
:1025A0000446069D55B16AB10F480095D0F8E46025
:1025B0002046B047431C10D002B070BD00F1F405B6
:1025C000002AF1D1084B0095D3F8E46011460123AD
:1025D000064A2046B047431CEED100228A232A60D7
:1025E000236002B070BD00BFD48A00209880002014
:1025F00070B5054684B05BB11C4669B10E4B2846E8
:10260000D3F8E0602346B047431C0FD004B070BD40
:1026100000F582740029F1D1074A2346D2F8E06020
:1026200028460A4601A9B047431CEFD100228A235D
:1026300022602B6004B070BDD48A002010B582B037
:10264000049CCDE900344FF0FF3302F071FD02B07D
:1026500010BD00BF002100F001B800BF10B500F0B0
:1026600007F9044601F07CF8A0F11A03DBB2022B53
:1026700006D9A4F1090004288CBF0020012010BD58
:10268000012010BD30B482B08DED000B019A194CC1
:1026900022F000430021A342016021DC009C1C4386
:1026A0001ED0154C144054B99FED107B20EE077BD3
:1026B0008DED007B019A6FF0350122F0004322F08E
:1026C000FF42DDE9004522F4E00242F07F551B1590
:1026D00045F40015A3F2FE33CDE900450B44036039
:1026E0009DED000B02B030BC704700BF0000000041
:1026F00000005043FFFFEF7F0000F07F00B50B4C60
:1027000025681446EE681A4685B003460D464CB15E
:1027100007490095CDE901143046064901F050F80B
:10272000F6F776F804490C46F3E700BF5C9000200A
:102730003C0E00204C0E002098800020022932D050
:102740000329C0F307231DBFA0F1800283F080039B
:10275000D2B2C2B203F15001C9B21F2906D84CF659
:10276000D371884269D94FF0FF30704703F13001CF
:10277000C9B224290ED84FF2A6418842F3D8D03BE3
:10278000C3EBC313A2F1A10000EB4300304A32F8BF
:1027900010007047A13B072BE5D8DFE803F0483E67
:1027A000342E29252119C2B29E2AC0F307210BD944
:1027B0002332D2B280239F2994BF7039503103EB6A
:1027C000410303F0FF03C5E77E3AD2B27F23F2E76D
:1027D000C02AC8D81F4BA2F1A10033F810007047DF
:1027E000F12AC0D81C4B19E0D82ABCD81B4B15E0E5
:1027F000F62AB8D802F540507047F32AB3D802F54C
:102800003E5020307047164B134413F8A13C002B68
:10281000A9D002F57E4060307047124BA2F1A100B2
:1028200033F81000002808BF4FF0FF3070470E4B00
:10283000A2F1A10033F810007047B03BC3EBC31303
:10284000A2F1A10000EB4300084A32F810007047E3
:102850000C62002034150020901400202014002069
:10286000C4130020081300204C120020741500200F
:1028700038B50546B9B101F5957412492046FAF705
:10288000B1FA28B928460121BDE83840FFF756BF04
:102890000D492046FAF7A6FA38B928460221BDE8C4
:1028A0003840FFF74BBF094CE7E709492046FAF7E4
:1028B00099FA28B928460321BDE83840FFF73EBF02
:1028C000284638BDE0110020E4110020FE8B0020D6
:1028D000EC11002038B5A1FB02148CBBF7F7FEFE0B
:1028E0000546E0B150F8042C22F00302043A242AF1
:1028F00017D8132A1AD91B2AC0E900441DD9242A43
:1029000014BF00F1100200F118024FF00003C0E9FB
:10291000024404BF04614461C2E900339360284665
:1029200038BD2146F9F72EFE284638BD0246002361
:10293000C2E900339360284638BD00F10802F6E78B
:10294000FAF742FA0C2300250360E8E72DE9F04F7F
:1029500003690C69A34283B0C0F28780013C01F196
:102960001405A30000F11408009355F8243058F81A
:102970002420013381469A4208EB840005EB84074A
:102980000190B2FBF3F63BD34FF0000CAE4640464D
:10299000E24663465EF804BB02681FFA8BFC06FB46
:1029A0000C334FEA134C4FEA1B4B06FB0BCC9BB28C
:1029B000AAEB03031FFA8CFA13FA82F3CAEB124252
:1029C00002EB23429BB243EA0243774540F8043BC3
:1029D0004FEA224A4FEA1C43DCD2009B58F80330EE
:1029E00073B9019B043B984504D307E0984504F173
:1029F000FF3403D253F80429002AF7D0C9F8104055
:102A00004846FEF7E3FE00282BDB01364146002353
:102A100055F8040BD1F800C082B29A1A030C12FACE
:102A20008CF2C3EB1C4303EB224392B242EA034213
:102A3000AF4241F8042B4FEA2343E9D258F824204F
:102A400008EB84036AB9043B984504D307E0984532
:102A500004F1FF3403D253F80429002AF7D0C9F84F
:102A60001040304603B0BDE8F08F002003B0BDE851
:102A7000F08F00BF2DE9F04F2DED028B8FB08DED63
:102A8000020B0191816B1A9D059357EC106B044664
:102A9000934641B1C26B4A60012393408B60FEF7BD
:102AA000DDFB0023A363B7F10008B4BF01230023BB
:102AB0002B60BE4BBCBF28F00048CDF80C8033EA39
:102AC000080300F09F809DED028BB5EE408BF1EE88
:102AD00010FA11D1059A012313601B9B002B00F003
:102AE0003F82B34B1B9A1360013B009300980FB0D9
:102AF000BDEC028BBDE8F08F0CAA0DA92046B0EE0C
:102B0000480BFEF7C3FF5FEA1853054640F092807A
:102B1000DDE90C130B4403F23242202A40F3FA821F
:102B2000C2F1400208FA02F803F21242D64048EA23
:102B3000060207EE102AB8EE477B581E17EE906A81
:102B400053EC172B4FF0010AA6F1F8739FED913B60
:102B50009FED927B9FED935B06EE900A43EC122B68
:102B6000B8EEE64BB7EE086B32EE466BA6EE037B93
:102B7000A4EE057BFDEEC76BB5EEC07BF1EE10FA5F
:102B800016EE907A08D5B8EEE66BB4EE476BF1EE30
:102B900010FA18BF07F1FF37162F00F24581854B59
:102BA00003EBC70393ED007BB4EEC78BF1EE10FA95
:102BB00057D5091A0023B1F1010807F1FF370A932D
:102BC00000F1398100230693002F52DA069B049707
:102BD000DB1B06937B420893019B092B4FF00007F8
:102BE0004ED8052B40F39D82043B01930026019BA8
:102BF0009A1E032A00F22581DFE812F0AA03A70338
:102C00009D037E03059AC8F3130842F20F7358EA36
:102C1000060813601ED11B9B002B00F09185664BAC
:102C2000009308331B9A009813600FB0BDEC028B21
:102C3000BDE8F08F18EE906AC6F31306A3F2FF30DA
:102C400053EC182B46F07F530C994FF0000A43F4D5
:102C500040137BE71B9B002B40F03B83574B0093BB
:102C600044E7091A0023B1F101080A9300F1E38057
:102C7000069300230893019B0497092BB844B0D90D
:102C800000230126019307964FF0FF399B46002150
:102C9000E163CDF82C902046FEF7BAFA00900028A8
:102CA00000F04085009BA363B9F10E0F00F2DC80B9
:102CB000002E00F0D980049B002B40F3DE833D4AB8
:102CC00003F00F0102EBC10292ED007B1A11DB054C
:102CD00040F182833A4991ED086B02F00F02032024
:102CE00088EE065B5AB13649D60704D591ED006BE4
:102CF000013027EE067B521001F10801F4D185EE78
:102D0000076B0A9B3BB1B7EE007BB4EEC76BF1EEED
:102D100010FA00F1AE8407EE900AB8EEE75BB1EE70
:102D20000C7BA5EE067B17EE902A51EC170BA2F157
:102D30005071B9F1000F00F08883049E4A46079B4A
:102D4000002B00F04784B6EE003B1A4BFDEEC64B5D
:102D500003EBC20CB8EEE47B36EE477B1CED026B56
:102D600083EE065B41EC160B14EE900A35EE465BE3
:102D70000099B4EEC75B3030F1EE10FA01F8010BA8
:102D800000F3AC84B7EE002BB2EE044B4FF0000C16
:102D900031E000BF61436F63A787D23FB3C8608B48
:102DA000288AC63FFB799F501344D33F0000F07F31
:102DB00049120020A80200206C1100207811002088
:102DC000800200200CF1010C94454DDA27EE047BC3
:102DD00025EE045BFDEEC76B16EE903AB8EEE63BCF
:102DE000303337EE437BB4EEC57BF1EE10FA01F8D9
:102DF000013B00F1738432EE476BB4EEC56BF1EE2C
:102E000010FADFD5009A049602E08A4200F050845E
:102E1000894611F8013D392BF7D00133DBB20B7035
:102E2000049B0133049355E1091A0123B1F1010810
:102E30000A937FF5C7AEC1F1010306934FF0000876
:102E4000C2E60026E66331462046FEF7E1F900902F
:102E5000002800F06784009BA3634FF0FF330B93BF
:102E600099460123B34607930D9A002A55DB04992E
:102E70000E2952DCB74BBBF1000F03EBC10393EDFE
:102E8000006B15DAB9F1000F12DC40F0F282B1EEFE
:102E9000047B26EE077BB4EEC78BF1EE10FACA4630
:102EA0004E4600F26D82DDF800806FEA0B0B70E297
:102EB00088EE067BBDEEC77B009917EE103AB9F19C
:102EC000010F03F13003B8EEC75B01F8013BA5EE3B
:102ED000468B00F03483B2EE044B012311E088EE00
:102EE000067BBDEEC77B013317EE102A4B4502F17E
:102EF0003002B8EEC75B01F8012BA5EE468B00F05F
:102F00001E8328EE048BB5EE408BF1EE10FAE6D16D
:102F1000049B013304938946DCE0079B43B3019B88
:102F2000012B40F37682089B09F1FF3A534580F26A
:102F30003F82089BCDF820A0AAEB030217444FF074
:102F4000000AB9F1000FC0F22583069B09934B4498
:102F5000C844069301212046FEF784FA06460CE099
:102F60007D4B009300980FB0BDEC028BBDE8F08F55
:102F7000069BDDF820A0079E0993099B6BB1B8F171
:102F8000000F0ADD434506991A46A8BF4246891A32
:102F90009B1A06910993A8EB0208089B63B1079B53
:102FA000002B00F0A782BAF1000F00F30482089B07
:102FB000B3EB0A0240F0FF8201212046FEF752FAED
:102FC000002F824600F3AF80019B012B40F38781E5
:102FD000002308930120002F40F0B180404410F0FE
:102FE0001F0000F07A81C0F12002042A00F38880DB
:102FF00040F0F681069B002B05DD29461A46204647
:10300000FEF76CFB0546B8F1000F05DD5146424660
:103010002046FEF763FB82460A9B002B40F03F816F
:10302000B9F1000F40F32581079B002B40F0A380EE
:10303000049B01330493DDF80080012707E0294653
:1030400000230A222046FEF713F9013705465146B0
:103050002846FFF77BFCB94500F1300008F8010B6A
:10306000EDDCB9F1000F009ACCBFCB464FF0010B5D
:103070000346934400272946012220460193FEF788
:103080002DFB51460546FEF7A1FB002840F3AF811A
:103090001BF8013C009A0BF1FF3B04E05A4500F09D
:1030A000B1811BF8013D392B0BF10109F6D0013339
:1030B0008BF8003051462046FEF7D0F856B12FB1BC
:1030C000B74203D039462046FEF7C8F831462046BD
:1030D000FEF7C4F829462046FEF7C0F8002389F819
:1030E0000030DDE904231A601B9B002B3FF4FEAC8B
:1030F0000098C3F800900FB0BDEC028BBDE8F08FD4
:10310000C0F11C00069B03440693099B03440993EA
:1031100080446FE7C2F1200206FA02F207EE102A9D
:1031200009E5012663E501463A462046FEF776FAB0
:10313000019B012B824640F3C58100230893DAF8F6
:1031400010200AEB82021069FEF73CF9C0F1200062
:1031500044E700BFA80200204812002031460023A7
:103160000A222046FEF784F80B9B002B064640F30C
:10317000CE8204979946099B002B05DD31461A46FD
:103180002046FEF7ABFA0646089B002B40F0EB8189
:10319000B046029B009F03F001027B1E4B44089344
:1031A000019B0A921343099351462846FFF7CEFB31
:1031B000314683462846FEF709FB42465146814682
:1031C0002046FEF725FBC26801460BF13003002ABA
:1031D00042D1CDE906032846FEF7F8FA0699029097
:1031E0002046FEF73BF8029A079B1AB90999002975
:1031F00000F07E82B9F1000FC0F28381019949EAA3
:1032000001090A9951EA090900F07B81002A00F3BB
:10321000C681089A3B7007F101099742CB4600F03E
:10322000C481294600230A222046FEF721F846459C
:10323000054631464FF000034FF00A02204612D0F7
:10324000FEF716F84146064600230A222046FEF7FE
:103250000FF84F468046A7E720460293FDF7FEFF92
:10326000029B0122C6E7FEF703F84F46064680465A
:103270009AE7019B022B71DC079B002B7FF47BAF4D
:10328000049B5146013328460493FFF75FFBDDF8AA
:1032900000B000F130030BF8013B0027EBE651468C
:1032A0002846FEF793FA0028BFF6BAAE2946002357
:1032B0000A222046FDF7DCFF049B5F1E079B0546A4
:1032C000002B7FF44BAF0B9B002B40F318829946E9
:1032D000B1E6BC4B00930333A4E41C2012E7DDE904
:1032E000020100287FF474AEC1F31302002A00F03B
:1032F000F480029B08936DE601230793049B5B44D3
:1033000003F10109B9F1010FCC460B93B8BF4FF09F
:10331000010C0021BCF1170FE1637FF7BCAC012069
:103320000422520002F114036345014600F101003A
:10333000F7D9E163AFE401230793BBF1000F52DD3E
:10334000CDF82CB0D946DC46E3E700230793D5E758
:1033500000230793F1E7DDF82C900497B9F1000FF3
:103360007FF4A1AD51464B4605222046FDF780FF74
:10337000014682462846FEF729FA00287FF793ADDA
:10338000049B03F1010B009B3122984603F8012BAB
:10339000009351462046FDF761FF0BF10103DDF874
:1033A00000900493CDF80080002E7FF48FAE91E65C
:1033B000A3EB0A0AC5E5314652462046FEF72EF930
:1033C0002A46014606462046FEF77AF82946054673
:1033D0002046FDF743FFEAE50220B0EE485B81E4BA
:1033E000C0F13C008EE64FF0010BD9464FE403D10B
:1033F000019BDB073FF54CAED9461BF8013D302B56
:10340000FAD057E6049B009A0133049331231370DA
:1034100050E6BAF1000F00F0238102F23342069B1E
:1034200009931344DDF820A00693904492E507EE3B
:10343000900AB1EE0C5BB8EEE77BA6EE075B15EEEB
:10344000902A51EC150BA2F1507141EC150BB1EE25
:10345000047B36EE477BB4EEC57BF1EE10FA00F349
:103460003781B1EE455BB4EEC57BF1EE10FA7FF526
:10347000FBAC4FF0000A564615E500F0F580049BC2
:1034800051495A4202F00F0001EBC00191ED006B6F
:10349000121128EE066B00F04281B0EE467B4B49DC
:1034A00000260220D30705D591ED005B01300126EF
:1034B00027EE057B521001F10801F3D1002E06FE24
:1034C000076B1EE4029B002B7FF437AEDDE902019F
:1034D000C1F31302002A40F037813D4A0A40002A16
:1034E00000F0FA80069B01330693012308F10108DE
:1034F00008936FE52946089A2046FEF78FF805469F
:103500005AE5002A12DD2946012220460193FEF7E2
:10351000E5F851460546FEF759F90028019B40F3AE
:10352000E180392B00F0CA800BF13103B94609F86C
:10353000013B049B0133374604934646BAE538EE17
:10354000088BB4EEC68BF1EE10FA0ADCB4EE468BB3
:10355000F1EE10FA7FF4DCAC17EE103AD8077FF5E5
:10356000D7AC009A54E471682046FDF751FE074637
:10357000002800F0DE80336902339A0006F10C0166
:103580000C30F4F70FFE394601222046FEF7A6F86C
:103590008046FEE5069BA3EB09030993DAE4392B89
:1035A00000F08C80B9460133C1E7049A01323746F6
:1035B000049246465FE529462046FEF72FF8054669
:1035C000FAE400BF78110020A80200208002002049
:1035D0000000F07F5E4BFDEEC65B03EBC20C1CED02
:1035E000023BB8EEE57B36EE477B41EC160B15EE61
:1035F000901A23EE063B00983031012A00F8011B97
:1036000000F08380B2EE044B009B991827EE047BF8
:10361000FDEEC76B16EE903A303300F8013B814265
:10362000B8EEE65B37EE457BF0D1B6EE006B33EEDD
:10363000065BB4EEC75BF1EE10FA3FF5E3AB36EE96
:10364000436BB4EEC76BF1EE10FA7FF70DAC894611
:10365000013919F8013C302BF9D0731C049339E57A
:103660000C9AC2F13602DAE60220B0EE486BFFF7A0
:1036700048BBB9F1000F3FF4DAAE0B9A002A7FF78E
:10368000F3ABB2EE044B26EE046B013007EE900A6A
:10369000049BB8EEE75BB1EE0C7BA6EE057B17EE64
:1036A00090CA51EC170B5E1EACF15071FFF747BB8F
:1036B000049B013304933123FFF7B1BB049BBB464A
:1036C00001330493392337460BF8013B4646E1E4C6
:1036D0004FF0000A564653E608927BE4731C0493AD
:1036E0008946F7E47FF422AFDA077FF51FAF18E7CA
:1036F000392BE3D0B9F1000F3FF716AF16E7019B66
:10370000022B3FF728AE0497BAE501468DE7019BEF
:10371000022B3FF720AEDDF82C9004972BE502201A
:10372000FFF7EFBA0B4B0C48002240F2AF11FEF747
:10373000E5FF084B08483A4640F2EF21FEF7DEFF6E
:10374000064B0093FFF7D2B9029B0893F7E400BF42
:10375000A80200207C0E00207C1100206C110020AB
:10376000154B984223D870B5144E4FF0000E40F61A
:10377000DB0403E002F1010EA64516DC04EB0E02A9
:1037800022F0010303EB620306EB43035210597866
:103790005D88B3F804C041EA05218C446045E9D84E
:1037A000884206D2541EA645E8DDFF2070BDFF20EA
:1037B0007047187870BD00BFEF010E00E42C0020A8
:1037C0000EB410B583B005AB064C53F8042B01932F
:1037D0000146206800F07CF903B0BDE8104003B05A
:1037E000704700BF5C9000202DE9F04F9368176888
:1037F00083B09246002B70D081468A6808680C46D8
:10380000083743E0A38913F4906F2ED0D4E904164F
:10381000A0EB010806EB460606EBD67608F10100A0
:1038200076102844B042324684BF064632465B05D5
:1038300037D511464846F6F751FF019000283AD097
:1038400042462169F4F7AEFCA289019B22F4906202
:1038500042F08002A281A6EB080203EB0800666139
:10386000A260236120602E46A84642465946F8F7DA
:103870000DFEDAF80830A2682068921B40445B1BFA
:10388000A2602060CAF808303BB3083757E902B598
:10389000002DFAD0AA4216469046B3D92E46A84625
:1038A000E3E74846F7F7E2F903460028D3D1216958
:1038B0004846F9F7B5FDA3890C2243F04003C9F847
:1038C00000204FF0FF30A38100220023CAF8082017
:1038D000CAF8043003B0BDE8F08F00200023CAF816
:1038E000043003B0BDE8F08F38B54B1C1AD0938973
:1038F0001446126B23F02003A381CDB2AAB16268F3
:10390000636B9A4209DA23685A1E226003F8015C4D
:10391000636801336360284638BD214601F0DEF854
:103920000028F0D04FF0FF35F5E7236922682BB16E
:10393000934203D212F8013CAB420FD06168E163BD
:103940002346A26304F1400103226263216303F86A
:10395000425F0122C4E90032284638BD6368013A5B
:103960000133C4E90023D6E710B50C46096B69B1F1
:1039700004F14003994201D0F9F752FDE36B636013
:103980000020206313B1A36B236010BDA3892169BC
:10399000002243F02003C4E90012A3814FF0FF305E
:1039A00010BD00BF2DE9F04F85B0CDE9023202FB1A
:1039B00003F30E9C0193A3B3D4F804A0019B5345D9
:1039C0008B4646D9A046019D58F8401B0746002665
:1039D00052465846F4F7E6FB2368226B5344A94647
:1039E000C4E9003611463846D344A5EB0A05E2B1D6
:1039F000424501D0F9F714FDE36B26636360A3B180
:103A0000A16B2160AB429A46E2D3029B01932A4606
:103A10005846F4F7C7FBD4E90032521B2B44C4E9E3
:103A20000032019805B0BDE8F08F019A039B524423
:103A3000A2EB0902B2FBF3F30193A3892269019877
:103A400043F02003A3810023C4E9002305B0BDE8AF
:103A5000F08F21681D46D8E72DE9F84F4B6E9C0486
:103A600090462DD59368126843B38B46064602F103
:103A7000080959E9025A5FEA9A0715D0043D002463
:103A800001E0A7420ED055F8041F5A46304601F017
:103A900097FA431C04F10104F3D10023C8E9013370
:103AA000BDE8F88FD8F808302AF0030AA3EB0A0320
:103AB000C8F8083009F10809002BDAD10020ECE73A
:103AC00001F048F80023C8E90133BDE8F88F00BFD2
:103AD0002DE9F04F2DED028BC5B00DF1500A834654
:103AE00008EE101A16460021082250461C4607937D
:103AF000F8F748FDBBF1000F04D0DBF83430002BA1
:103B000000F0A08618EE102A536EDB0740F11385F3
:103B1000B2F90C108AB295040BD418EE103A41F4A5
:103B2000005199815B6E8AB218EE101A23F400538B
:103B30004B66100740F1058118EE103A1B69002B07
:103B400000F0FF8002F01A030A2B00F00A81002324
:103B5000CDE91933CDE90D331BAA0C931892914688
:103B60000B930593B0464446A84BD3F8E450F9F7BD
:103B7000B9F82246034612A9CDF800A05846A84736
:103B8000002800F04581C0F23981129A252A0346A7
:103B900001D01C44E8E7B4EB0806054640F03C8140
:103BA000002361788DF8433004F1010806934FF04B
:103BB000FF371E462B2408F10108A1F120035A2BE0
:103BC00000F27881DFE813F0B50276017601B002E9
:103BD0007601760176016A00760176017D028D021A
:103BE000760188029702760192025B005B005B001F
:103BF0005B005B005B005B005B005B0076017601B5
:103C000076017601760176017601760176015C0215
:103C100084007601760176017601760176017601DF
:103C2000760176017601E8007601760176013302AD
:103C30007601DA02760176018B057601760176014E
:103C400076017601760176017601760176015C02D5
:103C50008600760176017601CD0286007F0076012E
:103C6000C0027601FD02EA00ED027F007601330218
:103C70007C006905760176016B0576017C00A1F177
:103C80003003002218F8011B02EB820203EB420210
:103C9000A1F13003092BF5D906928EE75846FEF7BD
:103CA0009FFA43680D931846F9F7A8FA0E90054657
:103CB0005846FEF795FA83680B93002D40F0D684A2
:103CC00098F8001077E798F8001046F0200672E7A1
:103CD00046F01006B40640F18E81079B073323F0AF
:103CE00007031A46596852F8083B07920A4600290A
:103CF000C0F27084791C00F0A28526F08001039147
:103D000053EA020100F03F840A2B72F1000180F0B7
:103D1000418530338DF80F31039E012304930DF25A
:103D20000F14049BBB42B8BF3B4603930023089388
:103D30009DF84330002B00F0CB80039B01330393AD
:103D4000C6E018EE101A584618EE105A01F07CF82A
:103D5000002840F05286AA8902F01A030A2B7FF449
:103D6000F6AE18EE101AB1F90E30002BFFF6EFAEDA
:103D70004B6EDB0702D4970540F1128618EE101A3D
:103D800023463246584600F069FE0590059845B036
:103D9000BDEC028BBDE8F08F46F0100616F0200255
:103DA00000F03681079B073323F0070319465A6852
:103DB00051F8083B079126F480610391002100200F
:103DC0008DF84300781C00F01082039820F08006E4
:103DD00053EA020040F00882002F40F038850029A5
:103DE00040F0D583039B13F00103049300F011848A
:103DF00030238DF80F310DF20F1492E708220021C5
:103E00005046F8F7BFFB01231C44ADE6D48A0020DE
:103E1000B4EB080605461BD0199B1A9A01333244AD
:103E2000072BC9E900861A9219931CDD002A00F0BD
:103E3000A68318EE101A18AA5846FFF70DFE20BBED
:103E40000DF16C09059B33440593002D7FF4A8AE5A
:103E50001A9B002B40F0C18518EE103A0022B3F9EE
:103E60000C30199215E009F10809EBE718EE101A69
:103E700018AA5846FFF7F0FD002800F0A680089B1E
:103E80001BB108995846F9F7CBFA18EE103AB3F976
:103E90000C3018EE102A526E12F0010F9AB200F098
:103EA000A080500600F1B285059845B0BDEC028BAC
:103EB000BDE8F08F0029CBD000238DF843300123DB
:103EC000CDE903338DF8AC102BAC002308931F46CB
:103ED00016F00203099302D0039B0233039316F0FA
:103EE00084030A9305D1069B039A9D1A002D00F3C3
:103EF0007B82DDE91903411C9DF8432082B1012238
:103F00000133C9F8042007290DF14302CDE9191343
:103F1000C9F8002000F34A82084609F10809013176
:103F2000099AE2B111AA0233C9F8002007294FF01B
:103F30000202CDE91913C9F8042040F35082002B86
:103F400000F0438318EE101A18AA5846FFF784FDB4
:103F5000002894D1DDE919030DF16C09411C0A9A7E
:103F6000802A00F08481049ABD1A002D00F3D781C5
:103F7000049AC9F8004013440729CDE91913C9F878
:103F8000042040F36E81002B00F0758218EE101AA9
:103F900018AA5846FFF760FD00287FF470AF1A9BFF
:103FA0000DF16C09750705D5069A0399541A002C72
:103FB00000F36B82DDE9052103988142ACBF521802
:103FC00012180592002B7FF451AF08990023199322
:103FD000002900F049815846F9F722FA0DF16C09E1
:103FE000C1E59C053FF55DAF18EE104AA06DF9F7ED
:103FF000EBF8A28955E7F006079A00F11F837106D6
:1040000040F1198332F9043B0792DA1711466EE644
:1040100016F01003079940F0098316F0400000F0F5
:1040200001831A4651F8043B07919BB2C3E6079BF4
:104030001A4600238DF84330134653F8044B03937C
:10404000002C00F01284532900F0658316F010054F
:1040500040F061837B1C00F0B3843A462946204639
:10406000FEF74CFA0890002800F09F84031B039A87
:10407000049323EAE3732F4607920393089557E6C8
:10408000432902D0F50640F12D83079D0822002127
:1040900016A82BACF8F776FA16AB55F8042B214688
:1040A0005846FEF7A5FA03460133049000F0B384A6
:1040B000049B079523EAE373039300238DF84330B1
:1040C00003E7079B53F8042B0692002A80F29C8298
:1040D000069A5242CDE9062398F8001046F00406ED
:1040E00069E598F800108DF8434064E598F80010F1
:1040F00046F080065FE5424612F8011B2A2900F0CF
:104100009684A1F13003092B90464FF000073FF64B
:1041100054AD18F8011B07EB870703EB4707A1F124
:104120003003092BF5D948E598F8001046F0010650
:1041300041E59DF84330002B7FF4C2AD202398F871
:1041400000108DF8433036E598F800106C2903BF55
:1041500098F8011046F0200608F1010846F0100614
:1041600029E598F80010682903BF98F8011046F473
:10417000007608F1010846F040061CE546F0100301
:104180000393039B13F0200200F00682079B073382
:1041900023F0070319465A6851F8083B079101219B
:1041A0000DE6079A46F00203039352F8043B079288
:1041B00047F63002ADF84420B84A0C9202210022A2
:1041C000FDE5B70600F14882F50600F14683740666
:1041D00000F1D583B00540F14083079B059953F862
:1041E000042B07931170BEE4039601293FF48CADB4
:1041F000022944AC11D10C9803F00F011B09415C5A
:1042000004F8011D43EA0273120953EA0201F3D1D3
:10421000039E44AB1B1B049383E503F00701DB08FB
:1042200043EA4273D208303153EA0205204604F8CB
:10423000011DF2D1039EF307EBD53029E8D03023DE
:10424000023804F8013C44AB1B1A039E0493044655
:1042500067E5049B1B9401221C931A9319920DF19C
:104260006C0909F108099DE60DF16C097BE4069AD9
:10427000039D551B002D7FF776AE102D40F3BB83B9
:10428000099418EE104A07E000F1020C09F1080940
:104290001046103D102D1EDD8149C9F80010421C4A
:1042A00010331021072ACDE91923C9F80410EBDDDA
:1042B00018AA002B74D0214658460DF16C09FFF75F
:1042C000CBFB00287FF4DBADDDE91903103D102D99
:1042D00000F1010CE0DC099C714AC9F804502B4440
:1042E000BCF1070FCDE919C3C9F8002040F3948150
:1042F000002B00F01F8318EE101A18AA5846FFF77B
:10430000ABFB00287FF4BBAD049ADDE91903BD1AAD
:10431000002D00F101010DF16C097FF729AE102D80
:1043200029DD0994102718EE104A07E000F1020C6D
:1043300009F108091046103D102D1ADD421C58499C
:104340001033072AC9E90017CDE91923EEDD18AAB1
:1043500003B3214658460DF16C09FFF77DFB002899
:104360007FF48DADDDE91903103D102D00F1010C36
:10437000E4DC099C61464A4AC9F804502B440729E9
:10438000CDE91913C9F8002000F3E78009F1080905
:104390000131EDE54FF0010C18460DF16C09CAE74B
:1043A0004FF0010C18460DF16C0972E7002B00F07C
:1043B000048118EE101A18AA5846FFF74DFB002882
:1043C0007FF45DADDDE919030DF16C09411CA7E532
:1043D000022311AA1C931B9201210DF16C090846BE
:1043E00009F10809411CBAE5102D40F3E582DDE929
:1043F00019130F94084618EE104A07E000F1020C5A
:1044000009F108091046103D102D1DDD2549C9F898
:104410000010421C10331021072ACDE91923C9F8D6
:104420000410EBDD18AA03B3214658460DF16C09C0
:10443000FFF712FB00287FF422ADDDE91903103DE0
:10444000102D00F1010CE1DC0F9C6046154AC9F803
:1044500004502B440728CDE91903C9F8002000F3C4
:10446000C18009F10809411C46E518464FF0010CCE
:104470000DF16C09C7E77607199353D5069A03998E
:10448000541A002C4EDD0DF16C09102C40F3B08253
:10449000199918EE106A10250DE000BF18120020BF
:1044A000DC840020D42C0020881C09F10809114666
:1044B000103C102C1ADD4A1CB3481033072AC9E9F6
:1044C0000005CDE91923EFDD18AA33B3314658466C
:1044D000FFF7C2FA00287FF4D2ACDDE91913103CD3
:1044E000102C01F101000DF16C09E4DCA64AC9F8B9
:1044F000044023440728CDE91903C9F800207FF7B9
:1045000059AD7BB118EE101A18AA5846FFF7A4FA55
:1045100000287FF4B4AC1A9B4CE5012019460DF13C
:104520006C09C5E7DDE9053203998A42ACBF9B18E7
:104530005B18059349E5B2F90C108F0518EE103A97
:104540008AB23FF5E8AA18EE105A986DF8F73AFECD
:10455000B5F90C108AB2FFF7DEBA002B3FF479AE42
:1045600018EE101A18AA5846FFF776FA00287FF4BA
:1045700086AC19991A9B01310DF16C09F8E4199276
:104580000DF16C095EE4002F7FF4C3AB039E00279E
:10459000049744ACFFF7C5BB039B13F0100354D141
:1045A000039A12F0400000F06B8107991A4651F807
:1045B000043B07919BB2012101E4099A002A64D1CE
:1045C000184601210DF16C09C9E4012118460DF1CD
:1045D0006C09C4E45B4262EB420203962D20012188
:1045E000FFF7EEBB002B00F0888018EE101A18AA17
:1045F0005846FFF731FA00287FF441ACDDE9190392
:104600000DF16C09411C77E498F800100793FFF74F
:10461000D2BA44ACFFF785BB09F108090CF10101DE
:104620006046A0E416F4007240F0978151F8043B14
:104630000791FFF7C0BBB30500F1888152F8043B36
:104640000792DA171146FFF752BB079951F8043B5E
:1046500007910121FFF7B3BB079B059853F8041B93
:104660000793C217C1E90002FFF77DBA0B9B002B2D
:104670003FF426AB0B9B1B78002B3FF421AB98F843
:10468000001046F48066FFF796BA022311AA1C9325
:104690001B9201200DF16C09A2E6039671E53B4BDC
:1046A0000C9316F0200259D0079B073323F0070321
:1046B00018465A6850F8083B0790F40709D553EAA2
:1046C000020006D08DF84510302146F002068DF824
:1046D000441026F4806103910221FFF770BB2C4B3C
:1046E0000C93DEE7079B012153F8042B03918DF80F
:1046F000AC20079304912BACDFE49DF84320002A03
:1047000040F03281099A002A7FF462AE18460121F6
:104710000DF16C0927E40021082216A81394F7F77D
:1047200031FF791C00F0BC80002507942C460CE07A
:104730002BA95846FDF75CFF421C204400F06B811A
:10474000B84208DC00F070810446139A525916AB47
:104750000435002AECD10494079CAFE016F0100356
:1047600007980CD116F0400405D01A4650F8043BC7
:1047700007909BB2A1E716F4007240F0E18050F878
:10478000043B079099E700BFD42C002018120020AA
:104790002C1200200399049744AC9E4608EE90BA70
:1047A00001F480664FF0000C234606E0BEF10A0FCC
:1047B00072F1000239D3A6462A46A6491EEB020032
:1047C00040F100000F46A1FB001424F0030101EBAF
:1047D0009401401ABEEB00014FF0CC3562F10004A9
:1047E00005FB01F507FB0455A1FB07410D44052717
:1047F00004F00101A1FB071B09186408303103F81C
:10480000011C44EAC5740CF1010C013B6D08002E3B
:10481000CCD00B9909786145C8D1BCF1FF0FC5D048
:10482000BEF10A0F72F100026CD21C4644AB1B1B96
:10483000049F039E049318EE90BAFFF772BA039692
:10484000FFF762BA5846F7F79FFDFFF75BB90129FA
:1048500003967FF4CDACFFF75CBA079B059953F83C
:10486000042B11600793FFF77EB9062F3B46039A8E
:10487000794C079228BF062304930393FFF725BBC7
:10488000039B079913F4007214BF51F8043B51F8CD
:10489000043B07911CBF0246DBB20121FFF78FBA30
:1048A00016AB00930023194613AA5846FDF7C6FE1F
:1048B00003460133049000F0AE801394049B002B58
:1048C00030D0632B63DC002308932BAC082200213B
:1048D00016A8F7F757FE049D16AB009313AA2B46B4
:1048E00021465846FDF7AAFE854240F0AB80039B67
:1048F000049A07930023A3541F4622EAE27303930A
:10490000FFF716BA0E9A0D999B1A18460893F7F7F7
:1049100037FF0B99089B4A780AB101310B914FF090
:10492000000C48E7039B0793049B03931F460893DF
:10493000FFF7FEB9012118460DF16C09FFF713BB13
:1049400050F8043B07902246DBB2B6E612F9043B6E
:104950000792DA171146FFF7CAB951F8043B0791DD
:104960000246DBB2FFF727BA01231C9301210DF1A8
:1049700043031B930DF16C090B46FFF7CDBA079B60
:10498000059953F8042B07931180FFF7ECB8591CD5
:104990005846F5F7A3FE044600283CD0089095E75A
:1049A000886DF8F711FCFFF7E9B9039B0793CDE990
:1049B0000377089FFFF7BCB919981A9B013045E5AA
:1049C000039B07932046F8F719FC20EAE0732F4673
:1049D000049003930895FFF7ABB918EE101A18AAC4
:1049E0005846FFF739F800283FF436AAFFF74DBACA
:1049F000199801307AE58C466EE46B6ED90705D4C0
:104A0000AB899A0502D4A86DF8F7DEFB4FF0FF33AF
:104A10000593FFF749BA18EE102AB2F90C3043F0AB
:104A200040039381FFF735BA079C049746E7079B3D
:104A300098F8011053F8047B0793904647EAE7770C
:104A4000FFF7B9B818EE102A938943F04003938119
:104A5000FFF715BACDCCCCCC4012002070B50C4677
:104A60008989ADF58E6D21F00201ADF81410616EEB
:104A70001B91E189ADF81610E1690991616A0B910A
:104A80001CA9029106914FF480610646049107919A
:104A900018A80021CDE900320891F8F78FFBDDE975
:104AA000003202A93046FFF713F8051E07DB02A902
:104AB0003046FDF7C9FA002818BF4FF0FF35BDF8A2
:104AC00014305B0603D5A38943F04003A3811898F3
:104AD000F8F776FB28460DF58E6D70BD01F14003A9
:104AE0002DE9F0410C46096B994214D0666B7700B2
:104AF0003A46F6F7BBF8054640B300EB0608014618
:104B000032464046F3F74EFBC4E90C57C4F8008028
:104B10000020BDE8F0814FF48061F5F7DFFDA8B11A
:104B200094F842304FF48062C4E90C0280F8FF33FD
:104B300094F8413080F8FE3394F8402080F8FD234B
:104B400000F2FD3323600020BDE8F0814FF0FF301C
:104B5000DFE700BF9368002B00F085802DE9F04F60
:104B6000B1F90C300C461907804683B0174698B24D
:104B700025D523691BB310F002033D682DD04FF0FB
:104B8000000ADFF8C0B25646B9465E453346524683
:104B900028BF5B464046002E52D0E169676AB8479D
:104BA000002856DDD9F808301B1A8244361AC9F895
:104BB0000830002BE9D1002003B0BDE8F08F21467A
:104BC000404600F041F9002840F03881B4F90C303B
:104BD0003D6898B210F00203D1D110F0010944D120
:104BE0004E46009746B38205D4F808B040F1858060
:104BF000B3455A4600F2B48010F4906F40F0C18083
:104C0000206801924946F7F741FCA368019AA3EB9B
:104C10000B012368A1601344B24623600026009A6A
:104C20009368A3EB0A03D1449360002BC3D0B4F97B
:104C30000C0080B2002ED6D1D5E900960835D1E718
:104C4000D5E900A60835A0E721464046FDF7FCF966
:104C500088B3B4F90C3043F040034FF0FF30A38128
:104C600003B0BDE8F08F002070471E46BA46994653
:104C7000184600951F4666B3002832D04A46D4E94C
:104C800004132068A568B24228BF3246884204D97E
:104C900005EB030B5A4500F3A780934264DCE169FE
:104CA000656A3A464046A847B0F1000BD1DDB9EB42
:104CB0000B09C9D00120DAF80830A3EB0B035F44DD
:104CC000A6EB0B06CAF80830002B3FF474AF002E99
:104CD000D2D1009A5668134608320092002EF8D0BE
:104CE0001F6832460A213846FDF708FC002800F00C
:104CF0009C800130A0EB0709C0E720682369984237
:104D000016D86269B24213D86FF00043B34228BF8D
:104D10003346E16993FBF2F3676A02FB03F3404613
:104D20004A46B847B0F1000A93DDA6EB0A0676E7DB
:104D3000B345DA4628BFB24652464946F7F7A6FBC6
:104D4000A3682268A3EB0A035244A3602260002BED
:104D5000EBD121464046FDF777F90028E5D078E70A
:104D60002068B34632464CE739460192F7F78EFB8E
:104D7000019AA3689B1AA360236813442360934697
:104D800095E723682169A3EB010B636903EB430AF1
:104D90000AEBDA7A0BF101034FEA6A0A334453450E
:104DA000524684BF9A46524643052CD5114640468A
:104DB000F5F794FC00283BD05A4621690190F3F79F
:104DC000F1F9A289019B22F4906242F08002A28153
:104DD00003EB0B002361AAEB0B03C4F814A0A36040
:104DE0002060B34632460CE739465A46F7F74EFB89
:104DF00023685B44236021464046FDF725F90028DF
:104E00003FF455AF25E74046F5F730FF034600284D
:104E1000DED121694046F8F703FBB4F90C300C22CF
:104E200023F08003C8F8002015E7721C914626E79E
:104E30000C22B4F90C30C8F800200CE74FF0FF301A
:104E4000BAE600BF00FCFF7F38B5314B1B68054652
:104E50000C4613B15A6B002A4ED0B4F90C30180727
:104E60009AB21CD5216929B312F0010007D00020A5
:104E7000A06060694042A06139B1002038BD95074B
:104E800058BF6069A0600029F7D1120658BF0846D4
:104E9000F4D543F04003A3814FF0FF3038BDD10675
:104EA0002ED5520714D4216943F00803A3819AB286
:104EB0000029D9D102F42070B0F5007FD4D021466A
:104EC000284600F047F9B4F90C3021699AB2CBE7D3
:104ED000216B51B104F14002914204D02846F8F709
:104EE0009FFAB4F90C300022226321690022C4E940
:104EF000001223F02403D7E71846F7F745FAACE78A
:104F0000092243F040032A604FF0FF30A38138BDEF
:104F10005C9000202DE9F04782B082468846144616
:104F2000F7F7E0FE012803D108F1FF33FE2B36D955
:104F30000DF10409424604F15C0349465046FDF771
:104F400057FB421C064632D020B39DF804C0002512
:104F500009E023685A1C226083F800C00135B5427D
:104F600018D219F801CFA368013B002BA360F0DA37
:104F7000A769BB4261462246504602DBBCF10A0FDC
:104F8000E7D100F053F9431CE8D10646304602B0A1
:104F9000BDE8F0874646304602B0BDE8F0875FFACC
:104FA00088FC8DF804C006460DF10409CFE7A389FB
:104FB000304643F04003A38102B0BDE8F08700BF54
:104FC00030B5536E13F0010FB2F90C30144683B0B4
:104FD00005469AB201D198051CD5900406D4626E9C
:104FE00043F4005342F40052A381626622462846ED
:104FF000FFF790FF636EDA07054602D4A3899B058D
:1050000002D5284603B030BDA06DF8F7DDF828467C
:1050100003B030BDA06D0191F8F7D4F8B4F90C30AD
:1050200001999AB2D9E700BF2DE9F04F8BB0DDE9C5
:10503000158A149F0391814605921E46B8F1000F10
:105040005CD0039B002B5ED0059B1D68002F6AD0AF
:10505000741E4EB3039B0493043D002601950BE0A0
:10506000039B2BBB019B1A68002A3AD0BC455CD23B
:10507000013C631C664617D0D8F800300293019BB0
:10508000DAF8E05053F8042F019307A94346484645
:10509000D8F804B0A847421C3AD000EB060CBC4537
:1050A000DED9029BC8E9003B30460BB0BDE8F08F6B
:1050B00000280EDD049B019D18445A1E07A900F12B
:1050C000FF3E11F8013B02F8013F7245F9D101950D
:1050D0000490059B1A6804321A60019B1A68002A22
:1050E000C4D1039B0BB1059B1A600CF1FF36002263
:1050F0003046C8F800200BB0BDE8F08F039B00F5E8
:105100008678002BA0D1059B4FF0FF371D689FE7E5
:1051100006468A2100223046C9F80010C8F800204F
:105120000BB0BDE8F08F3E46BEE76646BCE700BF69
:1051300010B584B0054C069800900798019004487B
:1051400000680294FFF770FF04B010BDD48A0020FD
:105150005C9000202DE9F0418B890C46990796B0B0
:1051600008D504F143030122C4E90432236016B0D8
:10517000BDE8F081B4F90E100029064625DB6A4629
:1051800000F0ACF800281FDB019D05F47045A5F583
:105190000055B5FA85F54FF480686D094FF4006746
:1051A00041463046F5F79AFAE0B1B4F90C30C4F84C
:1051B000148043F0800320602061A38135BB3B4312
:1051C000A38116B0BDE8F081A38913F0800519D042
:1051D0004FF040080025414630462F46F5F77EFA4D
:1051E0000028E2D1B4F90C309A05C0D423F00303AF
:1051F00004F1430243F002030121C4E90421A38125
:105200002260B4E74FF480682F46C9E7B4F90E1066
:10521000304600F079F810B9B4F90C30CFE7A38923
:1052200023F0030343F001031BB2C8E7F8B50D46B2
:105230001446064610B1436B002B4CD0B4F90C2039
:10524000A369A360170790B21BD52369CBB1EDB258
:1052500081042F4622D522686169D31A994229DD3B
:105260000133A1680139A160511C21601570626988
:105270009A4227D0A389DB0701D50A2D22D03846D0
:10528000F8BD21463046FFF7DFFD08BBB4F90C201E
:10529000236990B2EDB281042F46DCD442F400526F
:1052A000A281626E616922F4005262662268D31A9A
:1052B0009942D5DC21463046FCF7C6FE40B922684B
:1052C0000123CEE721463046FCF7BEFE0028D6D0AB
:1052D0004FF0FF37D3E7F7F757F8AFE770B50C4655
:1052E000084D03460026204611461C462E60F3F763
:1052F00083FA431C00D070BD2B68002BFBD02360C9
:1053000070BD00BFD8C7002038B5074D0022044645
:1053100008462A60F3F776FA431C00D038BD2B68A4
:10532000002BFBD0236038BDD8C7002081F000419E
:1053300002E000BF83F0004330B54FEA41044FEA7A
:10534000430594EA050F08BF90EA020F1FBF54EA15
:10535000000C55EA020C7FEA645C7FEA655C00F0B1
:10536000E2804FEA5454D4EB5555B8BF6D420CDD82
:105370002C4480EA020281EA030382EA000083EA05
:10538000010180EA020281EA0303362D88BF30BDA5
:1053900011F0004F4FEA01314FF4801C4CEA1131FB
:1053A00002D0404261EB410113F0004F4FEA03335A
:1053B0004CEA133302D0524263EB430394EA050FE5
:1053C00000F0A780A4F10104D5F1200E0DDB02FA54
:1053D0000EFC22FA05F2801841F1000103FA0EF2E8
:1053E000801843FA05F359410EE0A5F120050EF1AE
:1053F000200E012A03FA0EFC28BF4CF0020C43FADF
:1054000005F3C01851EBE37101F0004507D54FF0EB
:10541000000EDCF1000C7EEB00006EEB0101B1F53B
:10542000801F1BD3B1F5001F0CD349085FEA300081
:105430004FEA3C0C04F101044FEA445212F5800F8C
:1054400080F09A80BCF1004F08BF5FEA500C50F129
:10545000000041EB045141EA050130BD5FEA4C0C0C
:10546000404141EB0101013C28BFB1F5801FE9D269
:1054700091F0000F04BF01460020B1FA81F308BF8C
:105480002033A3F10B03B3F120020CDA0C3208DD58
:1054900002F1140CC2F10C0201FA0CF021FA02F133
:1054A0000CE002F11402D8BFC2F1200C01FA02F1A3
:1054B00020FA0CFCDCBF41EA0C019040E41AA2BFC8
:1054C00001EB0451294330BD6FEA04041F3C1CDA90
:1054D0000C340EDC04F11404C4F1200220FA04F0B0
:1054E00001FA02F340EA030021FA04F345EA03015A
:1054F00030BDC4F10C04C4F1200220FA02F001FA1C
:1055000004F340EA0300294630BD21FA04F029469D
:1055100030BD94F0000F83F4801306BF81F4801136
:105520000134013D4EE77FEA645C18BF7FEA655CA9
:1055300029D094EA050F08BF90EA020F05D054EA7B
:10554000000C04BF1946104630BD91EA030F1EBF80
:105550000021002030BD5FEA545C05D14000494184
:1055600028BF41F0004130BD14F580043CBF01F577
:10557000801130BD01F0004545F0FE4141F470015D
:105580004FF0000030BD7FEA645C1ABF1946104638
:105590007FEA655C1CBF0B46024650EA013406BF39
:1055A00052EA033591EA030F41F4002130BD00BFF8
:1055B00090F0000F04BF0021704730B54FF48064B5
:1055C00004F132044FF000054FF0000150E700BF36
:1055D00090F0000F04BF0021704730B54FF4806495
:1055E00004F1320410F0004548BF40424FF0000182
:1055F0003EE700BF42004FEAE2014FEA31014FEAC5
:1056000002701FBF12F07F4393F07F4F81F0605113
:10561000704732F07F4208BF704793F07F4F04BF5E
:1056200041F40021704730B54FF4607401F000453B
:1056300021F000411CE700BF50EA010208BF70479B
:1056400030B54FF000050AE050EA010208BF70478C
:1056500030B511F0004502D5404261EB41014FF4F5
:10566000806404F132045FEA915C3FF4D8AE4FF0FD
:1056700003025FEADC0C18BF03325FEADC0C18BFE0
:10568000033202EBDC02C2F1200300FA03FC20FA31
:1056900002F001FA03FE40EA0E0021FA02F114447E
:1056A000BDE600BF08B502460B4643EC172BB5EE2E
:1056B000C07BF1EE10FA03D4BDE8084000F00AB850
:1056C000B1EE477B51EC170B00F004F8404261EB60
:1056D000410108BD9FED0B6B41EC170B9FED0B5B80
:1056E00027EE066BBCEEC66BB8EE464BA4EE457BD0
:1056F000FCEEC77B16EE101A17EE900A704700BF3B
:10570000AFF30080000000000000F03D000000004A
:105710000000F0415FF800F0351E00605FF800F017
:0C572000E11D006000000000000000001F
:04572C00F8B500BF0D
:08573000CC44FF7F01000000E2
:105738000000000000000000000000000000000061
:105748000000000000000000000000000000000051
:105758000000000000000000000000000000000041
:105768000000000000000000000000000000000031
:105778000000000000000000000000000000000021
:105788000000000000000000000000000000000011
:105798000000000000000000000000000000000001
:1057A80000000000000000000000000000000000F1
:1057B80000000000000000000000000000000000E1
:1057C80000000000000000000000000000000000D1
:1057D80000000000000000000000000000000000C1
:1057E80000000000000000000000000000000000B1
:1057F80000000000000000000000000000000000A1
:105808000000000000000000000000000000000090
:105818000000000000000000000000000000000080
:105828000000000000000000000000000000000070
:105838000000000000000000000000000000000060
:105848000000000000000000000000000000000050
:105858000000000000000000000000000000000040
:105868000000000000000000000000000000000030
:105878000000000000000000000000000000000020
:105888000000000000000000000000000000000010
:105898000000000000000000000000000000000000
:1058A80000000000000000000000000000000000F0
:1058B80000000000000000000000000000000000E0
:1058C80000000000000000000000000000000000D0
:1058D80000000000000000000000000000000000C0
:1058E80000000000000000000000000000000000B0
:1058F80000000000000000000000000000000000A0
:10590800000000000000000000000000000000008F
:10591800000000000000000000000000000000007F
:10592800000000000000000000000000000000006F
:10593800000000000000000000000000000000005F
:10594800000000000000000000000000000000004F
:10595800000000000000000000000000000000003F
:10596800000000000000000000000000000000002F
:10597800000000000000000000000000000000001F
:10598800000000000000000000000000000000000F
:1059980000000000000000000000000000000000FF
:1059A80000000000000000000000000000000000EF
:1059B8000080E03779C34143176E05B5B5B8934603
:1059C800F5F93FE9034F384D321D30F94877825ACF
:1059D8003CBF737FDD4F1575000000000000F03FED
:1059E80000000000000024400000000000005940B2
:1059F8000000000000408F40000000000088C34005
:105A080000000000006AF8400000000080842E4179
:105A180000000000D01263410000000084D79741C5
:105A28000000000065CDCD41000000205FA00242CB
:105A3800000000E876483742000000A2941A6D4240
:105A4800000040E59C30A2420000901EC4BCD64233
:105A580000003426F56B0C430080E03779C34143DE
:105A680000A0D8855734764300C84E676DC1AB4354
:105A7800003D9160E458E143408CB5781DAF154472
:105A880050EFE2D6E41A4B4492D54D06CFF080444D
:105A9800F64AE1C7022DB544B49DD9794378EA4462
:105AA800BC89D897B2D29C3C33A7A8D523F64939EC
:105AB8003DA7F444FD0FA5329D978CCF08BA5B250E
:105AC800436FAC642806681180800020688000203D
:105AD800FC830020781E0000A0280000F03C000095
:105AE80040510000127A0000E4A2000024F40000F3
:105AF80048E8010090D0030020A107004552524F0A
:105B0800523A20656E746572696E67204552524F2D
:105B180052207374617465004F4E00004F46460072
:105B280068000000436F6D6D616E64733A00000099
:105B380020206820202020202020202D2068656C2F
:105B48007000000020206220202020202020202D0E
:105B5800207265626F6F7400202070202020202042
:105B68002020202D20746F67676C652070756D701C
:105B7800206F6E2F6F66660020206D202020202069
:105B88002020202D20656E746572204D45415355A7
:105B98005245207374617465000000002020732052
:105BA800202020202020202D20656E74657220532F
:105BB80054414E44425920737461746500000000DA
:105BC80020207720202020202020202D207265737F
:105BD800657420574454207472696767657220633E
:105BE8006F756E7420696E20454550524F4D207474
:105BF8006F203000202063203C733E202020202D81
:105C08002073657420636F6E736F6C6520737461A5
:105C1800747573207072696E7420696E746572761B
:105C2800616C205B735D0000202072203C733E2075
:105C38002020202D207365742052505520737461E4
:105C4800747573207265706F727420696E746572F2
:105C580076616C205B735D0070756D702025730A2A
:105C680000000000620000005265626F6F74696E88
:105C780067207669612057445400000077000000CF
:105C880057445420636F756E742072657365742071
:105C9800746F2030000000006D00000073000000E9
:105CA800636F6E736F6C65207374617475732069AC
:105CB8006E74657276616C3A20256C75730A000003
:105CC800636F6E736F6C652073746174757320698C
:105CD8006E74657276616C2073657420746F20250C
:105CE8006C75730A000000007200000052505520C5
:105CF800737461747573207265706F727420696E45
:105D080074657276616C3A20256C75730A00000020
:105D180052505520737461747573207265706F7278
:105D28007420696E74657276616C20736574207472
:105D38006F20256C75730A00556E6B6E6F776E2039
:105D4800636F6D6D616E643A20257320202873653A
:105D58006E642027682720666F722068656C70293A
:105D68000A000000456E746572696E67204D4541F2
:105D78005355524500000000456E746572696E67A0
:105D8800205354414E44425900000000554E4B4E9A
:105D98004F574E0073746174653D257320656C61BF
:105DA800707365643D252E316673206261745F7679
:105DB8003D252E3266562076696E3D252E32665672
:105DC800206261745F6865617465723D25730A00BD
:105DD800253034582D2573002C0000004F504320E7
:105DE8007061727365206572726F723A206578709F
:105DF8006563746564202575206669656C64732C19
:105E080020676F742025750A000000004F5043205A
:105E18007061727365206572726F723A20746F6F69
:105E2800206D616E79206669656C647300000000FE
:105E3800524F50433A2074696D653D256C75206456
:105E48003330303D257520643530303D257520646C
:105E58003730303D25752064313030303D25752090
:105E680064323030303D25752064323530303D2580
:105E7800752064333030303D25752064353030303E
:105E88003D257520616C61726D3D25750A00000025
:105E980054444C4153207061727365206572726F6F
:105EA800723A20657870656374656420257520668C
:105EB80069656C64732C20676F742025750A00006F
:105EC80054444C4153207061727365206572726F3F
:105ED800723A20746F6F206D616E79206669656C07
:105EE8006473000054444C41533A206D725F6176EC
:105EF800673D252E346620626B673D252E3466206B
:105F08007065616B3D252E346620726174696F3D42
:105F1800252E366620626174743D252E3366562020
:105F2800746865726D5F313D252E32664320746852
:105F380065726D5F323D252E3266204964783D25B5
:105F48006420737065635F313D252E34662073705D
:105F580065635F323D252E346620737065635F3359
:105F68003D252E346620737065635F343D252E34DD
:105F7800660A00007B226964223A222530345822BE
:105F88002C22766572223A222573222C22737461A0
:105F98007465223A222573222C227764745F6E225C
:105FA8003A256C752C2276696E223A252E31662C9C
:105FB800227635223A252E31662C226261745F766C
:105FC800223A252E31662C226261745F64757479D9
:105FD800223A25642C226368675F69223A252E31AC
:105FE800662C226261745F74223A252E31662C2257
:105FF8007063625F74223A252E31662C2270756DAB
:10600800705F69223A252E31662C226F70635F69B2
:10601800223A252E31662C227473656E5F69223A06
:10602800252E31662C2274646C61735F69223A25CF
:106038002E31662C226865617465725F69223A2583
:106048002E31662C226C6174223A252E36662C225B
:106058006C6F6E223A252E36662C22616C74223AB9
:10606800252E31662C2273617473223A256C757D56
:10607800000000005741524E494E473A20525055B1
:1060880020737461747573204A534F4E207472756F
:106098006E63617465640000525334313A2066724D
:1060A800616D653D256C75206169725F74656D7001
:1060B8003D252E3266432068756D69646974793DA3
:1060C800252E32662525206873656E736F725F749E
:1060D800656D703D252E32664320707265733D25CF
:1060E8002E32666D6220696E745F74656D703D2531
:1060F8002E326643207374617475733D257520656F
:1061080072723D2575207063625F737570706C796B
:106118003D252E336656206C736D3330335F7465BE
:106128006D703D252E326643206865617465723D49
:1061380025642068646758593D256C642068646745
:10614800585A3D256C6420686467595A3D256C642B
:1061580020616363656C583D256C642061636365E9
:106168006C593D256C6420616363656C5A3D256CF0
:10617800640A00002A3031413F0D00005453454E57
:106188003A200000253034582C256C752C252E33E8
:10619800662C252E33662C252E33662C252E336649
:1061A8002C252E33662C252E33662C252E33662C73
:1061B800252E33662C252E33662C252E33662C256A
:1061C800642C252E36662C252E36662C252E326616
:1061D8002C256C752C256C752C256C752C256C75EF
:1061E8002C252E32662C252E32662C252E32662C36
:1061F800256C752C25752C25752C25752C25752C4D
:1062080025752C25752C25752C25752C25752C2583
:106218002E34662C252E34662C252E34662C252EFD
:1062280036662C252E33662C252E32662C252E32EA
:10623800662C25642C252E34662C252E34662C25B8
:106248002E34662C252E34662C256C752C252E3282
:10625800662C252E32662C252E32662C252E32668B
:106268002C252E32662C25752C25752C252E33666B
:106278002C252E32662C25642C252E32662C252EB4
:1062880032662C252E32662C252E32662C252E328F
:10629800662C252E326600000019000039520000D5
:1062A8000000000074C00F40C000000000000000A3
:1062B8000200000050851F4001000000340000006B
:1062C8000200000050851F4000000000010000008F
:1062D8000200000054851F40010000003500000046
:1062E8000200000054851F4000000000FF0040002D
:1062F800260018007C0000002575000025640000B9
:106308002C2566002C257500256600004352432085
:106318006973206E6F742076616C696421000000D7
:1063280053656E736F722041646472657373203DA8
:106338000000000020536361746368706164204347
:106348005243206973206E6F742076616C696421F2
:1063580000000000504E41424C000000524D4300E6
:1063680047474100524D4400525344000D0000007D
:106378004E434152000000006672616D655F636FB5
:10638800756E742C6169725F74656D705F646567A2
:10639800432C68756D646974795F70657263656EA6
:1063A800742C6873656E736F725F74656D705F646B
:1063B8006567432C707265735F6D622C696E7465D6
:1063C800726E616C5F74656D705F646567432C6D98
:1063D8006F64756C655F7374617475732C6D6F642D
:1063E800756C655F6572726F722C7063625F73752E
:1063F80070706C795F562C6C736D3330335F7465D5
:106408006D705F646567432C7063625F6865617473
:1064180065725F6F6E2C6D61675F68646758595F5E
:106428006465672C6D61675F686467585A5F646567
:10643800672C6D61675F686467595A5F6465672C8C
:10644800616363656C585F6D472C616363656C5964
:106458005F6D472C616363656C5A5F6D4700000090
:106468006CC00F40C0000000504F0000C980000001
:106478000CFF0000130000000000000000000000F6
:1064880024851F400BFF00001300000000000000DF
:106498000000000028851F400DFF000013000000C9
:1064A800000000000000000020851F400A2524008D
:1064B8001300000012000000120000000102030097
:1064C800000000001C851F400000000000000000C4
:1064D80000000000000000003D24000015720000CC
:1064E800117200000D7200003124000035240000F4
:1064F80039240000097200000000000000000000BC
:10650800E950000001530000054B00005D4C0000FD
:10651800254B0000C94B00004D4B0000E14C00002A
:10652800794C0000014B0000000000000000000052
:106538006D0000008D000000000000000000000059
:1065480075430000D54500007143000091430000E9
:1065580039450000214600005D460000D8399D27D6
:106568000054EA2A00A4781F007B9A172C2066752D
:106578006E6374696F6E3A20000000006173736582
:106588007274696F6E2022257322206661696C65BA
:10659800643A2066696C6520222573222C206C6978
:1065A8006E65202564257325730A000042616C6CB2
:1065B8006F6320737563636565646564000000003C
:1065C8002F566F6C756D65732F646174612F6A65E2
:1065D8006E6B696E732F776F726B73706163652F63
:1065E800474E552D746F6F6C636861696E2F6172C9
:1065F8006D2D31312F7372632F6E65776C69622D43
:1066080063796777696E2F6E65776C69622F6C693D
:1066180062632F7374646C69622F6764746F612D91
:106628006765746865782E6300000000000000004C
:106638000000000000000000000000000000000052
:106648000000000000000000000000000000000042
:1066580000000000000000000000000010111213EC
:10666800141516171819000000000000001A1B1C4A
:106678001D1E1F00000000000000000000000000B8
:10668800000000000000000000000000001A1B1CB1
:106698001D1E1F0000000000000000000000000098
:1066A80000000000000000000000000000000000E2
:1066B80000000000000000000000000000000000D2
:1066C80000000000000000000000000000000000C2
:1066D80000000000000000000000000000000000B2
:1066E80000000000000000000000000000000000A2
:1066F8000000000000000000000000000000000092
:106708000000000000000000000000000000000081
:106718000000000000000000000000000000000071
:106728000000000000000000000000002F566F6C01
:10673800756D65732F646174612F6A656E6B696E20
:10674800732F776F726B73706163652F474E552D8A
:10675800746F6F6C636861696E2F61726D2D313172
:106768002F7372632F6E65776C69622D6379677713
:10677800696E2F6E65776C69622F6C6962632F731F
:1067880074646C69622F6D707265632E630000001B
:1067980065256C64000000000020202020202020B7
:1067A80020202828282828202020202020202020B9
:1067B80020202020202020202088101010101010C9
:1067C8001010101010101010100404040404040415
:1067D80004040410101010101010414141414141AF
:1067E8000101010101010101010101010101010191
:1067F80001010101101010101010424242424242A1
:106808000202020202020202020202020202020260
:106818000202020210101010200000000000000008
:106828000000000000000000000000000000000060
:106838000000000000000000000000000000000050
:106848000000000000000000000000000000000040
:106858000000000000000000000000000000000030
:106868000000000000000000000000000000000020
:106878000000000000000000000000000000000010
:106888000000000000000000000000000000000000
:10689800000000000000000000000000496E66696A
:1068A8006E697479000000004E614E002F566F6CBF
:1068B800756D65732F646174612F6A656E6B696E9F
:1068C800732F776F726B73706163652F474E552D09
:1068D800746F6F6C636861696E2F61726D2D3131F1
:1068E8002F7372632F6E65776C69622D6379677792
:1068F800696E2F6E65776C69622F6C6962632F739E
:1069080074646C69622F64746F612E630000000008
:106918004A495300534A4953000000004555434A29
:10692800500000002E0000006E660000696E697459
:1069380079000000616E0000494E4600696E6600ED
:106948004E414E006E616E00303132333435363789
:1069580038396162636465660000000030313233A3
:106968003435363738394142434445460000000043
:10697800286E756C6C290000300000000030013072
:1069880002300CFF0EFFFB301AFF1BFF1FFF01FF39
:106998009B309C30B40040FFA8003EFF3E203FFFE4
:1069A800FD30FE309D309E300330DD4E0530063020
:1069B8000730FC30142010200FFF3CFF1C3016203D
:1069C8005CFF26202520182019201C201D2008FFE8
:1069D80009FF143015303BFF3DFF5BFF5DFF0830BA
:1069E80009300A300B300C300D300E300F301030BB
:1069F80011300BFF1222B100D700F7001DFF6022F3
:106A08001CFF1EFF662267221E22342242264026D1
:106A1800B000322033200321A50004FFA200A30008
:106A280005FF03FF06FF0AFF20FFA700062605262D
:106A3800CB25CF25CE25C725C625A125A025B3253D
:106A4800B225BD25BC253B201230922190219121F1
:106A58009321133000000000000000000000000037
:106A68000000000000000000000008220B2286221F
:106A78008722822283222A22292200000000000085
:106A88000000000000000000000027222822AC00BF
:106A9800D221D42100220322292200000000000074
:106AA800000000000000000000000000000020229C
:106AB800A522122302220722612252226A226B2275
:106AC8001A223D221D2235222B222C2200000000F2
:106AD800000000000000000000002B2130206F267D
:106AE8006D266A2620202120B6002C2200000000F6
:106AF8000000EF250000000000000000000000007A
:106B08000000000101010101010101010100000073
:106B18000000000001010101010101010101010161
:106B2800010101010101010101010101010100004F
:106B38000000000000010101010101010101010142
:106B4800010101010101010101010101010101002E
:106B58009103920393039403950396039703980371
:106B680099039A039B039C039D039E039F03A00321
:106B7800A103A303A403A503A603A703A803A903CA
:106B880000000000000000000000000000000000FD
:106B9800B103B203B303B403B503B603B703B80331
:106BA800B903BA03BB03BC03BD03BE03BF03C003E1
:106BB800C103C303C403C503C603C703C803C9038A
:106BC8001004110412041304140415040104160417
:106BD8001704180419041A041B041C041D041E04B9
:106BE8001F04200421042204230424042504260469
:106BF8002704280429042A042B042C042D042E0419
:106C08002F04000000000000000000000000000049
:106C1800000000000000000000000000000000006C
:106C28003004310432043304340435045104360486
:106C38003704380439043A043B043C043D043E0458
:106C48003F04400441044204430444044504460408
:106C58004704480449044A044B044C044D044E04B8
:106C68004F040000002502250C25102518251425A1
:106C78001C252C25242534253C25012503250F25F5
:106C880013251B251725232533252B253B254B2588
:106C980020252F25282537253F251D253025252565
:106CA800382542259C4E1655035A3F96C0541B6101
:106CB8002863F659229075841C83507AAA60E16390
:106CC800256EED656684A682F59B93682757A165B6
:106CD80071629B5BD0597B86F498627DBE7D8E9BEA
:106CE80016629F7CB788895BB55E096397664868BA
:106CF800C7958D974F67E54E0A4F4D4F9D4F4950A9
:106D0800F2563759D459015A095CDF600F61706136
:106D180013660569BA704F757075FB79AD7DEF7DA7
:106D2800C3800E846388028B55907A903B53954EAE
:106D3800A54EDF57B280C190EF78004EF158A26E91
:106D48003890327A28838B822F9C41517053BD54DE
:106D5800E154E056FB59155FF298EB6DE4802D8500
:106D680062967096A096FB970B54F353875BCF708F
:106D7800BD7FC28FE8966F535C9DBA7A114E9378A7
:106D8800FC81266E185604551D6B1A853B9CE559E7
:106D9800A953666DDC748F954256914E4B90F296CE
:106DA8004F830C99E153B655305B715F2066F366EB
:106DB8000468386CF36C296D5B74C8764E7A349825
:106DC800F1825B88608AED92B26DAB75CA76C5991F
:106DD800A660018B8A8DB2958E69AD538651125784
:106DE80030584459B45BF65E2860A963F463BF6CFD
:106DF800146F8E7014715971D5713F73017E76824C
:106E0800D182978560905B921B9D6958BC655A6CCE
:106E18002575F9512E596559805FDC5FBC62FA65AA
:106E28002A6A276BB46B8B73C17F56892C9D0E9D84
:106E3800C49EA15C966C7B8304514B5CB661C68191
:106E480076686172594EFA4F78536960296E4F7AA5
:106E5800F3970B4E1653EE4E554F3D4FA14F734FC0
:106E6800A052EF5309560F59C15AB65BE15BD1796D
:106E780087669C67B6674C6BB36C6B70C2738D7911
:106E8800BE793C7A877BB182DB8204837783EF8388
:106E9800D3836687B28A2956A88CE68F4E901E97B0
:106EA8008A86C44FE85C116259723B75E581BD82E0
:106EB800FE86C08CC5961399D599CB4E1A4FE38997
:106EC800DE564A58CA58FB5EEB5F2A6094606260DF
:106ED800D0611262D0623965419B6666B068776D91
:106EE80070704C758676757DA582F9878B958E9620
:106EF8009D8CF151BE521659B354B35B165D68614F
:106F08008269AF6D8D78CB845788728AA793B89AB7
:106F18006C6DA899D986A357FF67CE860E928352C7
:106F280087560454D35EE162B9643C683868BB6B29
:106F38007273BA786B7A9A89D2896B8D038FED90C8
:106F4800A39594966997665BB35C7D694D984E9856
:106F58009B63207B2B6A7F6AB6680D9C5F6F7252B9
:106F68009D557060EC623B6D076ED16E5B84108935
:106F7800448F144E399CF6531B693A6A84972A68E1
:106F88005C51C37AB284DC918C935B56289D22684D
:106F980005833184A57C0852C582E6747E4E834FF2
:106FA800A051D25B0A52D852E752FB5D9A552A5833
:106FB800E6598C5B985BDB5B725E795EA3601F6150
:106FC8006361BE61DB636265D1675368FA683E6BD3
:106FD800536B576C226F976F456FB0741875E376D3
:106FE8000B77FF7AA17B217CE97D367FF07F9D803E
:106FF80066829E83B389CC8AAB8C84905194939596
:107008009195A2956596D39728991882384E2B5456
:10701800B85CCC5DA9734C763C77A95CEB7F0B8D93
:10702800C196119854985898014F0E4F71539C551A
:107038006856FA574759095BC45B905C0C5E7E5EE4
:10704800CC5FEE633A67D765E2651F67CB68C468B3
:107058005F6A305EC56B176C7D6C7F754879635BC2
:10706800007A007DBD5F8F89188AB48C778DCC8EAD
:107078001D8FE2980E9A3C9B804E7D50005193598B
:107088009C5B2F628062EC643A6BA07291754779C1
:10709800A97FFB87BC8A708BAC63CA83A09709540D
:1070A8000354AB555468586A708A27787567CD9E23
:1070B8007453A25B1A8150860690184E454EC74EEF
:1070C800114FCA533854AE5B135F256051653D6755
:1070D800426C726CE36C78700374767AAE7A087BD3
:1070E8001A7DFE7C667DE7655B72BB53455CE85D97
:1070F800D262E0621963206E5A86318ADD8DF89279
:10710800016FA6795A9BA84EAB4EAC4E9B4FA04F31
:10711800D1504751F67A7151F651545321537F5348
:10712800EB53AC558358E15C375F4A5F2F60506082
:107138006D601F6359654B6AC16CC272ED72EF775F
:10714800F880058108824E85F790E193FF9757995B
:107158005A9AF04EDD512D5C81666D69405CF2668D
:10716800756989735068817CC550E4524757FE5D44
:107178002693A465236B3D6B34748179BD794B7B71
:10718800CA7DB982CC837F885F89398BD18FD191B1
:107198001F5480925D4E3650E5533A53D77296731A
:1071A800E977E682AF8EC699C899D29977511A6164
:1071B8005E86B0557A7A7650D35B47908596324E84
:1071C800DB6AE791515C485C98639F7A936C74978B
:1071D800618FAA7A8A718896827C1768707E516856
:1071E8006C93F2521B54AB85138AA47FCD8EE19029
:1071F800665388884179C24FBE5011524451535545
:107208002D57EA738B575159625F845F75607661B9
:107218006761A961B2633A646C656F664268136E10
:1072280066753D7AFB7C4C7D997D4B7E6B7F0E832A
:107238004A83CD86088A638A668BFD8E1A988F9D4D
:10724800B882CE8FE89B87521F628364C06F99967D
:1072580041689150206B7A6C546F747A507D4088E5
:10726800238A0867F64E3950265065507C513852AB
:107278006352A7550F570558CC5AFA5EB261F861A8
:10728800F36272631C69296A7D72AC722E7314787A
:107298006F78797D0C77A9808B89198BE28CD28ED7
:1072A800639075937A965598139A789E43519F5395
:1072B800B3537B5E265F1B6E906E8473FE73437DB3
:1072C8003782008AFA8A50964E4E0B50E4537C540B
:1072D800FA56D159645BF15DAB5E275F386245654C
:1072E800AF67566ED072CA7CB488A180E180F08303
:1072F8004E86878AE88D3792C7966798139F944E73
:10730800924E0D4F485349543E542F5A8C5FA15FFB
:107318009F60A7688E6A5A7481789E8AA48A778B40
:1073280090915E4EC99BA44E7C4FAF4F195016509A
:1073380049516C519F52B952FE529A53E35311541A
:107348000E5489555157A2577D59545B5D5B8F5B2D
:10735800E55DE75DF75D785E835E9A5EB75E185F10
:1073680052604C619762D862A7633B6502664366C8
:10737800F4666D6721689768CB695F6C2A6D696DE3
:107388002F6E9D6E327587766C783F7AE07C057D2E
:10739800187D5E7DB17D15800380AF80B1805481FA
:1073A8008F812A8252834C8861881B8BA28CFC8C2B
:1073B800CA90759171923F78FC92A4954D96059864
:1073C8009999D89A3B9D5B52AB52F7530854D558BC
:1073D800F762E06F6A8C5F8FB99E4B513B524A54FB
:1073E800FD56407A7791609DD29E4473096F7081F3
:1073F8001175FD5FDA60A89ADB72BC8F646B039825
:10740800CA4EF0566457BE585A5A6860C7610F662C
:1074180006663968B168F76DD5753A7D6E82429B0C
:107428009B4E504FC95306556F5DE65DEE5DFB6799
:10743800996C73740278508A9693DF885057A75EC8
:107448002B63B550AC508D510067C9545E58BB5979
:10745800B05B695F4D62A1633D68736B086E7D70B8
:10746800C7918072157826786D798E65307DDC83BA
:10747800C188098F9B966452285750676A7FA18CF0
:10748800B45142572A963A588A69B480B2540E5D6C
:10749800FC579578FA9D5C4F4A528B543E64286697
:1074A8001467F567847A567B227D2F935C68AD9BC1
:1074B800397B19538A513752DF5BF662AE64E66452
:1074C8002D67BA6BA985D1969076D69B4C630693A7
:1074D800AB9BBF765266094E9850C253715CE86008
:1074E800926463655F68E671CA732375977B827ED1
:1074F8009586838BDB8C78911099AC65AB668B6B2A
:10750800D54ED44E3A4F7F4F3A52F853F253E35583
:10751800DB56EB58CB59C959FF59505B4D5C025E9D
:107528002B5ED75F1D6007632F655C5BAF65BD652C
:10753800E8659D67626B7B6B0F6C45734979C17910
:10754800F87C197D2B7DA2800281F38196895E8A61
:10755800698A668A8C8AEE8AC78CDC8CCC96FC9801
:107568006F6B8B4E3C4F8D4F5051575BFA5B4861A8
:1075780001634266216BCB6EBB6C3E72BD74D475E1
:10758800C1783A790C803380EA8194849E8F506C5C
:107598007F9E0F5F588B2B9DFA7AF88E8D5BEB964A
:1075A800034EF153F7573159C95AA45B89607F6E6E
:1075B800066FBE75EA8C9F5B0085E07B7250F467AE
:1075C8009D82615C4A851E7E0E829951045C6863C7
:1075D800668D9C656E713E79177D05801D8BCA8E00
:1075E8006E90C786AA901F50FA523A5C53677C7017
:1075F80035724C91C8912B93E582C25B315FF9607B
:107608003B4ED653885B4B6231678A6BE972E073F5
:107618002E7A6B81A38D529196991251D7536A5441
:10762800FF5B8863396AAC7D0097DA56CE5368549D
:10763800975B315CDE5DEE4F0161FE62326DC079B1
:10764800CB79427D4D7ED27FED811F829084468822
:107658007289908B748E2F8F31904B916C91C69656
:107668009C91C04E4F4F45514153935F0E62D46772
:10767800416C0B6E6373267ECD918392D453195956
:10768800BF5BD16D5D792E7E9B7C7E589F71FA51D0
:107698005388F08FCA4FFB5C2566AC77E37A1C826F
:1076A800FF99C651AA5FEC656F69896BF36D966E99
:1076B800646FFE76147DE15D759087910698E651BA
:1076C8001D5240629166D9661A6EB65ED27D727F8F
:1076D800F866AF85F785F88AA952D95373598F5E32
:1076E800905F5560E4926496B7501F51DD52205365
:1076F8004753EC53E8544655315517566859BE5907
:107708003C5AB55B065C0F5C115C1A5C845E8A5E51
:10771800E05E705F7F628462DB628C63776307661A
:107728000C662D6676667E67A2681F6A356ABC6C31
:10773800886D096E586E3C7126716771C77501773F
:107748005D7801796579F079E07A117BA77C397DDC
:107758009680D6838B8449855D88F3881F8A3C8A06
:10776800548A738A618CDE8CA49166927E931894F5
:107778009C9698970A4E084E1E4E574E9751705237
:10778800CE573458CC58225B385EC560FE646167BA
:107798005667446DB6727375637AB884728BB89104
:1077A80020933156F457FE98ED620D69966BED7192
:1077B800547E77807282E689DF985587B18F3B5C6B
:1077C800384FE14FB54F0755205ADD5BE95BC35F82
:1077D8004E612F63B0654B66EE689B69786DF16DFD
:1077E8003375B9751F775E79E679337DE381AF82AA
:1077F800AA85AA893A8AAB8E9B8F3290DD9107972A
:10780800BA4EC14E03527558EC580B5C1A753D5C64
:107818004E810A8AC58F63966D97257BCF8A089813
:107828006291F356A853179039548257255EA8637E
:10783800346C8A7061778B7CE07F708842905491B9
:10784800109318938F965E74C49A075D695D70658E
:10785800A267A88DDB966E6349671969C583179877
:10786800C096FE88846F7A64F85B164E2C705D753E
:107878002F66C4513652E252D359815F2760106295
:107888003F6574651F667466F2681668636B056EFB
:1078980072721F75DB76BE7C5680F058FD887F8932
:1078A800A08A938ACB8A1D9092915297599789659D
:1078B8000E7A0681BB962D5EDC601A62A565146699
:1078C8009067F3774D7A4D7C3E7E0A81AC8C648D4F
:1078D800E18D5F8EA9780752D962A56342649862E8
:1078E8002D8A837AC07BAC8AEA96767D0C8249879A
:1078F800D94E485143536053A35B025C165CDD5D6F
:1079080026624762B06413683468C96C456D176DA8
:10791800D3675C6F4E717D71CB657F7AAD7BDA7D05
:107928004A7EA87F7A811B823982A6856E8ACE8C90
:10793800F58D78907790AD9291928395AE9B4D524C
:107948008455386F367168518579557EB381CE7C00
:107958004C565158A85CAA63FE66FD665A69D972EE
:107968008F758E750E795679DF79977C207D447DE9
:107978000786348A3B966190209FE7507552CC5316
:10798800E2530950AA55EE584F593D728B5B645C1F
:107998001D53E360F3605C6383633F63BB63CD6443
:1079A800E965F966E35DCD69FD69156FE571894E95
:1079B800E975F876937ADF7CCF7D9C7D6180498379
:1079C80058836C84BC84FB85C588708D01906D904C
:1079D80097931C97129ACF5097588E61D38135850B
:1079E800088D2090C34F7450475273536F6049639A
:1079F8005F672C6EB38D1F90D74F5E5CCA8CCF65C6
:107A08009A7D525396887651C363585B6B5B0A5CC8
:107A18000D6451675C90D64E1A592A59706C518A78
:107A28003E551558A559F0605362C16735825569AE
:107A38004096C499289A534F0658FE5B1080B15C53
:107A48002F5E855F20604B613462FF66F06CDE6EEE
:107A5800CE807F81D4828B88B88C00902E908A96B5
:107A6800DB9EDB9BE34EF05327592C7B8D914C9882
:107A7800F99DDD6E277053534455855B58629E62AD
:107A8800D362A26CEF6F2274178A3894C16FFE8A92
:107A98003883E751F886EA53E953464F5490B08F3C
:107AA8006A593181FD5DEA7ABF8FDA68378CF872DE
:107AB800489C3D6AB08A394E585306566657C56287
:107AC800A263E6654E6BE16D5B6EAD70ED77EF7AA4
:107AD800AA7BBB7D3D80C680CB86958A5B93E356A7
:107AE800C7583E5FAD659666806AB56B3775C78ABD
:107AF8002450E57730571B5F65607A66606CF475D3
:107B08001A7A6E7FF48118874590B399C97B5C75A2
:107B1800F97A517BC4841090E979927A3683E15AD4
:107B280040772D4EF24E995BE05FBD623C66F1678F
:107B3800E86C6B8677883B8A4E91F392D099176AE6
:107B480026702A73E7825784AF8C014E4651CB5179
:107B58008B55F55B165E335E815E145F355F6B5F38
:107B6800B45FF2611163A2661D676E6F52723A7557
:107B78003A777480398178817687BF8ADC8A858DE7
:107B8800F38D9A9277950298E59CC5525763F476DF
:107B98001567886CCD73C38CAE937396256D9C580E
:107BA8000E69CC69FD8F9A93DB751A905A58026852
:107BB800B463FB69434F2C6FD867BB8F2685B47DB0
:107BC80054933F69706F6A57F7582C5B2C7D2A7263
:107BD8000A54E391B49DAD4E4E4F5C5075504352DC
:107BE8009E8C485424589A5B1D5E955EAD5EF75E88
:107BF8001F5F8C60B5623A63D063AF68406C87786A
:107C08008E790B7AE07D4782028AE68A448E139049
:107C1800B8902D91D8910E9FE56C5864E264756513
:107C2800F46E84761B7B6990D193BA6EF254B95F77
:107C3800A4644D8FED8F449278516B582959555C47
:107C4800975EFB6D8F7E1C75BC8CE28E5B98B9705D
:107C58001D4FBF6BB16F3075FB964E5110543558A0
:107C68005758AC59605C925F97655C67216E7B766C
:107C7800DF83ED8C1490FD904D9325783A78AA52C5
:107C8800A65E1F577459126012505A51AC51CD510B
:107C980000521055545858585759955BF65C8B5DEF
:107CA800BC6095622D6471674368BC68DF68D776ED
:107CB800D86D6F6E9B6D6F70C871535FD87577798B
:107CC800497B547B527BD67C717D305263846985B5
:107CD800E4850E8A048B468C0F8E03900F901994BE
:107CE80076962D98309AD895CD50D5520C54025886
:107CF8000E5CA7619E641E6DB377E57AF4800484F8
:107D080053908592E05C079D3F53975FB35F9C6DEE
:107D180079726377BF79E47BD26BEC72AD8A0368C2
:107D2800616AF851817A34694A5CF69CEB82C55BDA
:107D380049911E7078566F5CC76066658C6C5A8C6A
:107D4800419013985154C7660D924859A390855194
:107D58004D4EEA5199850E8B58707A634B93626940
:107D6800B499047E777557536069DF8EE3965D6C2E
:107D78008C4E3C5C105FE98F0253D18C89807986E8
:107D8800FF5EE565734E655182593F5CEE97FB4E89
:107D98008A59CD5F8D8AE16FB0796279E75B71842A
:107DA8002B73B171745EF55F7B639A64C371987CC1
:107DB800434EFC5E4B4EDC57A256A960C36F0D7D47
:107DC800FD803381BF81B28F9789A486F45D8A6272
:107DD800AD6487897767E26C3E6D36743478465AAD
:107DE800757FAD82AC99F34FC35EDD6292635765D0
:107DF8006F67C3764C72CC80BA80298F4D910D5035
:107E0800F957925A856873696471FD72B78CF25894
:107E1800E08C6A9619907F87E479E77729842F4F59
:107E280065525A53CD62CF67CA6C7D76947B957C38
:107E380036828485EB8FDD66206F06721B7EAB83EE
:107E4800C199A69EFD51B17B7278B87B8780487B2B
:107E5800E86A615E8C80517560756B5162928C6EB8
:107E68007A769791EA9A104F707F9C624F7BA5951E
:107E7800E99C7A565958E486BC96344F24524A53A2
:107E8800CD53DB53065E2C6491657F673E6C4E6C68
:107E98004872AF72ED735475417E2C82E985A98CC6
:107EA800C47BC69169711298EF983D6369666A75DB
:107EB800E476D0784385EE862A5351532654835965
:107EC800875E7C5FB26049627962AB629065D46B11
:107ED800CC6CB275AE769178D879CB7D777FA5805A
:107EE800AB88B98ABB8C7F905E97DB980B6A387C2D
:107EF80099503E5CAE5F8767D86B357409778E7F83
:107F08003B9FCA67177A39538B75ED9A665F9D81D7
:107F1800F18398803C5FC55F6275467B3C906768DB
:107F2800EB599B5A107D7E762C8BF54F6A5F196A48
:107F3800376C026FE27468796888558A798CDF5EDD
:107F4800CF63C575D279D7822893F2929C84ED8647
:107F58002D9CC1546C5F8C655C6D1570A78CD38C9F
:107F68003B984F65F6740D4ED84EE0572B59665A1C
:107F7800CC5BA851035E9C5E166076627765A76548
:107F88006E666E6D3672267B50819A8199825C8B03
:107F9800A08CE68C748D1C964496AE4FAB64666BD1
:107FA8001E8261846A85E890015C5369A8987A8486
:107FB80057850F4F6F52A95F455E0D678F7979819D
:107FC80007898689F56D175F5562B86CCF4E69725F
:107FD800929B06523B547456B358A4616E621A7150
:107FE8006E59897CDE7C1B7DF09687655E80194E14
:107FF800754F75514058635E735E0A5FC467264EBD
:108008003D8589955B96737C0198FB50C1585676DF
:10801800A7782552A5771185867B4F500959477255
:10802800C77BE87DBA8FD48F4D90BF4FC952295A6C
:10803800015FAD97DD4F1782EA9203575563696B6D
:108048002B75DC88148F427ADF52935855610A6287
:10805800AE66CD6B3F7CE9832350F84F05534654F9
:10806800315849599D5BF05CEF5C295D965EB162C1
:1080780067633E65B9650B67D56CE16CF97032785A
:108088002B7EDE80B3820C84EC84028712892A8AD4
:108098004A8CA690D292FD98F39C6C9D4F4EA14EAF
:1080A8008D5056524A57A8593D5ED85FD95F3F62F6
:1080B800B4661B67D067D2689251217DAA80A881D7
:1080C800008B8C8CBF8C7E92329620542C98175340
:1080D800D5505C53A858B264346767726677467A9D
:1080E800E691C352A16C866B00584C5E54592C67BC
:1080F800FB7FE151C6766964E878549BBB9ECB57F9
:10810800B95927669A67CE6BE954D969555E9C813F
:108118009567AA9BFE67529C5D68A64EE34FC853BD
:10812800B9622B67AB6CC48FAD4F6D7EBF9E074E97
:108138006261806E2B6F138573542A67459BF35DCC
:10814800957BAC5CC65B1C874A6ED184147A088127
:1081580099598D7C116C2077D952225921715F72FF
:10816800DB772797619D0B697F5A185AA5510D54E3
:108178007D540E66DF76F78F9892F49CEA595D720B
:10818800C56E4D51C968BF7DEC7D6297BA9E786413
:10819800216A028384595F5BDB6B1B73F276B27DC5
:1081A8001780998432512867D99EEE766267FF520C
:1081B8000599245C3B627E7CB08C4F55B6600B7D84
:1081C800809501535F4EB6511C593A723680CE9154
:1081D800255FE2778453795F047DAC85338A8D8E81
:1081E8005697F367AE85539409610861B96C527666
:1081F800ED8A388F2F55514F2A51C752CB53A55B63
:108208007D5EA0608261D6630967DA67676E8C6DF0
:108218003673377331755079D588988A4A9091901A
:10822800F590C4968D871559884E594F0E4E898AF8
:108238003F8F1098AD507C5E9659B95BB85EDA6393
:10824800FA63C164DC664A69D8690B6DB66E9471CD
:108258002875AF7A8A7F00804984C9848189218BF7
:108268000A8E65907D960A997E619162326B836C65
:10827800746DCC7FFC7FC06D857FBA87F888656791
:10828800B1833C98F7961B6D617D3D846A91714E70
:108298007553505D046BEB6FCD852D86A7892952E8
:1082A8000F54655C4E67A86806748374E275CF88BE
:1082B800E188CC91E29678968B5F8773CB7A4E846F
:1082C800A06365758952416D9C6E097459756B7808
:1082D800927C8696DC7A8D9FB64F6E61C5655C860A
:1082E800864EAE4EDA50214ECC51EE5B99658168D0
:1082F800BC6D1F734276AD771C7AE77C6F82D28A99
:108308007C90CF91759618989B52D17D2B5098539D
:108318009767CB6DD0713374E8812A8FA396579CE9
:108328009F9E60744158996D2F7D5E98E44E364F3C
:108338008B4FB751B152BA5D1C60B2733C79D3828E
:108348003492B796F6960A97979E629FA666746BC4
:108358001752A352C870C288C95E4B609061236FE0
:1083680049713E7CF47D6F80EE8423902C934254B7
:108378006F9BD36A8970C28CEF8D3297B452415A81
:10838800CA5E045F17677C6994696A6D0F6F6272D1
:10839800FC72ED7B01807E804B87CE906D51939E61
:1083A80084798B803293D68A2D508C54718A6A6B6B
:1083B800C48C0781D160A067F29D994E984E109C9D
:1083C8006B8AC185688500697E6E97785581000043
:1083D8000A0001000200030004000500060007006F
:1083E800080009000A000B000C000D000E000F0029
:1083F80010000000202020202020202020202020E5
:108408002020202020202020202020202020202064
:1084180020202020000000001F001C200000000079
:10842800142100000200162400000000142500009A
:108438000200152800000000112900000000142A7D
:1084480000000000182B00000000142C00000000A1
:10845800102D00000000142E000001000C30000058
:108468000900143A00000100183C00000200143F03
:1084780000000100034100001900155B0000000026
:10848800145C00000000115D00000000175E000091
:1084980000000F5F0000000017600000000003618B
:1084A80000001900157B00000000187C0000000087
:1084B800117D00000000187E00000000007F000011
:1084C80020001CA00000000014A10000000016A25B
:1084D8000000030019A60000000014A70000000017
:1084E80017A80000000019A90000000006AA000053
:1084F800000013AB0000000018AC0000000001AD44
:108508000000000019AE0000000017AF00000000D6
:1085180019B00000000018B1000000000EB2000001
:10852800010017B40000000003B50000000014B6F5
:108538000000010017B8000000000EB9000000009C
:1085480006BA0000000012BB000000000EBC0000CC
:10855800020014BF0000000003C00000160018D776
:108568000000000003D80000060004DF000000003F
:1085780003E00000160018F70000000003F80000F0
:108588003F00043801000000033901000F000449CE
:1085980001000000034A01004200048D01000000B0
:1085A800038E01000C00049B01000000039C0100E5
:1085B8000D0004AA0100010003AC01000D0004BA7B
:1085C8000100000006BB0100000003BC010001001F
:1085D80004BE0100000003BF0100000006C0010046
:1085E800030003C40100000007C50100000003C622
:1085F8000100010007C80100000003C901000100D3
:1086080007CB0100000003CC0100230004F00100A7
:10861800000003F10100000007F20100000003F36D
:1086280001002D00042102000000032202001100B5
:10863800043402000500033A02001A00045502003F
:10864800000003560200010004580200000003590C
:1086580002000000045A02000000035B020001004F
:10866800045D0200020003600200010004620200CF
:1086780000000363020000000464020000000365B8
:108688000200010004670200000003680200040001
:10869800046D02000100036F020000000470020074
:1086A8000000037102000100047302000100037559
:1086B80002000000047602000600037D02000000AC
:1086C800047E020001000380020000000481020011
:1086D80000000382020001000484020002000387F4
:1086E80002000500048D020004000392020000004D
:1086F80004930200000006940200000004950200A2
:108708000700039D02000100049F0200100005B04D
:108718000200110017C20200030005C602000B0088
:1087280017D202000D0005E00200040017E5020060
:10873800060005EC0200000017ED0200000005EE3F
:108748000200000017EF020010000B0003006F008A
:10875800037003000300057403000000177503008D
:108768000000037603000100057A03000000037B84
:1087780003000200147E03000000037F03000000D2
:108788001784030001000386030000001487030018
:108798000000038803000200038C03000000038E1E
:1087A800030001000490030000000391030010007F
:1087B80003A303000C0004B00300000003B103008E
:1087C800200008D20300020003D50300200018F699
:1087D8000300000003F70300040004FC030000008A
:1087E80003FD030084001982040000000B830400C9
:1087F80004000A8804000100038A0400A50003316C
:1088080005002500055905000000145A050005005B
:1088180004600500000003610500250004870500C9
:108828000100148905000000108A05000000198D58
:1088380005000100168F050000000B9105002C00B3
:1088480010BE050000000BBF0500000014C00500A5
:1088580000000BC10500010014C3050000000BC493
:108868000500010014C6050000000BC70500000044
:1088780006D005001A0006EF0500030014F30500F2
:108888000100010006000500180606000200140990
:1088980006000100160B06000000140C060001007B
:1088A800190E060001000B1006000A00141B060032
:1088B8000000011C06000000141D0600020006202E
:1088C80006001F00054006000000064106000900DA
:1088D8000B4B060014000C6006000900146A060021
:1088E8000300066E060001000B700600000006710A
:1088F8000600620014D40600000006D50600000039
:108908000BD60600060001DD0600000019DE060091
:1089180000000BDF0600050005E5060001000BE777
:108928000600010019E9060000000BEA0600030032
:1089380006EE060001000CF00600090006FA060023
:10894800020019FD0600010006FF060000001400E1
:1089580007000D00010F07000000061007000000C7
:108968000B1107000000061207001D000B3007005E
:108978001A00064D070058000BA607000A0006B1AA
:10898800070000000CC00700090006CA0700200005
:108998000BEB0700080005F40700010019F60700B3
:1089A800000014F70700020005FA070000000BFD9D
:1089B8000700000016FE0700010006000800150069
:1089C8000B1608000300051A080000000B1B08001E
:1089D80008000524080000000B25080002000528EF
:1089E800080000000B2908000400143008000E00DD
:1089F8000640080018000B5908000200145E080021
:108A08000000066008000A000670080017001788B2
:108A18000800000006890800050001900800010010
:108A28000B980800070006A00800280005C90800E0
:108A380000000BCA0800170001E2080000000BE361
:108A480008001F000903090000000604090035009A
:108A58000B3A09000000093B090000000B3C090023
:108A68000000063D09000000093E090002000B4114
:108A7800090007000949090003000B4D090000001F
:108A8800094E090001000650090000000B510900B9
:108A980006000658090009000B6209000100146469
:108AA800090001000C6609000900147009000000A3
:108AB800057109000000067209000E000B8109000B
:108AC8000000098209000100068509000700068FD9
:108AD8000900010006930900150006AA090006000E
:108AE80006B20900000006B6090003000BBC090025
:108AF800000006BD0900000009BE090002000BC104
:108B08000900030009C70900010009CB0900010099
:108B18000BCD0900000006CE0900000009D70900A6
:108B2800000006DC0900010006DF090002000BE274
:108B3800090001000CE60900090006F0090001001F
:108B480016F2090001000EF40900050019FA0900DF
:108B5800000016FB0900000006FC0900000014FDD7
:108B6800090000000BFE090000000B010A000100CB
:108B780009030A00000006050A000500060F0A009E
:108B8800010006130A001500062A0A00060006322C
:108B98000A00010006350A00010006380A00010033
:108BA8000B3C0A000000093E0A0002000B410A00C3
:108BB80001000B470A0001000B4B0A0002000B5191
:108BC8000A00000006590A000300065E0A000000B9
:108BD8000C660A0009000B700A00010006720A0000
:108BE80002000B750A00000014760A0000000B81D1
:108BF8000A00010009830A00000006850A0008002F
:108C0800068F0A00020006930A00150006AA0A0049
:108C1800060006B20A00010006B50A0004000BBCF3
:108C28000A00000006BD0A00000009BE0A00020092
:108C38000BC10A0004000BC70A00010009C90A0099
:108C4800000009CB0A0001000BCD0A00000006D085
:108C58000A00000006E00A0001000BE20A00010019
:108C68000CE60A00090014F00A00000016F10A00D8
:108C7800000006F90A0000000BFA0A0005000B01C3
:108C88000B00000009020B00010006050B0007009D
:108C9800060F0B00010006130B001500062A0B0037
:108CA800060006320B00010006350B0004000B3CE1
:108CB8000B000000063D0B000000093E0B00000001
:108CC8000B3F0B00000009400B0000000B410B009C
:108CD800030009470B000100094B0B0001000B4D75
:108CE8000B0000000B550B00010009570B0000009A
:108CF800065C0B000100065F0B0002000B620B0014
:108D080001000C660B00090019700B0000000671C9
:108D18000B0000000E720B0005000B820B00000018
:108D280006830B00000006850B000500068E0B006D
:108D3800020006920B00030006990B000100069C36
:108D48000B000000069E0B00010006A30B000100AB
:108D580006A80B00020006AE0B000B0009BE0B00B4
:108D680001000BC00B00000009C10B00010009C67F
:108D78000B00020009CA0B0002000BCD0B0000001B
:108D880006D00B00000009D70B0000000CE60B0012
:108D980009000EF00B00020019F30B00050016F98C
:108DA8000B00000019FA0B0000000B000C0000007B
:108DB80009010C0002000B040C00000006050C0061
:108DC8000700060E0C00020006120C001600062A08
:108DD8000C000F000B3C0C000000063D0C000000CE
:108DE8000B3E0C00020009410C0003000B460C006E
:108DF80002000B4A0C0003000B550C00010006583A
:108E08000C000200065D0C00000006600C0001006A
:108E18000B620C0001000C660C00090014770C00B2
:108E280000000E780C000600197F0C000000068078
:108E38000C0000000B810C00000009820C000100EE
:108E480014840C00000006850C000700068E0C0038
:108E5800020006920C00160006AA0C00090006B5CE
:108E68000C0004000BBC0C00000006BD0C00000048
:108E780009BE0C0000000BBF0C00000009C00C006C
:108E880004000BC60C00000009C70C00010009CA49
:108E98000C0001000BCC0C00010009D50C000100EE
:108EA80006DD0C00010006E00C0001000BE20C00DE
:108EB80001000CE60C00090006F10C0001000B0093
:108EC8000D00010009020D00010006040D00080054
:108ED800060E0D00020006120D0028000B3B0D00C7
:108EE8000100063D0D000000093E0D0002000B4187
:108EF8000D00030009460D000200094A0D0002009A
:108F08000B4D0D000000064E0D000000194F0D001E
:108F1800000006540D00020009570D0000000E580D
:108F28000D000600065F0D0002000B620D00010037
:108F38000C660D0009000E700D00080019790D006F
:108F48000000067A0D0005000B810D000000098263
:108F58000D00010006850D001100069A0D0017008E
:108F680006B30D00080006BD0D00000006C00D0088
:108F780006000BCA0D00000009CF0D0002000BD23D
:108F88000D0002000BD60D00000009D80D000700E7
:108F98000CE60D00090009F20D00010014F40D00A3
:108FA800000006010E002F000B310E0000000632F3
:108FB8000E0001000B340E000600163F0E000000E4
:108FC80006400E00050005460E0000000B470E0087
:108FD8000700144F0E0000000C500E000900145A30
:108FE8000E00010006810E00010006840E0000003C
:108FF80006860E000400068C0E00170006A50E005B
:10900800000006A70E0009000BB10E00000006B212
:109018000E0001000BB40E00080006BD0E00000093
:1090280006C00E00040005C60E0000000BC80E00A6
:1090380005000CD00E00090006DC0E000300060037
:109048000F00000019010F00020014040F000E00A9
:1090580019130F00000014140F00000019150F0059
:1090680002000B180F000100191A0F0005000C2050
:109078000F0009000E2A0F00090019340F00000024
:109088000B350F00000019360F0000000B370F00DA
:10909800000019380F0000000B390F000000153AC6
:1090A8000F000000113B0F000000153C0F000000EE
:1090B800113D0F000000093E0F00010006400F009F
:1090C800070006490F0023000B710F000D00097FF0
:1090D8000F0000000B800F00040014850F00000033
:1090E8000B860F00010006880F0004000B8D0F008F
:1090F8000A000B990F00230019BE0F0007000BC6CA
:109108000F00000019C70F00050019CE0F0001005D
:1091180014D00F00040019D50F00030014D90F0054
:109128000100060010002A00092B100001000B2D79
:10913800100003000931100000000B321000050078
:109148000938100000000B3910000100093B10001D
:1091580001000B3D10000100063F100000000C400C
:1091680010000900144A1000050006501000050000
:109178000956100001000B5810000100065A100093
:1091880003000B5E10000200066110000000096277
:1091980010000200066510000100096710000600B3
:1091A800066E100002000B71100003000675100017
:1091B8000C000B82100000000983100001000B85D1
:1091C800100001000987100005000B8D1000000039
:1091D800068E10000000098F100000000C9010008F
:1091E8000900099A100002000B9D10000000199E4A
:1091F8001000010003A01000250003C710000000A4
:1092080003CD1000000003D010002A0014FB10004A
:10921800000005FC1000000003FD1000020006001D
:1092280011004801064A1200030006501200060009
:10923800065812000000065A1200030006601200C9
:109248002800068A1200030006901200200006B2C9
:109258001200030006B81200060006C01200000043
:1092680006C21200030006C812000E0006D812003B
:1092780038000612130003000618130042000B5DA5
:10928800130002001460130008000E691300130095
:10929800068013000F0019901300090003A01300A3
:1092A800550003F813000500100014000000060123
:1092B80014006B02196D16000000146E16000000F1
:1092C800066F160010001C801600000006811600AC
:1092D8001900159B16000000119C1600000006A03E
:1092E80016004A0014EB160002000DEE16000200EC
:1092F80006F1160007000600170011000B121700F0
:109308000200091517000000061F170012000B3293
:109318001700010009341700000014351700010078
:109328000640170011000B521700010006601700D5
:109338000C00066E170002000B7217000100068071
:10934800170033000BB41700010009B6170000001E
:109358000BB71700060009BE170007000BC6170059
:10936800000009C7170001000BC917000A0014D430
:109378001700020005D71700000014D817000200D4
:1093880016DB1700000006DC170000000BDD1700D5
:1093980000000CE0170009000EF017000900140087
:1093A8001800050010061800000014071800030034
:1093B8000B0B18000200010E180000000B0F18001C
:1093C80000000C10180009000620180022000543B0
:1093D8001800000006441800340006801800040035
:1093E8000B85180001000687180021000BA918003A
:1093F800000006AA1800000006B018004500060084
:1094080019001E000B20190002000923190003008F
:109418000B27190001000929190002000930190059
:1094280001000B32190000000933190005000B393F
:109438001900020019401900000014441900010025
:109448000C4619000900065019001D000670190085
:109458000400068019002B0006B0190019000CD072
:10946800190009000EDA1900000019DE19002100A0
:1094780006001A0016000B171A00010009191A0035
:1094880001000B1B1A000000141E1A000100062020
:109498001A00340009551A0000000B561A00000083
:1094A80009571A0000000B581A0006000B601A0032
:1094B800000009611A0000000B621A00000009632D
:1094C8001A0001000B651A000700096D1A00050053
:1094D8000B731A0009000B7F1A0000000C801A0099
:1094E80009000C901A00090014A01A00060005A72C
:1094F8001A00000014A81A0005000BB01A000D008D
:109508000ABE1A0000000BBF1A000F000B001B0058
:10951800030009041B00000006051B002E000B3485
:109528001B00000009351B0000000B361B0004005F
:10953800093B1B0000000B3C1B000000093D1B0001
:1095480004000B421B00000009431B0001000645F4
:109558001B0007000C501B000900145A1B000600D2
:1095680019611B0009000B6B1B00080019741B0014
:109578000800147D1B0001000B801B0001000982FC
:109588001B00000006831B001D0009A11B00000032
:109598000BA21B00030009A61B0001000BA81B005F
:1095A800010009AA1B0000000BAB1B00020006AE5D
:1095B8001B0001000CB01B00090006BA1B002B00A1
:1095C8000BE61B00000009E71B0000000BE81B006E
:1095D800010009EA1B0002000BED1B00000009EE68
:1095E8001B0000000BEF1B00020009F21B0001002A
:1095F80014FC1B00030006001C00230009241C00A7
:1096080007000B2C1C00070009341C0001000B3656
:109618001C000100143B1C0004000C401C00090045
:10962800064D1C0002000C501C000900065A1C00C4
:109638001D0005781C000500147E1C000100038035
:109648001C00080003901C002A0003BD1C00020037
:1096580014C01C0007000BD01C00020014D31C000F
:1096680000000BD41C000C0009E11C0000000BE2F8
:109678001C00060006E91C0003000BED1C0000009E
:1096880006EE1C0005000BF41C00000006F51C008B
:10969800010009F71C0000000BF81C00010006FA85
:1096A8001C00000004001D002B00052C1D003E00BE
:1096B800046B1D000C0005781D00000003791D00D7
:1096C8000000047A1D000200037D1D000000047ED6
:1096D8001D000F00038E1D000000048F1D000B00ED
:1096E800059B1D0024000BC01D003F0003001E0049
:1096F800950004961E000400039B1E000000049CB5
:109708001E000100039E1E000000049F1E000000B2
:1097180003A01E00750003181F00050003201F008A
:10972800250003481F00050004501F0000000351D6
:109738001F00000004521F00000003531F00000018
:1097480004541F00000003551F00000004561F00AA
:10975800000003571F00000003591F000000035BAF
:109768001F000000035D1F000000035F1F001E00B4
:1097780003801F00070007881F00070003901F00D1
:10978800070007981F00070003A01F00070007A88D
:109798001F00070003B01F00010004B21F000000F3
:1097A80003B31F00000004B41F00000004B61F002C
:1097B800010003B81F00030007BC1F00000017BD0D
:1097C8001F00000003BE1F00000017BF1F0002009B
:1097D80004C21F00000003C31F00000004C41F00D0
:1097E800000004C61F00010003C81F00030007CCC7
:1097F8001F00000017CD1F00020003D01F0001004A
:1098080004D21F00010004D61F00010003D81F0066
:10981800030017DD1F00020003E01F00010004E23F
:109828001F00020003E51F00000004E61F000100FE
:1098380003E81F00040017ED1F00020004F21F00D8
:10984800000003F31F00000004F41F00000004F6EA
:109858001F00010003F81F00030007FC1F000000A1
:1098680017FD1F0001001C0020000A00010B20004A
:109878000400101020000500141620000100131821
:1098880020000000121920000000151A2000000016
:10989800131B20000100121D20000000151E2000CF
:1098A8000000131F200000001420200007001A28C1
:1098B800200000001B2920000000012A20000400CD
:1098C8001C2F20000000143020000800133920004D
:1098D8000000123A20000000143B200003000F3F54
:1098E800200001001441200002001844200000005C
:1098F80015452000000011462000000014472000F4
:109908000A001852200000001453200000000F54D1
:10991800200000001455200009001C5F20000000F2
:109928000160200004000166200009000E7020007C
:1099380000000571200000000E7420000500187A50
:1099480020000200157D20000000117E200000008C
:10995800057F200000000E8020000900188A2000E2
:109968000200158D20000000118E200000000590D7
:1099780020000C0016A0200020000BD020000C00B6
:109988000ADD200003000BE1200000000AE22000AD
:1099980002000BE520000B0019002100010008025D
:1099A800210000001903210003000807210000001E
:1099B800190821000100040A21000000080B2100F9
:1099C8000200040E21000100081021000200041307
:1099D80021000000191421000000081521000000D2
:1099E800191621000100181821000000081921008B
:1099F8000400191E21000500082421000000192573
:109A08002100000003262100000019272100000082
:109A1800082821000000192921000000032A21003C
:109A28000100082C21000100192E21000000042F3C
:109A3800210000000830210001000332210000004D
:109A480008332100000004342100000006352100FD
:109A58000300043921000000193A21000100043CE8
:109A680021000100083E21000100184021000400E7
:109A7800084521000000044621000300194A21007E
:109A88000000184B21000000194C21000100034E72
:109A980021000000194F210000000E5021000F0086
:109AA8000D60210022000383210001000D852100A3
:109AB80003000E8921000000198A21000100189076
:109AC80021000400199521000400189A21000100C2
:109AD800199C2100030018A02100000019A12100F1
:109AE800010018A32100000019A42100010018A6F4
:109AF8002100000019A72100060018AE210000006F
:109B080019AF21001E0018CE2100010019D0210034
:109B1800010018D22100000019D32100000018D438
:109B28002100000019D521001E0018F421000B01A6
:109B3800190023000700150823000000110923005D
:109B48000000150A23000000110B23000000190C67
:109B58002300130018202300010019222300060007
:109B6800152923000000112A23000000192B2300C7
:109B78005000187C23000000197D23001D00189B4D
:109B88002300180019B42300270018DC230005005F
:109B980019E223004400194024000A000E60240042
:109BA8003B00199C24004D000EEA24001500190002
:109BB8002500B60018B72500000019B825000800D0
:109BC80018C12500000019C22500350018F8250025
:109BD8000700190026006E00186F26000000197093
:109BE8002600F7001568270000001169270000000B
:109BF800156A27000000116B27000000156C27006C
:109C08000000116D27000000156E27000000116F7D
:109C180027000000157027000000117127000000C0
:109C28001572270000001173270000001574270023
:109C380000001175270000000E7627001D001994FA
:109C480027002B0018C02700040015C527000000B6
:109C580011C62700000018C727001E0015E62700B8
:109C6800000011E72700000015E82700000011E9AF
:109C78002700000015EA2700000011EB270000006C
:109C880015EC2700000011ED2700000015EE270055
:109C9800000011EF2700000018F027000F0019003E
:109CA8002800FF0018002900820015832900000001
:109CB800118429000000158529000000118629005B
:109CC8000000158729000000118829000000158967
:109CD80029000000118A29000000158B29000000C6
:109CE800118C29000000158D29000000118E290013
:109CF8000000158F2900000011902900000015911F
:109D08002900000011922900000015932900000085
:109D180011942900000015952900000011962900CA
:109D280000001597290000001198290000001899D3
:109D380029003E0015D82900000011D9290000008B
:109D480015DA2900000011DB2900000018DC2900C1
:109D58001F0015FC2900000011FD2900000018FE55
:109D68002900010119002B002F0018302B001400C6
:109D780019452B00010018472B000500194D2B0031
:109D8800260019762B001F0019972B006800030086
:109D98002C00700004712C00000003722C000100DC
:109DA80004742C00000003752C00010004772C00BB
:109DB8000400057C2C000100037E2C00650004E4EF
:109DC8002C00000019E52C00050003EB2C00030013
:109DD8000BEF2C00020003F22C00010014F92C00F8
:109DE80003000EFD2C00000014FE2C0001000300EF
:109DF8002D00250003272D000000032D2D00000055
:109E080006302D003700056F2D00000014702D005E
:109E180000000B7F2D00000006802D00160006A014
:109E28002D00060006A82D00060006B02D0006002D
:109E380006B82D00060006C02D00060006C82D0035
:109E4800060006D02D00060006D82D0006000BE0FF
:109E58002D001F0014002E00010013022E00000028
:109E680012032E00000013042E00000012052E001D
:109E7800000014062E00020013092E000000120A2A
:109E88002E000000140B2E000000130C2E00000002
:109E9800120D2E000000140E2E00080010172E00C0
:109EA800000014182E000100101A2E000000141BC8
:109EB8002E000000131C2E000000121D2E000000B2
:109EC800141E2E00010013202E00000012212E0067
:109ED800000015222E00000011232E00000015247A
:109EE8002E00000011252E00000015262E0000006F
:109EF80011272E00000015282E00000011292E0021
:109F08000000142A2E000400052F2E000000143033
:109F18002E000900103A2E000100143C2E00030008
:109F280010402E00000014412E00000015422E00A3
:109F3800000014432E000C0019502E00010014528A
:109F48002E00020015552E00000011562E000000AC
:109F580015572E00000011582E00000015592E002C
:109F68000000115A2E000000155B2E000000115C45
:109F78002E000000105D2E00000019802E00190030
:109F8800199B2E00580019002F00D50019F02F003A
:109F98000B001C00300000001401300002001904FE
:109FA8003000000005053000000006063000000003
:109FB8000D073000000015083000000011093000BE
:109FC8000000150A30000000110B30000000150CCD
:109FD80030000000110D30000000150E30000000A8
:109FE800110F300000001510300000001111300072
:109FF800000019123000010015143000000011157E
:10A008003000000015163000000011173000000065
:10A01800151830000000111930000000151A300022
:10A028000000111B30000000101C30000000151D3E
:10A0380030000000111E300001001920300000001F
:10A048000D21300008000B2A30000300092E3000D3
:10A0580001001030300000000531300004001936CE
:10A06800300001000D3830000200053B30000000D0
:10A07800063C30000000143D30000000193E30005E
:10A0880001000641300055000B9930000100179B74
:10A0980030000100059D30000100069F30000000DF
:10A0A80010A03000000006A13000590014FB300059
:10A0B800000005FC3000020006FF30000000060525
:10A0C80031002A00063131005D001990310001008D
:10A0D8000E923100030019963100090006A03100E4
:10A0E8001F0019C03100230006F031000F001900CD
:10A0F80032001E000E2032000900192A32001D000D
:10A108000E48320007001950320000000E5132008C
:10A118000E00196032001F000E8032000900198AF3
:10A12800320026000EB132000E0019C032003F0185
:10A1380006003400BF1919C04D003F0006004E004C
:10A1480014520515A00000000616A0007604199008
:10A15800A400360006D0A400270005F8A4000500D6
:10A1680014FEA40001000600A5000B01050CA600C2
:10A178000000140DA60002000610A6000F000C2017
:10A18800A6000900062AA60001000340A6002D002B
:10A19800066EA60000000B6FA60000000A70A6005D
:10A1A80002001473A60000000B74A6000900147EB8
:10A1B800A6000000057FA60000000380A6001B0083
:10A1C800059CA60001000B9EA600010006A0A600A3
:10A1D80045000DE6A60009000BF0A600010014F2E8
:10A1E800A60005001700A70016000517A70008001D
:10A1F8001720A70001000322A7000D000430A700C4
:10A2080001000332A7003D000570A700000004719B
:10A21800A70007000379A7000E000588A700000023
:10A228001789A7000100038BA7000200048EA7006E
:10A238000000068FA70000000390A7000400049503
:10A24800A70000000396A700180004AFA7000000AD
:10A2580003B0A7001A0003D0A700010004D3A70089
:10A26800000004D5A700000003D6A700030005F2EC
:10A27800A700020003F5A700010006F7A7000000E9
:10A2880005F8A700010004FAA700000006FBA700D4
:10A2980006000B02A80000000603A80002000B0637
:10A2A800A80000000607A80003000B0BA800000088
:10A2B800060CA80016000923A80001000B25A80019
:10A2C80001000927A80000001928A80003000B2C8A
:10A2D800A80000000E30A80005001936A8000100EB
:10A2E8001638A80000001939A80000000640A80088
:10A2F80033001474A80003000980A8000100068236
:10A30800A800310009B4A8000F000BC4A800010080
:10A3180014CEA80001000CD0A80009000BE0A8008A
:10A32800110006F2A800050014F8A800020006FBB8
:10A33800A800000014FCA800000006FDA800010009
:10A348000BFFA80000000C00A9000900060AA900DC
:10A358001B000B26A9000700142EA90001000630D7
:10A36800A90016000B47A9000A000952A90001001C
:10A37800145FA90000000660A9001C000B80A9005A
:10A3880002000983A90000000684A9002E000BB36F
:10A39800A900000009B4A90001000BB6A900030038
:10A3A80009BAA90001000BBCA900010009BEA90057
:10A3B800020014C1A9000C0005CFA90000000CD0B0
:10A3C800A900090014DEA900010006E0A9000400A4
:10A3D8000BE5A900000005E6A900000006E7A900B2
:10A3E80008000CF0A900090006FAA90004000600FC
:10A3F800AA0028000B29AA000500092FAA000100BD
:10A408000B31AA0001000933AA0001000B35AA008C
:10A4180001000640AA0002000B43AA0000000644FF
:10A42800AA0007000B4CAA000000094DAA00000072
:10A438000C50AA000900145CAA0003000660AA00D8
:10A448000F000570AA0000000671AA000500197720
:10A45800AA000200067AAA000000097BAA000000F0
:10A468000B7CAA000000097DAA000000067EAA0055
:10A4780031000BB0AA00000006B1AA0000000BB220
:10A48800AA00020006B5AA0001000BB7AA00010045
:10A4980006B9AA0004000BBEAA00010006C0AA0063
:10A4A80000000BC1AA00000006C2AA00000006DBDB
:10A4B800AA00010005DDAA00000014DEAA000100C0
:10A4C80006E0AA000A0009EBAA0000000BECAA00AB
:10A4D800010009EEAA00010014F0AA00010006F22A
:10A4E800AA00000005F3AA00010009F5AA0000006F
:10A4F8000BF6AA0000000601AB0005000609AB0038
:10A5080005000611AB0005000620AB000600062872
:10A51800AB0006000430AB0022000353AB00000080
:10A528000454AB000600175BAB000000055CAB00F1
:10A5380003000460AB0008000569AB000000176A5F
:10A54800AB0001000370AB004F0006C0AB00220057
:10A5580009E3AB0001000BE5AB00000009E6AB0026
:10A5680001000BE8AB00000009E9AB00010014EBA7
:10A57800AB00000009ECAB0000000BEDAB000000E5
:10A588000CF0AB0009000600AC00A32B06B0D70006
:10A59800160006CBD70030000200D800FF070600DF
:10A5A800F9006D010670FA0069000400FB0006005E
:10A5B8000413FB000400061DFB0000000B1EFB003B
:10A5C8000000061FFB0009001829FB000000062AEE
:10A5D800FB000C000638FB000400063EFB000000F0
:10A5E8000640FB0001000643FB0001000646FB0095
:10A5F8006B0017B2FB00100006D3FB006A01113E86
:10A60800FD000000153FFD0000001940FD000F008F
:10A618000650FD003F000692FD00350019CFFD00F1
:10A62800000006F0FD000B0016FCFD00000019FDFF
:10A63800FD0002000B00FE000F001410FE000600D3
:10A648001517FE0000001118FE0000001419FE0086
:10A6580000000B20FE000F001430FE000000103137
:10A66800FE0001000F33FE0001001535FE0000005A
:10A678001136FE0000001537FE0000001138FE00FC
:10A6880000001539FE000000113AFE000000153BDD
:10A69800FE000000113CFE000000153DFE00000019
:10A6A800113EFE000000153FFE0000001140FE00B4
:10A6B80000001541FE0000001142FE000000154395
:10A6C800FE0000001144FE0000001445FE000100D9
:10A6D8001547FE0000001148FE0000001449FE0066
:10A6E80003000F4DFE0002001450FE000200145437
:10A6F800FE0003001058FE0000001559FE0000007F
:10A70800115AFE000000155BFE000000115CFE00FF
:10A718000000155DFE000000115EFE000000145FE1
:10A72800FE0002001862FE0000001063FE00000038
:10A738001864FE0002001468FE0000001669FE009E
:10A748000000146AFE0001000670FE000400067690
:10A75800FE00860001FFFE0000001401FF00020059
:10A768001604FF0000001405FF0002001508FF0092
:10A7780000001109FF000000140AFF000000180B78
:10A78800FF000000140CFF000000100DFF00000087
:10A79800140EFF0001000C10FF000900141AFF003E
:10A7A8000100181CFF000200141FFF000100032114
:10A7B800FF001900153BFF000000143CFF000000DB
:10A7C800113DFF000000173EFF0000000F3FFF0093
:10A7D80000001740FF0000000341FF001900155B4F
:10A7E800FF000000185CFF000000115DFF00000082
:10A7F800185EFF000000155FFF0000001160FF00F9
:10A8080000001461FF0000001562FF0000001163E2
:10A81800FF0000001464FF0001000666FF00090045
:10A828000570FF0000000671FF002C00059EFF0068
:10A83800010006A0FF001E0006C2FF00050006CAB0
:10A84800FF00050006D2FF00050006DAFF0002003F
:10A8580016E0FF00010018E2FF00000017E3FF0008
:10A86800000019E4FF00000016E5FF00010019E8E8
:10A87800FF00000018E9FF00030019EDFF000100C8
:10A8880001F9FF00020019FCFF00010006000001A9
:10A898000B00060D00011900062800011200063CF5
:10A8A80000010100063F00010E00065000010D00E6
:10A8B800068000017A001400010102000E07010160
:10A8C8002C001937010108000D40010134000E75F4
:10A8D800010103001979010110000E8A010101002C
:10A8E800198C01010200199001010C0019A0010145
:10A8F800000019D001012C000BFD010100000680A9
:10A9080002011C0006A0020130000BE00201000059
:10A918000EE102011A00060003011F000E200301C8
:10A928000300062D030113000D4103010000064238
:10A93800030107000D4A030100000650030125002A
:10A948000B7603010400068003011D00149F030118
:10A95800000006A00301230006C80301070014D065
:10A96800030100000DD103010400030004014F009E
:10A97800065004014D000CA00401090003B00401B5
:10A98800230003D804012300060005012700063030
:10A9980005013300146F05010000037005010A006A
:10A9A800037C05010E00038C0501060003940501D4
:10A9B8000100039705010A0003A305010E0003B374
:10A9C8000501060003BB050101000600060136016A
:10A9D800064007011500066007010700058007010A
:10A9E800050005870701290005B2070108000600D0
:10A9F80008010500060808010000060A08012B00E6
:10AA0800063708010100063C08010000063F08015E
:10AA180016001457080100000E58080107000660C8
:10AA2800080116001977080101000E7908010600CF
:10AA3800068008011E000EA70801080006E00801AC
:10AA4800120006F4080101000EFB080104000600CC
:10AA5800090115000E1609010500141F090100005F
:10AA6800062009011900143F0901000006800901A8
:10AA780037000EBC0901010006BE090101000EC025
:10AA880009010F000ED209012D0006000A0100007D
:10AA98000B010A0102000B050A0101000B0C0A0157
:10AAA800030006100A01030006150A010200061930
:10AAB8000A011C000B380A0102000B3F0A010000C2
:10AAC8000E400A01080014500A01080006600A0135
:10AAD8001C000E7D0A010100147F0A010000068097
:10AAE8000A011C000E9D0A01020006C00A010700A7
:10AAF80019C80A01000006C90A011B000BE50A0172
:10AB080001000EEB0A01040014F00A010600060019
:10AB18000B01350014390B01060006400B01150026
:10AB28000E580B01070006600B0112000E780B018E
:10AB3800070006800B01110014990B0103000EA9F0
:10AB48000B01060006000C01480003800C013200CE
:10AB580003C00C0132000EFA0C01050006000D01BD
:10AB680023000B240D0103000C300D0109000E60B9
:10AB78000E011E0006800E0129000BAB0E0101001C
:10AB880010AD0E01000006B00E01010006000F0115
:10AB98001C000E1D0F01090006270F0100000630DA
:10ABA8000F0115000B460F010A000E510F0103009B
:10ABB80014550F01040006700F0111000B820F01DC
:10ABC800030014860F01030006B00F0114000EC520
:10ABD8000F01060006E00F01160009001001000031
:10ABE8000B0110010000090210010000060310010A
:10ABF80034000B3810010E001447100106000E52E5
:10AC0800100113000C66100109000B701001000000
:10AC18000671100101000B73100101000675100187
:10AC280000000B7F1001020009821001000006835A
:10AC380010012C0009B0100102000BB31001030031
:10AC480009B7100101000BB91001010014BB100174
:10AC5800010001BD1001000014BE100103000BC269
:10AC68001001000001CD1001000006D010011800ED
:10AC78000CF0100109000B0011010200060311017C
:10AC880023000B2711010400092C110100000B2DD2
:10AC9800110107000C3611010900144011010300CD
:10ACA8000644110100000945110101000647110180
:10ACB80000000650110122000B73110100001474EA
:10ACC800110101000676110100000B80110101003D
:10ACD800098211010000068311012F0009B3110137
:10ACE80002000BB61101080009BF1101010006C1DD
:10ACF8001101030014C5110103000BC91101030060
:10AD080014CD1101000009CE110100000BCF110173
:10AD180000000CD01101090006DA1101000014DB53
:10AD28001101000006DC1101000014DD1101020010
:10AD38000EE11101130006001201110006131201A1
:10AD48001800092C120102000B2F1201020009320F
:10AD5800120101000B341201000009351201000034
:10AD68000B36120101001438120105000B3E1201C6
:10AD78000000068012010600068812010000068AFB
:10AD880012010300068F12010E00069F120109002E
:10AD980014A91201000006B012012E000BDF1201E7
:10ADA800000009E0120102000BE3120107000CF099
:10ADB800120109000B00130101000902130101002F
:10ADC800060513010700060F1301010006131301FE
:10ADD8001500062A13010600063213010100063584
:10ADE800130104000B3B13010100063D1301000091
:10ADF800093E130101000B40130100000941130132
:10AE08000300094713010100094B13010200065012
:10AE180013010000095713010000065D1301040027
:10AE28000962130101000B66130106000B70130180
:10AE380004000600140134000935140102000B381F
:10AE4800140107000940140101000B42140102001B
:10AE58000945140100000B461401000006471401BF
:10AE68000300144B140104000C5014010900145A77
:10AE780014010100145D140100000B5E14010000B0
:10AE8800065F14010200068014012F0009B01401A6
:10AE980002000BB31401050009B9140100000BBA34
:10AEA8001401000009BB140103000BBF14010100C9
:10AEB80009C1140100000BC21401010006C41401E9
:10AEC800010014C61401000006C7140100000CD0CC
:10AED80014010900068015012E0009AF15010200B2
:10AEE8000BB21501030009B8150103000BBC1501CD
:10AEF800010009BE150100000BBF1501010014C1B6
:10AF08001501160006D8150103000BDC1501010018
:10AF1800060016012F000930160102000B33160136
:10AF28000700093B160101000B3D16010000093E10
:10AF3800160100000B3F1601010014411601020022
:10AF48000644160100000C50160109001460160191
:10AF58000C00068016012A000BAB1601000009AC94
:10AF6800160100000BAD1601000009AE1601010024
:10AF78000BB01601050009B6160100000BB7160143
:10AF8800000006B81601000014B9160100000CC034
:10AF980016010900060017011A000B1D170102000F
:10AFA8000920170101000B221701030009261701C8
:10AFB80000000B27170104000C30170109000E3A96
:10AFC80017010100143C17010200193F1701000086
:10AFD800064017010600060018012B00092C18016D
:10AFE80002000B2F180108000938180100000B395E
:10AFF80018010100143B1801000003A018013F00CC
:10B008000CE0180109000EEA1801080006FF1801F3
:10B018000700060919010000060C190107000615AA
:10B028001901010006181901170009301901050056
:10B038000937190101000B3B19010100093D1901EC
:10B0480000000B3E19010000063F190100000940ED
:10B058001901000006411901000009421901000008
:10B068000B43190100001444190102000C50190186
:10B07800090006A01901070006AA1901260009D12E
:10B08800190102000BD4190103000BDA19010100A0
:10B0980009DC190103000BE01901000006E11901A0
:10B0A800000014E21901000006E31901000009E498
:10B0B8001901000006001A0100000B011A0109001D
:10B0C800060B1A0127000B331A01050009391A016A
:10B0D8000000063A1A0100000B3B1A010300143F56
:10B0E8001A0107000B471A01000006501A01000058
:10B0F8000B511A01050009571A0101000B591A01D1
:10B108000200065C1A012D000B8A1A010C0009972F
:10B118001A0100000B981A010100149A1A01020082
:10B12800069D1A010000149E1A01040006B01A01B7
:10B13800480006001C010800060A1C012400092F0B
:10B148001C0100000B301C0106000B381C01050017
:10B15800093E1C0100000B3F1C01000006401C01B9
:10B16800000014411C0104000C501C0109000E5A77
:10B178001C01120014701C01010006721C011D0044
:10B188000B921C01150009A91C0100000BAA1C0147
:10B19800060009B11C0100000BB21C01010009B432
:10B1A8001C0100000BB51C01010006001D01060072
:10B1B80006081D010100060B1D0125000B311D01AC
:10B1C80005000B3A1D0100000B3C1D0101000B3F5F
:10B1D8001D01060006461D0100000B471D01000069
:10B1E8000C501D01090006601D01050006671D01C0
:10B1F8000100066A1D011F00098A1D0104000B9049
:10B208001D01010009931D0101000B951D0100009E
:10B2180009961D0100000B971D01000006981D01ED
:10B2280000000CA01D01090006E01E0112000BF32E
:10B238001E01010009F51E01010014F71E0101009D
:10B2480006B01F0100000EC01F01140019D51F0110
:10B25800070016DD1F01030019E11F01100014FF8C
:10B268001F0100000600200199030D0024016E0053
:10B2780014702401040006802401C30006902F01E5
:10B28800600014F12F010100060030012E04013086
:10B29800340108000600440146020600680138022D
:10B2A80006406A011E000C606A010900146E6A01FA
:10B2B800010006706A014E000CC06A01090006D040
:10B2C8006A011D000BF06A01040014F56A01000010
:10B2D80006006B012F000B306B01060014376B0161
:10B2E8000400193C6B01030005406B010300144482
:10B2F8006B01000019456B0100000C506B0109003F
:10B308000E5B6B01060006636B011400067D6B0182
:10B31800120003406E013F000E806E011600149764
:10B328006E01030006006F014A000B4F6F01000019
:10B3380006506F01000009516F0136000B8F6F0135
:10B34800030005936F010C0005E06F01010014E292
:10B358006F01000005E36F0100000BE46F010000BE
:10B3680009F06F01010006007001F7170600880157
:10B37800D50406008D01080005F0AF01030005F5AE
:10B38800AF01060005FDAF0101000600B001220172
:10B398000650B10102000664B10103000670B10154
:10B3A8008B010600BC016A000670BC010C00068017
:10B3B800BC0108000690BC010900199CBC010000F2
:10B3C8000B9DBC010100149FBC01000001A0BC0141
:10B3D80003000B00CF012D000B30CF0116001950D0
:10B3E800CF0173001900D001F5001900D101260022
:10B3F8001929D1013B000965D10101000B67D10171
:10B408000200196AD1010200096DD101050001731A
:10B41800D10107000B7BD10107001983D10101007D
:10B428000B85D1010600198CD1011D000BAAD10191
:10B43800030019AED1013C001900D20141000B42B2
:10B44800D20102001945D20100000EE0D20113001A
:10B458001900D30156000E60D30118000800D4016A
:10B468001900041AD40119000834D4011900044E33
:10B47800D40106000456D40111000868D40119004B
:10B488000482D4011900089CD4010000089ED4014C
:10B49800010008A2D401000008A5D401010008A9F0
:10B4A800D401030008AED401070004B6D401030098
:10B4B80004BBD401000004BDD401060004C5D401B6
:10B4C8000A0008D0D401190004EAD40119000804BC
:10B4D800D50101000807D5010300080DD5010700B3
:10B4E8000816D5010600041ED50119000838D50133
:10B4F8000100083BD50103000840D50104000846B7
:10B50800D5010000084AD50106000452D5011900EA
:10B51800086CD50119000486D501190008A0D501C9
:10B52800190004BAD501190008D4D501190004EE90
:10B53800D50119000808D60119000422D6011900FE
:10B54800083CD60119000456D60119000870D60126
:10B558001900048AD6011B0008A8D601180018C1D2
:10B56800D601000004C2D601180018DBD60100007D
:10B5780004DCD601050008E2D601180018FBD60144
:10B58800000004FCD60118001815D70100000416A5
:10B59800D7010500081CD70118001835D70100008D
:10B5A8000436D7011800184FD70100000450D701FE
:10B5B80005000856D7011800186FD701000004705D
:10B5C800D70118001889D7010000048AD70105009F
:10B5D8000890D701180018A9D701000004AAD701BC
:10B5E800180018C3D701000004C4D701050008CA11
:10B5F800D701000004CBD70100000CCED7013100E1
:10B608001900D801FF010B00DA0136001937DA01F9
:10B6180003000B3BDA013100196DDA0107000B75E5
:10B62800DA0100001976DA010D000B84DA01000056
:10B638001985DA0101001487DA0104000B9BDA018D
:10B6480004000BA1DA010E000400DF010900060A5C
:10B65800DF010000040BDF0113000B00E00106000E
:10B668000B08E00110000B1BE00106000B23E001B2
:10B6780001000B26E00104000600E1012C000B305C
:10B68800E10106000537E10106000C40E10109006F
:10B69800064EE1010000194FE10100000690E201A9
:10B6A8001D000BAEE201000006C0E2012B000BEC0E
:10B6B800E20103000CF0E201090016FFE2010000BC
:10B6C80006E0E701060006E8E701030006EDE701EA
:10B6D800010006F0E7010E000600E801C4000EC7ED
:10B6E800E80108000BD0E80106000300E901430067
:10B6F8000B44E9010600054BE90100000C50E90183
:10B708000900145EE90101000E71EC013A0019AC60
:10B71800EC0100000EADEC01020016B0EC010000D7
:10B728000EB1EC0103000E01ED012C00192EED0104
:10B7380000000E2FED010E000600EE0103000605C5
:10B74800EE011A000621EE0101000624EE010000B8
:10B758000627EE0100000629EE0109000634EE0175
:10B7680003000639EE010000063BEE010000064228
:10B77800EE0100000647EE0100000649EE01000058
:10B78800064BEE010000064DEE0102000651EE01E7
:10B7980001000654EE0100000657EE0100000659AC
:10B7A800EE010000065BEE010000065DEE01000000
:10B7B800065FEE0100000661EE0101000664EE017D
:10B7C80000000667EE010300066CEE010600067431
:10B7D800EE0103000679EE010300067EEE0100008B
:10B7E8000680EE010900068BEE01100006A1EE01AD
:10B7F800020006A5EE01040006ABEE01100018F0E9
:10B80800EE0101001900F0012B001930F00163006E
:10B8180019A0F0010E0019B1F0010E0019C1F001D4
:10B828000E0019D1F00124000E00F1010C00190DD1
:10B83800F101A00019E6F1011C001910F2012B001A
:10B848001940F20108001950F20101001960F201D3
:10B8580005001900F301FA0017FBF30104001900B1
:10B86800F401D70219DDF6010F0019F0F6010C00FA
:10B878001900F70173001980F701580019E0F70162
:10B888000B0019F0F70100001900F8010B0019105E
:10B89800F80137001950F80109001960F80127006C
:10B8A8001990F8011D0019B0F80101001900F901FB
:10B8B80053011960FA010D001970FA010400197892
:10B8C800FA0104001980FA0106001990FA011C0017
:10B8D80019B0FA010A0019C0FA01050019D0FA01D5
:10B8E800090019E0FA01070019F0FA010600190029
:10B8F800FB0192001994FB0136000CF0FB010900D2
:10B9080006000002DFA60600A70238100640B702AC
:10B91800DD000620B802811606B0CE02301D0600F2
:10B92800F8021D02060000034A130101000E000080
:10B938000120000E5F000B00010EEF000C5F104E9F
:10B94800154E2A4E314E364E3C4E3F4E424E564EC6
:10B95800584E824E854E6B8C8A4E12820D5F8E4EEB
:10B968009E4E9F4EA04EA24EB04EB34EB64ECE4EF9
:10B97800CD4EC44EC64EC24ED74EDE4EED4EDF4EB5
:10B98800F74E094F5A4F304F5B4F5D4F574F474F58
:10B99800764F884F8F4F984F7B4F694F704F914F1D
:10B9A8006F4F864F964F1851D44FDF4FCE4FD84F19
:10B9B800DB4FD14FDA4FD04FE44FE54F1A502850A4
:10B9C80014502A50255005501C4FF64F215029502D
:10B9D8002C50FE4FEF4F115006504350475003670D
:10B9E8005550505048505A5056506C5078508050CE
:10B9F8009A508550B450B250C950CA50B350C25032
:10BA0800D650DE50E550ED50E350EE50F950F55069
:10BA18000951015102511651155114511A51215110
:10BA28003A5137513C513B513F51405152514C5181
:10BA380054516251F87A69516A516E51805182515C
:10BA4800D8568C5189518F51915193519551965196
:10BA5800A451A651A251A951AA51AB51B351B15108
:10BA6800B251B051B551BD51C551C951DB51E05129
:10BA78005586E951ED51F051F551FE5104520B52E2
:10BA880014520E5227522A522E52335239524F52C2
:10BA980044524B524C525E5254526A52745269523A
:10BAA80073527F527D528D529452925271528852E3
:10BAB8009152A88FA78FAC52AD52BC52B552C15209
:10BAC800CD52D752DE52E352E652ED98E052F3528D
:10BAD800F552F852F9520653085338750D5310535E
:10BAE8000F5315531A5323532F533153335338538A
:10BAF800405346534553174E49534D53D6515E5301
:10BB080069536E5318597B53775382539653A053F6
:10BB1800A653A553AE53B053B653C353127CD9960C
:10BB2800DF53FC66EE71EE53E853ED53FA530154BC
:10BB38003D5440542C542D543C542E5436542954BE
:10BB48001D544E548F5475548E545F547154775409
:10BB5800705492547B548054765484549054865430
:10BB6800C754A254B854A554AC54C454C854A85487
:10BB7800AB54C254A454BE54BC54D854E554E654EF
:10BB88000F551455FD54EE54ED54FA54E2543955FA
:10BB9800405563554C552E555C554555565557558A
:10BBA800385533555D5599558055AF548A559F552D
:10BBB8007B557E5598559E55AE557C558355A95550
:10BBC8008755A855DA55C555DF55C455DC55E45594
:10BBD800D4551456F7551656FE55FD551B56F955AE
:10BBE8004E565056DF7134563656325638566B56C6
:10BBF80064562F566C566A56865680568A56A056F4
:10BC080094568F56A556AE56B656B456C256BC561E
:10BC1800C156C356C056C856CE56D156D356D75617
:10BC2800EE56F9560057FF560457095708570B5751
:10BC38000D57135718571657C7551C5726573757B8
:10BC480038574E573B5740574F576957C057885733
:10BC580061577F5789579357A057B357A457AA5787
:10BC6800B057C357C657D457D257D3570A58D65781
:10BC7800E3570B5819581D587258215862584B5899
:10BC88007058C06B52583D5879588558B9589F58C4
:10BC9800AB58BA58DE58BB58B858AE58C558D358E0
:10BCA800D158D758D958D858E558DC58E458DF58EF
:10BCB800EF58FA58F958FB58FC58FD5802590A59D8
:10BCC80010591B59A66825592C592D5932593859DC
:10BCD8003E59D27A555950594E595A59585962595C
:10BCE800605967596C596959785981599D595E4FFE
:10BCF800AB4FA359B259C659E859DC598D59D9598E
:10BD0800DA59255A1F5A115A1C5A095A1A5A405AAE
:10BD18006C5A495A355A365A625A6A5A9A5ABC5A09
:10BD2800BE5ACB5AC25ABD5AE35AD75AE65AE95AAA
:10BD3800D65AFA5AFB5A0C5B0B5B165B325BD05A2D
:10BD48002A5B365B3E5B435B455B405B515B555B07
:10BD58005A5B5B5B655B695B705B735B755B785BB0
:10BD680088657A5B805B835BA65BB85BC35BC75BFC
:10BD7800C95BD45BD05BE45BE65BE25BDE5BE55B07
:10BD8800EB5BF05BF65BF35B055C075C085C0D5CEA
:10BD9800135C205C225C285C385C395C415C465C46
:10BDA8004E5C535C505C4F5C715B6C5C6E5C624ECD
:10BDB800765C795C8C5C915C945C9B59AB5CBB5CFD
:10BDC800B65CBC5CB75CC55CBE5CC75CD95CE95C56
:10BDD800FD5CFA5CED5C8C5DEA5C0B5D155D175DE6
:10BDE8005C5D1F5D1B5D115D145D225D1A5D195D53
:10BDF800185D4C5D525D4E5D4B5D6C5D735D765DAF
:10BE0800875D845D825DA25D9D5DAC5DAE5DBD5D5F
:10BE1800905DB75DBC5DC95DCD5DD35DD25DD65D1E
:10BE2800DB5DEB5DF25DF55D0B5E1A5E195E115E22
:10BE38001B5E365E375E445E435E405E4E5E575E16
:10BE4800545E5F5E625E645E475E755E765E7A5ED5
:10BE5800BC9E7F5EA05EC15EC25EC85ED05ECF5EE5
:10BE6800D65EE35EDD5EDA5EDB5EE25EE15EE85EE4
:10BE7800E95EEC5EF15EF35EF05EF45EF85EFE5E37
:10BE8800035F095F5D5F5C5F0B5F115F165F295F92
:10BE98002D5F385F415F485F4C5F4E5F2F5F515F9A
:10BEA800565F575F595F615F6D5F735F775F835F51
:10BEB800825F7F5F8A5F885F915F875F9E5F995F20
:10BEC800985FA05FA85FAD5FBC5FD65FFB5FE45F74
:10BED800F85FF15FDD5FB360FF5F2160606019604C
:10BEE800106029600E6031601B6015602B60266051
:10BEF8000F603A605A6041606A6077605F604A60CC
:10BF080046604D6063604360646042606C606B6073
:10BF1800596081608D60E76083609A6084609B608F
:10BF2800966097609260A7608B60E160B860E0609F
:10BF3800D360B460F05FBD60C660B560D8604D6125
:10BF480015610661F660F7600061F460FA600361EC
:10BF58002161FB60F1600D610E6147613E612861FE
:10BF680027614A613F613C612C6134613D614261F6
:10BF7800446173617761586159615A616B61746199
:10BF88006F61656171615F615D615361756199613F
:10BF980096618761AC6194619A618A619161AB61D4
:10BFA800AE61CC61CA61C961F761C861C361C6612C
:10BFB800BA61CB61797FCD61E661E361F661FA61CF
:10BFC800F461FF61FD61FC61FE6100620862096263
:10BFD8000D620C6214621B621E6221622A622E626A
:10BFE80030623262336241624E625E6263625B62F9
:10BFF800606268627C62826289627E629262936237
:10C008009662D46283629462D762D162BB62CF6265
:10C01800FF62C662D464C862DC62CC62CA62C26271
:10C02800C7629B62C9620C63EE62F16227630263B6
:10C038000863EF62F56250633E634D631C644F63AF
:10C0480096638E638063AB637663A3638F63896350
:10C058009F63B5636B636963BE63E963C063C6636B
:10C06800E363C963D263F663C46316643464066425
:10C078001364266436641D65176428640F64676456
:10C088006F6476644E642A6595649364A564A964B4
:10C098008864BC64DA64D264C564C764BB64D86469
:10C0A800C264F164E7640982E064E164AC62E36459
:10C0B800EF642C65F664F464F264FA640065FD6468
:10C0C80018651C650565246523652B65346535652C
:10C0D8003765366538654B754865566555654D65F0
:10C0E80058655E655D6572657865826583658A8B6E
:10C0F8009B659F65AB65B765C365C665C165C46566
:10C10800CC65D265DB65D965E065E165F165726787
:10C118000A660366FB6573673566366634661C66B1
:10C128004F664466496641665E665D666466676634
:10C1380068665F6662667066836688668E6689660C
:10C14800846698669D66C166B966C966BE66BC6641
:10C15800C466B866D666DA66E0663F66E666E9668D
:10C16800F066F566F7660F6716671E672667276726
:10C1780038972E673F67366741673867376746677E
:10C188005E67606759676367646789677067A967EF
:10C198007C676A678C678B67A667A1678567B767DF
:10C1A800EF67B467EC67B367E967B867E467DE67AA
:10C1B800DD67E267EE67B967CE67C667E7679C6ABF
:10C1C8001E684668296840684D6832684E68B368DA
:10C1D8002B685968636877687F689F688F68AD685F
:10C1E80094689D689B688368AE6AB9687468B56826
:10C1F800A068BA680F698D687E680169CA680869AD
:10C20800D86822692669E1680C69CD68D468E7684E
:10C21800D568366912690469D768E3682569F968D9
:10C22800E068EF6828692A691A6923692169C6687C
:10C23800796977695C6978696B6954697E696E693F
:10C24800396974693D695969306961695E695D690F
:10C2580081696A69B269AE69D069BF69C169D36920
:10C26800BE69CE69E85BCA69DD69BB69C369A7694C
:10C278002E6A9169A0699C699569B469DE69E86963
:10C28800026A1B6AFF690A6BF969F269E769056A5C
:10C29800B1691E6AED69146AEB690A6A126AC16AB1
:10C2A800236A136A446A0C6A726A366A786A476A49
:10C2B800626A596A666A486A386A226A906A8D6A46
:10C2C800A06A846AA26AA36A976A1786BB6AC36A65
:10C2D800C26AB86AB36AAC6ADE6AD16ADF6AAA6AF5
:10C2E800DA6AEA6AFB6A056B1686FA6A126B166BDB
:10C2F800319B1F6B386B376BDC76396BEE98476B6D
:10C30800436B496B506B596B546B5B6B5F6B616B29
:10C31800786B796B7F6B806B846B836B8D6B986BA1
:10C32800956B9E6BA46BAA6BAB6BAF6BB26BB16B6F
:10C33800B36BB76BBC6BC66BCB6BD36BDF6BEC6B48
:10C34800EB6BF36BEF6BBE9E086C136C146C1B6C81
:10C35800246C236C5E6C556C626C6A6C826C8D6CA0
:10C368009A6C816C9B6C7E6C686C736C926C906C34
:10C37800C46CF16CD36CBD6CD76CC56CDD6CAE6CE9
:10C38800B16CBE6CBA6CDB6CEF6CD96CEA6C1F6D6F
:10C398004D88366D2B6D3D6D386D196D356D336D6E
:10C3A800126D0C6D636D936D646D5A6D796D596D79
:10C3B8008E6D956DE46F856DF96D156E0A6EB56DB0
:10C3C800C76DE66DB86DC66DEC6DDE6DCC6DE86D54
:10C3D800D26DC56DFA6DD96DE46DD56DEA6DEE6DF2
:10C3E8002D6E6E6E2E6E196E726E5F6E3E6E236EC1
:10C3F8006B6E2B6E766E4D6E1F6E436E3A6E4E6E82
:10C40800246EFF6E1D6E386E826EAA6E986EC96EAF
:10C41800B76ED36EBD6EAF6EC46EB26ED46ED56E8F
:10C428008F6EA56EC26E9F6E416F116F4C70EC6E71
:10C43800F86EFE6E3F6FF26E316FEF6E326FCC6E3C
:10C448003E6F136FF76E866F7A6F786F816F806FAC
:10C458006F6F5B6FF36F6D6F826F7C6F586F8E6F4E
:10C46800916FC26F666FB36FA36FA16FA46FB96F3F
:10C47800C66FAA6FDF6FD56FEC6FD46FD86FF16F8F
:10C48800EE6FDB6F09700B70FA6F117001700F702F
:10C49800FE6F1B701A70746F1D7018701F703070EB
:10C4A8003E7032705170637099709270AF70F17015
:10C4B800AC70B870B370AE70DF70CB70DD70D970CF
:10C4C8000971FD701C7119716571557188716671FA
:10C4D80062714C7156716C718F71FB7184719571B9
:10C4E800A871AC71D771B971BE71D271C971D471AB
:10C4F800CE71E071EC71E771F571FC71F971FF7142
:10C508000D7210721B7228722D722C723072327278
:10C518003B723C723F72407246724B725872747230
:10C528007E7282728172877292729672A272A772FA
:10C53800B972B272C372C672C472CE72D272E27229
:10C54800E072E172F972F7720F5017730A731C7375
:10C5580016731D7334732F73297325733E734E73CB
:10C568004F73D89E57736A73687370737873757353
:10C578007B737A73C873B373CE73BB73C073E5737D
:10C58800EE73DE73A27405746F742574F8733274D5
:10C598003A7455743F745F74597441745C74697467
:10C5A800707463746A7476747E748B749E74A774E2
:10C5B800CA74CF74D474F173E074E374E774E974E3
:10C5C800EE74F274F074F174F874F774047503750A
:10C5D80005750C750E750D75157513751E75267513
:10C5E8002C753C7544754D754A7549755B7546756E
:10C5F8005A756975647567756B756D757875767537
:10C608008675877574758A758975827594759A7536
:10C618009D75A575A375C275B375C375B575BD75DB
:10C62800B875BC75B175CD75CA75D275D975E37510
:10C63800DE75FE75FF75FC750176F075FA75F27595
:10C64800F3750B760D7609761F7627762076217698
:10C6580022762476347630763B7647764876467668
:10C668005C76587661766276687669766A766776F9
:10C678006C7670767276767678767C768076837647
:10C6880088768B768E769676937699769A76B07645
:10C69800B476B876B976BA76C276CD76D676D276CC
:10C6A800DE76E176E576E776EA762F86FB7608771A
:10C6B80007770477297724771E77257726771B77DE
:10C6C8003777387747775A7768776B775B77657707
:10C6D8007F777E7779778E778B779177A0779E773C
:10C6E800B077B677B977BF77BC77BD77BB77C777B1
:10C6F800CD77D777DA77DC77E377EE77FC770C7846
:10C708001278267920782A7945788E787478867810
:10C718007C789A788C78A378B578AA78AF78D1782D
:10C72800C678CB78D478BE78BC78C578CA78EC78E7
:10C73800E778DA78FD78F478077912791179197938
:10C748002C792B794079607957795F795A795579BD
:10C7580053797A797F798A799D79A7794B9FAA79D4
:10C76800AE79B379B979BA79C979D579E779EC79B4
:10C77800E179E379087A0D7A187A197A207A1F7A9A
:10C788008079317A3B7A3E7A377A437A577A497A8E
:10C79800617A627A697A9D9F707A797A7D7A887AE5
:10C7A800977A957A987A967AA97AC87AB07AB67A80
:10C7B800C57AC47ABF7A8390C77ACA7ACD7ACF7A93
:10C7C800D57AD37AD97ADA7ADD7AE17AE27AE67AB0
:10C7D800ED7AF07A027B0F7B0A7B067B337B187B32
:10C7E800197B1E7B357B287B367B507B7A7B047BD1
:10C7F8004D7B0B7B4C7B457B757B657B747B677BBB
:10C80800707B717B6C7B6E7B9D7B987B9F7B8D7B2C
:10C818009C7B9A7B8B7B927B8F7B5D7B997BCB7B95
:10C82800C17BCC7BCF7BB47BC67BDD7BE97B117C7A
:10C83800147CE67BE57B607C007C077C137CF37BC7
:10C84800F77B177C0D7CF67B237C277C2A7C1F7C5E
:10C85800377C2B7C3D7C4C7C437C547C4F7C407CDF
:10C86800507C587C5F7C647C567C657C6C7C757CD9
:10C87800837C907CA47CAD7CA27CAB7CA17CA87CD6
:10C88800B37CB27CB17CAE7CB97CBD7CC07CC57C01
:10C89800C27CD87CD27CDC7CE27C3B9BEF7CF27C4B
:10C8A800F47CF67CFA7C067D027D1C7D157D0A7D74
:10C8B800457D4B7D2E7D327D3F7D357D467D737D6B
:10C8C800567D4E7D727D687D6E7D4F7D637D937D47
:10C8D800897D5B7D8F7D7D7D9B7DBA7DAE7DA37DD2
:10C8E800B57DC77DBD7DAB7D3D7EA27DAF7DDC7D09
:10C8F800B87D9F7DB07DD87DDD7DE47DDE7DFB7DCF
:10C90800F27DE17D057E0A7E237E217E127E317EC8
:10C918001F7E097E0B7E227E467E667E3B7E357EAE
:10C92800397E437E377E327E3A7E677E5D7E567ED6
:10C938005E7E597E5A7E797E6A7E697E7C7E7B7EAB
:10C94800837ED57D7D7EAE8F7F7E887E897E8C7E40
:10C95800927E907E937E947E967E8E7E9B7E9C7E3B
:10C96800387F3A7F457F4C7F4D7F4E7F507F517F88
:10C97800557F547F587F5F7F607F687F697F677FBF
:10C98800787F827F867F837F887F877F8C7F947F75
:10C998009E7F9D7F9A7FA37FAF7FB27FB97FAE7F57
:10C9A800B67FB87F718BC57FC67FCA7FD57FD47F9E
:10C9B800E17FE67FE97FF37FF97FDC9806800480DA
:10C9C8000B801280188019801C80218028803F806D
:10C9D8003B804A804680528058805A805F806280BF
:10C9E8006880738072807080768079807D807F8097
:10C9F8008480868085809B8093809A80AD809051CA
:10CA0800AC80DB80E580D980DD80C480DA80D68088
:10CA18000981EF80F1801B81298123812F814B813E
:10CA28008B9646813E8153815181FC8071816E8154
:10CA3800658166817481838188818A818081828110
:10CA4800A0819581A481A3815F819381A981B0810F
:10CA5800B581BE81B881BD81C081C281BA81C981D9
:10CA6800CD81D181D981D881C881DA81DF81E08106
:10CA7800E781FA81FB81FE810182028205820782B9
:10CA88000A820D821082168229822B823882338292
:10CA98004082598258825D825A825F8264826282B1
:10CAA80068826A826B822E827182778278827E8225
:10CAB8008D829282AB829F82BB82AC82E182E382CA
:10CAC800DF82D282F482F382FA8293830383FB8229
:10CAD800F982DE820683DC820983D9823583348336
:10CAE80016833283318340833983508345832F8370
:10CAF8002B831783188385839A83AA839F83A283B2
:10CB0800968323838E8387838A837C83B583738309
:10CB18007583A0838983A883F4831384EB83CE83EE
:10CB2800FD830384D8830B84C183F7830784E08360
:10CB3800F2830D8422842084BD8338840685FB8398
:10CB48006D842A843C845A85848477846B84AD847C
:10CB58006E848284698446842C846F8479843584C5
:10CB6800CA846284B984BF849F84D984CD84BB84F9
:10CB7800DA84D084C184C684D684A1842185FF84C4
:10CB8800F484178518852C851F8515851485FC84E4
:10CB98004085638558854885418502864B8555853E
:10CBA8008085A485888591858A85A8856D859485E5
:10CBB8009B85EA8587859C8577857E859085C9854F
:10CBC800BA85CF85B985D085D585DD85E585DC85B0
:10CBD800F9850A8613860B86FE85FA8506862286DF
:10CBE8001A8630863F864D86554E54865F86678600
:10CBF80071869386A386A986AA868B868C86B68636
:10CC0800AF86C486C686B086C9862388AB86D48696
:10CC1800DE86E986EC86DF86DB86EF861287068766
:10CC2800088700870387FB86118709870D87F986A0
:10CC38000A8734873F8737873B87258729871A875D
:10CC480060875F8778874C874E87748757876887A0
:10CC58006E875987538763876A870588A2879F8766
:10CC68008287AF87CB87BD87C087D087D696AB87AB
:10CC7800C487B387C787C687BB87EF87F287E087F4
:10CC88000F880D88FE87F687F7870E88D287118868
:10CC98001688158822882188318836883988278817
:10CCA8003B8844884288528859885E8862886B88A5
:10CCB80081887E889E8875887D88B58872888288F4
:10CCC80097889288AE889988A2888D88A488B08829
:10CCD800BF88B188C388C488D488D888D988DD88B3
:10CCE800F9880289FC88F488E888F28804890C8924
:10CCF8000A89138943891E8925892A892B894189AB
:10CD080044893B89368938894C891D8960895E89BF
:10CD1800668964896D896A896F89748977897E894A
:10CD2800838988898A8993899889A189A989A68903
:10CD3800AC89AF89B289BA89BD89BF89C089DA89C6
:10CD4800DC89DD89E789F489F889038A168A108ADB
:10CD58000C8A1B8A1D8A258A368A418A5B8A528AEE
:10CD6800468A488A7C8A6D8A6C8A628A858A828A1F
:10CD7800848AA88AA18A918AA58AA68A9A8AA38A75
:10CD8800C48ACD8AC28ADA8AEB8AF38AE78AE48A75
:10CD9800F18A148BE08AE28AF78ADE8ADB8A0C8BB6
:10CDA800078B1A8BE18A168B108B178B208B338B92
:10CDB800AB97268B2B8B3E8B288B418B4C8B4F8BC9
:10CDC8004E8B498B568B5B8B5A8B6B8B5F8B6C8B2B
:10CDD8006F8B748B7D8B808B8C8B8E8B928B938BD4
:10CDE800968B998B9A8B3A8C418C3F8C488C4C8CC7
:10CDF8004E8C508C558C628C6C8C788C7A8C828C96
:10CE0800898C858C8A8C8D8C8E8C948C7C8C988C5F
:10CE18001D62AD8CAA8CBD8CB28CB38CAE8CB68CDA
:10CE2800C88CC18CE48CE38CDA8CFD8CFA8CFB8C7E
:10CE3800048D058D0A8D078D0F8D0D8D108D4E9FDC
:10CE4800138DCD8C148D168D678D6D8D718D738DB1
:10CE5800818D998DC28DBE8DBA8DCF8DDA8DD68D8F
:10CE6800CC8DDB8DCB8DEA8DEB8DDF8DE38DFC8D4D
:10CE7800088E098EFF8D1D8E1E8E108E1F8E428E7F
:10CE8800358E308E348E4A8E478E498E4C8E508E1B
:10CE9800488E598E648E608E2A8E638E558E768E5D
:10CEA800728E7C8E818E878E858E848E8B8E8A8EF6
:10CEB800938E918E948E998EAA8EA18EAC8EB08E02
:10CEC800C68EB18EBE8EC58EC88ECB8EDB8EE38E9F
:10CED800FC8EFB8EEB8EFE8E0A8F058F158F128FC0
:10CEE800198F138F1C8F1F8F1B8F0C8F268F338FDB
:10CEF8003B8F398F458F428F3E8F4C8F498F468F9E
:10CF08004E8F578F5C8F628F638F648F9C8F9F8F3C
:10CF1800A38FAD8FAF8FB78FDA8FE58FE28FEA8F50
:10CF2800EF8F8790F48F0590F98FFA8F11901590F5
:10CF380021900D901E9016900B902790369035906A
:10CF48003990F88F4F905090519052900E90499090
:10CF58003E90569058905E9068906F907690A89604
:10CF6800729082907D90819080908A9089908F9025
:10CF7800A890AF90B190B590E290E4904862DB90B1
:10CF8800029112911991329130914A91569158918A
:10CF9800639165916991739172918B918991829155
:10CFA800A291AB91AF91AA91B591B491BA91C09168
:10CFB800C191C991CB91D091D691DF91E191DB914B
:10CFC800FC91F591F6911E92FF9114922C92159274
:10CFD80011925E9257924592499264924892959224
:10CFE8003F924B9250929C92969293929B925A9215
:10CFF800CF92B992B792E9920F93FA9244932E93F3
:10D00800199322931A9323933A9335933B935C9302
:10D0180060937C936E935693B093AC93AD93949333
:10D02800B993D693D793E893E593D893C393DD93B5
:10D03800D093C893E4931A94149413940394079484
:10D04800109436942B94359421943A9441945294A4
:10D0580044945B94609462945E946A942992709468
:10D06800759477947D945A947C947E9481947F945B
:10D07800829587958A959495969598959995A09572
:10D08800A895A795AD95BC95BB95B995BE95CA953C
:10D09800F66FC395CD95CC95D595D495D695DC9559
:10D0A800E195E595E295219628962E962F9642963B
:10D0B8004C964F964B9677965C965E965D965F96E5
:10D0C800669672966C968D96989695969796AA9669
:10D0D800A796B196B296B096B496B696B896B99603
:10D0E800CE96CB96C996CD964D89DC960D97D5965A
:10D0F800F99604970697089713970E9711970F9725
:10D108001697199724972A97309739973D973E97FE
:10D11800449746974897429749975C9760976497D2
:10D1280066976897D2526B977197799785977C978E
:10D1380081977A9786978B978F9790979C97A897C0
:10D14800A697A397B397B497C397C697C897CB9753
:10D15800DC97ED974F9FF297DF7AF697F5970F9840
:10D168000C9838982498219837983D9846984F9865
:10D178004B986B986F987098719874987398AA9850
:10D18800AF98B198B698C498C398C698E998EB98A0
:10D198000399099912991499189921991D991E9919
:10D1A800249920992C992E993D993E99429949990B
:10D1B800459950994B99519952994C9955999799E4
:10D1C8009899A599AD99AE99BC99DF99DB99DD99A4
:10D1D800D899D199ED99EE99F199F299FB99F89925
:10D1E800019A0F9A059AE299199A2B9A379A459AB1
:10D1F800429A409A439A3E9A559A4D9A5B9A579A00
:10D208005F9A629A659A649A699A6B9A6A9AAD9AD1
:10D21800B09ABC9AC09ACF9AD19AD39AD49ADE9AE5
:10D22800DF9AE29AE39AE69AEF9AEB9AEE9AF49AE0
:10D23800F19AF79AFB9A069B189B1A9B1F9B229BB5
:10D24800239B259B279B289B299B2A9B2E9B2F9BB7
:10D25800329B449B439B4F9B4D9B4E9B519B589BA2
:10D26800749B939B839B919B969B979B9F9BA09B57
:10D27800A89BB49BC09BCA9BB99BC69BCF9BD19BC9
:10D28800D29BE39BE29BE49BD49BE19B3A9CF29B61
:10D29800F19BF09B159C149C099C139C0C9C069C70
:10D2A800089C129C0A9C049C2E9C1B9C259C249CDC
:10D2B800219C309C479C329C469C3E9C5A9C609C7E
:10D2C800679C769C789CE79CEC9CF09C099D089D4B
:10D2D800EB9C039D069D2A9D269DAF9D239D1F9D2A
:10D2E800449D159D129D419D3F9D3E9D469D489D97
:10D2F8005D9D5E9D649D519D509D599D729D899D2A
:10D30800879DAB9D6F9D7A9D9A9DA49DA99DB29D79
:10D31800C49DC19DBB9DB89DBA9DC69DCF9DC29D14
:10D32800D99DD39DF89DE69DED9DEF9DFD9D1A9E8F
:10D338001B9E1E9E759E799E7D9E819E889E8B9EBD
:10D348008C9E929E959E919E9D9EA59EA99EB89EFE
:10D35800AA9EAD9E6197CC9ECE9ECF9ED09ED49E17
:10D36800DC9EDE9EDD9EE09EE59EE89EEF9EF49E9E
:10D37800F69EF79EF99EFB9EFC9EFD9E079F089FCA
:10D38800B776159F219F2C9F3E9F4A9F529F549F7F
:10D39800639F5F9F609F619F669F679F6C9F6A9F67
:10D3A800779F729F769F959F9C9FA09F2F58C769D4
:10D3B80059906474DC51997100000042C8801F4084
:10D3C800B8821F400800000000000042C4801F40CF
:10D3D800B4821F400400000000C0004224801F40A7
:10D3E80014821F401000000000C0004228801F4027
:10D3F80018821F402000000000C000422C801F40FF
:10D408001C821F404000000000C0004234801F40C2
:10D4180024821F40000100000040004264811F4038
:10D4280054831F40000400000040004280811F40D8
:10D4380070831F4000000200004000427C811F40B2
:10D448006C831F40000001000040004268811F40BB
:10D4580058831F4000080000004000423C811F40E4
:10D468002C831F40010000000040004244811F40FF
:10D4780034831F40040000000040004240811F40E8
:10D4880030831F40020000000040004248811F40D6
:10D4980038831F40080000000000004204811F403C
:10D4A800F4821F40000004000000004208811F4071
:10D4B800F8821F40000008000000004218811F4049
:10D4C80008831F40000080000000004214811F40B4
:10D4D80004831F40000040000000004200811F40FC
:10D4E800F0821F400000020000000042FC801F4044
:10D4F800EC821F40000001000000004224811F4010
:10D5080014831F40000000040000004228811F40CF
:10D5180018831F4000000008000000421C811F40C3
:10D528000C831F40000000010000004220811F40C2
:10D5380010831F400000000200000042EC801F40E2
:10D54800DC821F400010000000000042F0801F40F5
:10D55800E0821F40002000000000004234811F408C
:10D5680024831F40000000400000004238811F4013
:10D5780028831F40000000800080004294801F40E4
:10D5880084821F400000040000C0004290801F40B9
:10D5980080821F400000008000800042A8801F4059
:10D5A80098821F400000800000800042A4801F4035
:10D5B80094821F4000004000004000426C811F40E0
:10D5C8005C831F400010000000C0004230801F40F4
:10D5D80020821F408000000000400042B0811F40B0
:10D5E800A0831F400000002000400042AC811F4083
:10D5F8009C831F40000000100040004284811F40AF
:10D6080074831F40000004000040004288811F40CE
:10D6180078831F4000000800000000422C811F4052
:10D628001C831F40000000100000004230811F4092
:10D6380020831F4000000020000000420C811F4092
:10D64800FC821F40000010000000004210811F40B3
:10D6580000831F400000200000800042C8811F4056
:10D66800B8831F400080000000800042C4811F4032
:10D67800B4831F400040000000800042C0811F406A
:10D68800B0831F400020000000800042BC811F4082
:10D69800AC831F400010000000800042D0811F4072
:10D6A800C0831F400000020000800042CC811F4060
:10D6B800BC831F400000010000C0004274801F406E
:10D6C80064821F400000000100C0004280801F40AB
:10D6D80070821F400000000800C0004284801F4084
:10D6E80074821F400000001000C000426C801F4080
:10D6F8005C821F400000400000C000427C801F4048
:10D708006C821F400000000400C0004278801F4067
:10D7180068821F400000000200C0004288801F404D
:10D7280078821F400000002035000000CEFBFFFF7C
:10D73800CB030000010000000000000034000000DE
:10D74800CEFBFFFFCB03000001000000000000003B
:10D758005265636569766564205250555F53454E3E
:10D76800445F5354415455530000000052656365AB
:10D7780069766564205250555F53454E445F524563
:10D78800434F5244530000005265636569766564EF
:10D79800205250555F474F5F4D4541535552450004
:10D7A8005265636569766564205250555F474F5FDF
:10D7B8005354414E44425900424154545F545F53BC
:10D7C80045543D252E32660A000000006261745FF0
:10D7D800765F6C6F773D252E32660A006261745F52
:10D7E800765F637269743D252E32660A0000000078
:10D7F8005354415455535F524154453D256C750A65
:10D808000000000041434B2F4E414B20666F7220B1
:10D818006D73673A2000000041434B004E414B00B6
:10D828004552524F523A20756E6B6E6F776E20528A
:10D83800505520737461746520E2809420656E747D
:10D848006572696E67204552524F5200050000000C
:10D85800190000007D00000007080C0B06050F00EA
:10D868000D0E0102838407080C0B06050F000D0E30
:10D8780001028384FFFFFFFFFFFFFFFFFFFF81829D
:10D88800090A00000101000401000004013201013D
:10D89800013202010110010101110101011201020D
:10D8A800010302060103010601120202020000013F
:10D8B800020200010201000102100001022200011F
:10D8C8000223000100000000000000000221000106
:10D8D80002200001000000000000000001300101EA
:10D8E80001310101010200040103000400000000ED
:10D8F80000000000012102010121010100000000D7
:10D9080000000000000000000110020100000000FB
:10D9180000000000011301060113020600000000C8
:10D9280000000000000000000000000001010201EA
:10D9380001010101010002010100010101020201CE
:10D9480001020101000000000000000000000000CA
:10D958000123020100000000000000000120010175
:10D9680052415443487554532050726F66696C692C
:10D978006E6720556E6974200000000066326439B5
:10D98800633362005741524E494E473A20707265E0
:10D9980076696F75732072756E2077617320726572
:10D9A8007365742062792074686520776174636890
:10D9B800646F6720E2809420746865206C6F6F70D4
:10D9C800207374616C6C656420666F72203E203130
:10D9D80030207320776974686F75742063616C6C8C
:10D9E800696E67207764742E6665656428292E0041
:10D9F80057445420726573657420636F756E743A6A
:10DA080020256C750A0000004D41433A202530322C
:10DA1800583A253032583A253032583A253032585B
:10DA28003A253032583A253032580A004C6F526144
:10DA38002049443A20253034580A00005374617252
:10DA480074696E67204C6F5261206661696C656409
:10DA5800210000004C6F526120696E697469616C25
:10DA6800697A6174696F6E20636F6D706C65746537
:10DA7800000000005043422054656D702073656EAD
:10DA8800736F72204352432062616420E2809420C5
:10DA9800636865636B2073656E736F7220636F6E66
:10DAA8006E656374696F6E0050756D702054656D96
:10DAB800702073656E736F722043524320626164F5
:10DAC80020E2809420636865636B2073656E736FD2
:10DAD8007220636F6E6E656374696F6E000000007C
:10DAE800426174746572792054656D702073656E37
:10DAF800736F72204352432062616420E280942055
:10DB0800636865636B2073656E736F7220636F6EF5
:10DB18006E656374696F6E0052533431206D65749D
:10DB28006120646174613A20000000004552524F40
:10DB3800520000004C435F434F4C4C415445000099
:10DB48004C435F4354595045000000004C435F4D1F
:10DB58004F4E4554415259004C435F4E554D455226
:10DB6800494300004C435F54494D45004C435F4DC9
:10DB78004553534147455300000100006090002081
:10DB88001200000000060000901F00600A0000005C
:10DB9800000200002C1F0060620000000007000067
:10DBA800C81E006062000000EE0300009C90002088
:10DBB80012000000000004EE74900020280000000D
:10DBC80000030000C41E00600000000001030904F7
:10DBD800AC1E00600000000002030904941E0060EF
:10DBE8000000000003030904B090002000000000BA
:10DBF800000000000000000000000000303030305D
:10DC0800303030303030303030303030303030300C
:10DC180030303030303030303030303000000000BC
:10DC2800000000008CC60020F4C600205CC700205D
:10DC380000000000000000000000000000000000DC
:10DC480000000000000000000000000000000000CC
:10DC580000000000000000000000000000000000BC
:10DC680000000000000000000000000000000000AC
:10DC7800000000000000000000000000000000009C
:10DC8800000000000000000000000000000000008C
:10DC9800000000000000000000000000000000007C
:10DCA800000000000000000000000000000000006C
:10DCB800000000000000000001000000000000005B
:10DCC8000E33CDAB34126DE6ECDE05000B00000020
:10DCD800000000000000000000000000000000003C
:10DCE800000000000000000000000000000000002C
:10DCF800000000000000000000000000000000001C
:10DD0800000000000000000000000000000000000B
:10DD180000000000000000000000000000000000FB
:10DD280000000000000000000000000000000000EB
:10DD380000000000000000000000000000000000DB
:10DD48000029DE07007B9A1700003A40300D0020BA
:10DD580000000000000000000000000000000000BB
:10DD680000000000000000000000000000000000AB
:10DD7800000000000000000000000000000000009B
:10DD8800000000000000000000000000000000008B
:10DD98000000000000000000A80D002000000000A6
:10DDA800E803000000000000D00D00200000000083
:10DDB800E80300000000000000801940680B002004
:10DDC80000000000589A0020D898002000000000A9
:10DDD800000000004000000040000000400000007B
:10DDE80040000000000000000000000000000000EB
:10DDF800000000000000000000000000000000001B
:10DE08000000000000000000D00D0020000000000D
:10DE1800E80300000000000000001940E489002029
:10DE280000000000989A00201899002000000000C7
:10DE3800000000002800000040000000280000004A
:10DE4800400000000000000000000000000000008A
:10DE580000000000000000000000000000000000BA
:10DE68000000000000000000D00D002000000000AD
:10DE7800E80300000000000000801840248900200A
:10DE880000000000C09A00205899002000000000FF
:10DE980000000000280000004000000028000000EA
:10DEA800400000000000000000000000000000002A
:10DEB800000000000000000000000000000000005A
:10DEC8000000000000000000D00D0020000000004D
:10DED800E80300000000000000C01840848900200A
:10DEE80000000000E89A0020989900200000000037
:10DEF800000000002800000040000000280000008A
:10DF080040000000000000000000000000000000C9
:10DF180000000000000000000000000000000000F9
:10DF28000000000000000000D00D002000000000EC
:10DF3800E80300000000000000001A40448A0020A6
:10DF480000000000109B0020D8990020000000006D
:10DF58000000000028000000400000002800000029
:10DF68004000000000000000000000000000000069
:10DF78000000000000000000000000000000000099
:10DF88000000000000000000D00D0020000000008C
:10DF9800E80300000000000000401840C48800208A
:10DFA80000000000389B0020189A002000000000A4
:10DFB80000000000280000004000000028000000C9
:10DFC8004000000000000000000000000000000009
:10DFD8000000000000000000000000000000000039
:10DFE80000000000000000000000204101000000C7
:10DFF8002C0100000514000075520000000000000C
:10E008007CC00F400000000319000000020000005F
:10E018000000000000000000FF000000FF000000FA
:10E0280000000000000000001800000002000000CE
:10E038000000000000000000FF000000FF000000DA
:10E048000000000000000000FF004000260018004B
:10E058007700000002150000515200000000000087
:10E0680068C00F40000000300F00000002000000F0
:10E078002C851F4001000000FF000000FF00000089
:10E0880000000000000000000E0000000200000078
:10E0980030851F4001000000FF000000FF00000065
:10E0A80000000000000000001302400026001800D5
:10E0B80078000000031600005D5200000000000018
:10E0C80068C00F400030000010000000020000008F
:10E0D80038851F4000000000FF000000FF0000001E
:10E0E8000000000000000000110000000200000015
:10E0F8003C851F4000000000FF000000FF000000FA
:10E108000000000000000000FF004000260018008A
:10E1180079000000011700004552000000000000CF
:10E128006CC00F4000000003070000000200000060
:10E1380040851F4002000000FF000000FF000000B3
:10E1480000000000000000000800000002000000BD
:10E1580044851F4002000000FF000000FF0000008F
:10E168000000000000000000FF004000260018002A
:10E178007A000000041B0000695200000000000043
:10E1880080C00F4000C00000150000000200000021
:10E1980060851F40010000002E0000000200000002
:10E1A80060851F400000000014000000020000000D
:10E1B80064851F40010000002F00000002000000DD
:10E1C80064851F40000000002B0240002600180054
:10E1D8007E0000000000A041080700000A000000BF
:10E1E80000000000000010410000F04100000000A5
:10E1F80000000000000030414CC600208030202084
:10E2080000000000430000000000000000000000C3
:10E2180000000000000000000000000000000000F6
:10E2280000000000430000000000000000000000A3
:10E2380000000000000000000000000000000000D6
:10E248000000000043000000000000000000000083
:10E2580000000000000000000000000000000000B6
:10E268000000000043000000000000000000000063
:10E278000000000000000000000000000000000096
:10E288000000000043000000000000000000000043
:10E298000000000000000000000000000000000076
:10E2A8000000000043000000000000000000000023
:10E2B8000000000000000000000000000000000056
:10E2C8000000000043000000000000000000000003
:10E2D8000000000000000000000000000000000036
:10E2E800000000002101010091BE000000000000B4
:10E2F80068100020F41100209880002098800020E9
:10E308009880002098800020988000209880002025
:10E31800988000209880002098800020FFFFFFFF51
:10E32800FFFFFFFFFFFFFFFFFFFF0000010041535A
:10E338004349490000000000000000000000000000
:10E348000000000000000000000000000000415331
:10E3580043494900000000000000000000000000E0
:10E3680000000000000000000000000000000000A5
:10E378000000000000000000408C0020408C0020BD
:10E38800488C0020488C0020508C0020508C0020A5
:10E39800588C0020588C0020608C0020608C002055
:10E3A800688C0020688C0020708C0020708C002005
:10E3B800788C0020788C0020808C0020808C0020B5
:10E3C800888C0020888C0020908C0020908C002065
:10E3D800988C0020988C0020A08C0020A08C002015
:10E3E800A88C0020A88C0020B08C0020B08C0020C5
:10E3F800B88C0020B88C0020C08C0020C08C002075
:10E40800C88C0020C88C0020D08C0020D08C002024
:10E41800D88C0020D88C0020E08C0020E08C0020D4
:10E42800E88C0020E88C0020F08C0020F08C002084
:10E43800F88C0020F88C0020008D0020008D002032
:10E44800088D0020088D0020108D0020108D0020E0
:10E45800188D0020188D0020208D0020208D002090
:10E46800288D0020288D0020308D0020308D002040
:10E47800388D0020388D0020408D0020408D0020F0
:10E48800488D0020488D0020508D0020508D0020A0
:10E49800588D0020588D0020608D0020608D002050
:10E4A800688D0020688D0020708D0020708D002000
:10E4B800788D0020788D0020808D0020808D0020B0
:10E4C800888D0020888D0020908D0020908D002060
:10E4D800988D0020988D0020A08D0020A08D002010
:10E4E800A88D0020A88D0020B08D0020B08D0020C0
:10E4F800B88D0020B88D0020C08D0020C08D002070
:10E50800C88D0020C88D0020D08D0020D08D00201F
:10E51800D88D0020D88D0020E08D0020E08D0020CF
:10E52800E88D0020E88D0020F08D0020F08D00207F
:10E53800F88D0020F88D0020008E0020008E00202D
:10E54800088E0020088E0020108E0020108E0020DB
:10E55800188E0020188E0020208E0020208E00208B
:10E56800288E0020288E0020308E0020308E00203B
:10E57800388E0020388E0020408E0020408E0020EB
:10E58800488E0020488E0020508E0020508E00209B
:10E59800588E0020588E0020608E0020608E00204B
:10E5A800688E0020688E0020708E0020708E0020FB
:10E5B800788E0020788E0020808E0020808E0020AB
:10E5C800888E0020888E0020908E0020908E00205B
:10E5D800988E0020988E0020A08E0020A08E00200B
:10E5E800A88E0020A88E0020B08E0020B08E0020BB
:10E5F800B88E0020B88E0020C08E0020C08E00206B
:10E60800C88E0020C88E0020D08E0020D08E00201A
:10E61800D88E0020D88E0020E08E0020E08E0020CA
:10E62800E88E0020E88E0020F08E0020F08E00207A
:10E63800F88E0020F88E0020008F0020008F002028
:10E64800088F0020088F0020108F0020108F0020D6
:10E65800188F0020188F0020208F0020208F002086
:10E66800288F0020288F0020308F0020308F002036
:10E67800388F0020388F0020408F0020408F0020E6
:10E68800488F0020488F0020508F0020508F002096
:10E69800588F0020588F0020608F0020608F002046
:10E6A800688F0020688F0020708F0020708F0020F6
:10E6B800788F0020788F0020808F0020808F0020A6
:10E6C800888F0020888F0020908F0020908F002056
:10E6D800988F0020988F0020A08F0020A08F002006
:10E6E800A88F0020A88F0020B08F0020B08F0020B6
:10E6F800B88F0020B88F0020C08F0020C08F002066
:10E70800C88F0020C88F0020D08F0020D08F002015
:10E71800D88F0020D88F0020E08F0020E08F0020C5
:10E72800E88F0020E88F0020F08F0020F08F002075
:10E73800F88F0020F88F0020009000200090002023
:10E7480008900020089000201090002010900020D1
:10E758001890002018900020209000202090002081
:10E768002890002028900020309000203090002031
:10E778003890002038900020FFFFFFFF00000200C3
:10E7880000000000030000008CC60020F084002078
:10E7980012010002EF020140C01683048002010248
:10E7A800030100002800000000010400010000002F
:10E7B80000000000020157494E5553420000000076
:10E7C80000000000000000000000000012034D00DF
:10E7D800530046005400310030003000F8000000BB
:10E7E8000C03000000000000000000000000000012
:10E7F8000000000000000101080000000000000007
:10E808000000000000000000000000000000000000
:10E8180000000000000000000000000000000000F0
:10E8280000000000000000000000000000000000E0
:10E8380000000000000000000000000000000000D0
:10E8480000000000000000000000000000000000C0
:10E8580000000000000000000000000000000000B0
:10E8680000000000000000000000000000000000A0
:10E878000000000000000000000000000000000090
:10E888000000000000000000000000000000000080
:10E898000000000000000000000000000000000070
:10E8A8000000000000000000000000000000000060
:10E8B8000000000000000000000000000000000050
:10E8C8000000000000000000000000000000000040
:10E8D8000000000000000000000000000000000030
:10E8E8000000000000000000000000000000000020
:10E8F8000000000000000000000000000000000010
:10E9080000000000000000000000000000000000FF
:10E9180000000000000000000000000000000000EF
:10E9280000000000000000000000000000000000DF
:10E9380000000000000000000000000000000000CF
:10E9480000000000000000000000000000000000BF
:10E9580000000000000000000000000000000000AF
:10E96800000000000000000000000000000000009F
:10E97800000000000000000000000000000000008F
:10E98800000000000000000000000000000000007F
:10E99800000000000000000000000000000000006F
:10E9A800000000000000000000000000000000005F
:10E9B800000000000000000000000000000000004F
:10E9C800000000000000000000000000000000003F
:10E9D800000000000000000000000000000000002F
:10E9E800000000000000000000000000000000001F
:10E9F800000000000000000000000000000000000F
:10EA080000000000000000000000000000000000FE
:10EA180000000000000000000000000000000000EE
:10EA280000000000000000000000000000000000DE
:10EA380000000000000000000000000000000000CE
:10EA480000000000000000000000000000000000BE
:10EA580000000000000000000000000000000000AE
:10EA6800000000000000000000000000000000009E
:10EA7800000000000000000000000000000000008E
:10EA8800000000000000000000000000000000007E
:10EA9800000000000000000000000000000000006E
:10EAA800000000000000000000000000000000005E
:10EAB800000000000000000000000000000000004E
:10EAC800000000000000000000000000000000003E
:10EAD800000000000000000000000000000000002E
:10EAE800000000000000000000000000000000001E
:10EAF800000000000000000000000000000000000E
:10EB080000000000000000000000000000000000FD
:10EB180000000000000000000000000000000000ED
:10EB280000000000000000000000000000000000DD
:10EB380000000000000000000000000000000000CD
:10EB480000000000000000000000000000000000BD
:10EB580000000000000000000000000000000000AD
:10EB6800000000000000000000000000000000009D
:10EB7800000000000000000000000000000000008D
:10EB8800000000000000000000000000000000007D
:10EB9800000000000000000000000000000000006D
:10EBA800000000000000000000000000000000005D
:10EBB800000000000000000000000000000000004D
:10EBC800000000000000000000000000000000003D
:10EBD800000000000000000000000000000000002D
:10EBE800000000000000000000000000000000001D
:10EBF800000000000000000000000000000000000D
:10EC080000000000000000000000000000000000FC
:10EC180000000000000000000000000000000000EC
:10EC280000000000000000000000000000000000DC
:10EC380000000000000000000000000000000000CC
:10EC480000000000000000000000000000000000BC
:10EC580000000000000000000000000000000000AC
:10EC6800000000000000000000000000000000009C
:10EC7800000000000000000000000000000000008C
:10EC8800000000000000000000000000000000007C
:10EC9800000000000000000000000000000000006C
:10ECA800000000000000000000000000000000005C
:10ECB800000000000000000000000000000000004C
:10ECC800000000000000000000000000000000003C
:10ECD800000000000000000000000000000000002C
:10ECE800000000000000000000000000000000001C
:10ECF800000000000000000000000000000000000C
:10ED080000000000000000000000000000000000FB
:10ED180000000000000000000000000000000000EB
:10ED280000000000000000000000000000000000DB
:10ED380000000000000000000000000000000000CB
:10ED480000000000000000000000000000000000BB
:10ED580000000000000000000000000000000000AB
:10ED6800000000000000000000000000000000009B
:10ED7800000000000000000000000000000000008B
:10ED8800000000000000000000000000000000007B
:10ED9800000000000000000000000000000000006B
:10EDA800000000000000000000000000000000005B
:10EDB800000000000000000000000000000000004B
:10EDC800000000000000000000000000000000003B
:10EDD800000000000000000000000000000000002B
:10EDE800000000000000000000000000000000001B
:10EDF800FFFFFFFFFFFFFFFFFFFFFFFFFFFFFFFF1B
:10EE0800FFFFFFFFFFFFFFFFFFFFFFFFFFFFFFFF0A
:10EE1800FFFFFFFFFFFFFFFFFFFFFFFFFFFFFFFFFA
:10EE2800FFFFFFFFFFFFFFFFFFFFFFFFFFFFFFFFEA
:10EE3800FFFFFFFFFFFFFFFFFFFFFFFFFFFFFFFFDA
:10EE4800FFFFFFFFFFFFFFFFFFFFFFFFFFFFFFFFCA
:10EE5800FFFFFFFFFFFFFFFFFFFFFFFFFFFFFFFFBA
:10EE6800FFFFFFFFFFFFFFFFFFFFFFFFFFFFFFFFAA
:10EE7800FFFFFFFFFFFFFFFFFFFFFFFFFFFFFFFF9A
:10EE8800FFFFFFFFFFFFFFFFFFFFFFFFFFFFFFFF8A
:10EE9800FFFFFFFFFFFFFFFFFFFFFFFFFFFFFFFF7A
:10EEA800FFFFFFFFFFFFFFFFFFFFFFFFFFFFFFFF6A
:10EEB800FFFFFFFFFFFFFFFFFFFFFFFFFFFFFFFF5A
:10EEC800FFFFFFFFFFFFFFFFFFFFFFFFFFFFFFFF4A
:10EED800FFFFFFFFFFFFFFFFFFFFFFFFFFFFFFFF3A
:10EEE800FFFFFFFFFFFFFFFFFFFFFFFFFFFFFFFF2A
:10EEF800FFFFFFFFFFFFFFFFFFFFFFFFFFFFFFFF1A
:10EF0800FFFFFFFFFFFFFFFFFFFFFFFFFFFFFFFF09
:10EF1800FFFFFFFFFFFFFFFFFFFFFFFFFFFFFFFFF9
:10EF2800FFFFFFFFFFFFFFFFFFFFFFFFFFFFFFFFE9
:10EF3800FFFFFFFFFFFFFFFFFFFFFFFFFFFFFFFFD9
:10EF4800FFFFFFFFFFFFFFFFFFFFFFFFFFFFFFFFC9
:10EF5800FFFFFFFFFFFFFFFFFFFFFFFFFFFFFFFFB9
:10EF6800FFFFFFFFFFFFFFFFFFFFFFFFFFFFFFFFA9
:10EF7800FFFFFFFFFFFFFFFFFFFFFFFFFFFFFFFF99
:10EF8800FFFFFFFFFFFFFFFFFFFFFFFFFFFFFFFF89
:10EF9800FFFFFFFFFFFFFFFFFFFFFFFFFFFFFFFF79
:10EFA800FFFFFFFFFFFFFFFFFFFFFFFFFFFFFFFF69
:10EFB800FFFFFFFFFFFFFFFFFFFFFFFFFFFFFFFF59
:10EFC800FFFFFFFFFFFFFFFFFFFFFFFFFFFFFFFF49
:10EFD800FFFFFFFFFFFFFFFFFFFFFFFFFFFFFFFF39
:10EFE800FFFFFFFFFFFFFFFFFFFFFFFFFFFFFFFF29
:10EFF800FFFFFFFFFFFFFFFF000000000000000011
:10F0080000000000000000000000000000000000F8
:10F0180000000000000000000000000000000000E8
:10F0280000000000000000000000000000000000D8
:10F0380000000000000000000000000000000000C8
:10F0480000000000000000000000000000000000B8
:10F0580000000000000000000000000000000000A8
:10F068000000000000000000000000000000000098
:10F078000000000000000000000000000000000088
:10F088000000000000000000000000000000000078
:10F098000000000000000000000000000000000068
:10F0A8000000000000000000000000000000000058
:10F0B8000000000000000000000000000000000048
:10F0C8000000000000000000000000000000000038
:10F0D8000000000000000000000000000000000028
:10F0E8000000000000000000000000000000000018
:10F0F8000000000000000000000000000000000008
:10F1080000000000000000000000000000000000F7
:10F1180000000000000000000000000000000000E7
:10F1280000000000000000000000000000000000D7
:10F1380000000000000000000000000000000000C7
:10F1480000000000000000000000000000000000B7
:10F1580000000000000000000000000000000000A7
:10F168000000000000000000000000000000000097
:10F178000000000000000000000000000000000087
:10F188000000000000000000000000000000000077
:10F198000000000000000000000000000000000067
:10F1A8000000000000000000000000000000000057
:10F1B8000000000000000000000000000000000047
:10F1C8000000000000000000000000000000000037
:10F1D8000000000000000000000000000000000027
:10F1E8000000000000000000000000000000000017
:10F1F8000000000000000000000000000000000007
:10F2080000000000000000000000000000000000F6
:10F2180000000000000000000000000000000000E6
:10F2280000000000000000000000000000000000D6
:10F2380000000000000000000000000000000000C6
:10F2480000000000000000000000000000000000B6
:10F2580000000000000000000000000000000000A6
:10F268000000000000000000000000000000000096
:10F278000000000000000000000000000000000086
:10F288000000000000000000000000000000000076
:10F298000000000000000000000000000000000066
:10F2A8000000000000000000000000000000000056
:10F2B8000000000000000000000000000000000046
:10F2C8000000000000000000000000000000000036
:10F2D8000000000000000000000000000000000026
:10F2E8000000000000000000000000000000000016
:10F2F8000000000000000000000000000000000006
:10F3080000000000000000000000000000000000F5
:10F3180000000000000000000000000000000000E5
:10F3280000000000000000000000000000000000D5
:10F3380000000000000000000000000000000000C5
:10F3480000000000000000000000000000000000B5
:10F3580000000000000000000000000000000000A5
:10F368000000000000000000000000000000000095
:10F378000000000000000000000000000000000085
:10F388000000000000000000000000000000000075
:10F398000000000000000000000000000000000065
:10F3A8000000000000000000000000000000000055
:10F3B8000000000000000000000000000000000045
:10F3C8000000000000000000000000000000000035
:10F3D8000000000000000000000000000000000025
:10F3E8000000000000000000000000000000000015
:10F3F8000000000000000000000000000000000005
:10F4080000000000000000000000000000000000F4
:10F4180000000000000000000000000000000000E4
:10F4280000000000000000000000000000000000D4
:10F4380000000000000000000000000000000000C4
:10F4480000000000000000000000000000000000B4
:10F4580000000000000000000000000000000000A4
:10F468000000000000000000000000000000000094
:10F478000000000000000000000000000000000084
:10F488000000000000000000000000000000000074
:10F498000000000000000000000000000000000064
:10F4A8000000000000000000000000000000000054
:10F4B8000000000000000000000000000000000044
:10F4C8000000000000000000000000000000000034
:10F4D8000000000000000000000000000000000024
:10F4E8000000000000000000000000000000000014
:10F4F8000000000000000000000000000000000004
:10F5080000000000000000000000000000000000F3
:10F5180000000000000000000000000000000000E3
:10F5280000000000000000000000000000000000D3
:10F5380000000000000000000000000000000000C3
:10F5480000000000000000000000000000000000B3
:10F5580000000000000000000000000000000000A3
:10F568000000000000000000000000000000000093
:10F578000000000000000000000000000000000083
:10F588000000000000000000000000000000000073
:10F598000000000000000000000000000000000063
:10F5A8000000000000000000000000000000000053
:10F5B8000000000000000000000000000000000043
:10F5C8000000000000000000000000000000000033
:10F5D8000000000000000000000000000000000023
:10F5E8000000000000000000000000000000000013
:10F5F8000000000000000000000000000000000003
:10F6080000000000000000000000000000000000F2
:10F6180000000000000000000000000000000000E2
:10F6280000000000000000000000000000000000D2
:10F6380000000000000000000000000000000000C2
:10F6480000000000000000000000000000000000B2
:10F6580000000000000000000000000000000000A2
:10F668000000000000000000000000000000000092
:10F678000000000000000000000000000000000082
:10F688000000000000000000000000000000000072
:10F698000000000000000000000000000000000062
:10F6A8000000000000000000000000000000000052
:10F6B8000000000000000000000000000000000042
:10F6C8000000000000000000000000000000000032
:10F6D8000000000000000000000000000000000022
:10F6E8000000000000000000000000000000000012
:10F6F8000000000000000000000000000000000002
:10F7080000000000000000000000000000000000F1
:10F7180000000000000000000000000000000000E1
:10F7280000000000000000000000000000000000D1
:10F7380000000000000000000000000000000000C1
:10F7480000000000000000000000000000000000B1
:10F7580000000000000000000000000000000000A1
:10F768000000000000000000000000000000000091
:10F778000000000000000000000000000000000081
:10F788000000000000000000000000000000000071
:10F798000000000000000000000000000000000061
:10F7A8000000000000000000000000000000000051
:10F7B8000000000000000000000000000000000041
:10F7C8000000000000000000000000000000000031
:10F7D8000000000000000000000000000000000021
:10F7E8000000000000000000000000000000000011
:10F7F8000000000000000000000000000000000001
:10F8080000000000000000000000000000000000F0
:10F8180000000000000000000000000000000000E0
:10F8280000000000000000000000000000000000D0
:10F8380000000000000000000000000000000000C0
:10F8480000000000000000000000000000000000B0
:10F8580000000000000000000000000000000000A0
:10F868000000000000000000000000000000000090
:10F878000000000000000000000000000000000080
:10F888000000000000000000000000000000000070
:10F898000000000000000000000000000000000060
:10F8A8000000000000000000000000000000000050
:10F8B8000000000000000000000000000000000040
:10F8C8000000000000000000000000000000000030
:10F8D8000000000000000000000000000000000020
:10F8E8000000000000000000000000000000000010
:10F8F8000000000000000000000000000000000000
:10F9080000000000000000000000000000000000EF
:10F9180000000000000000000000000000000000DF
:10F9280000000000000000000000000000000000CF
:10F9380000000000000000000000000000000000BF
:10F9480000000000000000000000000000000000AF
:10F95800000000000000000000000000000000009F
:10F96800000000000000000000000000000000008F
:10F97800000000000000000000000000000000007F
:10F98800000000000000000000000000000000006F
:10F99800000000000000000000000000000000005F
:10F9A800000000000000000000000000000000004F
:10F9B800000000000000000000000000000000003F
:10F9C800000000000000000000000000000000002F
:10F9D800000000000000000000000000000000001F
:10F9E800000000000000000000000000000000000F
:10F9F80000000000000000000000000000000000FF
:10FA080000000000000000000000000000000000EE
:10FA180000000000000000000000000000000000DE
:10FA280000000000000000000000000000000000CE
:10FA380000000000000000000000000000000000BE
:10FA480000000000000000000000000000000000AE
:10FA5800000000000000000000000000000000009E
:10FA6800000000000000000000000000000000008E
:10FA7800000000000000000000000000000000007E
:10FA8800000000000000000000000000000000006E
:10FA9800000000000000000000000000000000005E
:10FAA800000000000000000000000000000000004E
:10FAB800000000000000000000000000000000003E
:10FAC800000000000000000000000000000000002E
:10FAD800000000000000000000000000000000001E
:10FAE800000000000000000000000000000000000E
:10FAF80000000000000000000000000000000000FE
:10FB080000000000000000000000000000000000ED
:10FB180000000000000000000000000000000000DD
:10FB280000000000000000000000000000000000CD
:10FB380000000000000000000000000000000000BD
:10FB480000000000000000000000000000000000AD
:10FB5800000000000000000000000000000000009D
:10FB6800000000000000000000000000000000008D
:10FB7800000000000000000000000000000000007D
:10FB8800000000000000000000000000000000006D
:10FB9800000000000000000000000000000000005D
:10FBA800000000000000000000000000000000004D
:10FBB800000000000000000000000000000000003D
:10FBC800000000000000000000000000000000002D
:10FBD800000000000000000000000000000000001D
:10FBE800000000000000000000000000000000000D
:08FBF800000000000000000005
:040000056000100087
:00000001FF
